[2026-06-18T08:26:12.513+0000] {processor.py:186} INFO - Started process (PID=173) to work on /opt/airflow/dags/crypto_pipeline_dag.py
[2026-06-18T08:26:12.514+0000] {processor.py:914} INFO - Processing file /opt/airflow/dags/crypto_pipeline_dag.py for tasks to queue
[2026-06-18T08:26:12.516+0000] {logging_mixin.py:190} INFO - [2026-06-18T08:26:12.515+0000] {dagbag.py:588} INFO - Filling up the DagBag from /opt/airflow/dags/crypto_pipeline_dag.py
[2026-06-18T08:26:12.551+0000] {processor.py:925} INFO - DAG(s) 'crypto_pipeline_dag' retrieved from /opt/airflow/dags/crypto_pipeline_dag.py
[2026-06-18T08:26:12.610+0000] {logging_mixin.py:190} INFO - [2026-06-18T08:26:12.609+0000] {dag.py:3239} INFO - Sync 1 DAGs
[2026-06-18T08:26:12.650+0000] {logging_mixin.py:190} INFO - [2026-06-18T08:26:12.650+0000] {dag.py:4180} INFO - Setting next_dagrun for crypto_pipeline_dag to 2026-06-18 00:00:00+00:00, run_after=2026-06-19 00:00:00+00:00
[2026-06-18T08:26:12.680+0000] {processor.py:208} INFO - Processing /opt/airflow/dags/crypto_pipeline_dag.py took 0.171 seconds
[2026-06-18T08:26:42.750+0000] {processor.py:186} INFO - Started process (PID=204) to work on /opt/airflow/dags/crypto_pipeline_dag.py
[2026-06-18T08:26:42.752+0000] {processor.py:914} INFO - Processing file /opt/airflow/dags/crypto_pipeline_dag.py for tasks to queue
[2026-06-18T08:26:42.754+0000] {logging_mixin.py:190} INFO - [2026-06-18T08:26:42.754+0000] {dagbag.py:588} INFO - Filling up the DagBag from /opt/airflow/dags/crypto_pipeline_dag.py
[2026-06-18T08:26:42.778+0000] {processor.py:925} INFO - DAG(s) 'crypto_pipeline_dag' retrieved from /opt/airflow/dags/crypto_pipeline_dag.py
[2026-06-18T08:26:42.802+0000] {logging_mixin.py:190} INFO - [2026-06-18T08:26:42.802+0000] {dag.py:3239} INFO - Sync 1 DAGs
[2026-06-18T08:26:42.822+0000] {logging_mixin.py:190} INFO - [2026-06-18T08:26:42.821+0000] {dag.py:4180} INFO - Setting next_dagrun for crypto_pipeline_dag to 2026-06-18 00:00:00+00:00, run_after=2026-06-19 00:00:00+00:00
[2026-06-18T08:26:42.840+0000] {processor.py:208} INFO - Processing /opt/airflow/dags/crypto_pipeline_dag.py took 0.094 seconds
[2026-06-18T08:27:13.003+0000] {processor.py:186} INFO - Started process (PID=209) to work on /opt/airflow/dags/crypto_pipeline_dag.py
[2026-06-18T08:27:13.004+0000] {processor.py:914} INFO - Processing file /opt/airflow/dags/crypto_pipeline_dag.py for tasks to queue
[2026-06-18T08:27:13.007+0000] {logging_mixin.py:190} INFO - [2026-06-18T08:27:13.007+0000] {dagbag.py:588} INFO - Filling up the DagBag from /opt/airflow/dags/crypto_pipeline_dag.py
[2026-06-18T08:27:13.035+0000] {processor.py:925} INFO - DAG(s) 'crypto_pipeline_dag' retrieved from /opt/airflow/dags/crypto_pipeline_dag.py
[2026-06-18T08:27:13.061+0000] {logging_mixin.py:190} INFO - [2026-06-18T08:27:13.061+0000] {dag.py:3239} INFO - Sync 1 DAGs
[2026-06-18T08:27:13.083+0000] {logging_mixin.py:190} INFO - [2026-06-18T08:27:13.082+0000] {dag.py:4180} INFO - Setting next_dagrun for crypto_pipeline_dag to 2026-06-18 00:00:00+00:00, run_after=2026-06-19 00:00:00+00:00
[2026-06-18T08:27:13.100+0000] {processor.py:208} INFO - Processing /opt/airflow/dags/crypto_pipeline_dag.py took 0.104 seconds
[2026-06-18T08:27:43.351+0000] {processor.py:186} INFO - Started process (PID=214) to work on /opt/airflow/dags/crypto_pipeline_dag.py
[2026-06-18T08:27:43.352+0000] {processor.py:914} INFO - Processing file /opt/airflow/dags/crypto_pipeline_dag.py for tasks to queue
[2026-06-18T08:27:43.354+0000] {logging_mixin.py:190} INFO - [2026-06-18T08:27:43.354+0000] {dagbag.py:588} INFO - Filling up the DagBag from /opt/airflow/dags/crypto_pipeline_dag.py
[2026-06-18T08:27:43.422+0000] {processor.py:925} INFO - DAG(s) 'crypto_pipeline_dag' retrieved from /opt/airflow/dags/crypto_pipeline_dag.py
[2026-06-18T08:27:43.448+0000] {logging_mixin.py:190} INFO - [2026-06-18T08:27:43.448+0000] {dag.py:3239} INFO - Sync 1 DAGs
[2026-06-18T08:27:43.468+0000] {logging_mixin.py:190} INFO - [2026-06-18T08:27:43.468+0000] {dag.py:4180} INFO - Setting next_dagrun for crypto_pipeline_dag to 2026-06-18 00:00:00+00:00, run_after=2026-06-19 00:00:00+00:00
[2026-06-18T08:27:43.502+0000] {processor.py:208} INFO - Processing /opt/airflow/dags/crypto_pipeline_dag.py took 0.156 seconds
[2026-06-18T08:28:13.616+0000] {processor.py:186} INFO - Started process (PID=219) to work on /opt/airflow/dags/crypto_pipeline_dag.py
[2026-06-18T08:28:13.617+0000] {processor.py:914} INFO - Processing file /opt/airflow/dags/crypto_pipeline_dag.py for tasks to queue
[2026-06-18T08:28:13.619+0000] {logging_mixin.py:190} INFO - [2026-06-18T08:28:13.619+0000] {dagbag.py:588} INFO - Filling up the DagBag from /opt/airflow/dags/crypto_pipeline_dag.py
[2026-06-18T08:28:13.640+0000] {processor.py:925} INFO - DAG(s) 'crypto_pipeline_dag' retrieved from /opt/airflow/dags/crypto_pipeline_dag.py
[2026-06-18T08:28:13.661+0000] {logging_mixin.py:190} INFO - [2026-06-18T08:28:13.661+0000] {dag.py:3239} INFO - Sync 1 DAGs
[2026-06-18T08:28:13.677+0000] {logging_mixin.py:190} INFO - [2026-06-18T08:28:13.677+0000] {dag.py:4180} INFO - Setting next_dagrun for crypto_pipeline_dag to 2026-06-18 00:00:00+00:00, run_after=2026-06-19 00:00:00+00:00
[2026-06-18T08:28:13.694+0000] {processor.py:208} INFO - Processing /opt/airflow/dags/crypto_pipeline_dag.py took 0.082 seconds
[2026-06-18T08:28:43.861+0000] {processor.py:186} INFO - Started process (PID=322) to work on /opt/airflow/dags/crypto_pipeline_dag.py
[2026-06-18T08:28:43.862+0000] {processor.py:914} INFO - Processing file /opt/airflow/dags/crypto_pipeline_dag.py for tasks to queue
[2026-06-18T08:28:43.864+0000] {logging_mixin.py:190} INFO - [2026-06-18T08:28:43.864+0000] {dagbag.py:588} INFO - Filling up the DagBag from /opt/airflow/dags/crypto_pipeline_dag.py
[2026-06-18T08:28:43.882+0000] {processor.py:925} INFO - DAG(s) 'crypto_pipeline_dag' retrieved from /opt/airflow/dags/crypto_pipeline_dag.py
[2026-06-18T08:28:43.903+0000] {logging_mixin.py:190} INFO - [2026-06-18T08:28:43.903+0000] {dag.py:3239} INFO - Sync 1 DAGs
[2026-06-18T08:28:43.920+0000] {logging_mixin.py:190} INFO - [2026-06-18T08:28:43.920+0000] {dag.py:4180} INFO - Setting next_dagrun for crypto_pipeline_dag to 2026-06-18 00:00:00+00:00, run_after=2026-06-19 00:00:00+00:00
[2026-06-18T08:28:43.935+0000] {processor.py:208} INFO - Processing /opt/airflow/dags/crypto_pipeline_dag.py took 0.080 seconds
[2026-06-18T08:29:14.117+0000] {processor.py:186} INFO - Started process (PID=333) to work on /opt/airflow/dags/crypto_pipeline_dag.py
[2026-06-18T08:29:14.118+0000] {processor.py:914} INFO - Processing file /opt/airflow/dags/crypto_pipeline_dag.py for tasks to queue
[2026-06-18T08:29:14.120+0000] {logging_mixin.py:190} INFO - [2026-06-18T08:29:14.119+0000] {dagbag.py:588} INFO - Filling up the DagBag from /opt/airflow/dags/crypto_pipeline_dag.py
[2026-06-18T08:29:14.132+0000] {processor.py:925} INFO - DAG(s) 'crypto_pipeline_dag' retrieved from /opt/airflow/dags/crypto_pipeline_dag.py
[2026-06-18T08:29:14.152+0000] {logging_mixin.py:190} INFO - [2026-06-18T08:29:14.152+0000] {dag.py:3239} INFO - Sync 1 DAGs
[2026-06-18T08:29:14.170+0000] {logging_mixin.py:190} INFO - [2026-06-18T08:29:14.169+0000] {dag.py:4180} INFO - Setting next_dagrun for crypto_pipeline_dag to 2026-06-18 00:00:00+00:00, run_after=2026-06-19 00:00:00+00:00
[2026-06-18T08:29:14.188+0000] {processor.py:208} INFO - Processing /opt/airflow/dags/crypto_pipeline_dag.py took 0.075 seconds
[2026-06-18T08:29:44.518+0000] {processor.py:186} INFO - Started process (PID=338) to work on /opt/airflow/dags/crypto_pipeline_dag.py
[2026-06-18T08:29:44.519+0000] {processor.py:914} INFO - Processing file /opt/airflow/dags/crypto_pipeline_dag.py for tasks to queue
[2026-06-18T08:29:44.521+0000] {logging_mixin.py:190} INFO - [2026-06-18T08:29:44.521+0000] {dagbag.py:588} INFO - Filling up the DagBag from /opt/airflow/dags/crypto_pipeline_dag.py
[2026-06-18T08:29:44.533+0000] {processor.py:925} INFO - DAG(s) 'crypto_pipeline_dag' retrieved from /opt/airflow/dags/crypto_pipeline_dag.py
[2026-06-18T08:29:44.551+0000] {logging_mixin.py:190} INFO - [2026-06-18T08:29:44.551+0000] {dag.py:3239} INFO - Sync 1 DAGs
[2026-06-18T08:29:44.567+0000] {logging_mixin.py:190} INFO - [2026-06-18T08:29:44.567+0000] {dag.py:4180} INFO - Setting next_dagrun for crypto_pipeline_dag to 2026-06-18 00:00:00+00:00, run_after=2026-06-19 00:00:00+00:00
[2026-06-18T08:29:44.579+0000] {processor.py:208} INFO - Processing /opt/airflow/dags/crypto_pipeline_dag.py took 0.065 seconds
[2026-06-18T08:30:14.752+0000] {processor.py:186} INFO - Started process (PID=343) to work on /opt/airflow/dags/crypto_pipeline_dag.py
[2026-06-18T08:30:14.753+0000] {processor.py:914} INFO - Processing file /opt/airflow/dags/crypto_pipeline_dag.py for tasks to queue
[2026-06-18T08:30:14.755+0000] {logging_mixin.py:190} INFO - [2026-06-18T08:30:14.755+0000] {dagbag.py:588} INFO - Filling up the DagBag from /opt/airflow/dags/crypto_pipeline_dag.py
[2026-06-18T08:30:14.771+0000] {processor.py:925} INFO - DAG(s) 'crypto_pipeline_dag' retrieved from /opt/airflow/dags/crypto_pipeline_dag.py
[2026-06-18T08:30:14.793+0000] {logging_mixin.py:190} INFO - [2026-06-18T08:30:14.793+0000] {dag.py:3239} INFO - Sync 1 DAGs
[2026-06-18T08:30:14.812+0000] {logging_mixin.py:190} INFO - [2026-06-18T08:30:14.812+0000] {dag.py:4180} INFO - Setting next_dagrun for crypto_pipeline_dag to 2026-06-18 00:00:00+00:00, run_after=2026-06-19 00:00:00+00:00
[2026-06-18T08:30:14.825+0000] {processor.py:208} INFO - Processing /opt/airflow/dags/crypto_pipeline_dag.py took 0.076 seconds
[2026-06-18T08:30:45.014+0000] {processor.py:186} INFO - Started process (PID=348) to work on /opt/airflow/dags/crypto_pipeline_dag.py
[2026-06-18T08:30:45.015+0000] {processor.py:914} INFO - Processing file /opt/airflow/dags/crypto_pipeline_dag.py for tasks to queue
[2026-06-18T08:30:45.017+0000] {logging_mixin.py:190} INFO - [2026-06-18T08:30:45.017+0000] {dagbag.py:588} INFO - Filling up the DagBag from /opt/airflow/dags/crypto_pipeline_dag.py
[2026-06-18T08:30:45.036+0000] {processor.py:925} INFO - DAG(s) 'crypto_pipeline_dag' retrieved from /opt/airflow/dags/crypto_pipeline_dag.py
[2026-06-18T08:30:45.058+0000] {logging_mixin.py:190} INFO - [2026-06-18T08:30:45.058+0000] {dag.py:3239} INFO - Sync 1 DAGs
[2026-06-18T08:30:45.075+0000] {logging_mixin.py:190} INFO - [2026-06-18T08:30:45.075+0000] {dag.py:4180} INFO - Setting next_dagrun for crypto_pipeline_dag to 2026-06-18 00:00:00+00:00, run_after=2026-06-19 00:00:00+00:00
[2026-06-18T08:30:45.089+0000] {processor.py:208} INFO - Processing /opt/airflow/dags/crypto_pipeline_dag.py took 0.079 seconds
[2026-06-18T08:31:15.416+0000] {processor.py:186} INFO - Started process (PID=353) to work on /opt/airflow/dags/crypto_pipeline_dag.py
[2026-06-18T08:31:15.417+0000] {processor.py:914} INFO - Processing file /opt/airflow/dags/crypto_pipeline_dag.py for tasks to queue
[2026-06-18T08:31:15.419+0000] {logging_mixin.py:190} INFO - [2026-06-18T08:31:15.419+0000] {dagbag.py:588} INFO - Filling up the DagBag from /opt/airflow/dags/crypto_pipeline_dag.py
[2026-06-18T08:31:15.435+0000] {processor.py:925} INFO - DAG(s) 'crypto_pipeline_dag' retrieved from /opt/airflow/dags/crypto_pipeline_dag.py
[2026-06-18T08:31:15.455+0000] {logging_mixin.py:190} INFO - [2026-06-18T08:31:15.454+0000] {dag.py:3239} INFO - Sync 1 DAGs
[2026-06-18T08:31:15.471+0000] {logging_mixin.py:190} INFO - [2026-06-18T08:31:15.471+0000] {dag.py:4180} INFO - Setting next_dagrun for crypto_pipeline_dag to 2026-06-18 00:00:00+00:00, run_after=2026-06-19 00:00:00+00:00
[2026-06-18T08:31:15.504+0000] {processor.py:208} INFO - Processing /opt/airflow/dags/crypto_pipeline_dag.py took 0.092 seconds
[2026-06-18T08:31:45.712+0000] {processor.py:186} INFO - Started process (PID=383) to work on /opt/airflow/dags/crypto_pipeline_dag.py
[2026-06-18T08:31:45.713+0000] {processor.py:914} INFO - Processing file /opt/airflow/dags/crypto_pipeline_dag.py for tasks to queue
[2026-06-18T08:31:45.715+0000] {logging_mixin.py:190} INFO - [2026-06-18T08:31:45.715+0000] {dagbag.py:588} INFO - Filling up the DagBag from /opt/airflow/dags/crypto_pipeline_dag.py
[2026-06-18T08:31:45.737+0000] {processor.py:925} INFO - DAG(s) 'crypto_pipeline_dag' retrieved from /opt/airflow/dags/crypto_pipeline_dag.py
[2026-06-18T08:31:45.762+0000] {logging_mixin.py:190} INFO - [2026-06-18T08:31:45.762+0000] {dag.py:3239} INFO - Sync 1 DAGs
[2026-06-18T08:31:45.781+0000] {logging_mixin.py:190} INFO - [2026-06-18T08:31:45.781+0000] {dag.py:4180} INFO - Setting next_dagrun for crypto_pipeline_dag to 2026-06-18 00:00:00+00:00, run_after=2026-06-19 00:00:00+00:00
[2026-06-18T08:31:45.795+0000] {processor.py:208} INFO - Processing /opt/airflow/dags/crypto_pipeline_dag.py took 0.089 seconds
[2026-06-18T08:32:16.034+0000] {processor.py:186} INFO - Started process (PID=887) to work on /opt/airflow/dags/crypto_pipeline_dag.py
[2026-06-18T08:32:16.034+0000] {processor.py:914} INFO - Processing file /opt/airflow/dags/crypto_pipeline_dag.py for tasks to queue
[2026-06-18T08:32:16.036+0000] {logging_mixin.py:190} INFO - [2026-06-18T08:32:16.036+0000] {dagbag.py:588} INFO - Filling up the DagBag from /opt/airflow/dags/crypto_pipeline_dag.py
[2026-06-18T08:32:16.050+0000] {processor.py:925} INFO - DAG(s) 'crypto_pipeline_dag' retrieved from /opt/airflow/dags/crypto_pipeline_dag.py
[2026-06-18T08:32:16.069+0000] {logging_mixin.py:190} INFO - [2026-06-18T08:32:16.069+0000] {dag.py:3239} INFO - Sync 1 DAGs
[2026-06-18T08:32:16.088+0000] {logging_mixin.py:190} INFO - [2026-06-18T08:32:16.087+0000] {dag.py:4180} INFO - Setting next_dagrun for crypto_pipeline_dag to 2026-06-18 00:00:00+00:00, run_after=2026-06-19 00:00:00+00:00
[2026-06-18T08:32:16.189+0000] {processor.py:208} INFO - Processing /opt/airflow/dags/crypto_pipeline_dag.py took 0.160 seconds
[2026-06-18T08:32:46.297+0000] {processor.py:186} INFO - Started process (PID=892) to work on /opt/airflow/dags/crypto_pipeline_dag.py
[2026-06-18T08:32:46.298+0000] {processor.py:914} INFO - Processing file /opt/airflow/dags/crypto_pipeline_dag.py for tasks to queue
[2026-06-18T08:32:46.300+0000] {logging_mixin.py:190} INFO - [2026-06-18T08:32:46.299+0000] {dagbag.py:588} INFO - Filling up the DagBag from /opt/airflow/dags/crypto_pipeline_dag.py
[2026-06-18T08:32:46.315+0000] {processor.py:925} INFO - DAG(s) 'crypto_pipeline_dag' retrieved from /opt/airflow/dags/crypto_pipeline_dag.py
[2026-06-18T08:32:46.338+0000] {logging_mixin.py:190} INFO - [2026-06-18T08:32:46.338+0000] {dag.py:3239} INFO - Sync 1 DAGs
[2026-06-18T08:32:46.356+0000] {logging_mixin.py:190} INFO - [2026-06-18T08:32:46.356+0000] {dag.py:4180} INFO - Setting next_dagrun for crypto_pipeline_dag to 2026-06-18 00:00:00+00:00, run_after=2026-06-19 00:00:00+00:00
[2026-06-18T08:32:46.370+0000] {processor.py:208} INFO - Processing /opt/airflow/dags/crypto_pipeline_dag.py took 0.078 seconds
[2026-06-18T08:33:16.596+0000] {processor.py:186} INFO - Started process (PID=897) to work on /opt/airflow/dags/crypto_pipeline_dag.py
[2026-06-18T08:33:16.596+0000] {processor.py:914} INFO - Processing file /opt/airflow/dags/crypto_pipeline_dag.py for tasks to queue
[2026-06-18T08:33:16.598+0000] {logging_mixin.py:190} INFO - [2026-06-18T08:33:16.598+0000] {dagbag.py:588} INFO - Filling up the DagBag from /opt/airflow/dags/crypto_pipeline_dag.py
[2026-06-18T08:33:16.611+0000] {processor.py:925} INFO - DAG(s) 'crypto_pipeline_dag' retrieved from /opt/airflow/dags/crypto_pipeline_dag.py
[2026-06-18T08:33:16.628+0000] {logging_mixin.py:190} INFO - [2026-06-18T08:33:16.628+0000] {dag.py:3239} INFO - Sync 1 DAGs
[2026-06-18T08:33:16.643+0000] {logging_mixin.py:190} INFO - [2026-06-18T08:33:16.643+0000] {dag.py:4180} INFO - Setting next_dagrun for crypto_pipeline_dag to 2026-06-18 00:00:00+00:00, run_after=2026-06-19 00:00:00+00:00
[2026-06-18T08:33:16.665+0000] {processor.py:208} INFO - Processing /opt/airflow/dags/crypto_pipeline_dag.py took 0.073 seconds
[2026-06-18T08:33:46.913+0000] {processor.py:186} INFO - Started process (PID=902) to work on /opt/airflow/dags/crypto_pipeline_dag.py
[2026-06-18T08:33:46.914+0000] {processor.py:914} INFO - Processing file /opt/airflow/dags/crypto_pipeline_dag.py for tasks to queue
[2026-06-18T08:33:46.916+0000] {logging_mixin.py:190} INFO - [2026-06-18T08:33:46.916+0000] {dagbag.py:588} INFO - Filling up the DagBag from /opt/airflow/dags/crypto_pipeline_dag.py
[2026-06-18T08:33:46.930+0000] {processor.py:925} INFO - DAG(s) 'crypto_pipeline_dag' retrieved from /opt/airflow/dags/crypto_pipeline_dag.py
[2026-06-18T08:33:46.950+0000] {logging_mixin.py:190} INFO - [2026-06-18T08:33:46.950+0000] {dag.py:3239} INFO - Sync 1 DAGs
[2026-06-18T08:33:46.968+0000] {logging_mixin.py:190} INFO - [2026-06-18T08:33:46.968+0000] {dag.py:4180} INFO - Setting next_dagrun for crypto_pipeline_dag to 2026-06-18 00:00:00+00:00, run_after=2026-06-19 00:00:00+00:00
[2026-06-18T08:33:46.980+0000] {processor.py:208} INFO - Processing /opt/airflow/dags/crypto_pipeline_dag.py took 0.071 seconds
[2026-06-18T08:34:17.193+0000] {processor.py:186} INFO - Started process (PID=907) to work on /opt/airflow/dags/crypto_pipeline_dag.py
[2026-06-18T08:34:17.194+0000] {processor.py:914} INFO - Processing file /opt/airflow/dags/crypto_pipeline_dag.py for tasks to queue
[2026-06-18T08:34:17.195+0000] {logging_mixin.py:190} INFO - [2026-06-18T08:34:17.195+0000] {dagbag.py:588} INFO - Filling up the DagBag from /opt/airflow/dags/crypto_pipeline_dag.py
[2026-06-18T08:34:17.209+0000] {processor.py:925} INFO - DAG(s) 'crypto_pipeline_dag' retrieved from /opt/airflow/dags/crypto_pipeline_dag.py
[2026-06-18T08:34:17.239+0000] {logging_mixin.py:190} INFO - [2026-06-18T08:34:17.238+0000] {dag.py:3239} INFO - Sync 1 DAGs
[2026-06-18T08:34:17.259+0000] {logging_mixin.py:190} INFO - [2026-06-18T08:34:17.259+0000] {dag.py:4180} INFO - Setting next_dagrun for crypto_pipeline_dag to 2026-06-18 00:00:00+00:00, run_after=2026-06-19 00:00:00+00:00
[2026-06-18T08:34:17.274+0000] {processor.py:208} INFO - Processing /opt/airflow/dags/crypto_pipeline_dag.py took 0.085 seconds
[2026-06-18T08:34:47.478+0000] {processor.py:186} INFO - Started process (PID=912) to work on /opt/airflow/dags/crypto_pipeline_dag.py
[2026-06-18T08:34:47.478+0000] {processor.py:914} INFO - Processing file /opt/airflow/dags/crypto_pipeline_dag.py for tasks to queue
[2026-06-18T08:34:47.480+0000] {logging_mixin.py:190} INFO - [2026-06-18T08:34:47.480+0000] {dagbag.py:588} INFO - Filling up the DagBag from /opt/airflow/dags/crypto_pipeline_dag.py
[2026-06-18T08:34:47.495+0000] {processor.py:925} INFO - DAG(s) 'crypto_pipeline_dag' retrieved from /opt/airflow/dags/crypto_pipeline_dag.py
[2026-06-18T08:34:47.514+0000] {logging_mixin.py:190} INFO - [2026-06-18T08:34:47.514+0000] {dag.py:3239} INFO - Sync 1 DAGs
[2026-06-18T08:34:47.531+0000] {logging_mixin.py:190} INFO - [2026-06-18T08:34:47.531+0000] {dag.py:4180} INFO - Setting next_dagrun for crypto_pipeline_dag to 2026-06-18 00:00:00+00:00, run_after=2026-06-19 00:00:00+00:00
[2026-06-18T08:34:47.546+0000] {processor.py:208} INFO - Processing /opt/airflow/dags/crypto_pipeline_dag.py took 0.071 seconds
[2026-06-18T08:35:17.767+0000] {processor.py:186} INFO - Started process (PID=917) to work on /opt/airflow/dags/crypto_pipeline_dag.py
[2026-06-18T08:35:17.768+0000] {processor.py:914} INFO - Processing file /opt/airflow/dags/crypto_pipeline_dag.py for tasks to queue
[2026-06-18T08:35:17.769+0000] {logging_mixin.py:190} INFO - [2026-06-18T08:35:17.769+0000] {dagbag.py:588} INFO - Filling up the DagBag from /opt/airflow/dags/crypto_pipeline_dag.py
[2026-06-18T08:35:17.783+0000] {processor.py:925} INFO - DAG(s) 'crypto_pipeline_dag' retrieved from /opt/airflow/dags/crypto_pipeline_dag.py
[2026-06-18T08:35:17.802+0000] {logging_mixin.py:190} INFO - [2026-06-18T08:35:17.802+0000] {dag.py:3239} INFO - Sync 1 DAGs
[2026-06-18T08:35:17.818+0000] {logging_mixin.py:190} INFO - [2026-06-18T08:35:17.818+0000] {dag.py:4180} INFO - Setting next_dagrun for crypto_pipeline_dag to 2026-06-18 00:00:00+00:00, run_after=2026-06-19 00:00:00+00:00
[2026-06-18T08:35:17.831+0000] {processor.py:208} INFO - Processing /opt/airflow/dags/crypto_pipeline_dag.py took 0.068 seconds
[2026-06-18T08:35:48.125+0000] {processor.py:186} INFO - Started process (PID=922) to work on /opt/airflow/dags/crypto_pipeline_dag.py
[2026-06-18T08:35:48.126+0000] {processor.py:914} INFO - Processing file /opt/airflow/dags/crypto_pipeline_dag.py for tasks to queue
[2026-06-18T08:35:48.128+0000] {logging_mixin.py:190} INFO - [2026-06-18T08:35:48.127+0000] {dagbag.py:588} INFO - Filling up the DagBag from /opt/airflow/dags/crypto_pipeline_dag.py
[2026-06-18T08:35:48.140+0000] {processor.py:925} INFO - DAG(s) 'crypto_pipeline_dag' retrieved from /opt/airflow/dags/crypto_pipeline_dag.py
[2026-06-18T08:35:48.158+0000] {logging_mixin.py:190} INFO - [2026-06-18T08:35:48.158+0000] {dag.py:3239} INFO - Sync 1 DAGs
[2026-06-18T08:35:48.175+0000] {logging_mixin.py:190} INFO - [2026-06-18T08:35:48.175+0000] {dag.py:4180} INFO - Setting next_dagrun for crypto_pipeline_dag to 2026-06-18 00:00:00+00:00, run_after=2026-06-19 00:00:00+00:00
[2026-06-18T08:35:48.188+0000] {processor.py:208} INFO - Processing /opt/airflow/dags/crypto_pipeline_dag.py took 0.067 seconds
[2026-06-18T08:36:18.438+0000] {processor.py:186} INFO - Started process (PID=927) to work on /opt/airflow/dags/crypto_pipeline_dag.py
[2026-06-18T08:36:18.438+0000] {processor.py:914} INFO - Processing file /opt/airflow/dags/crypto_pipeline_dag.py for tasks to queue
[2026-06-18T08:36:18.440+0000] {logging_mixin.py:190} INFO - [2026-06-18T08:36:18.440+0000] {dagbag.py:588} INFO - Filling up the DagBag from /opt/airflow/dags/crypto_pipeline_dag.py
[2026-06-18T08:36:18.453+0000] {processor.py:925} INFO - DAG(s) 'crypto_pipeline_dag' retrieved from /opt/airflow/dags/crypto_pipeline_dag.py
[2026-06-18T08:36:18.472+0000] {logging_mixin.py:190} INFO - [2026-06-18T08:36:18.472+0000] {dag.py:3239} INFO - Sync 1 DAGs
[2026-06-18T08:36:18.488+0000] {logging_mixin.py:190} INFO - [2026-06-18T08:36:18.488+0000] {dag.py:4180} INFO - Setting next_dagrun for crypto_pipeline_dag to 2026-06-18 00:00:00+00:00, run_after=2026-06-19 00:00:00+00:00
[2026-06-18T08:36:18.515+0000] {processor.py:208} INFO - Processing /opt/airflow/dags/crypto_pipeline_dag.py took 0.081 seconds
[2026-06-18T08:36:48.790+0000] {processor.py:186} INFO - Started process (PID=932) to work on /opt/airflow/dags/crypto_pipeline_dag.py
[2026-06-18T08:36:48.790+0000] {processor.py:914} INFO - Processing file /opt/airflow/dags/crypto_pipeline_dag.py for tasks to queue
[2026-06-18T08:36:48.792+0000] {logging_mixin.py:190} INFO - [2026-06-18T08:36:48.792+0000] {dagbag.py:588} INFO - Filling up the DagBag from /opt/airflow/dags/crypto_pipeline_dag.py
[2026-06-18T08:36:48.808+0000] {processor.py:925} INFO - DAG(s) 'crypto_pipeline_dag' retrieved from /opt/airflow/dags/crypto_pipeline_dag.py
[2026-06-18T08:36:48.826+0000] {logging_mixin.py:190} INFO - [2026-06-18T08:36:48.826+0000] {dag.py:3239} INFO - Sync 1 DAGs
[2026-06-18T08:36:48.843+0000] {logging_mixin.py:190} INFO - [2026-06-18T08:36:48.843+0000] {dag.py:4180} INFO - Setting next_dagrun for crypto_pipeline_dag to 2026-06-18 00:00:00+00:00, run_after=2026-06-19 00:00:00+00:00
[2026-06-18T08:36:48.896+0000] {processor.py:208} INFO - Processing /opt/airflow/dags/crypto_pipeline_dag.py took 0.110 seconds
[2026-06-18T08:37:19.145+0000] {processor.py:186} INFO - Started process (PID=937) to work on /opt/airflow/dags/crypto_pipeline_dag.py
[2026-06-18T08:37:19.146+0000] {processor.py:914} INFO - Processing file /opt/airflow/dags/crypto_pipeline_dag.py for tasks to queue
[2026-06-18T08:37:19.147+0000] {logging_mixin.py:190} INFO - [2026-06-18T08:37:19.147+0000] {dagbag.py:588} INFO - Filling up the DagBag from /opt/airflow/dags/crypto_pipeline_dag.py
[2026-06-18T08:37:19.158+0000] {processor.py:925} INFO - DAG(s) 'crypto_pipeline_dag' retrieved from /opt/airflow/dags/crypto_pipeline_dag.py
[2026-06-18T08:37:19.177+0000] {logging_mixin.py:190} INFO - [2026-06-18T08:37:19.177+0000] {dag.py:3239} INFO - Sync 1 DAGs
[2026-06-18T08:37:19.195+0000] {logging_mixin.py:190} INFO - [2026-06-18T08:37:19.195+0000] {dag.py:4180} INFO - Setting next_dagrun for crypto_pipeline_dag to 2026-06-18 00:00:00+00:00, run_after=2026-06-19 00:00:00+00:00
[2026-06-18T08:37:19.208+0000] {processor.py:208} INFO - Processing /opt/airflow/dags/crypto_pipeline_dag.py took 0.067 seconds
[2026-06-18T08:37:49.492+0000] {processor.py:186} INFO - Started process (PID=942) to work on /opt/airflow/dags/crypto_pipeline_dag.py
[2026-06-18T08:37:49.493+0000] {processor.py:914} INFO - Processing file /opt/airflow/dags/crypto_pipeline_dag.py for tasks to queue
[2026-06-18T08:37:49.494+0000] {logging_mixin.py:190} INFO - [2026-06-18T08:37:49.494+0000] {dagbag.py:588} INFO - Filling up the DagBag from /opt/airflow/dags/crypto_pipeline_dag.py
[2026-06-18T08:37:49.505+0000] {processor.py:925} INFO - DAG(s) 'crypto_pipeline_dag' retrieved from /opt/airflow/dags/crypto_pipeline_dag.py
[2026-06-18T08:37:49.523+0000] {logging_mixin.py:190} INFO - [2026-06-18T08:37:49.523+0000] {dag.py:3239} INFO - Sync 1 DAGs
[2026-06-18T08:37:49.539+0000] {logging_mixin.py:190} INFO - [2026-06-18T08:37:49.539+0000] {dag.py:4180} INFO - Setting next_dagrun for crypto_pipeline_dag to 2026-06-18 00:00:00+00:00, run_after=2026-06-19 00:00:00+00:00
[2026-06-18T08:37:49.594+0000] {processor.py:208} INFO - Processing /opt/airflow/dags/crypto_pipeline_dag.py took 0.106 seconds
[2026-06-18T08:38:19.758+0000] {processor.py:186} INFO - Started process (PID=947) to work on /opt/airflow/dags/crypto_pipeline_dag.py
[2026-06-18T08:38:19.759+0000] {processor.py:914} INFO - Processing file /opt/airflow/dags/crypto_pipeline_dag.py for tasks to queue
[2026-06-18T08:38:19.761+0000] {logging_mixin.py:190} INFO - [2026-06-18T08:38:19.761+0000] {dagbag.py:588} INFO - Filling up the DagBag from /opt/airflow/dags/crypto_pipeline_dag.py
[2026-06-18T08:38:19.778+0000] {processor.py:925} INFO - DAG(s) 'crypto_pipeline_dag' retrieved from /opt/airflow/dags/crypto_pipeline_dag.py
[2026-06-18T08:38:19.800+0000] {logging_mixin.py:190} INFO - [2026-06-18T08:38:19.800+0000] {dag.py:3239} INFO - Sync 1 DAGs
[2026-06-18T08:38:19.819+0000] {logging_mixin.py:190} INFO - [2026-06-18T08:38:19.819+0000] {dag.py:4180} INFO - Setting next_dagrun for crypto_pipeline_dag to 2026-06-18 00:00:00+00:00, run_after=2026-06-19 00:00:00+00:00
[2026-06-18T08:38:19.842+0000] {processor.py:208} INFO - Processing /opt/airflow/dags/crypto_pipeline_dag.py took 0.088 seconds
[2026-06-18T08:38:50.041+0000] {processor.py:186} INFO - Started process (PID=952) to work on /opt/airflow/dags/crypto_pipeline_dag.py
[2026-06-18T08:38:50.041+0000] {processor.py:914} INFO - Processing file /opt/airflow/dags/crypto_pipeline_dag.py for tasks to queue
[2026-06-18T08:38:50.043+0000] {logging_mixin.py:190} INFO - [2026-06-18T08:38:50.043+0000] {dagbag.py:588} INFO - Filling up the DagBag from /opt/airflow/dags/crypto_pipeline_dag.py
[2026-06-18T08:38:50.055+0000] {processor.py:925} INFO - DAG(s) 'crypto_pipeline_dag' retrieved from /opt/airflow/dags/crypto_pipeline_dag.py
[2026-06-18T08:38:50.076+0000] {logging_mixin.py:190} INFO - [2026-06-18T08:38:50.075+0000] {dag.py:3239} INFO - Sync 1 DAGs
[2026-06-18T08:38:50.092+0000] {logging_mixin.py:190} INFO - [2026-06-18T08:38:50.091+0000] {dag.py:4180} INFO - Setting next_dagrun for crypto_pipeline_dag to 2026-06-18 00:00:00+00:00, run_after=2026-06-19 00:00:00+00:00
[2026-06-18T08:38:50.108+0000] {processor.py:208} INFO - Processing /opt/airflow/dags/crypto_pipeline_dag.py took 0.072 seconds
[2026-06-18T08:39:20.383+0000] {processor.py:186} INFO - Started process (PID=957) to work on /opt/airflow/dags/crypto_pipeline_dag.py
[2026-06-18T08:39:20.384+0000] {processor.py:914} INFO - Processing file /opt/airflow/dags/crypto_pipeline_dag.py for tasks to queue
[2026-06-18T08:39:20.386+0000] {logging_mixin.py:190} INFO - [2026-06-18T08:39:20.386+0000] {dagbag.py:588} INFO - Filling up the DagBag from /opt/airflow/dags/crypto_pipeline_dag.py
[2026-06-18T08:39:20.397+0000] {processor.py:925} INFO - DAG(s) 'crypto_pipeline_dag' retrieved from /opt/airflow/dags/crypto_pipeline_dag.py
[2026-06-18T08:39:20.415+0000] {logging_mixin.py:190} INFO - [2026-06-18T08:39:20.415+0000] {dag.py:3239} INFO - Sync 1 DAGs
[2026-06-18T08:39:20.431+0000] {logging_mixin.py:190} INFO - [2026-06-18T08:39:20.431+0000] {dag.py:4180} INFO - Setting next_dagrun for crypto_pipeline_dag to 2026-06-18 00:00:00+00:00, run_after=2026-06-19 00:00:00+00:00
[2026-06-18T08:39:20.457+0000] {processor.py:208} INFO - Processing /opt/airflow/dags/crypto_pipeline_dag.py took 0.077 seconds
[2026-06-18T08:39:50.688+0000] {processor.py:186} INFO - Started process (PID=962) to work on /opt/airflow/dags/crypto_pipeline_dag.py
[2026-06-18T08:39:50.689+0000] {processor.py:914} INFO - Processing file /opt/airflow/dags/crypto_pipeline_dag.py for tasks to queue
[2026-06-18T08:39:50.691+0000] {logging_mixin.py:190} INFO - [2026-06-18T08:39:50.691+0000] {dagbag.py:588} INFO - Filling up the DagBag from /opt/airflow/dags/crypto_pipeline_dag.py
[2026-06-18T08:39:50.704+0000] {processor.py:925} INFO - DAG(s) 'crypto_pipeline_dag' retrieved from /opt/airflow/dags/crypto_pipeline_dag.py
[2026-06-18T08:39:50.723+0000] {logging_mixin.py:190} INFO - [2026-06-18T08:39:50.722+0000] {dag.py:3239} INFO - Sync 1 DAGs
[2026-06-18T08:39:50.738+0000] {logging_mixin.py:190} INFO - [2026-06-18T08:39:50.738+0000] {dag.py:4180} INFO - Setting next_dagrun for crypto_pipeline_dag to 2026-06-18 00:00:00+00:00, run_after=2026-06-19 00:00:00+00:00
[2026-06-18T08:39:50.761+0000] {processor.py:208} INFO - Processing /opt/airflow/dags/crypto_pipeline_dag.py took 0.077 seconds
[2026-06-18T08:40:21.031+0000] {processor.py:186} INFO - Started process (PID=967) to work on /opt/airflow/dags/crypto_pipeline_dag.py
[2026-06-18T08:40:21.032+0000] {processor.py:914} INFO - Processing file /opt/airflow/dags/crypto_pipeline_dag.py for tasks to queue
[2026-06-18T08:40:21.033+0000] {logging_mixin.py:190} INFO - [2026-06-18T08:40:21.033+0000] {dagbag.py:588} INFO - Filling up the DagBag from /opt/airflow/dags/crypto_pipeline_dag.py
[2026-06-18T08:40:21.044+0000] {processor.py:925} INFO - DAG(s) 'crypto_pipeline_dag' retrieved from /opt/airflow/dags/crypto_pipeline_dag.py
[2026-06-18T08:40:21.063+0000] {logging_mixin.py:190} INFO - [2026-06-18T08:40:21.063+0000] {dag.py:3239} INFO - Sync 1 DAGs
[2026-06-18T08:40:21.079+0000] {logging_mixin.py:190} INFO - [2026-06-18T08:40:21.079+0000] {dag.py:4180} INFO - Setting next_dagrun for crypto_pipeline_dag to 2026-06-18 00:00:00+00:00, run_after=2026-06-19 00:00:00+00:00
[2026-06-18T08:40:21.137+0000] {processor.py:208} INFO - Processing /opt/airflow/dags/crypto_pipeline_dag.py took 0.110 seconds
[2026-06-18T08:40:51.310+0000] {processor.py:186} INFO - Started process (PID=972) to work on /opt/airflow/dags/crypto_pipeline_dag.py
[2026-06-18T08:40:51.311+0000] {processor.py:914} INFO - Processing file /opt/airflow/dags/crypto_pipeline_dag.py for tasks to queue
[2026-06-18T08:40:51.312+0000] {logging_mixin.py:190} INFO - [2026-06-18T08:40:51.312+0000] {dagbag.py:588} INFO - Filling up the DagBag from /opt/airflow/dags/crypto_pipeline_dag.py
[2026-06-18T08:40:51.324+0000] {processor.py:925} INFO - DAG(s) 'crypto_pipeline_dag' retrieved from /opt/airflow/dags/crypto_pipeline_dag.py
[2026-06-18T08:40:51.345+0000] {logging_mixin.py:190} INFO - [2026-06-18T08:40:51.345+0000] {dag.py:3239} INFO - Sync 1 DAGs
[2026-06-18T08:40:51.362+0000] {logging_mixin.py:190} INFO - [2026-06-18T08:40:51.362+0000] {dag.py:4180} INFO - Setting next_dagrun for crypto_pipeline_dag to 2026-06-18 00:00:00+00:00, run_after=2026-06-19 00:00:00+00:00
[2026-06-18T08:40:51.416+0000] {processor.py:208} INFO - Processing /opt/airflow/dags/crypto_pipeline_dag.py took 0.110 seconds
[2026-06-18T08:41:21.696+0000] {processor.py:186} INFO - Started process (PID=977) to work on /opt/airflow/dags/crypto_pipeline_dag.py
[2026-06-18T08:41:21.697+0000] {processor.py:914} INFO - Processing file /opt/airflow/dags/crypto_pipeline_dag.py for tasks to queue
[2026-06-18T08:41:21.699+0000] {logging_mixin.py:190} INFO - [2026-06-18T08:41:21.699+0000] {dagbag.py:588} INFO - Filling up the DagBag from /opt/airflow/dags/crypto_pipeline_dag.py
[2026-06-18T08:41:21.712+0000] {processor.py:925} INFO - DAG(s) 'crypto_pipeline_dag' retrieved from /opt/airflow/dags/crypto_pipeline_dag.py
[2026-06-18T08:41:21.732+0000] {logging_mixin.py:190} INFO - [2026-06-18T08:41:21.732+0000] {dag.py:3239} INFO - Sync 1 DAGs
[2026-06-18T08:41:21.749+0000] {logging_mixin.py:190} INFO - [2026-06-18T08:41:21.749+0000] {dag.py:4180} INFO - Setting next_dagrun for crypto_pipeline_dag to 2026-06-18 00:00:00+00:00, run_after=2026-06-19 00:00:00+00:00
[2026-06-18T08:41:21.763+0000] {processor.py:208} INFO - Processing /opt/airflow/dags/crypto_pipeline_dag.py took 0.071 seconds
[2026-06-18T08:41:51.968+0000] {processor.py:186} INFO - Started process (PID=982) to work on /opt/airflow/dags/crypto_pipeline_dag.py
[2026-06-18T08:41:51.968+0000] {processor.py:914} INFO - Processing file /opt/airflow/dags/crypto_pipeline_dag.py for tasks to queue
[2026-06-18T08:41:51.970+0000] {logging_mixin.py:190} INFO - [2026-06-18T08:41:51.970+0000] {dagbag.py:588} INFO - Filling up the DagBag from /opt/airflow/dags/crypto_pipeline_dag.py
[2026-06-18T08:41:51.982+0000] {processor.py:925} INFO - DAG(s) 'crypto_pipeline_dag' retrieved from /opt/airflow/dags/crypto_pipeline_dag.py
[2026-06-18T08:41:52.002+0000] {logging_mixin.py:190} INFO - [2026-06-18T08:41:52.002+0000] {dag.py:3239} INFO - Sync 1 DAGs
[2026-06-18T08:41:52.018+0000] {logging_mixin.py:190} INFO - [2026-06-18T08:41:52.018+0000] {dag.py:4180} INFO - Setting next_dagrun for crypto_pipeline_dag to 2026-06-18 00:00:00+00:00, run_after=2026-06-19 00:00:00+00:00
[2026-06-18T08:41:52.031+0000] {processor.py:208} INFO - Processing /opt/airflow/dags/crypto_pipeline_dag.py took 0.067 seconds
[2026-06-18T08:42:22.321+0000] {processor.py:186} INFO - Started process (PID=987) to work on /opt/airflow/dags/crypto_pipeline_dag.py
[2026-06-18T08:42:22.322+0000] {processor.py:914} INFO - Processing file /opt/airflow/dags/crypto_pipeline_dag.py for tasks to queue
[2026-06-18T08:42:22.325+0000] {logging_mixin.py:190} INFO - [2026-06-18T08:42:22.325+0000] {dagbag.py:588} INFO - Filling up the DagBag from /opt/airflow/dags/crypto_pipeline_dag.py
[2026-06-18T08:42:22.341+0000] {processor.py:925} INFO - DAG(s) 'crypto_pipeline_dag' retrieved from /opt/airflow/dags/crypto_pipeline_dag.py
[2026-06-18T08:42:22.362+0000] {logging_mixin.py:190} INFO - [2026-06-18T08:42:22.362+0000] {dag.py:3239} INFO - Sync 1 DAGs
[2026-06-18T08:42:22.379+0000] {logging_mixin.py:190} INFO - [2026-06-18T08:42:22.379+0000] {dag.py:4180} INFO - Setting next_dagrun for crypto_pipeline_dag to 2026-06-18 00:00:00+00:00, run_after=2026-06-19 00:00:00+00:00
[2026-06-18T08:42:22.390+0000] {processor.py:208} INFO - Processing /opt/airflow/dags/crypto_pipeline_dag.py took 0.073 seconds
[2026-06-18T08:42:52.618+0000] {processor.py:186} INFO - Started process (PID=992) to work on /opt/airflow/dags/crypto_pipeline_dag.py
[2026-06-18T08:42:52.618+0000] {processor.py:914} INFO - Processing file /opt/airflow/dags/crypto_pipeline_dag.py for tasks to queue
[2026-06-18T08:42:52.621+0000] {logging_mixin.py:190} INFO - [2026-06-18T08:42:52.620+0000] {dagbag.py:588} INFO - Filling up the DagBag from /opt/airflow/dags/crypto_pipeline_dag.py
[2026-06-18T08:42:52.634+0000] {processor.py:925} INFO - DAG(s) 'crypto_pipeline_dag' retrieved from /opt/airflow/dags/crypto_pipeline_dag.py
[2026-06-18T08:42:52.653+0000] {logging_mixin.py:190} INFO - [2026-06-18T08:42:52.653+0000] {dag.py:3239} INFO - Sync 1 DAGs
[2026-06-18T08:42:52.670+0000] {logging_mixin.py:190} INFO - [2026-06-18T08:42:52.670+0000] {dag.py:4180} INFO - Setting next_dagrun for crypto_pipeline_dag to 2026-06-18 00:00:00+00:00, run_after=2026-06-19 00:00:00+00:00
[2026-06-18T08:42:52.683+0000] {processor.py:208} INFO - Processing /opt/airflow/dags/crypto_pipeline_dag.py took 0.069 seconds
[2026-06-18T08:43:22.881+0000] {processor.py:186} INFO - Started process (PID=997) to work on /opt/airflow/dags/crypto_pipeline_dag.py
[2026-06-18T08:43:22.883+0000] {processor.py:914} INFO - Processing file /opt/airflow/dags/crypto_pipeline_dag.py for tasks to queue
[2026-06-18T08:43:22.885+0000] {logging_mixin.py:190} INFO - [2026-06-18T08:43:22.885+0000] {dagbag.py:588} INFO - Filling up the DagBag from /opt/airflow/dags/crypto_pipeline_dag.py
[2026-06-18T08:43:22.906+0000] {processor.py:925} INFO - DAG(s) 'crypto_pipeline_dag' retrieved from /opt/airflow/dags/crypto_pipeline_dag.py
[2026-06-18T08:43:22.928+0000] {logging_mixin.py:190} INFO - [2026-06-18T08:43:22.928+0000] {dag.py:3239} INFO - Sync 1 DAGs
[2026-06-18T08:43:22.947+0000] {logging_mixin.py:190} INFO - [2026-06-18T08:43:22.946+0000] {dag.py:4180} INFO - Setting next_dagrun for crypto_pipeline_dag to 2026-06-18 00:00:00+00:00, run_after=2026-06-19 00:00:00+00:00
[2026-06-18T08:43:22.962+0000] {processor.py:208} INFO - Processing /opt/airflow/dags/crypto_pipeline_dag.py took 0.086 seconds
[2026-06-18T08:43:53.156+0000] {processor.py:186} INFO - Started process (PID=1002) to work on /opt/airflow/dags/crypto_pipeline_dag.py
[2026-06-18T08:43:53.157+0000] {processor.py:914} INFO - Processing file /opt/airflow/dags/crypto_pipeline_dag.py for tasks to queue
[2026-06-18T08:43:53.160+0000] {logging_mixin.py:190} INFO - [2026-06-18T08:43:53.159+0000] {dagbag.py:588} INFO - Filling up the DagBag from /opt/airflow/dags/crypto_pipeline_dag.py
[2026-06-18T08:43:53.173+0000] {processor.py:925} INFO - DAG(s) 'crypto_pipeline_dag' retrieved from /opt/airflow/dags/crypto_pipeline_dag.py
[2026-06-18T08:43:53.194+0000] {logging_mixin.py:190} INFO - [2026-06-18T08:43:53.194+0000] {dag.py:3239} INFO - Sync 1 DAGs
[2026-06-18T08:43:53.212+0000] {logging_mixin.py:190} INFO - [2026-06-18T08:43:53.212+0000] {dag.py:4180} INFO - Setting next_dagrun for crypto_pipeline_dag to 2026-06-18 00:00:00+00:00, run_after=2026-06-19 00:00:00+00:00
[2026-06-18T08:43:53.225+0000] {processor.py:208} INFO - Processing /opt/airflow/dags/crypto_pipeline_dag.py took 0.074 seconds
[2026-06-18T08:44:23.507+0000] {processor.py:186} INFO - Started process (PID=1007) to work on /opt/airflow/dags/crypto_pipeline_dag.py
[2026-06-18T08:44:23.508+0000] {processor.py:914} INFO - Processing file /opt/airflow/dags/crypto_pipeline_dag.py for tasks to queue
[2026-06-18T08:44:23.509+0000] {logging_mixin.py:190} INFO - [2026-06-18T08:44:23.509+0000] {dagbag.py:588} INFO - Filling up the DagBag from /opt/airflow/dags/crypto_pipeline_dag.py
[2026-06-18T08:44:23.523+0000] {processor.py:925} INFO - DAG(s) 'crypto_pipeline_dag' retrieved from /opt/airflow/dags/crypto_pipeline_dag.py
[2026-06-18T08:44:23.545+0000] {logging_mixin.py:190} INFO - [2026-06-18T08:44:23.544+0000] {dag.py:3239} INFO - Sync 1 DAGs
[2026-06-18T08:44:23.560+0000] {logging_mixin.py:190} INFO - [2026-06-18T08:44:23.560+0000] {dag.py:4180} INFO - Setting next_dagrun for crypto_pipeline_dag to 2026-06-18 00:00:00+00:00, run_after=2026-06-19 00:00:00+00:00
[2026-06-18T08:44:23.571+0000] {processor.py:208} INFO - Processing /opt/airflow/dags/crypto_pipeline_dag.py took 0.070 seconds
[2026-06-18T08:44:53.795+0000] {processor.py:186} INFO - Started process (PID=1012) to work on /opt/airflow/dags/crypto_pipeline_dag.py
[2026-06-18T08:44:53.796+0000] {processor.py:914} INFO - Processing file /opt/airflow/dags/crypto_pipeline_dag.py for tasks to queue
[2026-06-18T08:44:53.797+0000] {logging_mixin.py:190} INFO - [2026-06-18T08:44:53.797+0000] {dagbag.py:588} INFO - Filling up the DagBag from /opt/airflow/dags/crypto_pipeline_dag.py
[2026-06-18T08:44:53.809+0000] {processor.py:925} INFO - DAG(s) 'crypto_pipeline_dag' retrieved from /opt/airflow/dags/crypto_pipeline_dag.py
[2026-06-18T08:44:53.828+0000] {logging_mixin.py:190} INFO - [2026-06-18T08:44:53.827+0000] {dag.py:3239} INFO - Sync 1 DAGs
[2026-06-18T08:44:53.844+0000] {logging_mixin.py:190} INFO - [2026-06-18T08:44:53.844+0000] {dag.py:4180} INFO - Setting next_dagrun for crypto_pipeline_dag to 2026-06-18 00:00:00+00:00, run_after=2026-06-19 00:00:00+00:00
[2026-06-18T08:44:53.856+0000] {processor.py:208} INFO - Processing /opt/airflow/dags/crypto_pipeline_dag.py took 0.065 seconds
[2026-06-18T08:45:24.101+0000] {processor.py:186} INFO - Started process (PID=1017) to work on /opt/airflow/dags/crypto_pipeline_dag.py
[2026-06-18T08:45:24.102+0000] {processor.py:914} INFO - Processing file /opt/airflow/dags/crypto_pipeline_dag.py for tasks to queue
[2026-06-18T08:45:24.104+0000] {logging_mixin.py:190} INFO - [2026-06-18T08:45:24.103+0000] {dagbag.py:588} INFO - Filling up the DagBag from /opt/airflow/dags/crypto_pipeline_dag.py
[2026-06-18T08:45:24.117+0000] {processor.py:925} INFO - DAG(s) 'crypto_pipeline_dag' retrieved from /opt/airflow/dags/crypto_pipeline_dag.py
[2026-06-18T08:45:24.137+0000] {logging_mixin.py:190} INFO - [2026-06-18T08:45:24.137+0000] {dag.py:3239} INFO - Sync 1 DAGs
[2026-06-18T08:45:24.153+0000] {logging_mixin.py:190} INFO - [2026-06-18T08:45:24.153+0000] {dag.py:4180} INFO - Setting next_dagrun for crypto_pipeline_dag to 2026-06-18 00:00:00+00:00, run_after=2026-06-19 00:00:00+00:00
[2026-06-18T08:45:24.173+0000] {processor.py:208} INFO - Processing /opt/airflow/dags/crypto_pipeline_dag.py took 0.075 seconds
[2026-06-18T08:45:54.408+0000] {processor.py:186} INFO - Started process (PID=1022) to work on /opt/airflow/dags/crypto_pipeline_dag.py
[2026-06-18T08:45:54.409+0000] {processor.py:914} INFO - Processing file /opt/airflow/dags/crypto_pipeline_dag.py for tasks to queue
[2026-06-18T08:45:54.410+0000] {logging_mixin.py:190} INFO - [2026-06-18T08:45:54.410+0000] {dagbag.py:588} INFO - Filling up the DagBag from /opt/airflow/dags/crypto_pipeline_dag.py
[2026-06-18T08:45:54.422+0000] {processor.py:925} INFO - DAG(s) 'crypto_pipeline_dag' retrieved from /opt/airflow/dags/crypto_pipeline_dag.py
[2026-06-18T08:45:54.441+0000] {logging_mixin.py:190} INFO - [2026-06-18T08:45:54.441+0000] {dag.py:3239} INFO - Sync 1 DAGs
[2026-06-18T08:45:54.457+0000] {logging_mixin.py:190} INFO - [2026-06-18T08:45:54.456+0000] {dag.py:4180} INFO - Setting next_dagrun for crypto_pipeline_dag to 2026-06-18 00:00:00+00:00, run_after=2026-06-19 00:00:00+00:00
[2026-06-18T08:45:54.500+0000] {processor.py:208} INFO - Processing /opt/airflow/dags/crypto_pipeline_dag.py took 0.095 seconds
[2026-06-18T08:46:24.697+0000] {processor.py:186} INFO - Started process (PID=1027) to work on /opt/airflow/dags/crypto_pipeline_dag.py
[2026-06-18T08:46:24.698+0000] {processor.py:914} INFO - Processing file /opt/airflow/dags/crypto_pipeline_dag.py for tasks to queue
[2026-06-18T08:46:24.700+0000] {logging_mixin.py:190} INFO - [2026-06-18T08:46:24.699+0000] {dagbag.py:588} INFO - Filling up the DagBag from /opt/airflow/dags/crypto_pipeline_dag.py
[2026-06-18T08:46:24.711+0000] {processor.py:925} INFO - DAG(s) 'crypto_pipeline_dag' retrieved from /opt/airflow/dags/crypto_pipeline_dag.py
[2026-06-18T08:46:24.731+0000] {logging_mixin.py:190} INFO - [2026-06-18T08:46:24.730+0000] {dag.py:3239} INFO - Sync 1 DAGs
[2026-06-18T08:46:24.747+0000] {logging_mixin.py:190} INFO - [2026-06-18T08:46:24.747+0000] {dag.py:4180} INFO - Setting next_dagrun for crypto_pipeline_dag to 2026-06-18 00:00:00+00:00, run_after=2026-06-19 00:00:00+00:00
[2026-06-18T08:46:24.760+0000] {processor.py:208} INFO - Processing /opt/airflow/dags/crypto_pipeline_dag.py took 0.067 seconds
[2026-06-18T08:46:54.975+0000] {processor.py:186} INFO - Started process (PID=1032) to work on /opt/airflow/dags/crypto_pipeline_dag.py
[2026-06-18T08:46:54.975+0000] {processor.py:914} INFO - Processing file /opt/airflow/dags/crypto_pipeline_dag.py for tasks to queue
[2026-06-18T08:46:54.977+0000] {logging_mixin.py:190} INFO - [2026-06-18T08:46:54.977+0000] {dagbag.py:588} INFO - Filling up the DagBag from /opt/airflow/dags/crypto_pipeline_dag.py
[2026-06-18T08:46:54.989+0000] {processor.py:925} INFO - DAG(s) 'crypto_pipeline_dag' retrieved from /opt/airflow/dags/crypto_pipeline_dag.py
[2026-06-18T08:46:55.011+0000] {logging_mixin.py:190} INFO - [2026-06-18T08:46:55.011+0000] {dag.py:3239} INFO - Sync 1 DAGs
[2026-06-18T08:46:55.028+0000] {logging_mixin.py:190} INFO - [2026-06-18T08:46:55.028+0000] {dag.py:4180} INFO - Setting next_dagrun for crypto_pipeline_dag to 2026-06-18 00:00:00+00:00, run_after=2026-06-19 00:00:00+00:00
[2026-06-18T08:46:55.040+0000] {processor.py:208} INFO - Processing /opt/airflow/dags/crypto_pipeline_dag.py took 0.070 seconds
[2026-06-18T08:47:25.317+0000] {processor.py:186} INFO - Started process (PID=1037) to work on /opt/airflow/dags/crypto_pipeline_dag.py
[2026-06-18T08:47:25.317+0000] {processor.py:914} INFO - Processing file /opt/airflow/dags/crypto_pipeline_dag.py for tasks to queue
[2026-06-18T08:47:25.319+0000] {logging_mixin.py:190} INFO - [2026-06-18T08:47:25.319+0000] {dagbag.py:588} INFO - Filling up the DagBag from /opt/airflow/dags/crypto_pipeline_dag.py
[2026-06-18T08:47:25.331+0000] {processor.py:925} INFO - DAG(s) 'crypto_pipeline_dag' retrieved from /opt/airflow/dags/crypto_pipeline_dag.py
[2026-06-18T08:47:25.350+0000] {logging_mixin.py:190} INFO - [2026-06-18T08:47:25.350+0000] {dag.py:3239} INFO - Sync 1 DAGs
[2026-06-18T08:47:25.367+0000] {logging_mixin.py:190} INFO - [2026-06-18T08:47:25.367+0000] {dag.py:4180} INFO - Setting next_dagrun for crypto_pipeline_dag to 2026-06-18 00:00:00+00:00, run_after=2026-06-19 00:00:00+00:00
[2026-06-18T08:47:25.396+0000] {processor.py:208} INFO - Processing /opt/airflow/dags/crypto_pipeline_dag.py took 0.083 seconds
[2026-06-18T08:47:55.619+0000] {processor.py:186} INFO - Started process (PID=1042) to work on /opt/airflow/dags/crypto_pipeline_dag.py
[2026-06-18T08:47:55.621+0000] {processor.py:914} INFO - Processing file /opt/airflow/dags/crypto_pipeline_dag.py for tasks to queue
[2026-06-18T08:47:55.623+0000] {logging_mixin.py:190} INFO - [2026-06-18T08:47:55.623+0000] {dagbag.py:588} INFO - Filling up the DagBag from /opt/airflow/dags/crypto_pipeline_dag.py
[2026-06-18T08:47:55.700+0000] {processor.py:925} INFO - DAG(s) 'crypto_pipeline_dag' retrieved from /opt/airflow/dags/crypto_pipeline_dag.py
[2026-06-18T08:47:55.729+0000] {logging_mixin.py:190} INFO - [2026-06-18T08:47:55.729+0000] {dag.py:3239} INFO - Sync 1 DAGs
[2026-06-18T08:47:55.751+0000] {logging_mixin.py:190} INFO - [2026-06-18T08:47:55.751+0000] {dag.py:4180} INFO - Setting next_dagrun for crypto_pipeline_dag to 2026-06-18 00:00:00+00:00, run_after=2026-06-19 00:00:00+00:00
[2026-06-18T08:47:55.774+0000] {processor.py:208} INFO - Processing /opt/airflow/dags/crypto_pipeline_dag.py took 0.160 seconds
[2026-06-18T08:48:25.861+0000] {processor.py:186} INFO - Started process (PID=1047) to work on /opt/airflow/dags/crypto_pipeline_dag.py
[2026-06-18T08:48:25.864+0000] {processor.py:914} INFO - Processing file /opt/airflow/dags/crypto_pipeline_dag.py for tasks to queue
[2026-06-18T08:48:25.867+0000] {logging_mixin.py:190} INFO - [2026-06-18T08:48:25.867+0000] {dagbag.py:588} INFO - Filling up the DagBag from /opt/airflow/dags/crypto_pipeline_dag.py
[2026-06-18T08:48:25.900+0000] {processor.py:925} INFO - DAG(s) 'crypto_pipeline_dag' retrieved from /opt/airflow/dags/crypto_pipeline_dag.py
[2026-06-18T08:48:25.936+0000] {logging_mixin.py:190} INFO - [2026-06-18T08:48:25.936+0000] {dag.py:3239} INFO - Sync 1 DAGs
[2026-06-18T08:48:25.963+0000] {logging_mixin.py:190} INFO - [2026-06-18T08:48:25.962+0000] {dag.py:4180} INFO - Setting next_dagrun for crypto_pipeline_dag to 2026-06-18 00:00:00+00:00, run_after=2026-06-19 00:00:00+00:00
[2026-06-18T08:48:25.980+0000] {processor.py:208} INFO - Processing /opt/airflow/dags/crypto_pipeline_dag.py took 0.135 seconds
[2026-06-18T08:48:56.025+0000] {processor.py:186} INFO - Started process (PID=1052) to work on /opt/airflow/dags/crypto_pipeline_dag.py
[2026-06-18T08:48:56.027+0000] {processor.py:914} INFO - Processing file /opt/airflow/dags/crypto_pipeline_dag.py for tasks to queue
[2026-06-18T08:48:56.029+0000] {logging_mixin.py:190} INFO - [2026-06-18T08:48:56.028+0000] {dagbag.py:588} INFO - Filling up the DagBag from /opt/airflow/dags/crypto_pipeline_dag.py
[2026-06-18T08:48:56.044+0000] {processor.py:925} INFO - DAG(s) 'crypto_pipeline_dag' retrieved from /opt/airflow/dags/crypto_pipeline_dag.py
[2026-06-18T08:48:56.066+0000] {logging_mixin.py:190} INFO - [2026-06-18T08:48:56.066+0000] {dag.py:3239} INFO - Sync 1 DAGs
[2026-06-18T08:48:56.084+0000] {logging_mixin.py:190} INFO - [2026-06-18T08:48:56.084+0000] {dag.py:4180} INFO - Setting next_dagrun for crypto_pipeline_dag to 2026-06-18 00:00:00+00:00, run_after=2026-06-19 00:00:00+00:00
[2026-06-18T08:48:56.100+0000] {processor.py:208} INFO - Processing /opt/airflow/dags/crypto_pipeline_dag.py took 0.082 seconds
[2026-06-18T08:49:26.280+0000] {processor.py:186} INFO - Started process (PID=1057) to work on /opt/airflow/dags/crypto_pipeline_dag.py
[2026-06-18T08:49:26.283+0000] {processor.py:914} INFO - Processing file /opt/airflow/dags/crypto_pipeline_dag.py for tasks to queue
[2026-06-18T08:49:26.285+0000] {logging_mixin.py:190} INFO - [2026-06-18T08:49:26.284+0000] {dagbag.py:588} INFO - Filling up the DagBag from /opt/airflow/dags/crypto_pipeline_dag.py
[2026-06-18T08:49:26.331+0000] {processor.py:925} INFO - DAG(s) 'crypto_pipeline_dag' retrieved from /opt/airflow/dags/crypto_pipeline_dag.py
[2026-06-18T08:49:26.352+0000] {logging_mixin.py:190} INFO - [2026-06-18T08:49:26.352+0000] {dag.py:3239} INFO - Sync 1 DAGs
[2026-06-18T08:49:26.370+0000] {logging_mixin.py:190} INFO - [2026-06-18T08:49:26.370+0000] {dag.py:4180} INFO - Setting next_dagrun for crypto_pipeline_dag to 2026-06-18 00:00:00+00:00, run_after=2026-06-19 00:00:00+00:00
[2026-06-18T08:49:26.392+0000] {processor.py:208} INFO - Processing /opt/airflow/dags/crypto_pipeline_dag.py took 0.117 seconds
[2026-06-18T08:49:56.578+0000] {processor.py:186} INFO - Started process (PID=1062) to work on /opt/airflow/dags/crypto_pipeline_dag.py
[2026-06-18T08:49:56.579+0000] {processor.py:914} INFO - Processing file /opt/airflow/dags/crypto_pipeline_dag.py for tasks to queue
[2026-06-18T08:49:56.581+0000] {logging_mixin.py:190} INFO - [2026-06-18T08:49:56.580+0000] {dagbag.py:588} INFO - Filling up the DagBag from /opt/airflow/dags/crypto_pipeline_dag.py
[2026-06-18T08:49:56.600+0000] {processor.py:925} INFO - DAG(s) 'crypto_pipeline_dag' retrieved from /opt/airflow/dags/crypto_pipeline_dag.py
[2026-06-18T08:49:56.626+0000] {logging_mixin.py:190} INFO - [2026-06-18T08:49:56.625+0000] {dag.py:3239} INFO - Sync 1 DAGs
[2026-06-18T08:49:56.645+0000] {logging_mixin.py:190} INFO - [2026-06-18T08:49:56.645+0000] {dag.py:4180} INFO - Setting next_dagrun for crypto_pipeline_dag to 2026-06-18 00:00:00+00:00, run_after=2026-06-19 00:00:00+00:00
[2026-06-18T08:49:56.659+0000] {processor.py:208} INFO - Processing /opt/airflow/dags/crypto_pipeline_dag.py took 0.087 seconds
[2026-06-18T08:50:26.974+0000] {processor.py:186} INFO - Started process (PID=1067) to work on /opt/airflow/dags/crypto_pipeline_dag.py
[2026-06-18T08:50:26.975+0000] {processor.py:914} INFO - Processing file /opt/airflow/dags/crypto_pipeline_dag.py for tasks to queue
[2026-06-18T08:50:26.977+0000] {logging_mixin.py:190} INFO - [2026-06-18T08:50:26.977+0000] {dagbag.py:588} INFO - Filling up the DagBag from /opt/airflow/dags/crypto_pipeline_dag.py
[2026-06-18T08:50:26.991+0000] {processor.py:925} INFO - DAG(s) 'crypto_pipeline_dag' retrieved from /opt/airflow/dags/crypto_pipeline_dag.py
[2026-06-18T08:50:27.012+0000] {logging_mixin.py:190} INFO - [2026-06-18T08:50:27.012+0000] {dag.py:3239} INFO - Sync 1 DAGs
[2026-06-18T08:50:27.029+0000] {logging_mixin.py:190} INFO - [2026-06-18T08:50:27.029+0000] {dag.py:4180} INFO - Setting next_dagrun for crypto_pipeline_dag to 2026-06-18 00:00:00+00:00, run_after=2026-06-19 00:00:00+00:00
[2026-06-18T08:50:27.042+0000] {processor.py:208} INFO - Processing /opt/airflow/dags/crypto_pipeline_dag.py took 0.071 seconds
[2026-06-18T08:50:57.153+0000] {processor.py:186} INFO - Started process (PID=1072) to work on /opt/airflow/dags/crypto_pipeline_dag.py
[2026-06-18T08:50:57.154+0000] {processor.py:914} INFO - Processing file /opt/airflow/dags/crypto_pipeline_dag.py for tasks to queue
[2026-06-18T08:50:57.155+0000] {logging_mixin.py:190} INFO - [2026-06-18T08:50:57.155+0000] {dagbag.py:588} INFO - Filling up the DagBag from /opt/airflow/dags/crypto_pipeline_dag.py
[2026-06-18T08:50:57.168+0000] {processor.py:925} INFO - DAG(s) 'crypto_pipeline_dag' retrieved from /opt/airflow/dags/crypto_pipeline_dag.py
[2026-06-18T08:50:57.189+0000] {logging_mixin.py:190} INFO - [2026-06-18T08:50:57.189+0000] {dag.py:3239} INFO - Sync 1 DAGs
[2026-06-18T08:50:57.207+0000] {logging_mixin.py:190} INFO - [2026-06-18T08:50:57.206+0000] {dag.py:4180} INFO - Setting next_dagrun for crypto_pipeline_dag to 2026-06-18 00:00:00+00:00, run_after=2026-06-19 00:00:00+00:00
[2026-06-18T08:50:57.221+0000] {processor.py:208} INFO - Processing /opt/airflow/dags/crypto_pipeline_dag.py took 0.072 seconds
[2026-06-18T08:51:27.426+0000] {processor.py:186} INFO - Started process (PID=1077) to work on /opt/airflow/dags/crypto_pipeline_dag.py
[2026-06-18T08:51:27.426+0000] {processor.py:914} INFO - Processing file /opt/airflow/dags/crypto_pipeline_dag.py for tasks to queue
[2026-06-18T08:51:27.429+0000] {logging_mixin.py:190} INFO - [2026-06-18T08:51:27.428+0000] {dagbag.py:588} INFO - Filling up the DagBag from /opt/airflow/dags/crypto_pipeline_dag.py
[2026-06-18T08:51:27.442+0000] {processor.py:925} INFO - DAG(s) 'crypto_pipeline_dag' retrieved from /opt/airflow/dags/crypto_pipeline_dag.py
[2026-06-18T08:51:27.463+0000] {logging_mixin.py:190} INFO - [2026-06-18T08:51:27.463+0000] {dag.py:3239} INFO - Sync 1 DAGs
[2026-06-18T08:51:27.481+0000] {logging_mixin.py:190} INFO - [2026-06-18T08:51:27.481+0000] {dag.py:4180} INFO - Setting next_dagrun for crypto_pipeline_dag to 2026-06-18 00:00:00+00:00, run_after=2026-06-19 00:00:00+00:00
[2026-06-18T08:51:27.495+0000] {processor.py:208} INFO - Processing /opt/airflow/dags/crypto_pipeline_dag.py took 0.074 seconds
[2026-06-18T08:51:57.666+0000] {processor.py:186} INFO - Started process (PID=1082) to work on /opt/airflow/dags/crypto_pipeline_dag.py
[2026-06-18T08:51:57.666+0000] {processor.py:914} INFO - Processing file /opt/airflow/dags/crypto_pipeline_dag.py for tasks to queue
[2026-06-18T08:51:57.668+0000] {logging_mixin.py:190} INFO - [2026-06-18T08:51:57.668+0000] {dagbag.py:588} INFO - Filling up the DagBag from /opt/airflow/dags/crypto_pipeline_dag.py
[2026-06-18T08:51:57.681+0000] {processor.py:925} INFO - DAG(s) 'crypto_pipeline_dag' retrieved from /opt/airflow/dags/crypto_pipeline_dag.py
[2026-06-18T08:51:57.703+0000] {logging_mixin.py:190} INFO - [2026-06-18T08:51:57.703+0000] {dag.py:3239} INFO - Sync 1 DAGs
[2026-06-18T08:51:57.720+0000] {logging_mixin.py:190} INFO - [2026-06-18T08:51:57.719+0000] {dag.py:4180} INFO - Setting next_dagrun for crypto_pipeline_dag to 2026-06-18 00:00:00+00:00, run_after=2026-06-19 00:00:00+00:00
[2026-06-18T08:51:57.733+0000] {processor.py:208} INFO - Processing /opt/airflow/dags/crypto_pipeline_dag.py took 0.072 seconds
[2026-06-18T08:52:27.960+0000] {processor.py:186} INFO - Started process (PID=1087) to work on /opt/airflow/dags/crypto_pipeline_dag.py
[2026-06-18T08:52:27.961+0000] {processor.py:914} INFO - Processing file /opt/airflow/dags/crypto_pipeline_dag.py for tasks to queue
[2026-06-18T08:52:27.963+0000] {logging_mixin.py:190} INFO - [2026-06-18T08:52:27.963+0000] {dagbag.py:588} INFO - Filling up the DagBag from /opt/airflow/dags/crypto_pipeline_dag.py
[2026-06-18T08:52:27.976+0000] {processor.py:925} INFO - DAG(s) 'crypto_pipeline_dag' retrieved from /opt/airflow/dags/crypto_pipeline_dag.py
[2026-06-18T08:52:27.995+0000] {logging_mixin.py:190} INFO - [2026-06-18T08:52:27.995+0000] {dag.py:3239} INFO - Sync 1 DAGs
[2026-06-18T08:52:28.012+0000] {logging_mixin.py:190} INFO - [2026-06-18T08:52:28.012+0000] {dag.py:4180} INFO - Setting next_dagrun for crypto_pipeline_dag to 2026-06-18 00:00:00+00:00, run_after=2026-06-19 00:00:00+00:00
[2026-06-18T08:52:28.025+0000] {processor.py:208} INFO - Processing /opt/airflow/dags/crypto_pipeline_dag.py took 0.068 seconds
[2026-06-18T08:52:58.134+0000] {processor.py:186} INFO - Started process (PID=1092) to work on /opt/airflow/dags/crypto_pipeline_dag.py
[2026-06-18T08:52:58.135+0000] {processor.py:914} INFO - Processing file /opt/airflow/dags/crypto_pipeline_dag.py for tasks to queue
[2026-06-18T08:52:58.137+0000] {logging_mixin.py:190} INFO - [2026-06-18T08:52:58.137+0000] {dagbag.py:588} INFO - Filling up the DagBag from /opt/airflow/dags/crypto_pipeline_dag.py
[2026-06-18T08:52:58.153+0000] {processor.py:925} INFO - DAG(s) 'crypto_pipeline_dag' retrieved from /opt/airflow/dags/crypto_pipeline_dag.py
[2026-06-18T08:52:58.176+0000] {logging_mixin.py:190} INFO - [2026-06-18T08:52:58.176+0000] {dag.py:3239} INFO - Sync 1 DAGs
[2026-06-18T08:52:58.195+0000] {logging_mixin.py:190} INFO - [2026-06-18T08:52:58.194+0000] {dag.py:4180} INFO - Setting next_dagrun for crypto_pipeline_dag to 2026-06-18 00:00:00+00:00, run_after=2026-06-19 00:00:00+00:00
[2026-06-18T08:52:58.211+0000] {processor.py:208} INFO - Processing /opt/airflow/dags/crypto_pipeline_dag.py took 0.080 seconds
[2026-06-18T08:53:28.354+0000] {processor.py:186} INFO - Started process (PID=1097) to work on /opt/airflow/dags/crypto_pipeline_dag.py
[2026-06-18T08:53:28.355+0000] {processor.py:914} INFO - Processing file /opt/airflow/dags/crypto_pipeline_dag.py for tasks to queue
[2026-06-18T08:53:28.357+0000] {logging_mixin.py:190} INFO - [2026-06-18T08:53:28.357+0000] {dagbag.py:588} INFO - Filling up the DagBag from /opt/airflow/dags/crypto_pipeline_dag.py
[2026-06-18T08:53:28.373+0000] {processor.py:925} INFO - DAG(s) 'crypto_pipeline_dag' retrieved from /opt/airflow/dags/crypto_pipeline_dag.py
[2026-06-18T08:53:28.394+0000] {logging_mixin.py:190} INFO - [2026-06-18T08:53:28.394+0000] {dag.py:3239} INFO - Sync 1 DAGs
[2026-06-18T08:53:28.411+0000] {logging_mixin.py:190} INFO - [2026-06-18T08:53:28.411+0000] {dag.py:4180} INFO - Setting next_dagrun for crypto_pipeline_dag to 2026-06-18 00:00:00+00:00, run_after=2026-06-19 00:00:00+00:00
[2026-06-18T08:53:28.427+0000] {processor.py:208} INFO - Processing /opt/airflow/dags/crypto_pipeline_dag.py took 0.076 seconds
[2026-06-18T08:53:58.517+0000] {processor.py:186} INFO - Started process (PID=1102) to work on /opt/airflow/dags/crypto_pipeline_dag.py
[2026-06-18T08:53:58.517+0000] {processor.py:914} INFO - Processing file /opt/airflow/dags/crypto_pipeline_dag.py for tasks to queue
[2026-06-18T08:53:58.519+0000] {logging_mixin.py:190} INFO - [2026-06-18T08:53:58.519+0000] {dagbag.py:588} INFO - Filling up the DagBag from /opt/airflow/dags/crypto_pipeline_dag.py
[2026-06-18T08:53:58.536+0000] {processor.py:925} INFO - DAG(s) 'crypto_pipeline_dag' retrieved from /opt/airflow/dags/crypto_pipeline_dag.py
[2026-06-18T08:53:58.557+0000] {logging_mixin.py:190} INFO - [2026-06-18T08:53:58.557+0000] {dag.py:3239} INFO - Sync 1 DAGs
[2026-06-18T08:53:58.579+0000] {logging_mixin.py:190} INFO - [2026-06-18T08:53:58.579+0000] {dag.py:4180} INFO - Setting next_dagrun for crypto_pipeline_dag to 2026-06-18 00:00:00+00:00, run_after=2026-06-19 00:00:00+00:00
[2026-06-18T08:53:58.610+0000] {processor.py:208} INFO - Processing /opt/airflow/dags/crypto_pipeline_dag.py took 0.097 seconds
[2026-06-18T08:54:28.790+0000] {processor.py:186} INFO - Started process (PID=1107) to work on /opt/airflow/dags/crypto_pipeline_dag.py
[2026-06-18T08:54:28.791+0000] {processor.py:914} INFO - Processing file /opt/airflow/dags/crypto_pipeline_dag.py for tasks to queue
[2026-06-18T08:54:28.793+0000] {logging_mixin.py:190} INFO - [2026-06-18T08:54:28.792+0000] {dagbag.py:588} INFO - Filling up the DagBag from /opt/airflow/dags/crypto_pipeline_dag.py
[2026-06-18T08:54:28.806+0000] {processor.py:925} INFO - DAG(s) 'crypto_pipeline_dag' retrieved from /opt/airflow/dags/crypto_pipeline_dag.py
[2026-06-18T08:54:28.827+0000] {logging_mixin.py:190} INFO - [2026-06-18T08:54:28.826+0000] {dag.py:3239} INFO - Sync 1 DAGs
[2026-06-18T08:54:28.843+0000] {logging_mixin.py:190} INFO - [2026-06-18T08:54:28.843+0000] {dag.py:4180} INFO - Setting next_dagrun for crypto_pipeline_dag to 2026-06-18 00:00:00+00:00, run_after=2026-06-19 00:00:00+00:00
[2026-06-18T08:54:28.878+0000] {processor.py:208} INFO - Processing /opt/airflow/dags/crypto_pipeline_dag.py took 0.091 seconds
[2026-06-18T08:54:59.134+0000] {processor.py:186} INFO - Started process (PID=1112) to work on /opt/airflow/dags/crypto_pipeline_dag.py
[2026-06-18T08:54:59.135+0000] {processor.py:914} INFO - Processing file /opt/airflow/dags/crypto_pipeline_dag.py for tasks to queue
[2026-06-18T08:54:59.137+0000] {logging_mixin.py:190} INFO - [2026-06-18T08:54:59.137+0000] {dagbag.py:588} INFO - Filling up the DagBag from /opt/airflow/dags/crypto_pipeline_dag.py
[2026-06-18T08:54:59.155+0000] {processor.py:925} INFO - DAG(s) 'crypto_pipeline_dag' retrieved from /opt/airflow/dags/crypto_pipeline_dag.py
[2026-06-18T08:54:59.176+0000] {logging_mixin.py:190} INFO - [2026-06-18T08:54:59.176+0000] {dag.py:3239} INFO - Sync 1 DAGs
[2026-06-18T08:54:59.193+0000] {logging_mixin.py:190} INFO - [2026-06-18T08:54:59.193+0000] {dag.py:4180} INFO - Setting next_dagrun for crypto_pipeline_dag to 2026-06-18 00:00:00+00:00, run_after=2026-06-19 00:00:00+00:00
[2026-06-18T08:54:59.270+0000] {processor.py:208} INFO - Processing /opt/airflow/dags/crypto_pipeline_dag.py took 0.140 seconds
[2026-06-18T08:55:29.556+0000] {processor.py:186} INFO - Started process (PID=1117) to work on /opt/airflow/dags/crypto_pipeline_dag.py
[2026-06-18T08:55:29.557+0000] {processor.py:914} INFO - Processing file /opt/airflow/dags/crypto_pipeline_dag.py for tasks to queue
[2026-06-18T08:55:29.559+0000] {logging_mixin.py:190} INFO - [2026-06-18T08:55:29.559+0000] {dagbag.py:588} INFO - Filling up the DagBag from /opt/airflow/dags/crypto_pipeline_dag.py
[2026-06-18T08:55:29.644+0000] {processor.py:925} INFO - DAG(s) 'crypto_pipeline_dag' retrieved from /opt/airflow/dags/crypto_pipeline_dag.py
[2026-06-18T08:55:29.665+0000] {logging_mixin.py:190} INFO - [2026-06-18T08:55:29.665+0000] {dag.py:3239} INFO - Sync 1 DAGs
[2026-06-18T08:55:29.682+0000] {logging_mixin.py:190} INFO - [2026-06-18T08:55:29.682+0000] {dag.py:4180} INFO - Setting next_dagrun for crypto_pipeline_dag to 2026-06-18 00:00:00+00:00, run_after=2026-06-19 00:00:00+00:00
[2026-06-18T08:55:29.740+0000] {processor.py:208} INFO - Processing /opt/airflow/dags/crypto_pipeline_dag.py took 0.192 seconds
[2026-06-18T08:55:59.847+0000] {processor.py:186} INFO - Started process (PID=1122) to work on /opt/airflow/dags/crypto_pipeline_dag.py
[2026-06-18T08:55:59.848+0000] {processor.py:914} INFO - Processing file /opt/airflow/dags/crypto_pipeline_dag.py for tasks to queue
[2026-06-18T08:55:59.849+0000] {logging_mixin.py:190} INFO - [2026-06-18T08:55:59.849+0000] {dagbag.py:588} INFO - Filling up the DagBag from /opt/airflow/dags/crypto_pipeline_dag.py
[2026-06-18T08:55:59.861+0000] {processor.py:925} INFO - DAG(s) 'crypto_pipeline_dag' retrieved from /opt/airflow/dags/crypto_pipeline_dag.py
[2026-06-18T08:55:59.881+0000] {logging_mixin.py:190} INFO - [2026-06-18T08:55:59.881+0000] {dag.py:3239} INFO - Sync 1 DAGs
[2026-06-18T08:55:59.897+0000] {logging_mixin.py:190} INFO - [2026-06-18T08:55:59.897+0000] {dag.py:4180} INFO - Setting next_dagrun for crypto_pipeline_dag to 2026-06-18 00:00:00+00:00, run_after=2026-06-19 00:00:00+00:00
[2026-06-18T08:55:59.947+0000] {processor.py:208} INFO - Processing /opt/airflow/dags/crypto_pipeline_dag.py took 0.104 seconds
[2026-06-18T08:56:30.217+0000] {processor.py:186} INFO - Started process (PID=1127) to work on /opt/airflow/dags/crypto_pipeline_dag.py
[2026-06-18T08:56:30.218+0000] {processor.py:914} INFO - Processing file /opt/airflow/dags/crypto_pipeline_dag.py for tasks to queue
[2026-06-18T08:56:30.220+0000] {logging_mixin.py:190} INFO - [2026-06-18T08:56:30.220+0000] {dagbag.py:588} INFO - Filling up the DagBag from /opt/airflow/dags/crypto_pipeline_dag.py
[2026-06-18T08:56:30.233+0000] {processor.py:925} INFO - DAG(s) 'crypto_pipeline_dag' retrieved from /opt/airflow/dags/crypto_pipeline_dag.py
[2026-06-18T08:56:30.256+0000] {logging_mixin.py:190} INFO - [2026-06-18T08:56:30.255+0000] {dag.py:3239} INFO - Sync 1 DAGs
[2026-06-18T08:56:30.274+0000] {logging_mixin.py:190} INFO - [2026-06-18T08:56:30.274+0000] {dag.py:4180} INFO - Setting next_dagrun for crypto_pipeline_dag to 2026-06-18 00:00:00+00:00, run_after=2026-06-19 00:00:00+00:00
[2026-06-18T08:56:30.288+0000] {processor.py:208} INFO - Processing /opt/airflow/dags/crypto_pipeline_dag.py took 0.076 seconds
[2026-06-18T08:57:00.493+0000] {processor.py:186} INFO - Started process (PID=1132) to work on /opt/airflow/dags/crypto_pipeline_dag.py
[2026-06-18T08:57:00.494+0000] {processor.py:914} INFO - Processing file /opt/airflow/dags/crypto_pipeline_dag.py for tasks to queue
[2026-06-18T08:57:00.496+0000] {logging_mixin.py:190} INFO - [2026-06-18T08:57:00.496+0000] {dagbag.py:588} INFO - Filling up the DagBag from /opt/airflow/dags/crypto_pipeline_dag.py
[2026-06-18T08:57:00.513+0000] {processor.py:925} INFO - DAG(s) 'crypto_pipeline_dag' retrieved from /opt/airflow/dags/crypto_pipeline_dag.py
[2026-06-18T08:57:00.535+0000] {logging_mixin.py:190} INFO - [2026-06-18T08:57:00.535+0000] {dag.py:3239} INFO - Sync 1 DAGs
[2026-06-18T08:57:00.552+0000] {logging_mixin.py:190} INFO - [2026-06-18T08:57:00.552+0000] {dag.py:4180} INFO - Setting next_dagrun for crypto_pipeline_dag to 2026-06-18 00:00:00+00:00, run_after=2026-06-19 00:00:00+00:00
[2026-06-18T08:57:00.565+0000] {processor.py:208} INFO - Processing /opt/airflow/dags/crypto_pipeline_dag.py took 0.076 seconds
[2026-06-18T08:57:30.755+0000] {processor.py:186} INFO - Started process (PID=1137) to work on /opt/airflow/dags/crypto_pipeline_dag.py
[2026-06-18T08:57:30.756+0000] {processor.py:914} INFO - Processing file /opt/airflow/dags/crypto_pipeline_dag.py for tasks to queue
[2026-06-18T08:57:30.757+0000] {logging_mixin.py:190} INFO - [2026-06-18T08:57:30.757+0000] {dagbag.py:588} INFO - Filling up the DagBag from /opt/airflow/dags/crypto_pipeline_dag.py
[2026-06-18T08:57:30.769+0000] {processor.py:925} INFO - DAG(s) 'crypto_pipeline_dag' retrieved from /opt/airflow/dags/crypto_pipeline_dag.py
[2026-06-18T08:57:30.789+0000] {logging_mixin.py:190} INFO - [2026-06-18T08:57:30.789+0000] {dag.py:3239} INFO - Sync 1 DAGs
[2026-06-18T08:57:30.805+0000] {logging_mixin.py:190} INFO - [2026-06-18T08:57:30.805+0000] {dag.py:4180} INFO - Setting next_dagrun for crypto_pipeline_dag to 2026-06-18 00:00:00+00:00, run_after=2026-06-19 00:00:00+00:00
[2026-06-18T08:57:30.818+0000] {processor.py:208} INFO - Processing /opt/airflow/dags/crypto_pipeline_dag.py took 0.067 seconds
[2026-06-18T08:58:01.108+0000] {processor.py:186} INFO - Started process (PID=1142) to work on /opt/airflow/dags/crypto_pipeline_dag.py
[2026-06-18T08:58:01.109+0000] {processor.py:914} INFO - Processing file /opt/airflow/dags/crypto_pipeline_dag.py for tasks to queue
[2026-06-18T08:58:01.110+0000] {logging_mixin.py:190} INFO - [2026-06-18T08:58:01.110+0000] {dagbag.py:588} INFO - Filling up the DagBag from /opt/airflow/dags/crypto_pipeline_dag.py
[2026-06-18T08:58:01.122+0000] {processor.py:925} INFO - DAG(s) 'crypto_pipeline_dag' retrieved from /opt/airflow/dags/crypto_pipeline_dag.py
[2026-06-18T08:58:01.142+0000] {logging_mixin.py:190} INFO - [2026-06-18T08:58:01.141+0000] {dag.py:3239} INFO - Sync 1 DAGs
[2026-06-18T08:58:01.158+0000] {logging_mixin.py:190} INFO - [2026-06-18T08:58:01.158+0000] {dag.py:4180} INFO - Setting next_dagrun for crypto_pipeline_dag to 2026-06-18 00:00:00+00:00, run_after=2026-06-19 00:00:00+00:00
[2026-06-18T08:58:01.172+0000] {processor.py:208} INFO - Processing /opt/airflow/dags/crypto_pipeline_dag.py took 0.068 seconds
[2026-06-18T08:58:31.404+0000] {processor.py:186} INFO - Started process (PID=1147) to work on /opt/airflow/dags/crypto_pipeline_dag.py
[2026-06-18T08:58:31.405+0000] {processor.py:914} INFO - Processing file /opt/airflow/dags/crypto_pipeline_dag.py for tasks to queue
[2026-06-18T08:58:31.407+0000] {logging_mixin.py:190} INFO - [2026-06-18T08:58:31.407+0000] {dagbag.py:588} INFO - Filling up the DagBag from /opt/airflow/dags/crypto_pipeline_dag.py
[2026-06-18T08:58:31.420+0000] {processor.py:925} INFO - DAG(s) 'crypto_pipeline_dag' retrieved from /opt/airflow/dags/crypto_pipeline_dag.py
[2026-06-18T08:58:31.438+0000] {logging_mixin.py:190} INFO - [2026-06-18T08:58:31.438+0000] {dag.py:3239} INFO - Sync 1 DAGs
[2026-06-18T08:58:31.454+0000] {logging_mixin.py:190} INFO - [2026-06-18T08:58:31.454+0000] {dag.py:4180} INFO - Setting next_dagrun for crypto_pipeline_dag to 2026-06-18 00:00:00+00:00, run_after=2026-06-19 00:00:00+00:00
[2026-06-18T08:58:31.466+0000] {processor.py:208} INFO - Processing /opt/airflow/dags/crypto_pipeline_dag.py took 0.066 seconds
[2026-06-18T08:59:01.724+0000] {processor.py:186} INFO - Started process (PID=1152) to work on /opt/airflow/dags/crypto_pipeline_dag.py
[2026-06-18T08:59:01.724+0000] {processor.py:914} INFO - Processing file /opt/airflow/dags/crypto_pipeline_dag.py for tasks to queue
[2026-06-18T08:59:01.726+0000] {logging_mixin.py:190} INFO - [2026-06-18T08:59:01.726+0000] {dagbag.py:588} INFO - Filling up the DagBag from /opt/airflow/dags/crypto_pipeline_dag.py
[2026-06-18T08:59:01.741+0000] {processor.py:925} INFO - DAG(s) 'crypto_pipeline_dag' retrieved from /opt/airflow/dags/crypto_pipeline_dag.py
[2026-06-18T08:59:01.760+0000] {logging_mixin.py:190} INFO - [2026-06-18T08:59:01.760+0000] {dag.py:3239} INFO - Sync 1 DAGs
[2026-06-18T08:59:01.775+0000] {logging_mixin.py:190} INFO - [2026-06-18T08:59:01.775+0000] {dag.py:4180} INFO - Setting next_dagrun for crypto_pipeline_dag to 2026-06-18 00:00:00+00:00, run_after=2026-06-19 00:00:00+00:00
[2026-06-18T08:59:01.788+0000] {processor.py:208} INFO - Processing /opt/airflow/dags/crypto_pipeline_dag.py took 0.068 seconds
[2026-06-18T08:59:32.062+0000] {processor.py:186} INFO - Started process (PID=1157) to work on /opt/airflow/dags/crypto_pipeline_dag.py
[2026-06-18T08:59:32.063+0000] {processor.py:914} INFO - Processing file /opt/airflow/dags/crypto_pipeline_dag.py for tasks to queue
[2026-06-18T08:59:32.065+0000] {logging_mixin.py:190} INFO - [2026-06-18T08:59:32.065+0000] {dagbag.py:588} INFO - Filling up the DagBag from /opt/airflow/dags/crypto_pipeline_dag.py
[2026-06-18T08:59:32.077+0000] {processor.py:925} INFO - DAG(s) 'crypto_pipeline_dag' retrieved from /opt/airflow/dags/crypto_pipeline_dag.py
[2026-06-18T08:59:32.095+0000] {logging_mixin.py:190} INFO - [2026-06-18T08:59:32.095+0000] {dag.py:3239} INFO - Sync 1 DAGs
[2026-06-18T08:59:32.111+0000] {logging_mixin.py:190} INFO - [2026-06-18T08:59:32.111+0000] {dag.py:4180} INFO - Setting next_dagrun for crypto_pipeline_dag to 2026-06-18 00:00:00+00:00, run_after=2026-06-19 00:00:00+00:00
[2026-06-18T08:59:32.168+0000] {processor.py:208} INFO - Processing /opt/airflow/dags/crypto_pipeline_dag.py took 0.110 seconds
[2026-06-18T09:00:02.398+0000] {processor.py:186} INFO - Started process (PID=1162) to work on /opt/airflow/dags/crypto_pipeline_dag.py
[2026-06-18T09:00:02.399+0000] {processor.py:914} INFO - Processing file /opt/airflow/dags/crypto_pipeline_dag.py for tasks to queue
[2026-06-18T09:00:02.401+0000] {logging_mixin.py:190} INFO - [2026-06-18T09:00:02.401+0000] {dagbag.py:588} INFO - Filling up the DagBag from /opt/airflow/dags/crypto_pipeline_dag.py
[2026-06-18T09:00:02.421+0000] {processor.py:925} INFO - DAG(s) 'crypto_pipeline_dag' retrieved from /opt/airflow/dags/crypto_pipeline_dag.py
[2026-06-18T09:00:02.440+0000] {logging_mixin.py:190} INFO - [2026-06-18T09:00:02.440+0000] {dag.py:3239} INFO - Sync 1 DAGs
[2026-06-18T09:00:02.456+0000] {logging_mixin.py:190} INFO - [2026-06-18T09:00:02.456+0000] {dag.py:4180} INFO - Setting next_dagrun for crypto_pipeline_dag to 2026-06-18 00:00:00+00:00, run_after=2026-06-19 00:00:00+00:00
[2026-06-18T09:00:02.471+0000] {processor.py:208} INFO - Processing /opt/airflow/dags/crypto_pipeline_dag.py took 0.077 seconds
[2026-06-18T09:00:32.714+0000] {processor.py:186} INFO - Started process (PID=1167) to work on /opt/airflow/dags/crypto_pipeline_dag.py
[2026-06-18T09:00:32.715+0000] {processor.py:914} INFO - Processing file /opt/airflow/dags/crypto_pipeline_dag.py for tasks to queue
[2026-06-18T09:00:32.717+0000] {logging_mixin.py:190} INFO - [2026-06-18T09:00:32.716+0000] {dagbag.py:588} INFO - Filling up the DagBag from /opt/airflow/dags/crypto_pipeline_dag.py
[2026-06-18T09:00:32.729+0000] {processor.py:925} INFO - DAG(s) 'crypto_pipeline_dag' retrieved from /opt/airflow/dags/crypto_pipeline_dag.py
[2026-06-18T09:00:32.748+0000] {logging_mixin.py:190} INFO - [2026-06-18T09:00:32.748+0000] {dag.py:3239} INFO - Sync 1 DAGs
[2026-06-18T09:00:32.764+0000] {logging_mixin.py:190} INFO - [2026-06-18T09:00:32.764+0000] {dag.py:4180} INFO - Setting next_dagrun for crypto_pipeline_dag to 2026-06-18 00:00:00+00:00, run_after=2026-06-19 00:00:00+00:00
[2026-06-18T09:00:32.798+0000] {processor.py:208} INFO - Processing /opt/airflow/dags/crypto_pipeline_dag.py took 0.088 seconds
[2026-06-18T09:01:03.086+0000] {processor.py:186} INFO - Started process (PID=1172) to work on /opt/airflow/dags/crypto_pipeline_dag.py
[2026-06-18T09:01:03.087+0000] {processor.py:914} INFO - Processing file /opt/airflow/dags/crypto_pipeline_dag.py for tasks to queue
[2026-06-18T09:01:03.089+0000] {logging_mixin.py:190} INFO - [2026-06-18T09:01:03.089+0000] {dagbag.py:588} INFO - Filling up the DagBag from /opt/airflow/dags/crypto_pipeline_dag.py
[2026-06-18T09:01:03.101+0000] {processor.py:925} INFO - DAG(s) 'crypto_pipeline_dag' retrieved from /opt/airflow/dags/crypto_pipeline_dag.py
[2026-06-18T09:01:03.119+0000] {logging_mixin.py:190} INFO - [2026-06-18T09:01:03.119+0000] {dag.py:3239} INFO - Sync 1 DAGs
[2026-06-18T09:01:03.135+0000] {logging_mixin.py:190} INFO - [2026-06-18T09:01:03.135+0000] {dag.py:4180} INFO - Setting next_dagrun for crypto_pipeline_dag to 2026-06-18 00:00:00+00:00, run_after=2026-06-19 00:00:00+00:00
[2026-06-18T09:01:03.148+0000] {processor.py:208} INFO - Processing /opt/airflow/dags/crypto_pipeline_dag.py took 0.066 seconds
[2026-06-18T09:01:33.434+0000] {processor.py:186} INFO - Started process (PID=1177) to work on /opt/airflow/dags/crypto_pipeline_dag.py
[2026-06-18T09:01:33.435+0000] {processor.py:914} INFO - Processing file /opt/airflow/dags/crypto_pipeline_dag.py for tasks to queue
[2026-06-18T09:01:33.436+0000] {logging_mixin.py:190} INFO - [2026-06-18T09:01:33.436+0000] {dagbag.py:588} INFO - Filling up the DagBag from /opt/airflow/dags/crypto_pipeline_dag.py
[2026-06-18T09:01:33.449+0000] {processor.py:925} INFO - DAG(s) 'crypto_pipeline_dag' retrieved from /opt/airflow/dags/crypto_pipeline_dag.py
[2026-06-18T09:01:33.467+0000] {logging_mixin.py:190} INFO - [2026-06-18T09:01:33.467+0000] {dag.py:3239} INFO - Sync 1 DAGs
[2026-06-18T09:01:33.483+0000] {logging_mixin.py:190} INFO - [2026-06-18T09:01:33.483+0000] {dag.py:4180} INFO - Setting next_dagrun for crypto_pipeline_dag to 2026-06-18 00:00:00+00:00, run_after=2026-06-19 00:00:00+00:00
[2026-06-18T09:01:33.497+0000] {processor.py:208} INFO - Processing /opt/airflow/dags/crypto_pipeline_dag.py took 0.067 seconds
[2026-06-18T09:02:03.750+0000] {processor.py:186} INFO - Started process (PID=1182) to work on /opt/airflow/dags/crypto_pipeline_dag.py
[2026-06-18T09:02:03.751+0000] {processor.py:914} INFO - Processing file /opt/airflow/dags/crypto_pipeline_dag.py for tasks to queue
[2026-06-18T09:02:03.753+0000] {logging_mixin.py:190} INFO - [2026-06-18T09:02:03.752+0000] {dagbag.py:588} INFO - Filling up the DagBag from /opt/airflow/dags/crypto_pipeline_dag.py
[2026-06-18T09:02:03.765+0000] {processor.py:925} INFO - DAG(s) 'crypto_pipeline_dag' retrieved from /opt/airflow/dags/crypto_pipeline_dag.py
[2026-06-18T09:02:03.786+0000] {logging_mixin.py:190} INFO - [2026-06-18T09:02:03.786+0000] {dag.py:3239} INFO - Sync 1 DAGs
[2026-06-18T09:02:03.802+0000] {logging_mixin.py:190} INFO - [2026-06-18T09:02:03.802+0000] {dag.py:4180} INFO - Setting next_dagrun for crypto_pipeline_dag to 2026-06-18 00:00:00+00:00, run_after=2026-06-19 00:00:00+00:00
[2026-06-18T09:02:03.816+0000] {processor.py:208} INFO - Processing /opt/airflow/dags/crypto_pipeline_dag.py took 0.069 seconds
[2026-06-18T09:11:32.895+0000] {processor.py:186} INFO - Started process (PID=1187) to work on /opt/airflow/dags/crypto_pipeline_dag.py
[2026-06-18T09:11:32.897+0000] {processor.py:914} INFO - Processing file /opt/airflow/dags/crypto_pipeline_dag.py for tasks to queue
[2026-06-18T09:11:32.901+0000] {logging_mixin.py:190} INFO - [2026-06-18T09:11:32.901+0000] {dagbag.py:588} INFO - Filling up the DagBag from /opt/airflow/dags/crypto_pipeline_dag.py
[2026-06-18T09:11:32.973+0000] {processor.py:925} INFO - DAG(s) 'crypto_pipeline_dag' retrieved from /opt/airflow/dags/crypto_pipeline_dag.py
[2026-06-18T09:11:33.000+0000] {logging_mixin.py:190} INFO - [2026-06-18T09:11:33.000+0000] {dag.py:3239} INFO - Sync 1 DAGs
[2026-06-18T09:11:33.023+0000] {logging_mixin.py:190} INFO - [2026-06-18T09:11:33.022+0000] {dag.py:4180} INFO - Setting next_dagrun for crypto_pipeline_dag to 2026-06-18 00:00:00+00:00, run_after=2026-06-19 00:00:00+00:00
[2026-06-18T09:11:33.041+0000] {processor.py:208} INFO - Processing /opt/airflow/dags/crypto_pipeline_dag.py took 0.151 seconds
[2026-06-18T09:12:03.180+0000] {processor.py:186} INFO - Started process (PID=1192) to work on /opt/airflow/dags/crypto_pipeline_dag.py
[2026-06-18T09:12:03.181+0000] {processor.py:914} INFO - Processing file /opt/airflow/dags/crypto_pipeline_dag.py for tasks to queue
[2026-06-18T09:12:03.183+0000] {logging_mixin.py:190} INFO - [2026-06-18T09:12:03.182+0000] {dagbag.py:588} INFO - Filling up the DagBag from /opt/airflow/dags/crypto_pipeline_dag.py
[2026-06-18T09:12:03.195+0000] {processor.py:925} INFO - DAG(s) 'crypto_pipeline_dag' retrieved from /opt/airflow/dags/crypto_pipeline_dag.py
[2026-06-18T09:12:03.216+0000] {logging_mixin.py:190} INFO - [2026-06-18T09:12:03.216+0000] {dag.py:3239} INFO - Sync 1 DAGs
[2026-06-18T09:12:03.235+0000] {logging_mixin.py:190} INFO - [2026-06-18T09:12:03.235+0000] {dag.py:4180} INFO - Setting next_dagrun for crypto_pipeline_dag to 2026-06-18 00:00:00+00:00, run_after=2026-06-19 00:00:00+00:00
[2026-06-18T09:12:03.249+0000] {processor.py:208} INFO - Processing /opt/airflow/dags/crypto_pipeline_dag.py took 0.073 seconds
[2026-06-18T09:12:33.467+0000] {processor.py:186} INFO - Started process (PID=1197) to work on /opt/airflow/dags/crypto_pipeline_dag.py
[2026-06-18T09:12:33.469+0000] {processor.py:914} INFO - Processing file /opt/airflow/dags/crypto_pipeline_dag.py for tasks to queue
[2026-06-18T09:12:33.473+0000] {logging_mixin.py:190} INFO - [2026-06-18T09:12:33.472+0000] {dagbag.py:588} INFO - Filling up the DagBag from /opt/airflow/dags/crypto_pipeline_dag.py
[2026-06-18T09:12:33.512+0000] {processor.py:925} INFO - DAG(s) 'crypto_pipeline_dag' retrieved from /opt/airflow/dags/crypto_pipeline_dag.py
[2026-06-18T09:12:33.544+0000] {logging_mixin.py:190} INFO - [2026-06-18T09:12:33.544+0000] {dag.py:3239} INFO - Sync 1 DAGs
[2026-06-18T09:12:33.565+0000] {logging_mixin.py:190} INFO - [2026-06-18T09:12:33.565+0000] {dag.py:4180} INFO - Setting next_dagrun for crypto_pipeline_dag to 2026-06-18 00:00:00+00:00, run_after=2026-06-19 00:00:00+00:00
[2026-06-18T09:12:33.586+0000] {processor.py:208} INFO - Processing /opt/airflow/dags/crypto_pipeline_dag.py took 0.127 seconds
[2026-06-18T09:13:03.743+0000] {processor.py:186} INFO - Started process (PID=1202) to work on /opt/airflow/dags/crypto_pipeline_dag.py
[2026-06-18T09:13:03.744+0000] {processor.py:914} INFO - Processing file /opt/airflow/dags/crypto_pipeline_dag.py for tasks to queue
[2026-06-18T09:13:03.745+0000] {logging_mixin.py:190} INFO - [2026-06-18T09:13:03.745+0000] {dagbag.py:588} INFO - Filling up the DagBag from /opt/airflow/dags/crypto_pipeline_dag.py
[2026-06-18T09:13:03.757+0000] {processor.py:925} INFO - DAG(s) 'crypto_pipeline_dag' retrieved from /opt/airflow/dags/crypto_pipeline_dag.py
[2026-06-18T09:13:03.776+0000] {logging_mixin.py:190} INFO - [2026-06-18T09:13:03.776+0000] {dag.py:3239} INFO - Sync 1 DAGs
[2026-06-18T09:13:03.792+0000] {logging_mixin.py:190} INFO - [2026-06-18T09:13:03.792+0000] {dag.py:4180} INFO - Setting next_dagrun for crypto_pipeline_dag to 2026-06-18 00:00:00+00:00, run_after=2026-06-19 00:00:00+00:00
[2026-06-18T09:13:03.820+0000] {processor.py:208} INFO - Processing /opt/airflow/dags/crypto_pipeline_dag.py took 0.081 seconds
[2026-06-18T09:13:34.039+0000] {processor.py:186} INFO - Started process (PID=1207) to work on /opt/airflow/dags/crypto_pipeline_dag.py
[2026-06-18T09:13:34.040+0000] {processor.py:914} INFO - Processing file /opt/airflow/dags/crypto_pipeline_dag.py for tasks to queue
[2026-06-18T09:13:34.042+0000] {logging_mixin.py:190} INFO - [2026-06-18T09:13:34.041+0000] {dagbag.py:588} INFO - Filling up the DagBag from /opt/airflow/dags/crypto_pipeline_dag.py
[2026-06-18T09:13:34.060+0000] {processor.py:925} INFO - DAG(s) 'crypto_pipeline_dag' retrieved from /opt/airflow/dags/crypto_pipeline_dag.py
[2026-06-18T09:13:34.085+0000] {logging_mixin.py:190} INFO - [2026-06-18T09:13:34.085+0000] {dag.py:3239} INFO - Sync 1 DAGs
[2026-06-18T09:13:34.107+0000] {logging_mixin.py:190} INFO - [2026-06-18T09:13:34.107+0000] {dag.py:4180} INFO - Setting next_dagrun for crypto_pipeline_dag to 2026-06-18 00:00:00+00:00, run_after=2026-06-19 00:00:00+00:00
[2026-06-18T09:13:34.123+0000] {processor.py:208} INFO - Processing /opt/airflow/dags/crypto_pipeline_dag.py took 0.089 seconds
[2026-06-18T09:14:04.249+0000] {processor.py:186} INFO - Started process (PID=1212) to work on /opt/airflow/dags/crypto_pipeline_dag.py
[2026-06-18T09:14:04.251+0000] {processor.py:914} INFO - Processing file /opt/airflow/dags/crypto_pipeline_dag.py for tasks to queue
[2026-06-18T09:14:04.253+0000] {logging_mixin.py:190} INFO - [2026-06-18T09:14:04.253+0000] {dagbag.py:588} INFO - Filling up the DagBag from /opt/airflow/dags/crypto_pipeline_dag.py
[2026-06-18T09:14:04.271+0000] {processor.py:925} INFO - DAG(s) 'crypto_pipeline_dag' retrieved from /opt/airflow/dags/crypto_pipeline_dag.py
[2026-06-18T09:14:04.294+0000] {logging_mixin.py:190} INFO - [2026-06-18T09:14:04.294+0000] {dag.py:3239} INFO - Sync 1 DAGs
[2026-06-18T09:14:04.312+0000] {logging_mixin.py:190} INFO - [2026-06-18T09:14:04.312+0000] {dag.py:4180} INFO - Setting next_dagrun for crypto_pipeline_dag to 2026-06-18 00:00:00+00:00, run_after=2026-06-19 00:00:00+00:00
[2026-06-18T09:14:04.383+0000] {processor.py:208} INFO - Processing /opt/airflow/dags/crypto_pipeline_dag.py took 0.139 seconds
[2026-06-18T09:14:34.526+0000] {processor.py:186} INFO - Started process (PID=1217) to work on /opt/airflow/dags/crypto_pipeline_dag.py
[2026-06-18T09:14:34.527+0000] {processor.py:914} INFO - Processing file /opt/airflow/dags/crypto_pipeline_dag.py for tasks to queue
[2026-06-18T09:14:34.528+0000] {logging_mixin.py:190} INFO - [2026-06-18T09:14:34.528+0000] {dagbag.py:588} INFO - Filling up the DagBag from /opt/airflow/dags/crypto_pipeline_dag.py
[2026-06-18T09:14:34.548+0000] {processor.py:925} INFO - DAG(s) 'crypto_pipeline_dag' retrieved from /opt/airflow/dags/crypto_pipeline_dag.py
[2026-06-18T09:14:34.570+0000] {logging_mixin.py:190} INFO - [2026-06-18T09:14:34.570+0000] {dag.py:3239} INFO - Sync 1 DAGs
[2026-06-18T09:14:34.589+0000] {logging_mixin.py:190} INFO - [2026-06-18T09:14:34.589+0000] {dag.py:4180} INFO - Setting next_dagrun for crypto_pipeline_dag to 2026-06-18 00:00:00+00:00, run_after=2026-06-19 00:00:00+00:00
[2026-06-18T09:14:34.604+0000] {processor.py:208} INFO - Processing /opt/airflow/dags/crypto_pipeline_dag.py took 0.084 seconds
[2026-06-18T09:15:04.823+0000] {processor.py:186} INFO - Started process (PID=1222) to work on /opt/airflow/dags/crypto_pipeline_dag.py
[2026-06-18T09:15:04.824+0000] {processor.py:914} INFO - Processing file /opt/airflow/dags/crypto_pipeline_dag.py for tasks to queue
[2026-06-18T09:15:04.825+0000] {logging_mixin.py:190} INFO - [2026-06-18T09:15:04.825+0000] {dagbag.py:588} INFO - Filling up the DagBag from /opt/airflow/dags/crypto_pipeline_dag.py
[2026-06-18T09:15:04.838+0000] {processor.py:925} INFO - DAG(s) 'crypto_pipeline_dag' retrieved from /opt/airflow/dags/crypto_pipeline_dag.py
[2026-06-18T09:15:04.858+0000] {logging_mixin.py:190} INFO - [2026-06-18T09:15:04.858+0000] {dag.py:3239} INFO - Sync 1 DAGs
[2026-06-18T09:15:04.875+0000] {logging_mixin.py:190} INFO - [2026-06-18T09:15:04.875+0000] {dag.py:4180} INFO - Setting next_dagrun for crypto_pipeline_dag to 2026-06-18 00:00:00+00:00, run_after=2026-06-19 00:00:00+00:00
[2026-06-18T09:15:04.888+0000] {processor.py:208} INFO - Processing /opt/airflow/dags/crypto_pipeline_dag.py took 0.068 seconds
[2026-06-18T09:15:35.054+0000] {processor.py:186} INFO - Started process (PID=1227) to work on /opt/airflow/dags/crypto_pipeline_dag.py
[2026-06-18T09:15:35.055+0000] {processor.py:914} INFO - Processing file /opt/airflow/dags/crypto_pipeline_dag.py for tasks to queue
[2026-06-18T09:15:35.056+0000] {logging_mixin.py:190} INFO - [2026-06-18T09:15:35.056+0000] {dagbag.py:588} INFO - Filling up the DagBag from /opt/airflow/dags/crypto_pipeline_dag.py
[2026-06-18T09:15:35.074+0000] {processor.py:925} INFO - DAG(s) 'crypto_pipeline_dag' retrieved from /opt/airflow/dags/crypto_pipeline_dag.py
[2026-06-18T09:15:35.100+0000] {logging_mixin.py:190} INFO - [2026-06-18T09:15:35.100+0000] {dag.py:3239} INFO - Sync 1 DAGs
[2026-06-18T09:15:35.119+0000] {logging_mixin.py:190} INFO - [2026-06-18T09:15:35.119+0000] {dag.py:4180} INFO - Setting next_dagrun for crypto_pipeline_dag to 2026-06-18 00:00:00+00:00, run_after=2026-06-19 00:00:00+00:00
[2026-06-18T09:15:35.135+0000] {processor.py:208} INFO - Processing /opt/airflow/dags/crypto_pipeline_dag.py took 0.086 seconds
[2026-06-18T09:16:05.270+0000] {processor.py:186} INFO - Started process (PID=1232) to work on /opt/airflow/dags/crypto_pipeline_dag.py
[2026-06-18T09:16:05.270+0000] {processor.py:914} INFO - Processing file /opt/airflow/dags/crypto_pipeline_dag.py for tasks to queue
[2026-06-18T09:16:05.272+0000] {logging_mixin.py:190} INFO - [2026-06-18T09:16:05.272+0000] {dagbag.py:588} INFO - Filling up the DagBag from /opt/airflow/dags/crypto_pipeline_dag.py
[2026-06-18T09:16:05.284+0000] {processor.py:925} INFO - DAG(s) 'crypto_pipeline_dag' retrieved from /opt/airflow/dags/crypto_pipeline_dag.py
[2026-06-18T09:16:05.303+0000] {logging_mixin.py:190} INFO - [2026-06-18T09:16:05.303+0000] {dag.py:3239} INFO - Sync 1 DAGs
[2026-06-18T09:16:05.320+0000] {logging_mixin.py:190} INFO - [2026-06-18T09:16:05.320+0000] {dag.py:4180} INFO - Setting next_dagrun for crypto_pipeline_dag to 2026-06-18 00:00:00+00:00, run_after=2026-06-19 00:00:00+00:00
[2026-06-18T09:16:05.350+0000] {processor.py:208} INFO - Processing /opt/airflow/dags/crypto_pipeline_dag.py took 0.085 seconds
[2026-06-18T09:16:35.625+0000] {processor.py:186} INFO - Started process (PID=1237) to work on /opt/airflow/dags/crypto_pipeline_dag.py
[2026-06-18T09:16:35.626+0000] {processor.py:914} INFO - Processing file /opt/airflow/dags/crypto_pipeline_dag.py for tasks to queue
[2026-06-18T09:16:35.628+0000] {logging_mixin.py:190} INFO - [2026-06-18T09:16:35.627+0000] {dagbag.py:588} INFO - Filling up the DagBag from /opt/airflow/dags/crypto_pipeline_dag.py
[2026-06-18T09:16:35.640+0000] {processor.py:925} INFO - DAG(s) 'crypto_pipeline_dag' retrieved from /opt/airflow/dags/crypto_pipeline_dag.py
[2026-06-18T09:16:35.660+0000] {logging_mixin.py:190} INFO - [2026-06-18T09:16:35.660+0000] {dag.py:3239} INFO - Sync 1 DAGs
[2026-06-18T09:16:35.678+0000] {logging_mixin.py:190} INFO - [2026-06-18T09:16:35.678+0000] {dag.py:4180} INFO - Setting next_dagrun for crypto_pipeline_dag to 2026-06-18 00:00:00+00:00, run_after=2026-06-19 00:00:00+00:00
[2026-06-18T09:16:35.691+0000] {processor.py:208} INFO - Processing /opt/airflow/dags/crypto_pipeline_dag.py took 0.070 seconds
[2026-06-18T09:17:05.844+0000] {processor.py:186} INFO - Started process (PID=1242) to work on /opt/airflow/dags/crypto_pipeline_dag.py
[2026-06-18T09:17:05.845+0000] {processor.py:914} INFO - Processing file /opt/airflow/dags/crypto_pipeline_dag.py for tasks to queue
[2026-06-18T09:17:05.847+0000] {logging_mixin.py:190} INFO - [2026-06-18T09:17:05.846+0000] {dagbag.py:588} INFO - Filling up the DagBag from /opt/airflow/dags/crypto_pipeline_dag.py
[2026-06-18T09:17:05.861+0000] {processor.py:925} INFO - DAG(s) 'crypto_pipeline_dag' retrieved from /opt/airflow/dags/crypto_pipeline_dag.py
[2026-06-18T09:17:05.881+0000] {logging_mixin.py:190} INFO - [2026-06-18T09:17:05.881+0000] {dag.py:3239} INFO - Sync 1 DAGs
[2026-06-18T09:17:05.897+0000] {logging_mixin.py:190} INFO - [2026-06-18T09:17:05.897+0000] {dag.py:4180} INFO - Setting next_dagrun for crypto_pipeline_dag to 2026-06-18 00:00:00+00:00, run_after=2026-06-19 00:00:00+00:00
[2026-06-18T09:17:05.911+0000] {processor.py:208} INFO - Processing /opt/airflow/dags/crypto_pipeline_dag.py took 0.071 seconds
[2026-06-18T09:17:36.278+0000] {processor.py:186} INFO - Started process (PID=1247) to work on /opt/airflow/dags/crypto_pipeline_dag.py
[2026-06-18T09:17:36.279+0000] {processor.py:914} INFO - Processing file /opt/airflow/dags/crypto_pipeline_dag.py for tasks to queue
[2026-06-18T09:17:36.281+0000] {logging_mixin.py:190} INFO - [2026-06-18T09:17:36.281+0000] {dagbag.py:588} INFO - Filling up the DagBag from /opt/airflow/dags/crypto_pipeline_dag.py
[2026-06-18T09:17:36.317+0000] {processor.py:925} INFO - DAG(s) 'crypto_pipeline_dag' retrieved from /opt/airflow/dags/crypto_pipeline_dag.py
[2026-06-18T09:17:36.337+0000] {logging_mixin.py:190} INFO - [2026-06-18T09:17:36.337+0000] {dag.py:3239} INFO - Sync 1 DAGs
[2026-06-18T09:17:36.354+0000] {logging_mixin.py:190} INFO - [2026-06-18T09:17:36.354+0000] {dag.py:4180} INFO - Setting next_dagrun for crypto_pipeline_dag to 2026-06-18 00:00:00+00:00, run_after=2026-06-19 00:00:00+00:00
[2026-06-18T09:17:36.376+0000] {processor.py:208} INFO - Processing /opt/airflow/dags/crypto_pipeline_dag.py took 0.103 seconds
[2026-06-18T09:18:06.567+0000] {processor.py:186} INFO - Started process (PID=1252) to work on /opt/airflow/dags/crypto_pipeline_dag.py
[2026-06-18T09:18:06.568+0000] {processor.py:914} INFO - Processing file /opt/airflow/dags/crypto_pipeline_dag.py for tasks to queue
[2026-06-18T09:18:06.570+0000] {logging_mixin.py:190} INFO - [2026-06-18T09:18:06.569+0000] {dagbag.py:588} INFO - Filling up the DagBag from /opt/airflow/dags/crypto_pipeline_dag.py
[2026-06-18T09:18:06.586+0000] {processor.py:925} INFO - DAG(s) 'crypto_pipeline_dag' retrieved from /opt/airflow/dags/crypto_pipeline_dag.py
[2026-06-18T09:18:06.608+0000] {logging_mixin.py:190} INFO - [2026-06-18T09:18:06.607+0000] {dag.py:3239} INFO - Sync 1 DAGs
[2026-06-18T09:18:06.625+0000] {logging_mixin.py:190} INFO - [2026-06-18T09:18:06.625+0000] {dag.py:4180} INFO - Setting next_dagrun for crypto_pipeline_dag to 2026-06-18 00:00:00+00:00, run_after=2026-06-19 00:00:00+00:00
[2026-06-18T09:18:06.639+0000] {processor.py:208} INFO - Processing /opt/airflow/dags/crypto_pipeline_dag.py took 0.077 seconds
[2026-06-18T09:18:36.794+0000] {processor.py:186} INFO - Started process (PID=1257) to work on /opt/airflow/dags/crypto_pipeline_dag.py
[2026-06-18T09:18:36.795+0000] {processor.py:914} INFO - Processing file /opt/airflow/dags/crypto_pipeline_dag.py for tasks to queue
[2026-06-18T09:18:36.797+0000] {logging_mixin.py:190} INFO - [2026-06-18T09:18:36.797+0000] {dagbag.py:588} INFO - Filling up the DagBag from /opt/airflow/dags/crypto_pipeline_dag.py
[2026-06-18T09:18:36.811+0000] {processor.py:925} INFO - DAG(s) 'crypto_pipeline_dag' retrieved from /opt/airflow/dags/crypto_pipeline_dag.py
[2026-06-18T09:18:36.835+0000] {logging_mixin.py:190} INFO - [2026-06-18T09:18:36.835+0000] {dag.py:3239} INFO - Sync 1 DAGs
[2026-06-18T09:18:36.853+0000] {logging_mixin.py:190} INFO - [2026-06-18T09:18:36.853+0000] {dag.py:4180} INFO - Setting next_dagrun for crypto_pipeline_dag to 2026-06-18 00:00:00+00:00, run_after=2026-06-19 00:00:00+00:00
[2026-06-18T09:18:36.868+0000] {processor.py:208} INFO - Processing /opt/airflow/dags/crypto_pipeline_dag.py took 0.078 seconds
[2026-06-18T09:19:07.136+0000] {processor.py:186} INFO - Started process (PID=1262) to work on /opt/airflow/dags/crypto_pipeline_dag.py
[2026-06-18T09:19:07.137+0000] {processor.py:914} INFO - Processing file /opt/airflow/dags/crypto_pipeline_dag.py for tasks to queue
[2026-06-18T09:19:07.139+0000] {logging_mixin.py:190} INFO - [2026-06-18T09:19:07.138+0000] {dagbag.py:588} INFO - Filling up the DagBag from /opt/airflow/dags/crypto_pipeline_dag.py
[2026-06-18T09:19:07.152+0000] {processor.py:925} INFO - DAG(s) 'crypto_pipeline_dag' retrieved from /opt/airflow/dags/crypto_pipeline_dag.py
[2026-06-18T09:19:07.174+0000] {logging_mixin.py:190} INFO - [2026-06-18T09:19:07.174+0000] {dag.py:3239} INFO - Sync 1 DAGs
[2026-06-18T09:19:07.192+0000] {logging_mixin.py:190} INFO - [2026-06-18T09:19:07.192+0000] {dag.py:4180} INFO - Setting next_dagrun for crypto_pipeline_dag to 2026-06-18 00:00:00+00:00, run_after=2026-06-19 00:00:00+00:00
[2026-06-18T09:19:07.206+0000] {processor.py:208} INFO - Processing /opt/airflow/dags/crypto_pipeline_dag.py took 0.074 seconds
[2026-06-18T09:19:37.371+0000] {processor.py:186} INFO - Started process (PID=1267) to work on /opt/airflow/dags/crypto_pipeline_dag.py
[2026-06-18T09:19:37.372+0000] {processor.py:914} INFO - Processing file /opt/airflow/dags/crypto_pipeline_dag.py for tasks to queue
[2026-06-18T09:19:37.373+0000] {logging_mixin.py:190} INFO - [2026-06-18T09:19:37.373+0000] {dagbag.py:588} INFO - Filling up the DagBag from /opt/airflow/dags/crypto_pipeline_dag.py
[2026-06-18T09:19:37.386+0000] {processor.py:925} INFO - DAG(s) 'crypto_pipeline_dag' retrieved from /opt/airflow/dags/crypto_pipeline_dag.py
[2026-06-18T09:19:37.406+0000] {logging_mixin.py:190} INFO - [2026-06-18T09:19:37.405+0000] {dag.py:3239} INFO - Sync 1 DAGs
[2026-06-18T09:19:37.423+0000] {logging_mixin.py:190} INFO - [2026-06-18T09:19:37.423+0000] {dag.py:4180} INFO - Setting next_dagrun for crypto_pipeline_dag to 2026-06-18 00:00:00+00:00, run_after=2026-06-19 00:00:00+00:00
[2026-06-18T09:19:37.447+0000] {processor.py:208} INFO - Processing /opt/airflow/dags/crypto_pipeline_dag.py took 0.079 seconds
[2026-06-18T09:20:07.744+0000] {processor.py:186} INFO - Started process (PID=1272) to work on /opt/airflow/dags/crypto_pipeline_dag.py
[2026-06-18T09:20:07.745+0000] {processor.py:914} INFO - Processing file /opt/airflow/dags/crypto_pipeline_dag.py for tasks to queue
[2026-06-18T09:20:07.747+0000] {logging_mixin.py:190} INFO - [2026-06-18T09:20:07.746+0000] {dagbag.py:588} INFO - Filling up the DagBag from /opt/airflow/dags/crypto_pipeline_dag.py
[2026-06-18T09:20:07.759+0000] {processor.py:925} INFO - DAG(s) 'crypto_pipeline_dag' retrieved from /opt/airflow/dags/crypto_pipeline_dag.py
[2026-06-18T09:20:07.780+0000] {logging_mixin.py:190} INFO - [2026-06-18T09:20:07.780+0000] {dag.py:3239} INFO - Sync 1 DAGs
[2026-06-18T09:20:07.796+0000] {logging_mixin.py:190} INFO - [2026-06-18T09:20:07.796+0000] {dag.py:4180} INFO - Setting next_dagrun for crypto_pipeline_dag to 2026-06-18 00:00:00+00:00, run_after=2026-06-19 00:00:00+00:00
[2026-06-18T09:20:07.810+0000] {processor.py:208} INFO - Processing /opt/airflow/dags/crypto_pipeline_dag.py took 0.072 seconds
[2026-06-18T09:20:38.193+0000] {processor.py:186} INFO - Started process (PID=1277) to work on /opt/airflow/dags/crypto_pipeline_dag.py
[2026-06-18T09:20:38.194+0000] {processor.py:914} INFO - Processing file /opt/airflow/dags/crypto_pipeline_dag.py for tasks to queue
[2026-06-18T09:20:38.196+0000] {logging_mixin.py:190} INFO - [2026-06-18T09:20:38.196+0000] {dagbag.py:588} INFO - Filling up the DagBag from /opt/airflow/dags/crypto_pipeline_dag.py
[2026-06-18T09:20:38.213+0000] {processor.py:925} INFO - DAG(s) 'crypto_pipeline_dag' retrieved from /opt/airflow/dags/crypto_pipeline_dag.py
[2026-06-18T09:20:38.234+0000] {logging_mixin.py:190} INFO - [2026-06-18T09:20:38.234+0000] {dag.py:3239} INFO - Sync 1 DAGs
[2026-06-18T09:20:38.251+0000] {logging_mixin.py:190} INFO - [2026-06-18T09:20:38.250+0000] {dag.py:4180} INFO - Setting next_dagrun for crypto_pipeline_dag to 2026-06-18 00:00:00+00:00, run_after=2026-06-19 00:00:00+00:00
[2026-06-18T09:20:38.264+0000] {processor.py:208} INFO - Processing /opt/airflow/dags/crypto_pipeline_dag.py took 0.076 seconds
[2026-06-18T09:21:08.358+0000] {processor.py:186} INFO - Started process (PID=1282) to work on /opt/airflow/dags/crypto_pipeline_dag.py
[2026-06-18T09:21:08.358+0000] {processor.py:914} INFO - Processing file /opt/airflow/dags/crypto_pipeline_dag.py for tasks to queue
[2026-06-18T09:21:08.360+0000] {logging_mixin.py:190} INFO - [2026-06-18T09:21:08.360+0000] {dagbag.py:588} INFO - Filling up the DagBag from /opt/airflow/dags/crypto_pipeline_dag.py
[2026-06-18T09:21:08.373+0000] {processor.py:925} INFO - DAG(s) 'crypto_pipeline_dag' retrieved from /opt/airflow/dags/crypto_pipeline_dag.py
[2026-06-18T09:21:08.394+0000] {logging_mixin.py:190} INFO - [2026-06-18T09:21:08.394+0000] {dag.py:3239} INFO - Sync 1 DAGs
[2026-06-18T09:21:08.411+0000] {logging_mixin.py:190} INFO - [2026-06-18T09:21:08.410+0000] {dag.py:4180} INFO - Setting next_dagrun for crypto_pipeline_dag to 2026-06-18 00:00:00+00:00, run_after=2026-06-19 00:00:00+00:00
[2026-06-18T09:21:08.425+0000] {processor.py:208} INFO - Processing /opt/airflow/dags/crypto_pipeline_dag.py took 0.071 seconds
[2026-06-18T09:21:38.558+0000] {processor.py:186} INFO - Started process (PID=1287) to work on /opt/airflow/dags/crypto_pipeline_dag.py
[2026-06-18T09:21:38.559+0000] {processor.py:914} INFO - Processing file /opt/airflow/dags/crypto_pipeline_dag.py for tasks to queue
[2026-06-18T09:21:38.560+0000] {logging_mixin.py:190} INFO - [2026-06-18T09:21:38.560+0000] {dagbag.py:588} INFO - Filling up the DagBag from /opt/airflow/dags/crypto_pipeline_dag.py
[2026-06-18T09:21:38.577+0000] {processor.py:925} INFO - DAG(s) 'crypto_pipeline_dag' retrieved from /opt/airflow/dags/crypto_pipeline_dag.py
[2026-06-18T09:21:38.621+0000] {logging_mixin.py:190} INFO - [2026-06-18T09:21:38.621+0000] {dag.py:3239} INFO - Sync 1 DAGs
[2026-06-18T09:21:38.641+0000] {logging_mixin.py:190} INFO - [2026-06-18T09:21:38.641+0000] {dag.py:4180} INFO - Setting next_dagrun for crypto_pipeline_dag to 2026-06-18 00:00:00+00:00, run_after=2026-06-19 00:00:00+00:00
[2026-06-18T09:21:38.657+0000] {processor.py:208} INFO - Processing /opt/airflow/dags/crypto_pipeline_dag.py took 0.103 seconds
[2026-06-18T09:22:08.917+0000] {processor.py:186} INFO - Started process (PID=1292) to work on /opt/airflow/dags/crypto_pipeline_dag.py
[2026-06-18T09:22:08.918+0000] {processor.py:914} INFO - Processing file /opt/airflow/dags/crypto_pipeline_dag.py for tasks to queue
[2026-06-18T09:22:08.919+0000] {logging_mixin.py:190} INFO - [2026-06-18T09:22:08.919+0000] {dagbag.py:588} INFO - Filling up the DagBag from /opt/airflow/dags/crypto_pipeline_dag.py
[2026-06-18T09:22:08.932+0000] {processor.py:925} INFO - DAG(s) 'crypto_pipeline_dag' retrieved from /opt/airflow/dags/crypto_pipeline_dag.py
[2026-06-18T09:22:09.040+0000] {logging_mixin.py:190} INFO - [2026-06-18T09:22:09.040+0000] {dag.py:3239} INFO - Sync 1 DAGs
[2026-06-18T09:22:09.056+0000] {logging_mixin.py:190} INFO - [2026-06-18T09:22:09.056+0000] {dag.py:4180} INFO - Setting next_dagrun for crypto_pipeline_dag to 2026-06-18 00:00:00+00:00, run_after=2026-06-19 00:00:00+00:00
[2026-06-18T09:22:09.069+0000] {processor.py:208} INFO - Processing /opt/airflow/dags/crypto_pipeline_dag.py took 0.156 seconds
[2026-06-18T09:22:39.128+0000] {processor.py:186} INFO - Started process (PID=1297) to work on /opt/airflow/dags/crypto_pipeline_dag.py
[2026-06-18T09:22:39.129+0000] {processor.py:914} INFO - Processing file /opt/airflow/dags/crypto_pipeline_dag.py for tasks to queue
[2026-06-18T09:22:39.130+0000] {logging_mixin.py:190} INFO - [2026-06-18T09:22:39.130+0000] {dagbag.py:588} INFO - Filling up the DagBag from /opt/airflow/dags/crypto_pipeline_dag.py
[2026-06-18T09:22:39.144+0000] {processor.py:925} INFO - DAG(s) 'crypto_pipeline_dag' retrieved from /opt/airflow/dags/crypto_pipeline_dag.py
[2026-06-18T09:22:39.200+0000] {logging_mixin.py:190} INFO - [2026-06-18T09:22:39.200+0000] {dag.py:3239} INFO - Sync 1 DAGs
[2026-06-18T09:22:39.219+0000] {logging_mixin.py:190} INFO - [2026-06-18T09:22:39.219+0000] {dag.py:4180} INFO - Setting next_dagrun for crypto_pipeline_dag to 2026-06-18 00:00:00+00:00, run_after=2026-06-19 00:00:00+00:00
[2026-06-18T09:22:39.234+0000] {processor.py:208} INFO - Processing /opt/airflow/dags/crypto_pipeline_dag.py took 0.110 seconds
[2026-06-18T09:23:09.448+0000] {processor.py:186} INFO - Started process (PID=1302) to work on /opt/airflow/dags/crypto_pipeline_dag.py
[2026-06-18T09:23:09.449+0000] {processor.py:914} INFO - Processing file /opt/airflow/dags/crypto_pipeline_dag.py for tasks to queue
[2026-06-18T09:23:09.451+0000] {logging_mixin.py:190} INFO - [2026-06-18T09:23:09.451+0000] {dagbag.py:588} INFO - Filling up the DagBag from /opt/airflow/dags/crypto_pipeline_dag.py
[2026-06-18T09:23:09.463+0000] {processor.py:925} INFO - DAG(s) 'crypto_pipeline_dag' retrieved from /opt/airflow/dags/crypto_pipeline_dag.py
[2026-06-18T09:23:09.482+0000] {logging_mixin.py:190} INFO - [2026-06-18T09:23:09.482+0000] {dag.py:3239} INFO - Sync 1 DAGs
[2026-06-18T09:23:09.499+0000] {logging_mixin.py:190} INFO - [2026-06-18T09:23:09.499+0000] {dag.py:4180} INFO - Setting next_dagrun for crypto_pipeline_dag to 2026-06-18 00:00:00+00:00, run_after=2026-06-19 00:00:00+00:00
[2026-06-18T09:23:09.511+0000] {processor.py:208} INFO - Processing /opt/airflow/dags/crypto_pipeline_dag.py took 0.067 seconds
[2026-06-18T09:23:39.722+0000] {processor.py:186} INFO - Started process (PID=1307) to work on /opt/airflow/dags/crypto_pipeline_dag.py
[2026-06-18T09:23:39.723+0000] {processor.py:914} INFO - Processing file /opt/airflow/dags/crypto_pipeline_dag.py for tasks to queue
[2026-06-18T09:23:39.725+0000] {logging_mixin.py:190} INFO - [2026-06-18T09:23:39.725+0000] {dagbag.py:588} INFO - Filling up the DagBag from /opt/airflow/dags/crypto_pipeline_dag.py
[2026-06-18T09:23:39.741+0000] {processor.py:925} INFO - DAG(s) 'crypto_pipeline_dag' retrieved from /opt/airflow/dags/crypto_pipeline_dag.py
[2026-06-18T09:23:39.770+0000] {logging_mixin.py:190} INFO - [2026-06-18T09:23:39.770+0000] {dag.py:3239} INFO - Sync 1 DAGs
[2026-06-18T09:23:39.788+0000] {logging_mixin.py:190} INFO - [2026-06-18T09:23:39.787+0000] {dag.py:4180} INFO - Setting next_dagrun for crypto_pipeline_dag to 2026-06-18 00:00:00+00:00, run_after=2026-06-19 00:00:00+00:00
[2026-06-18T09:23:39.803+0000] {processor.py:208} INFO - Processing /opt/airflow/dags/crypto_pipeline_dag.py took 0.085 seconds
[2026-06-18T09:24:09.935+0000] {processor.py:186} INFO - Started process (PID=1312) to work on /opt/airflow/dags/crypto_pipeline_dag.py
[2026-06-18T09:24:09.936+0000] {processor.py:914} INFO - Processing file /opt/airflow/dags/crypto_pipeline_dag.py for tasks to queue
[2026-06-18T09:24:09.939+0000] {logging_mixin.py:190} INFO - [2026-06-18T09:24:09.938+0000] {dagbag.py:588} INFO - Filling up the DagBag from /opt/airflow/dags/crypto_pipeline_dag.py
[2026-06-18T09:24:09.955+0000] {processor.py:925} INFO - DAG(s) 'crypto_pipeline_dag' retrieved from /opt/airflow/dags/crypto_pipeline_dag.py
[2026-06-18T09:24:09.981+0000] {logging_mixin.py:190} INFO - [2026-06-18T09:24:09.981+0000] {dag.py:3239} INFO - Sync 1 DAGs
[2026-06-18T09:24:10.001+0000] {logging_mixin.py:190} INFO - [2026-06-18T09:24:10.001+0000] {dag.py:4180} INFO - Setting next_dagrun for crypto_pipeline_dag to 2026-06-18 00:00:00+00:00, run_after=2026-06-19 00:00:00+00:00
[2026-06-18T09:24:10.015+0000] {processor.py:208} INFO - Processing /opt/airflow/dags/crypto_pipeline_dag.py took 0.087 seconds
[2026-06-18T09:24:40.195+0000] {processor.py:186} INFO - Started process (PID=1317) to work on /opt/airflow/dags/crypto_pipeline_dag.py
[2026-06-18T09:24:40.196+0000] {processor.py:914} INFO - Processing file /opt/airflow/dags/crypto_pipeline_dag.py for tasks to queue
[2026-06-18T09:24:40.198+0000] {logging_mixin.py:190} INFO - [2026-06-18T09:24:40.198+0000] {dagbag.py:588} INFO - Filling up the DagBag from /opt/airflow/dags/crypto_pipeline_dag.py
[2026-06-18T09:24:40.212+0000] {processor.py:925} INFO - DAG(s) 'crypto_pipeline_dag' retrieved from /opt/airflow/dags/crypto_pipeline_dag.py
[2026-06-18T09:24:40.259+0000] {logging_mixin.py:190} INFO - [2026-06-18T09:24:40.259+0000] {dag.py:3239} INFO - Sync 1 DAGs
[2026-06-18T09:24:40.277+0000] {logging_mixin.py:190} INFO - [2026-06-18T09:24:40.276+0000] {dag.py:4180} INFO - Setting next_dagrun for crypto_pipeline_dag to 2026-06-18 00:00:00+00:00, run_after=2026-06-19 00:00:00+00:00
[2026-06-18T09:24:40.290+0000] {processor.py:208} INFO - Processing /opt/airflow/dags/crypto_pipeline_dag.py took 0.098 seconds
[2026-06-18T09:25:10.463+0000] {processor.py:186} INFO - Started process (PID=1322) to work on /opt/airflow/dags/crypto_pipeline_dag.py
[2026-06-18T09:25:10.464+0000] {processor.py:914} INFO - Processing file /opt/airflow/dags/crypto_pipeline_dag.py for tasks to queue
[2026-06-18T09:25:10.467+0000] {logging_mixin.py:190} INFO - [2026-06-18T09:25:10.466+0000] {dagbag.py:588} INFO - Filling up the DagBag from /opt/airflow/dags/crypto_pipeline_dag.py
[2026-06-18T09:25:10.481+0000] {processor.py:925} INFO - DAG(s) 'crypto_pipeline_dag' retrieved from /opt/airflow/dags/crypto_pipeline_dag.py
[2026-06-18T09:25:10.503+0000] {logging_mixin.py:190} INFO - [2026-06-18T09:25:10.502+0000] {dag.py:3239} INFO - Sync 1 DAGs
[2026-06-18T09:25:10.521+0000] {logging_mixin.py:190} INFO - [2026-06-18T09:25:10.521+0000] {dag.py:4180} INFO - Setting next_dagrun for crypto_pipeline_dag to 2026-06-18 00:00:00+00:00, run_after=2026-06-19 00:00:00+00:00
[2026-06-18T09:25:10.535+0000] {processor.py:208} INFO - Processing /opt/airflow/dags/crypto_pipeline_dag.py took 0.077 seconds
[2026-06-18T09:25:40.718+0000] {processor.py:186} INFO - Started process (PID=1327) to work on /opt/airflow/dags/crypto_pipeline_dag.py
[2026-06-18T09:25:40.718+0000] {processor.py:914} INFO - Processing file /opt/airflow/dags/crypto_pipeline_dag.py for tasks to queue
[2026-06-18T09:25:40.720+0000] {logging_mixin.py:190} INFO - [2026-06-18T09:25:40.720+0000] {dagbag.py:588} INFO - Filling up the DagBag from /opt/airflow/dags/crypto_pipeline_dag.py
[2026-06-18T09:25:40.733+0000] {processor.py:925} INFO - DAG(s) 'crypto_pipeline_dag' retrieved from /opt/airflow/dags/crypto_pipeline_dag.py
[2026-06-18T09:25:40.752+0000] {logging_mixin.py:190} INFO - [2026-06-18T09:25:40.752+0000] {dag.py:3239} INFO - Sync 1 DAGs
[2026-06-18T09:25:40.769+0000] {logging_mixin.py:190} INFO - [2026-06-18T09:25:40.769+0000] {dag.py:4180} INFO - Setting next_dagrun for crypto_pipeline_dag to 2026-06-18 00:00:00+00:00, run_after=2026-06-19 00:00:00+00:00
[2026-06-18T09:25:40.782+0000] {processor.py:208} INFO - Processing /opt/airflow/dags/crypto_pipeline_dag.py took 0.068 seconds
[2026-06-18T09:26:10.995+0000] {processor.py:186} INFO - Started process (PID=1332) to work on /opt/airflow/dags/crypto_pipeline_dag.py
[2026-06-18T09:26:10.996+0000] {processor.py:914} INFO - Processing file /opt/airflow/dags/crypto_pipeline_dag.py for tasks to queue
[2026-06-18T09:26:10.997+0000] {logging_mixin.py:190} INFO - [2026-06-18T09:26:10.997+0000] {dagbag.py:588} INFO - Filling up the DagBag from /opt/airflow/dags/crypto_pipeline_dag.py
[2026-06-18T09:26:11.009+0000] {processor.py:925} INFO - DAG(s) 'crypto_pipeline_dag' retrieved from /opt/airflow/dags/crypto_pipeline_dag.py
[2026-06-18T09:26:11.033+0000] {logging_mixin.py:190} INFO - [2026-06-18T09:26:11.033+0000] {dag.py:3239} INFO - Sync 1 DAGs
[2026-06-18T09:26:11.050+0000] {logging_mixin.py:190} INFO - [2026-06-18T09:26:11.049+0000] {dag.py:4180} INFO - Setting next_dagrun for crypto_pipeline_dag to 2026-06-18 00:00:00+00:00, run_after=2026-06-19 00:00:00+00:00
[2026-06-18T09:26:11.064+0000] {processor.py:208} INFO - Processing /opt/airflow/dags/crypto_pipeline_dag.py took 0.073 seconds
[2026-06-18T09:26:41.315+0000] {processor.py:186} INFO - Started process (PID=1337) to work on /opt/airflow/dags/crypto_pipeline_dag.py
[2026-06-18T09:26:41.316+0000] {processor.py:914} INFO - Processing file /opt/airflow/dags/crypto_pipeline_dag.py for tasks to queue
[2026-06-18T09:26:41.318+0000] {logging_mixin.py:190} INFO - [2026-06-18T09:26:41.317+0000] {dagbag.py:588} INFO - Filling up the DagBag from /opt/airflow/dags/crypto_pipeline_dag.py
[2026-06-18T09:26:41.382+0000] {processor.py:925} INFO - DAG(s) 'crypto_pipeline_dag' retrieved from /opt/airflow/dags/crypto_pipeline_dag.py
[2026-06-18T09:26:41.405+0000] {logging_mixin.py:190} INFO - [2026-06-18T09:26:41.405+0000] {dag.py:3239} INFO - Sync 1 DAGs
[2026-06-18T09:26:41.423+0000] {logging_mixin.py:190} INFO - [2026-06-18T09:26:41.423+0000] {dag.py:4180} INFO - Setting next_dagrun for crypto_pipeline_dag to 2026-06-18 00:00:00+00:00, run_after=2026-06-19 00:00:00+00:00
[2026-06-18T09:26:41.437+0000] {processor.py:208} INFO - Processing /opt/airflow/dags/crypto_pipeline_dag.py took 0.127 seconds
[2026-06-18T09:27:11.575+0000] {processor.py:186} INFO - Started process (PID=1342) to work on /opt/airflow/dags/crypto_pipeline_dag.py
[2026-06-18T09:27:11.577+0000] {processor.py:914} INFO - Processing file /opt/airflow/dags/crypto_pipeline_dag.py for tasks to queue
[2026-06-18T09:27:11.580+0000] {logging_mixin.py:190} INFO - [2026-06-18T09:27:11.579+0000] {dagbag.py:588} INFO - Filling up the DagBag from /opt/airflow/dags/crypto_pipeline_dag.py
[2026-06-18T09:27:11.611+0000] {processor.py:925} INFO - DAG(s) 'crypto_pipeline_dag' retrieved from /opt/airflow/dags/crypto_pipeline_dag.py
[2026-06-18T09:27:11.640+0000] {logging_mixin.py:190} INFO - [2026-06-18T09:27:11.639+0000] {dag.py:3239} INFO - Sync 1 DAGs
[2026-06-18T09:27:11.665+0000] {logging_mixin.py:190} INFO - [2026-06-18T09:27:11.665+0000] {dag.py:4180} INFO - Setting next_dagrun for crypto_pipeline_dag to 2026-06-18 00:00:00+00:00, run_after=2026-06-19 00:00:00+00:00
[2026-06-18T09:27:11.684+0000] {processor.py:208} INFO - Processing /opt/airflow/dags/crypto_pipeline_dag.py took 0.117 seconds
[2026-06-18T09:27:41.913+0000] {processor.py:186} INFO - Started process (PID=1347) to work on /opt/airflow/dags/crypto_pipeline_dag.py
[2026-06-18T09:27:41.914+0000] {processor.py:914} INFO - Processing file /opt/airflow/dags/crypto_pipeline_dag.py for tasks to queue
[2026-06-18T09:27:41.916+0000] {logging_mixin.py:190} INFO - [2026-06-18T09:27:41.916+0000] {dagbag.py:588} INFO - Filling up the DagBag from /opt/airflow/dags/crypto_pipeline_dag.py
[2026-06-18T09:27:41.929+0000] {processor.py:925} INFO - DAG(s) 'crypto_pipeline_dag' retrieved from /opt/airflow/dags/crypto_pipeline_dag.py
[2026-06-18T09:27:41.950+0000] {logging_mixin.py:190} INFO - [2026-06-18T09:27:41.949+0000] {dag.py:3239} INFO - Sync 1 DAGs
[2026-06-18T09:27:41.966+0000] {logging_mixin.py:190} INFO - [2026-06-18T09:27:41.966+0000] {dag.py:4180} INFO - Setting next_dagrun for crypto_pipeline_dag to 2026-06-18 00:00:00+00:00, run_after=2026-06-19 00:00:00+00:00
[2026-06-18T09:27:41.981+0000] {processor.py:208} INFO - Processing /opt/airflow/dags/crypto_pipeline_dag.py took 0.072 seconds
[2026-06-18T09:28:12.227+0000] {processor.py:186} INFO - Started process (PID=1352) to work on /opt/airflow/dags/crypto_pipeline_dag.py
[2026-06-18T09:28:12.228+0000] {processor.py:914} INFO - Processing file /opt/airflow/dags/crypto_pipeline_dag.py for tasks to queue
[2026-06-18T09:28:12.230+0000] {logging_mixin.py:190} INFO - [2026-06-18T09:28:12.230+0000] {dagbag.py:588} INFO - Filling up the DagBag from /opt/airflow/dags/crypto_pipeline_dag.py
[2026-06-18T09:28:12.246+0000] {processor.py:925} INFO - DAG(s) 'crypto_pipeline_dag' retrieved from /opt/airflow/dags/crypto_pipeline_dag.py
[2026-06-18T09:28:12.266+0000] {logging_mixin.py:190} INFO - [2026-06-18T09:28:12.265+0000] {dag.py:3239} INFO - Sync 1 DAGs
[2026-06-18T09:28:12.281+0000] {logging_mixin.py:190} INFO - [2026-06-18T09:28:12.281+0000] {dag.py:4180} INFO - Setting next_dagrun for crypto_pipeline_dag to 2026-06-18 00:00:00+00:00, run_after=2026-06-19 00:00:00+00:00
[2026-06-18T09:28:12.294+0000] {processor.py:208} INFO - Processing /opt/airflow/dags/crypto_pipeline_dag.py took 0.071 seconds
[2026-06-18T09:28:42.470+0000] {processor.py:186} INFO - Started process (PID=1357) to work on /opt/airflow/dags/crypto_pipeline_dag.py
[2026-06-18T09:28:42.472+0000] {processor.py:914} INFO - Processing file /opt/airflow/dags/crypto_pipeline_dag.py for tasks to queue
[2026-06-18T09:28:42.475+0000] {logging_mixin.py:190} INFO - [2026-06-18T09:28:42.475+0000] {dagbag.py:588} INFO - Filling up the DagBag from /opt/airflow/dags/crypto_pipeline_dag.py
[2026-06-18T09:28:42.502+0000] {processor.py:925} INFO - DAG(s) 'crypto_pipeline_dag' retrieved from /opt/airflow/dags/crypto_pipeline_dag.py
[2026-06-18T09:28:42.534+0000] {logging_mixin.py:190} INFO - [2026-06-18T09:28:42.533+0000] {dag.py:3239} INFO - Sync 1 DAGs
[2026-06-18T09:28:42.556+0000] {logging_mixin.py:190} INFO - [2026-06-18T09:28:42.556+0000] {dag.py:4180} INFO - Setting next_dagrun for crypto_pipeline_dag to 2026-06-18 00:00:00+00:00, run_after=2026-06-19 00:00:00+00:00
[2026-06-18T09:28:42.572+0000] {processor.py:208} INFO - Processing /opt/airflow/dags/crypto_pipeline_dag.py took 0.107 seconds
[2026-06-18T09:29:12.716+0000] {processor.py:186} INFO - Started process (PID=1362) to work on /opt/airflow/dags/crypto_pipeline_dag.py
[2026-06-18T09:29:12.717+0000] {processor.py:914} INFO - Processing file /opt/airflow/dags/crypto_pipeline_dag.py for tasks to queue
[2026-06-18T09:29:12.719+0000] {logging_mixin.py:190} INFO - [2026-06-18T09:29:12.718+0000] {dagbag.py:588} INFO - Filling up the DagBag from /opt/airflow/dags/crypto_pipeline_dag.py
[2026-06-18T09:29:12.734+0000] {processor.py:925} INFO - DAG(s) 'crypto_pipeline_dag' retrieved from /opt/airflow/dags/crypto_pipeline_dag.py
[2026-06-18T09:29:12.757+0000] {logging_mixin.py:190} INFO - [2026-06-18T09:29:12.757+0000] {dag.py:3239} INFO - Sync 1 DAGs
[2026-06-18T09:29:12.773+0000] {logging_mixin.py:190} INFO - [2026-06-18T09:29:12.773+0000] {dag.py:4180} INFO - Setting next_dagrun for crypto_pipeline_dag to 2026-06-18 00:00:00+00:00, run_after=2026-06-19 00:00:00+00:00
[2026-06-18T09:29:12.786+0000] {processor.py:208} INFO - Processing /opt/airflow/dags/crypto_pipeline_dag.py took 0.074 seconds
[2026-06-18T09:29:42.975+0000] {processor.py:186} INFO - Started process (PID=1367) to work on /opt/airflow/dags/crypto_pipeline_dag.py
[2026-06-18T09:29:42.975+0000] {processor.py:914} INFO - Processing file /opt/airflow/dags/crypto_pipeline_dag.py for tasks to queue
[2026-06-18T09:29:42.977+0000] {logging_mixin.py:190} INFO - [2026-06-18T09:29:42.977+0000] {dagbag.py:588} INFO - Filling up the DagBag from /opt/airflow/dags/crypto_pipeline_dag.py
[2026-06-18T09:29:42.989+0000] {processor.py:925} INFO - DAG(s) 'crypto_pipeline_dag' retrieved from /opt/airflow/dags/crypto_pipeline_dag.py
[2026-06-18T09:29:43.011+0000] {logging_mixin.py:190} INFO - [2026-06-18T09:29:43.011+0000] {dag.py:3239} INFO - Sync 1 DAGs
[2026-06-18T09:29:43.029+0000] {logging_mixin.py:190} INFO - [2026-06-18T09:29:43.029+0000] {dag.py:4180} INFO - Setting next_dagrun for crypto_pipeline_dag to 2026-06-18 00:00:00+00:00, run_after=2026-06-19 00:00:00+00:00
[2026-06-18T09:29:43.042+0000] {processor.py:208} INFO - Processing /opt/airflow/dags/crypto_pipeline_dag.py took 0.071 seconds
[2026-06-18T09:30:13.554+0000] {processor.py:186} INFO - Started process (PID=1372) to work on /opt/airflow/dags/crypto_pipeline_dag.py
[2026-06-18T09:30:13.555+0000] {processor.py:914} INFO - Processing file /opt/airflow/dags/crypto_pipeline_dag.py for tasks to queue
[2026-06-18T09:30:13.557+0000] {logging_mixin.py:190} INFO - [2026-06-18T09:30:13.556+0000] {dagbag.py:588} INFO - Filling up the DagBag from /opt/airflow/dags/crypto_pipeline_dag.py
[2026-06-18T09:30:14.047+0000] {processor.py:925} INFO - DAG(s) 'crypto_pipeline_dag' retrieved from /opt/airflow/dags/crypto_pipeline_dag.py
[2026-06-18T09:30:14.074+0000] {logging_mixin.py:190} INFO - [2026-06-18T09:30:14.074+0000] {dag.py:3239} INFO - Sync 1 DAGs
[2026-06-18T09:30:14.102+0000] {logging_mixin.py:190} INFO - [2026-06-18T09:30:14.102+0000] {dag.py:4180} INFO - Setting next_dagrun for crypto_pipeline_dag to 2026-06-18 00:00:00+00:00, run_after=2026-06-19 00:00:00+00:00
[2026-06-18T09:30:14.144+0000] {processor.py:208} INFO - Processing /opt/airflow/dags/crypto_pipeline_dag.py took 0.594 seconds
[2026-06-18T09:30:44.622+0000] {processor.py:186} INFO - Started process (PID=1377) to work on /opt/airflow/dags/crypto_pipeline_dag.py
[2026-06-18T09:30:44.625+0000] {processor.py:914} INFO - Processing file /opt/airflow/dags/crypto_pipeline_dag.py for tasks to queue
[2026-06-18T09:30:44.627+0000] {logging_mixin.py:190} INFO - [2026-06-18T09:30:44.627+0000] {dagbag.py:588} INFO - Filling up the DagBag from /opt/airflow/dags/crypto_pipeline_dag.py
[2026-06-18T09:30:44.681+0000] {processor.py:925} INFO - DAG(s) 'crypto_pipeline_dag' retrieved from /opt/airflow/dags/crypto_pipeline_dag.py
[2026-06-18T09:30:44.713+0000] {logging_mixin.py:190} INFO - [2026-06-18T09:30:44.713+0000] {dag.py:3239} INFO - Sync 1 DAGs
[2026-06-18T09:30:44.732+0000] {logging_mixin.py:190} INFO - [2026-06-18T09:30:44.732+0000] {dag.py:4180} INFO - Setting next_dagrun for crypto_pipeline_dag to 2026-06-18 00:00:00+00:00, run_after=2026-06-19 00:00:00+00:00
[2026-06-18T09:30:44.751+0000] {processor.py:208} INFO - Processing /opt/airflow/dags/crypto_pipeline_dag.py took 0.139 seconds
[2026-06-18T09:31:14.855+0000] {processor.py:186} INFO - Started process (PID=1382) to work on /opt/airflow/dags/crypto_pipeline_dag.py
[2026-06-18T09:31:14.856+0000] {processor.py:914} INFO - Processing file /opt/airflow/dags/crypto_pipeline_dag.py for tasks to queue
[2026-06-18T09:31:14.859+0000] {logging_mixin.py:190} INFO - [2026-06-18T09:31:14.858+0000] {dagbag.py:588} INFO - Filling up the DagBag from /opt/airflow/dags/crypto_pipeline_dag.py
[2026-06-18T09:31:14.876+0000] {processor.py:925} INFO - DAG(s) 'crypto_pipeline_dag' retrieved from /opt/airflow/dags/crypto_pipeline_dag.py
[2026-06-18T09:31:14.899+0000] {logging_mixin.py:190} INFO - [2026-06-18T09:31:14.899+0000] {dag.py:3239} INFO - Sync 1 DAGs
[2026-06-18T09:31:14.917+0000] {logging_mixin.py:190} INFO - [2026-06-18T09:31:14.917+0000] {dag.py:4180} INFO - Setting next_dagrun for crypto_pipeline_dag to 2026-06-18 00:00:00+00:00, run_after=2026-06-19 00:00:00+00:00
[2026-06-18T09:31:14.935+0000] {processor.py:208} INFO - Processing /opt/airflow/dags/crypto_pipeline_dag.py took 0.083 seconds
[2026-06-18T09:31:45.088+0000] {processor.py:186} INFO - Started process (PID=1387) to work on /opt/airflow/dags/crypto_pipeline_dag.py
[2026-06-18T09:31:45.089+0000] {processor.py:914} INFO - Processing file /opt/airflow/dags/crypto_pipeline_dag.py for tasks to queue
[2026-06-18T09:31:45.091+0000] {logging_mixin.py:190} INFO - [2026-06-18T09:31:45.091+0000] {dagbag.py:588} INFO - Filling up the DagBag from /opt/airflow/dags/crypto_pipeline_dag.py
[2026-06-18T09:31:45.106+0000] {processor.py:925} INFO - DAG(s) 'crypto_pipeline_dag' retrieved from /opt/airflow/dags/crypto_pipeline_dag.py
[2026-06-18T09:31:45.130+0000] {logging_mixin.py:190} INFO - [2026-06-18T09:31:45.129+0000] {dag.py:3239} INFO - Sync 1 DAGs
[2026-06-18T09:31:45.149+0000] {logging_mixin.py:190} INFO - [2026-06-18T09:31:45.149+0000] {dag.py:4180} INFO - Setting next_dagrun for crypto_pipeline_dag to 2026-06-18 00:00:00+00:00, run_after=2026-06-19 00:00:00+00:00
[2026-06-18T09:31:45.164+0000] {processor.py:208} INFO - Processing /opt/airflow/dags/crypto_pipeline_dag.py took 0.081 seconds
[2026-06-18T09:32:15.329+0000] {processor.py:186} INFO - Started process (PID=1392) to work on /opt/airflow/dags/crypto_pipeline_dag.py
[2026-06-18T09:32:15.330+0000] {processor.py:914} INFO - Processing file /opt/airflow/dags/crypto_pipeline_dag.py for tasks to queue
[2026-06-18T09:32:15.332+0000] {logging_mixin.py:190} INFO - [2026-06-18T09:32:15.332+0000] {dagbag.py:588} INFO - Filling up the DagBag from /opt/airflow/dags/crypto_pipeline_dag.py
[2026-06-18T09:32:15.352+0000] {processor.py:925} INFO - DAG(s) 'crypto_pipeline_dag' retrieved from /opt/airflow/dags/crypto_pipeline_dag.py
[2026-06-18T09:32:15.372+0000] {logging_mixin.py:190} INFO - [2026-06-18T09:32:15.371+0000] {dag.py:3239} INFO - Sync 1 DAGs
[2026-06-18T09:32:15.387+0000] {logging_mixin.py:190} INFO - [2026-06-18T09:32:15.387+0000] {dag.py:4180} INFO - Setting next_dagrun for crypto_pipeline_dag to 2026-06-18 00:00:00+00:00, run_after=2026-06-19 00:00:00+00:00
[2026-06-18T09:32:15.402+0000] {processor.py:208} INFO - Processing /opt/airflow/dags/crypto_pipeline_dag.py took 0.078 seconds
[2026-06-18T09:32:45.566+0000] {processor.py:186} INFO - Started process (PID=1397) to work on /opt/airflow/dags/crypto_pipeline_dag.py
[2026-06-18T09:32:45.567+0000] {processor.py:914} INFO - Processing file /opt/airflow/dags/crypto_pipeline_dag.py for tasks to queue
[2026-06-18T09:32:45.569+0000] {logging_mixin.py:190} INFO - [2026-06-18T09:32:45.569+0000] {dagbag.py:588} INFO - Filling up the DagBag from /opt/airflow/dags/crypto_pipeline_dag.py
[2026-06-18T09:32:45.582+0000] {processor.py:925} INFO - DAG(s) 'crypto_pipeline_dag' retrieved from /opt/airflow/dags/crypto_pipeline_dag.py
[2026-06-18T09:32:45.602+0000] {logging_mixin.py:190} INFO - [2026-06-18T09:32:45.602+0000] {dag.py:3239} INFO - Sync 1 DAGs
[2026-06-18T09:32:45.618+0000] {logging_mixin.py:190} INFO - [2026-06-18T09:32:45.618+0000] {dag.py:4180} INFO - Setting next_dagrun for crypto_pipeline_dag to 2026-06-18 00:00:00+00:00, run_after=2026-06-19 00:00:00+00:00
[2026-06-18T09:32:45.631+0000] {processor.py:208} INFO - Processing /opt/airflow/dags/crypto_pipeline_dag.py took 0.069 seconds
[2026-06-18T09:33:15.791+0000] {processor.py:186} INFO - Started process (PID=1402) to work on /opt/airflow/dags/crypto_pipeline_dag.py
[2026-06-18T09:33:15.792+0000] {processor.py:914} INFO - Processing file /opt/airflow/dags/crypto_pipeline_dag.py for tasks to queue
[2026-06-18T09:33:15.794+0000] {logging_mixin.py:190} INFO - [2026-06-18T09:33:15.794+0000] {dagbag.py:588} INFO - Filling up the DagBag from /opt/airflow/dags/crypto_pipeline_dag.py
[2026-06-18T09:33:15.807+0000] {processor.py:925} INFO - DAG(s) 'crypto_pipeline_dag' retrieved from /opt/airflow/dags/crypto_pipeline_dag.py
[2026-06-18T09:33:15.828+0000] {logging_mixin.py:190} INFO - [2026-06-18T09:33:15.828+0000] {dag.py:3239} INFO - Sync 1 DAGs
[2026-06-18T09:33:15.845+0000] {logging_mixin.py:190} INFO - [2026-06-18T09:33:15.845+0000] {dag.py:4180} INFO - Setting next_dagrun for crypto_pipeline_dag to 2026-06-18 00:00:00+00:00, run_after=2026-06-19 00:00:00+00:00
[2026-06-18T09:33:15.857+0000] {processor.py:208} INFO - Processing /opt/airflow/dags/crypto_pipeline_dag.py took 0.070 seconds
[2026-06-18T09:33:46.082+0000] {processor.py:186} INFO - Started process (PID=1407) to work on /opt/airflow/dags/crypto_pipeline_dag.py
[2026-06-18T09:33:46.083+0000] {processor.py:914} INFO - Processing file /opt/airflow/dags/crypto_pipeline_dag.py for tasks to queue
[2026-06-18T09:33:46.085+0000] {logging_mixin.py:190} INFO - [2026-06-18T09:33:46.085+0000] {dagbag.py:588} INFO - Filling up the DagBag from /opt/airflow/dags/crypto_pipeline_dag.py
[2026-06-18T09:33:46.098+0000] {processor.py:925} INFO - DAG(s) 'crypto_pipeline_dag' retrieved from /opt/airflow/dags/crypto_pipeline_dag.py
[2026-06-18T09:33:46.118+0000] {logging_mixin.py:190} INFO - [2026-06-18T09:33:46.117+0000] {dag.py:3239} INFO - Sync 1 DAGs
[2026-06-18T09:33:46.134+0000] {logging_mixin.py:190} INFO - [2026-06-18T09:33:46.134+0000] {dag.py:4180} INFO - Setting next_dagrun for crypto_pipeline_dag to 2026-06-18 00:00:00+00:00, run_after=2026-06-19 00:00:00+00:00
[2026-06-18T09:33:46.147+0000] {processor.py:208} INFO - Processing /opt/airflow/dags/crypto_pipeline_dag.py took 0.069 seconds
[2026-06-18T09:34:16.356+0000] {processor.py:186} INFO - Started process (PID=1412) to work on /opt/airflow/dags/crypto_pipeline_dag.py
[2026-06-18T09:34:16.357+0000] {processor.py:914} INFO - Processing file /opt/airflow/dags/crypto_pipeline_dag.py for tasks to queue
[2026-06-18T09:34:16.358+0000] {logging_mixin.py:190} INFO - [2026-06-18T09:34:16.358+0000] {dagbag.py:588} INFO - Filling up the DagBag from /opt/airflow/dags/crypto_pipeline_dag.py
[2026-06-18T09:34:16.372+0000] {processor.py:925} INFO - DAG(s) 'crypto_pipeline_dag' retrieved from /opt/airflow/dags/crypto_pipeline_dag.py
[2026-06-18T09:34:16.395+0000] {logging_mixin.py:190} INFO - [2026-06-18T09:34:16.395+0000] {dag.py:3239} INFO - Sync 1 DAGs
[2026-06-18T09:34:16.413+0000] {logging_mixin.py:190} INFO - [2026-06-18T09:34:16.413+0000] {dag.py:4180} INFO - Setting next_dagrun for crypto_pipeline_dag to 2026-06-18 00:00:00+00:00, run_after=2026-06-19 00:00:00+00:00
[2026-06-18T09:34:16.426+0000] {processor.py:208} INFO - Processing /opt/airflow/dags/crypto_pipeline_dag.py took 0.074 seconds
[2026-06-18T09:34:46.687+0000] {processor.py:186} INFO - Started process (PID=1417) to work on /opt/airflow/dags/crypto_pipeline_dag.py
[2026-06-18T09:34:46.688+0000] {processor.py:914} INFO - Processing file /opt/airflow/dags/crypto_pipeline_dag.py for tasks to queue
[2026-06-18T09:34:46.690+0000] {logging_mixin.py:190} INFO - [2026-06-18T09:34:46.689+0000] {dagbag.py:588} INFO - Filling up the DagBag from /opt/airflow/dags/crypto_pipeline_dag.py
[2026-06-18T09:34:46.701+0000] {processor.py:925} INFO - DAG(s) 'crypto_pipeline_dag' retrieved from /opt/airflow/dags/crypto_pipeline_dag.py
[2026-06-18T09:34:46.721+0000] {logging_mixin.py:190} INFO - [2026-06-18T09:34:46.721+0000] {dag.py:3239} INFO - Sync 1 DAGs
[2026-06-18T09:34:46.737+0000] {logging_mixin.py:190} INFO - [2026-06-18T09:34:46.737+0000] {dag.py:4180} INFO - Setting next_dagrun for crypto_pipeline_dag to 2026-06-18 00:00:00+00:00, run_after=2026-06-19 00:00:00+00:00
[2026-06-18T09:34:46.750+0000] {processor.py:208} INFO - Processing /opt/airflow/dags/crypto_pipeline_dag.py took 0.066 seconds
[2026-06-18T09:35:16.959+0000] {processor.py:186} INFO - Started process (PID=1422) to work on /opt/airflow/dags/crypto_pipeline_dag.py
[2026-06-18T09:35:16.960+0000] {processor.py:914} INFO - Processing file /opt/airflow/dags/crypto_pipeline_dag.py for tasks to queue
[2026-06-18T09:35:16.962+0000] {logging_mixin.py:190} INFO - [2026-06-18T09:35:16.962+0000] {dagbag.py:588} INFO - Filling up the DagBag from /opt/airflow/dags/crypto_pipeline_dag.py
[2026-06-18T09:35:16.974+0000] {processor.py:925} INFO - DAG(s) 'crypto_pipeline_dag' retrieved from /opt/airflow/dags/crypto_pipeline_dag.py
[2026-06-18T09:35:16.994+0000] {logging_mixin.py:190} INFO - [2026-06-18T09:35:16.994+0000] {dag.py:3239} INFO - Sync 1 DAGs
[2026-06-18T09:35:17.010+0000] {logging_mixin.py:190} INFO - [2026-06-18T09:35:17.010+0000] {dag.py:4180} INFO - Setting next_dagrun for crypto_pipeline_dag to 2026-06-18 00:00:00+00:00, run_after=2026-06-19 00:00:00+00:00
[2026-06-18T09:35:17.024+0000] {processor.py:208} INFO - Processing /opt/airflow/dags/crypto_pipeline_dag.py took 0.068 seconds
[2026-06-18T09:35:47.263+0000] {processor.py:186} INFO - Started process (PID=1427) to work on /opt/airflow/dags/crypto_pipeline_dag.py
[2026-06-18T09:35:47.264+0000] {processor.py:914} INFO - Processing file /opt/airflow/dags/crypto_pipeline_dag.py for tasks to queue
[2026-06-18T09:35:47.266+0000] {logging_mixin.py:190} INFO - [2026-06-18T09:35:47.265+0000] {dagbag.py:588} INFO - Filling up the DagBag from /opt/airflow/dags/crypto_pipeline_dag.py
[2026-06-18T09:35:47.279+0000] {processor.py:925} INFO - DAG(s) 'crypto_pipeline_dag' retrieved from /opt/airflow/dags/crypto_pipeline_dag.py
[2026-06-18T09:35:47.300+0000] {logging_mixin.py:190} INFO - [2026-06-18T09:35:47.300+0000] {dag.py:3239} INFO - Sync 1 DAGs
[2026-06-18T09:35:47.317+0000] {logging_mixin.py:190} INFO - [2026-06-18T09:35:47.317+0000] {dag.py:4180} INFO - Setting next_dagrun for crypto_pipeline_dag to 2026-06-18 00:00:00+00:00, run_after=2026-06-19 00:00:00+00:00
[2026-06-18T09:35:47.330+0000] {processor.py:208} INFO - Processing /opt/airflow/dags/crypto_pipeline_dag.py took 0.070 seconds
[2026-06-18T09:36:17.586+0000] {processor.py:186} INFO - Started process (PID=1432) to work on /opt/airflow/dags/crypto_pipeline_dag.py
[2026-06-18T09:36:17.587+0000] {processor.py:914} INFO - Processing file /opt/airflow/dags/crypto_pipeline_dag.py for tasks to queue
[2026-06-18T09:36:17.588+0000] {logging_mixin.py:190} INFO - [2026-06-18T09:36:17.588+0000] {dagbag.py:588} INFO - Filling up the DagBag from /opt/airflow/dags/crypto_pipeline_dag.py
[2026-06-18T09:36:17.602+0000] {processor.py:925} INFO - DAG(s) 'crypto_pipeline_dag' retrieved from /opt/airflow/dags/crypto_pipeline_dag.py
[2026-06-18T09:36:17.621+0000] {logging_mixin.py:190} INFO - [2026-06-18T09:36:17.621+0000] {dag.py:3239} INFO - Sync 1 DAGs
[2026-06-18T09:36:17.638+0000] {logging_mixin.py:190} INFO - [2026-06-18T09:36:17.638+0000] {dag.py:4180} INFO - Setting next_dagrun for crypto_pipeline_dag to 2026-06-18 00:00:00+00:00, run_after=2026-06-19 00:00:00+00:00
[2026-06-18T09:36:17.651+0000] {processor.py:208} INFO - Processing /opt/airflow/dags/crypto_pipeline_dag.py took 0.069 seconds
[2026-06-18T09:36:47.887+0000] {processor.py:186} INFO - Started process (PID=1437) to work on /opt/airflow/dags/crypto_pipeline_dag.py
[2026-06-18T09:36:47.889+0000] {processor.py:914} INFO - Processing file /opt/airflow/dags/crypto_pipeline_dag.py for tasks to queue
[2026-06-18T09:36:47.891+0000] {logging_mixin.py:190} INFO - [2026-06-18T09:36:47.891+0000] {dagbag.py:588} INFO - Filling up the DagBag from /opt/airflow/dags/crypto_pipeline_dag.py
[2026-06-18T09:36:47.905+0000] {processor.py:925} INFO - DAG(s) 'crypto_pipeline_dag' retrieved from /opt/airflow/dags/crypto_pipeline_dag.py
[2026-06-18T09:36:47.926+0000] {logging_mixin.py:190} INFO - [2026-06-18T09:36:47.926+0000] {dag.py:3239} INFO - Sync 1 DAGs
[2026-06-18T09:36:47.943+0000] {logging_mixin.py:190} INFO - [2026-06-18T09:36:47.943+0000] {dag.py:4180} INFO - Setting next_dagrun for crypto_pipeline_dag to 2026-06-18 00:00:00+00:00, run_after=2026-06-19 00:00:00+00:00
[2026-06-18T09:36:47.956+0000] {processor.py:208} INFO - Processing /opt/airflow/dags/crypto_pipeline_dag.py took 0.073 seconds
[2026-06-18T09:37:18.111+0000] {processor.py:186} INFO - Started process (PID=1442) to work on /opt/airflow/dags/crypto_pipeline_dag.py
[2026-06-18T09:37:18.113+0000] {processor.py:914} INFO - Processing file /opt/airflow/dags/crypto_pipeline_dag.py for tasks to queue
[2026-06-18T09:37:18.115+0000] {logging_mixin.py:190} INFO - [2026-06-18T09:37:18.114+0000] {dagbag.py:588} INFO - Filling up the DagBag from /opt/airflow/dags/crypto_pipeline_dag.py
[2026-06-18T09:37:18.138+0000] {processor.py:925} INFO - DAG(s) 'crypto_pipeline_dag' retrieved from /opt/airflow/dags/crypto_pipeline_dag.py
[2026-06-18T09:37:18.158+0000] {logging_mixin.py:190} INFO - [2026-06-18T09:37:18.158+0000] {dag.py:3239} INFO - Sync 1 DAGs
[2026-06-18T09:37:18.176+0000] {logging_mixin.py:190} INFO - [2026-06-18T09:37:18.176+0000] {dag.py:4180} INFO - Setting next_dagrun for crypto_pipeline_dag to 2026-06-18 00:00:00+00:00, run_after=2026-06-19 00:00:00+00:00
[2026-06-18T09:37:18.190+0000] {processor.py:208} INFO - Processing /opt/airflow/dags/crypto_pipeline_dag.py took 0.084 seconds
[2026-06-18T09:37:48.353+0000] {processor.py:186} INFO - Started process (PID=1447) to work on /opt/airflow/dags/crypto_pipeline_dag.py
[2026-06-18T09:37:48.354+0000] {processor.py:914} INFO - Processing file /opt/airflow/dags/crypto_pipeline_dag.py for tasks to queue
[2026-06-18T09:37:48.355+0000] {logging_mixin.py:190} INFO - [2026-06-18T09:37:48.355+0000] {dagbag.py:588} INFO - Filling up the DagBag from /opt/airflow/dags/crypto_pipeline_dag.py
[2026-06-18T09:37:48.367+0000] {processor.py:925} INFO - DAG(s) 'crypto_pipeline_dag' retrieved from /opt/airflow/dags/crypto_pipeline_dag.py
[2026-06-18T09:37:48.387+0000] {logging_mixin.py:190} INFO - [2026-06-18T09:37:48.387+0000] {dag.py:3239} INFO - Sync 1 DAGs
[2026-06-18T09:37:48.404+0000] {logging_mixin.py:190} INFO - [2026-06-18T09:37:48.403+0000] {dag.py:4180} INFO - Setting next_dagrun for crypto_pipeline_dag to 2026-06-18 00:00:00+00:00, run_after=2026-06-19 00:00:00+00:00
[2026-06-18T09:37:48.417+0000] {processor.py:208} INFO - Processing /opt/airflow/dags/crypto_pipeline_dag.py took 0.068 seconds
[2026-06-18T09:38:18.674+0000] {processor.py:186} INFO - Started process (PID=1452) to work on /opt/airflow/dags/crypto_pipeline_dag.py
[2026-06-18T09:38:18.675+0000] {processor.py:914} INFO - Processing file /opt/airflow/dags/crypto_pipeline_dag.py for tasks to queue
[2026-06-18T09:38:18.677+0000] {logging_mixin.py:190} INFO - [2026-06-18T09:38:18.677+0000] {dagbag.py:588} INFO - Filling up the DagBag from /opt/airflow/dags/crypto_pipeline_dag.py
[2026-06-18T09:38:18.690+0000] {processor.py:925} INFO - DAG(s) 'crypto_pipeline_dag' retrieved from /opt/airflow/dags/crypto_pipeline_dag.py
[2026-06-18T09:38:18.710+0000] {logging_mixin.py:190} INFO - [2026-06-18T09:38:18.710+0000] {dag.py:3239} INFO - Sync 1 DAGs
[2026-06-18T09:38:18.728+0000] {logging_mixin.py:190} INFO - [2026-06-18T09:38:18.728+0000] {dag.py:4180} INFO - Setting next_dagrun for crypto_pipeline_dag to 2026-06-18 00:00:00+00:00, run_after=2026-06-19 00:00:00+00:00
[2026-06-18T09:38:18.742+0000] {processor.py:208} INFO - Processing /opt/airflow/dags/crypto_pipeline_dag.py took 0.072 seconds
[2026-06-18T09:38:48.872+0000] {processor.py:186} INFO - Started process (PID=1457) to work on /opt/airflow/dags/crypto_pipeline_dag.py
[2026-06-18T09:38:48.873+0000] {processor.py:914} INFO - Processing file /opt/airflow/dags/crypto_pipeline_dag.py for tasks to queue
[2026-06-18T09:38:48.875+0000] {logging_mixin.py:190} INFO - [2026-06-18T09:38:48.874+0000] {dagbag.py:588} INFO - Filling up the DagBag from /opt/airflow/dags/crypto_pipeline_dag.py
[2026-06-18T09:38:48.892+0000] {processor.py:925} INFO - DAG(s) 'crypto_pipeline_dag' retrieved from /opt/airflow/dags/crypto_pipeline_dag.py
[2026-06-18T09:38:48.914+0000] {logging_mixin.py:190} INFO - [2026-06-18T09:38:48.914+0000] {dag.py:3239} INFO - Sync 1 DAGs
[2026-06-18T09:38:48.932+0000] {logging_mixin.py:190} INFO - [2026-06-18T09:38:48.932+0000] {dag.py:4180} INFO - Setting next_dagrun for crypto_pipeline_dag to 2026-06-18 00:00:00+00:00, run_after=2026-06-19 00:00:00+00:00
[2026-06-18T09:38:48.946+0000] {processor.py:208} INFO - Processing /opt/airflow/dags/crypto_pipeline_dag.py took 0.079 seconds
[2026-06-18T09:39:19.115+0000] {processor.py:186} INFO - Started process (PID=1462) to work on /opt/airflow/dags/crypto_pipeline_dag.py
[2026-06-18T09:39:19.116+0000] {processor.py:914} INFO - Processing file /opt/airflow/dags/crypto_pipeline_dag.py for tasks to queue
[2026-06-18T09:39:19.118+0000] {logging_mixin.py:190} INFO - [2026-06-18T09:39:19.118+0000] {dagbag.py:588} INFO - Filling up the DagBag from /opt/airflow/dags/crypto_pipeline_dag.py
[2026-06-18T09:39:19.137+0000] {processor.py:925} INFO - DAG(s) 'crypto_pipeline_dag' retrieved from /opt/airflow/dags/crypto_pipeline_dag.py
[2026-06-18T09:39:19.160+0000] {logging_mixin.py:190} INFO - [2026-06-18T09:39:19.159+0000] {dag.py:3239} INFO - Sync 1 DAGs
[2026-06-18T09:39:19.179+0000] {logging_mixin.py:190} INFO - [2026-06-18T09:39:19.179+0000] {dag.py:4180} INFO - Setting next_dagrun for crypto_pipeline_dag to 2026-06-18 00:00:00+00:00, run_after=2026-06-19 00:00:00+00:00
[2026-06-18T09:39:19.196+0000] {processor.py:208} INFO - Processing /opt/airflow/dags/crypto_pipeline_dag.py took 0.085 seconds
[2026-06-18T09:39:49.379+0000] {processor.py:186} INFO - Started process (PID=1467) to work on /opt/airflow/dags/crypto_pipeline_dag.py
[2026-06-18T09:39:49.380+0000] {processor.py:914} INFO - Processing file /opt/airflow/dags/crypto_pipeline_dag.py for tasks to queue
[2026-06-18T09:39:49.382+0000] {logging_mixin.py:190} INFO - [2026-06-18T09:39:49.381+0000] {dagbag.py:588} INFO - Filling up the DagBag from /opt/airflow/dags/crypto_pipeline_dag.py
[2026-06-18T09:39:49.395+0000] {processor.py:925} INFO - DAG(s) 'crypto_pipeline_dag' retrieved from /opt/airflow/dags/crypto_pipeline_dag.py
[2026-06-18T09:39:49.416+0000] {logging_mixin.py:190} INFO - [2026-06-18T09:39:49.416+0000] {dag.py:3239} INFO - Sync 1 DAGs
[2026-06-18T09:39:49.433+0000] {logging_mixin.py:190} INFO - [2026-06-18T09:39:49.433+0000] {dag.py:4180} INFO - Setting next_dagrun for crypto_pipeline_dag to 2026-06-18 00:00:00+00:00, run_after=2026-06-19 00:00:00+00:00
[2026-06-18T09:39:49.446+0000] {processor.py:208} INFO - Processing /opt/airflow/dags/crypto_pipeline_dag.py took 0.070 seconds
[2026-06-18T09:40:19.718+0000] {processor.py:186} INFO - Started process (PID=1472) to work on /opt/airflow/dags/crypto_pipeline_dag.py
[2026-06-18T09:40:19.719+0000] {processor.py:914} INFO - Processing file /opt/airflow/dags/crypto_pipeline_dag.py for tasks to queue
[2026-06-18T09:40:19.721+0000] {logging_mixin.py:190} INFO - [2026-06-18T09:40:19.721+0000] {dagbag.py:588} INFO - Filling up the DagBag from /opt/airflow/dags/crypto_pipeline_dag.py
[2026-06-18T09:40:19.736+0000] {processor.py:925} INFO - DAG(s) 'crypto_pipeline_dag' retrieved from /opt/airflow/dags/crypto_pipeline_dag.py
[2026-06-18T09:40:19.756+0000] {logging_mixin.py:190} INFO - [2026-06-18T09:40:19.756+0000] {dag.py:3239} INFO - Sync 1 DAGs
[2026-06-18T09:40:19.773+0000] {logging_mixin.py:190} INFO - [2026-06-18T09:40:19.773+0000] {dag.py:4180} INFO - Setting next_dagrun for crypto_pipeline_dag to 2026-06-18 00:00:00+00:00, run_after=2026-06-19 00:00:00+00:00
[2026-06-18T09:40:19.788+0000] {processor.py:208} INFO - Processing /opt/airflow/dags/crypto_pipeline_dag.py took 0.074 seconds
[2026-06-18T09:40:49.995+0000] {processor.py:186} INFO - Started process (PID=1477) to work on /opt/airflow/dags/crypto_pipeline_dag.py
[2026-06-18T09:40:49.996+0000] {processor.py:914} INFO - Processing file /opt/airflow/dags/crypto_pipeline_dag.py for tasks to queue
[2026-06-18T09:40:49.998+0000] {logging_mixin.py:190} INFO - [2026-06-18T09:40:49.998+0000] {dagbag.py:588} INFO - Filling up the DagBag from /opt/airflow/dags/crypto_pipeline_dag.py
[2026-06-18T09:40:50.011+0000] {processor.py:925} INFO - DAG(s) 'crypto_pipeline_dag' retrieved from /opt/airflow/dags/crypto_pipeline_dag.py
[2026-06-18T09:40:50.031+0000] {logging_mixin.py:190} INFO - [2026-06-18T09:40:50.031+0000] {dag.py:3239} INFO - Sync 1 DAGs
[2026-06-18T09:40:50.048+0000] {logging_mixin.py:190} INFO - [2026-06-18T09:40:50.048+0000] {dag.py:4180} INFO - Setting next_dagrun for crypto_pipeline_dag to 2026-06-18 00:00:00+00:00, run_after=2026-06-19 00:00:00+00:00
[2026-06-18T09:40:50.063+0000] {processor.py:208} INFO - Processing /opt/airflow/dags/crypto_pipeline_dag.py took 0.072 seconds
[2026-06-18T09:41:20.218+0000] {processor.py:186} INFO - Started process (PID=1482) to work on /opt/airflow/dags/crypto_pipeline_dag.py
[2026-06-18T09:41:20.219+0000] {processor.py:914} INFO - Processing file /opt/airflow/dags/crypto_pipeline_dag.py for tasks to queue
[2026-06-18T09:41:20.221+0000] {logging_mixin.py:190} INFO - [2026-06-18T09:41:20.221+0000] {dagbag.py:588} INFO - Filling up the DagBag from /opt/airflow/dags/crypto_pipeline_dag.py
[2026-06-18T09:41:20.236+0000] {processor.py:925} INFO - DAG(s) 'crypto_pipeline_dag' retrieved from /opt/airflow/dags/crypto_pipeline_dag.py
[2026-06-18T09:41:20.257+0000] {logging_mixin.py:190} INFO - [2026-06-18T09:41:20.257+0000] {dag.py:3239} INFO - Sync 1 DAGs
[2026-06-18T09:41:20.274+0000] {logging_mixin.py:190} INFO - [2026-06-18T09:41:20.274+0000] {dag.py:4180} INFO - Setting next_dagrun for crypto_pipeline_dag to 2026-06-18 00:00:00+00:00, run_after=2026-06-19 00:00:00+00:00
[2026-06-18T09:41:20.287+0000] {processor.py:208} INFO - Processing /opt/airflow/dags/crypto_pipeline_dag.py took 0.074 seconds
[2026-06-18T09:41:50.532+0000] {processor.py:186} INFO - Started process (PID=1487) to work on /opt/airflow/dags/crypto_pipeline_dag.py
[2026-06-18T09:41:50.532+0000] {processor.py:914} INFO - Processing file /opt/airflow/dags/crypto_pipeline_dag.py for tasks to queue
[2026-06-18T09:41:50.534+0000] {logging_mixin.py:190} INFO - [2026-06-18T09:41:50.533+0000] {dagbag.py:588} INFO - Filling up the DagBag from /opt/airflow/dags/crypto_pipeline_dag.py
[2026-06-18T09:41:50.546+0000] {processor.py:925} INFO - DAG(s) 'crypto_pipeline_dag' retrieved from /opt/airflow/dags/crypto_pipeline_dag.py
[2026-06-18T09:41:50.566+0000] {logging_mixin.py:190} INFO - [2026-06-18T09:41:50.566+0000] {dag.py:3239} INFO - Sync 1 DAGs
[2026-06-18T09:41:50.583+0000] {logging_mixin.py:190} INFO - [2026-06-18T09:41:50.583+0000] {dag.py:4180} INFO - Setting next_dagrun for crypto_pipeline_dag to 2026-06-18 00:00:00+00:00, run_after=2026-06-19 00:00:00+00:00
[2026-06-18T09:41:50.595+0000] {processor.py:208} INFO - Processing /opt/airflow/dags/crypto_pipeline_dag.py took 0.067 seconds
[2026-06-18T09:42:20.759+0000] {processor.py:186} INFO - Started process (PID=1492) to work on /opt/airflow/dags/crypto_pipeline_dag.py
[2026-06-18T09:42:20.760+0000] {processor.py:914} INFO - Processing file /opt/airflow/dags/crypto_pipeline_dag.py for tasks to queue
[2026-06-18T09:42:20.762+0000] {logging_mixin.py:190} INFO - [2026-06-18T09:42:20.761+0000] {dagbag.py:588} INFO - Filling up the DagBag from /opt/airflow/dags/crypto_pipeline_dag.py
[2026-06-18T09:42:20.777+0000] {processor.py:925} INFO - DAG(s) 'crypto_pipeline_dag' retrieved from /opt/airflow/dags/crypto_pipeline_dag.py
[2026-06-18T09:42:20.801+0000] {logging_mixin.py:190} INFO - [2026-06-18T09:42:20.800+0000] {dag.py:3239} INFO - Sync 1 DAGs
[2026-06-18T09:42:20.818+0000] {logging_mixin.py:190} INFO - [2026-06-18T09:42:20.818+0000] {dag.py:4180} INFO - Setting next_dagrun for crypto_pipeline_dag to 2026-06-18 00:00:00+00:00, run_after=2026-06-19 00:00:00+00:00
[2026-06-18T09:42:20.830+0000] {processor.py:208} INFO - Processing /opt/airflow/dags/crypto_pipeline_dag.py took 0.076 seconds
[2026-06-18T09:42:51.033+0000] {processor.py:186} INFO - Started process (PID=1497) to work on /opt/airflow/dags/crypto_pipeline_dag.py
[2026-06-18T09:42:51.033+0000] {processor.py:914} INFO - Processing file /opt/airflow/dags/crypto_pipeline_dag.py for tasks to queue
[2026-06-18T09:42:51.035+0000] {logging_mixin.py:190} INFO - [2026-06-18T09:42:51.035+0000] {dagbag.py:588} INFO - Filling up the DagBag from /opt/airflow/dags/crypto_pipeline_dag.py
[2026-06-18T09:42:51.049+0000] {processor.py:925} INFO - DAG(s) 'crypto_pipeline_dag' retrieved from /opt/airflow/dags/crypto_pipeline_dag.py
[2026-06-18T09:42:51.068+0000] {logging_mixin.py:190} INFO - [2026-06-18T09:42:51.068+0000] {dag.py:3239} INFO - Sync 1 DAGs
[2026-06-18T09:42:51.084+0000] {logging_mixin.py:190} INFO - [2026-06-18T09:42:51.084+0000] {dag.py:4180} INFO - Setting next_dagrun for crypto_pipeline_dag to 2026-06-18 00:00:00+00:00, run_after=2026-06-19 00:00:00+00:00
[2026-06-18T09:42:51.097+0000] {processor.py:208} INFO - Processing /opt/airflow/dags/crypto_pipeline_dag.py took 0.069 seconds
[2026-06-18T09:43:21.315+0000] {processor.py:186} INFO - Started process (PID=1502) to work on /opt/airflow/dags/crypto_pipeline_dag.py
[2026-06-18T09:43:21.316+0000] {processor.py:914} INFO - Processing file /opt/airflow/dags/crypto_pipeline_dag.py for tasks to queue
[2026-06-18T09:43:21.317+0000] {logging_mixin.py:190} INFO - [2026-06-18T09:43:21.317+0000] {dagbag.py:588} INFO - Filling up the DagBag from /opt/airflow/dags/crypto_pipeline_dag.py
[2026-06-18T09:43:21.331+0000] {processor.py:925} INFO - DAG(s) 'crypto_pipeline_dag' retrieved from /opt/airflow/dags/crypto_pipeline_dag.py
[2026-06-18T09:43:21.350+0000] {logging_mixin.py:190} INFO - [2026-06-18T09:43:21.350+0000] {dag.py:3239} INFO - Sync 1 DAGs
[2026-06-18T09:43:21.366+0000] {logging_mixin.py:190} INFO - [2026-06-18T09:43:21.366+0000] {dag.py:4180} INFO - Setting next_dagrun for crypto_pipeline_dag to 2026-06-18 00:00:00+00:00, run_after=2026-06-19 00:00:00+00:00
[2026-06-18T09:43:21.381+0000] {processor.py:208} INFO - Processing /opt/airflow/dags/crypto_pipeline_dag.py took 0.070 seconds
[2026-06-18T09:43:51.613+0000] {processor.py:186} INFO - Started process (PID=1507) to work on /opt/airflow/dags/crypto_pipeline_dag.py
[2026-06-18T09:43:51.614+0000] {processor.py:914} INFO - Processing file /opt/airflow/dags/crypto_pipeline_dag.py for tasks to queue
[2026-06-18T09:43:51.616+0000] {logging_mixin.py:190} INFO - [2026-06-18T09:43:51.615+0000] {dagbag.py:588} INFO - Filling up the DagBag from /opt/airflow/dags/crypto_pipeline_dag.py
[2026-06-18T09:43:51.629+0000] {processor.py:925} INFO - DAG(s) 'crypto_pipeline_dag' retrieved from /opt/airflow/dags/crypto_pipeline_dag.py
[2026-06-18T09:43:51.648+0000] {logging_mixin.py:190} INFO - [2026-06-18T09:43:51.648+0000] {dag.py:3239} INFO - Sync 1 DAGs
[2026-06-18T09:43:51.664+0000] {logging_mixin.py:190} INFO - [2026-06-18T09:43:51.664+0000] {dag.py:4180} INFO - Setting next_dagrun for crypto_pipeline_dag to 2026-06-18 00:00:00+00:00, run_after=2026-06-19 00:00:00+00:00
[2026-06-18T09:43:51.677+0000] {processor.py:208} INFO - Processing /opt/airflow/dags/crypto_pipeline_dag.py took 0.069 seconds
[2026-06-18T09:44:21.885+0000] {processor.py:186} INFO - Started process (PID=1512) to work on /opt/airflow/dags/crypto_pipeline_dag.py
[2026-06-18T09:44:21.886+0000] {processor.py:914} INFO - Processing file /opt/airflow/dags/crypto_pipeline_dag.py for tasks to queue
[2026-06-18T09:44:21.889+0000] {logging_mixin.py:190} INFO - [2026-06-18T09:44:21.889+0000] {dagbag.py:588} INFO - Filling up the DagBag from /opt/airflow/dags/crypto_pipeline_dag.py
[2026-06-18T09:44:21.905+0000] {processor.py:925} INFO - DAG(s) 'crypto_pipeline_dag' retrieved from /opt/airflow/dags/crypto_pipeline_dag.py
[2026-06-18T09:44:21.926+0000] {logging_mixin.py:190} INFO - [2026-06-18T09:44:21.926+0000] {dag.py:3239} INFO - Sync 1 DAGs
[2026-06-18T09:44:21.943+0000] {logging_mixin.py:190} INFO - [2026-06-18T09:44:21.943+0000] {dag.py:4180} INFO - Setting next_dagrun for crypto_pipeline_dag to 2026-06-18 00:00:00+00:00, run_after=2026-06-19 00:00:00+00:00
[2026-06-18T09:44:21.956+0000] {processor.py:208} INFO - Processing /opt/airflow/dags/crypto_pipeline_dag.py took 0.074 seconds
[2026-06-18T09:44:52.188+0000] {processor.py:186} INFO - Started process (PID=1517) to work on /opt/airflow/dags/crypto_pipeline_dag.py
[2026-06-18T09:44:52.189+0000] {processor.py:914} INFO - Processing file /opt/airflow/dags/crypto_pipeline_dag.py for tasks to queue
[2026-06-18T09:44:52.191+0000] {logging_mixin.py:190} INFO - [2026-06-18T09:44:52.190+0000] {dagbag.py:588} INFO - Filling up the DagBag from /opt/airflow/dags/crypto_pipeline_dag.py
[2026-06-18T09:44:52.203+0000] {processor.py:925} INFO - DAG(s) 'crypto_pipeline_dag' retrieved from /opt/airflow/dags/crypto_pipeline_dag.py
[2026-06-18T09:44:52.223+0000] {logging_mixin.py:190} INFO - [2026-06-18T09:44:52.222+0000] {dag.py:3239} INFO - Sync 1 DAGs
[2026-06-18T09:44:52.239+0000] {logging_mixin.py:190} INFO - [2026-06-18T09:44:52.239+0000] {dag.py:4180} INFO - Setting next_dagrun for crypto_pipeline_dag to 2026-06-18 00:00:00+00:00, run_after=2026-06-19 00:00:00+00:00
[2026-06-18T09:44:52.252+0000] {processor.py:208} INFO - Processing /opt/airflow/dags/crypto_pipeline_dag.py took 0.068 seconds
[2026-06-18T09:45:22.468+0000] {processor.py:186} INFO - Started process (PID=1522) to work on /opt/airflow/dags/crypto_pipeline_dag.py
[2026-06-18T09:45:22.469+0000] {processor.py:914} INFO - Processing file /opt/airflow/dags/crypto_pipeline_dag.py for tasks to queue
[2026-06-18T09:45:22.473+0000] {logging_mixin.py:190} INFO - [2026-06-18T09:45:22.473+0000] {dagbag.py:588} INFO - Filling up the DagBag from /opt/airflow/dags/crypto_pipeline_dag.py
[2026-06-18T09:45:22.496+0000] {processor.py:925} INFO - DAG(s) 'crypto_pipeline_dag' retrieved from /opt/airflow/dags/crypto_pipeline_dag.py
[2026-06-18T09:45:22.520+0000] {logging_mixin.py:190} INFO - [2026-06-18T09:45:22.520+0000] {dag.py:3239} INFO - Sync 1 DAGs
[2026-06-18T09:45:22.540+0000] {logging_mixin.py:190} INFO - [2026-06-18T09:45:22.540+0000] {dag.py:4180} INFO - Setting next_dagrun for crypto_pipeline_dag to 2026-06-18 00:00:00+00:00, run_after=2026-06-19 00:00:00+00:00
[2026-06-18T09:45:22.572+0000] {processor.py:208} INFO - Processing /opt/airflow/dags/crypto_pipeline_dag.py took 0.109 seconds
[2026-06-18T09:45:52.727+0000] {processor.py:186} INFO - Started process (PID=1527) to work on /opt/airflow/dags/crypto_pipeline_dag.py
[2026-06-18T09:45:52.728+0000] {processor.py:914} INFO - Processing file /opt/airflow/dags/crypto_pipeline_dag.py for tasks to queue
[2026-06-18T09:45:52.731+0000] {logging_mixin.py:190} INFO - [2026-06-18T09:45:52.730+0000] {dagbag.py:588} INFO - Filling up the DagBag from /opt/airflow/dags/crypto_pipeline_dag.py
[2026-06-18T09:45:52.746+0000] {processor.py:925} INFO - DAG(s) 'crypto_pipeline_dag' retrieved from /opt/airflow/dags/crypto_pipeline_dag.py
[2026-06-18T09:45:52.770+0000] {logging_mixin.py:190} INFO - [2026-06-18T09:45:52.770+0000] {dag.py:3239} INFO - Sync 1 DAGs
[2026-06-18T09:45:52.789+0000] {logging_mixin.py:190} INFO - [2026-06-18T09:45:52.789+0000] {dag.py:4180} INFO - Setting next_dagrun for crypto_pipeline_dag to 2026-06-18 00:00:00+00:00, run_after=2026-06-19 00:00:00+00:00
[2026-06-18T09:45:52.803+0000] {processor.py:208} INFO - Processing /opt/airflow/dags/crypto_pipeline_dag.py took 0.081 seconds
[2026-06-18T09:46:23.129+0000] {processor.py:186} INFO - Started process (PID=1532) to work on /opt/airflow/dags/crypto_pipeline_dag.py
[2026-06-18T09:46:23.132+0000] {processor.py:914} INFO - Processing file /opt/airflow/dags/crypto_pipeline_dag.py for tasks to queue
[2026-06-18T09:46:23.134+0000] {logging_mixin.py:190} INFO - [2026-06-18T09:46:23.133+0000] {dagbag.py:588} INFO - Filling up the DagBag from /opt/airflow/dags/crypto_pipeline_dag.py
[2026-06-18T09:46:23.147+0000] {processor.py:925} INFO - DAG(s) 'crypto_pipeline_dag' retrieved from /opt/airflow/dags/crypto_pipeline_dag.py
[2026-06-18T09:46:23.169+0000] {logging_mixin.py:190} INFO - [2026-06-18T09:46:23.168+0000] {dag.py:3239} INFO - Sync 1 DAGs
[2026-06-18T09:46:23.186+0000] {logging_mixin.py:190} INFO - [2026-06-18T09:46:23.186+0000] {dag.py:4180} INFO - Setting next_dagrun for crypto_pipeline_dag to 2026-06-18 00:00:00+00:00, run_after=2026-06-19 00:00:00+00:00
[2026-06-18T09:46:23.201+0000] {processor.py:208} INFO - Processing /opt/airflow/dags/crypto_pipeline_dag.py took 0.076 seconds
[2026-06-18T09:46:53.470+0000] {processor.py:186} INFO - Started process (PID=1537) to work on /opt/airflow/dags/crypto_pipeline_dag.py
[2026-06-18T09:46:53.471+0000] {processor.py:914} INFO - Processing file /opt/airflow/dags/crypto_pipeline_dag.py for tasks to queue
[2026-06-18T09:46:53.473+0000] {logging_mixin.py:190} INFO - [2026-06-18T09:46:53.473+0000] {dagbag.py:588} INFO - Filling up the DagBag from /opt/airflow/dags/crypto_pipeline_dag.py
[2026-06-18T09:46:53.492+0000] {processor.py:925} INFO - DAG(s) 'crypto_pipeline_dag' retrieved from /opt/airflow/dags/crypto_pipeline_dag.py
[2026-06-18T09:46:53.515+0000] {logging_mixin.py:190} INFO - [2026-06-18T09:46:53.514+0000] {dag.py:3239} INFO - Sync 1 DAGs
[2026-06-18T09:46:53.532+0000] {logging_mixin.py:190} INFO - [2026-06-18T09:46:53.532+0000] {dag.py:4180} INFO - Setting next_dagrun for crypto_pipeline_dag to 2026-06-18 00:00:00+00:00, run_after=2026-06-19 00:00:00+00:00
[2026-06-18T09:46:53.545+0000] {processor.py:208} INFO - Processing /opt/airflow/dags/crypto_pipeline_dag.py took 0.080 seconds
[2026-06-18T09:47:23.738+0000] {processor.py:186} INFO - Started process (PID=1542) to work on /opt/airflow/dags/crypto_pipeline_dag.py
[2026-06-18T09:47:23.739+0000] {processor.py:914} INFO - Processing file /opt/airflow/dags/crypto_pipeline_dag.py for tasks to queue
[2026-06-18T09:47:23.742+0000] {logging_mixin.py:190} INFO - [2026-06-18T09:47:23.741+0000] {dagbag.py:588} INFO - Filling up the DagBag from /opt/airflow/dags/crypto_pipeline_dag.py
[2026-06-18T09:47:23.779+0000] {processor.py:925} INFO - DAG(s) 'crypto_pipeline_dag' retrieved from /opt/airflow/dags/crypto_pipeline_dag.py
[2026-06-18T09:47:23.801+0000] {logging_mixin.py:190} INFO - [2026-06-18T09:47:23.801+0000] {dag.py:3239} INFO - Sync 1 DAGs
[2026-06-18T09:47:23.817+0000] {logging_mixin.py:190} INFO - [2026-06-18T09:47:23.817+0000] {dag.py:4180} INFO - Setting next_dagrun for crypto_pipeline_dag to 2026-06-18 00:00:00+00:00, run_after=2026-06-19 00:00:00+00:00
[2026-06-18T09:47:23.831+0000] {processor.py:208} INFO - Processing /opt/airflow/dags/crypto_pipeline_dag.py took 0.097 seconds
[2026-06-18T09:47:54.081+0000] {processor.py:186} INFO - Started process (PID=1547) to work on /opt/airflow/dags/crypto_pipeline_dag.py
[2026-06-18T09:47:54.082+0000] {processor.py:914} INFO - Processing file /opt/airflow/dags/crypto_pipeline_dag.py for tasks to queue
[2026-06-18T09:47:54.083+0000] {logging_mixin.py:190} INFO - [2026-06-18T09:47:54.083+0000] {dagbag.py:588} INFO - Filling up the DagBag from /opt/airflow/dags/crypto_pipeline_dag.py
[2026-06-18T09:47:54.097+0000] {processor.py:925} INFO - DAG(s) 'crypto_pipeline_dag' retrieved from /opt/airflow/dags/crypto_pipeline_dag.py
[2026-06-18T09:47:54.117+0000] {logging_mixin.py:190} INFO - [2026-06-18T09:47:54.117+0000] {dag.py:3239} INFO - Sync 1 DAGs
[2026-06-18T09:47:54.134+0000] {logging_mixin.py:190} INFO - [2026-06-18T09:47:54.134+0000] {dag.py:4180} INFO - Setting next_dagrun for crypto_pipeline_dag to 2026-06-18 00:00:00+00:00, run_after=2026-06-19 00:00:00+00:00
[2026-06-18T09:47:54.147+0000] {processor.py:208} INFO - Processing /opt/airflow/dags/crypto_pipeline_dag.py took 0.071 seconds
[2026-06-18T09:48:24.311+0000] {processor.py:186} INFO - Started process (PID=1552) to work on /opt/airflow/dags/crypto_pipeline_dag.py
[2026-06-18T09:48:24.312+0000] {processor.py:914} INFO - Processing file /opt/airflow/dags/crypto_pipeline_dag.py for tasks to queue
[2026-06-18T09:48:24.314+0000] {logging_mixin.py:190} INFO - [2026-06-18T09:48:24.314+0000] {dagbag.py:588} INFO - Filling up the DagBag from /opt/airflow/dags/crypto_pipeline_dag.py
[2026-06-18T09:48:24.326+0000] {processor.py:925} INFO - DAG(s) 'crypto_pipeline_dag' retrieved from /opt/airflow/dags/crypto_pipeline_dag.py
[2026-06-18T09:48:24.347+0000] {logging_mixin.py:190} INFO - [2026-06-18T09:48:24.347+0000] {dag.py:3239} INFO - Sync 1 DAGs
[2026-06-18T09:48:24.364+0000] {logging_mixin.py:190} INFO - [2026-06-18T09:48:24.364+0000] {dag.py:4180} INFO - Setting next_dagrun for crypto_pipeline_dag to 2026-06-18 00:00:00+00:00, run_after=2026-06-19 00:00:00+00:00
[2026-06-18T09:48:24.377+0000] {processor.py:208} INFO - Processing /opt/airflow/dags/crypto_pipeline_dag.py took 0.070 seconds
[2026-06-18T09:48:54.641+0000] {processor.py:186} INFO - Started process (PID=1557) to work on /opt/airflow/dags/crypto_pipeline_dag.py
[2026-06-18T09:48:54.642+0000] {processor.py:914} INFO - Processing file /opt/airflow/dags/crypto_pipeline_dag.py for tasks to queue
[2026-06-18T09:48:54.644+0000] {logging_mixin.py:190} INFO - [2026-06-18T09:48:54.644+0000] {dagbag.py:588} INFO - Filling up the DagBag from /opt/airflow/dags/crypto_pipeline_dag.py
[2026-06-18T09:48:54.657+0000] {processor.py:925} INFO - DAG(s) 'crypto_pipeline_dag' retrieved from /opt/airflow/dags/crypto_pipeline_dag.py
[2026-06-18T09:48:54.677+0000] {logging_mixin.py:190} INFO - [2026-06-18T09:48:54.676+0000] {dag.py:3239} INFO - Sync 1 DAGs
[2026-06-18T09:48:54.694+0000] {logging_mixin.py:190} INFO - [2026-06-18T09:48:54.694+0000] {dag.py:4180} INFO - Setting next_dagrun for crypto_pipeline_dag to 2026-06-18 00:00:00+00:00, run_after=2026-06-19 00:00:00+00:00
[2026-06-18T09:48:54.707+0000] {processor.py:208} INFO - Processing /opt/airflow/dags/crypto_pipeline_dag.py took 0.070 seconds
[2026-06-18T09:49:24.937+0000] {processor.py:186} INFO - Started process (PID=1562) to work on /opt/airflow/dags/crypto_pipeline_dag.py
[2026-06-18T09:49:24.937+0000] {processor.py:914} INFO - Processing file /opt/airflow/dags/crypto_pipeline_dag.py for tasks to queue
[2026-06-18T09:49:24.939+0000] {logging_mixin.py:190} INFO - [2026-06-18T09:49:24.939+0000] {dagbag.py:588} INFO - Filling up the DagBag from /opt/airflow/dags/crypto_pipeline_dag.py
[2026-06-18T09:49:24.952+0000] {processor.py:925} INFO - DAG(s) 'crypto_pipeline_dag' retrieved from /opt/airflow/dags/crypto_pipeline_dag.py
[2026-06-18T09:49:24.972+0000] {logging_mixin.py:190} INFO - [2026-06-18T09:49:24.972+0000] {dag.py:3239} INFO - Sync 1 DAGs
[2026-06-18T09:49:24.988+0000] {logging_mixin.py:190} INFO - [2026-06-18T09:49:24.988+0000] {dag.py:4180} INFO - Setting next_dagrun for crypto_pipeline_dag to 2026-06-18 00:00:00+00:00, run_after=2026-06-19 00:00:00+00:00
[2026-06-18T09:49:25.003+0000] {processor.py:208} INFO - Processing /opt/airflow/dags/crypto_pipeline_dag.py took 0.070 seconds
[2026-06-18T09:49:55.214+0000] {processor.py:186} INFO - Started process (PID=1567) to work on /opt/airflow/dags/crypto_pipeline_dag.py
[2026-06-18T09:49:55.215+0000] {processor.py:914} INFO - Processing file /opt/airflow/dags/crypto_pipeline_dag.py for tasks to queue
[2026-06-18T09:49:55.217+0000] {logging_mixin.py:190} INFO - [2026-06-18T09:49:55.217+0000] {dagbag.py:588} INFO - Filling up the DagBag from /opt/airflow/dags/crypto_pipeline_dag.py
[2026-06-18T09:49:55.231+0000] {processor.py:925} INFO - DAG(s) 'crypto_pipeline_dag' retrieved from /opt/airflow/dags/crypto_pipeline_dag.py
[2026-06-18T09:49:55.253+0000] {logging_mixin.py:190} INFO - [2026-06-18T09:49:55.253+0000] {dag.py:3239} INFO - Sync 1 DAGs
[2026-06-18T09:49:55.272+0000] {logging_mixin.py:190} INFO - [2026-06-18T09:49:55.272+0000] {dag.py:4180} INFO - Setting next_dagrun for crypto_pipeline_dag to 2026-06-18 00:00:00+00:00, run_after=2026-06-19 00:00:00+00:00
[2026-06-18T09:49:55.285+0000] {processor.py:208} INFO - Processing /opt/airflow/dags/crypto_pipeline_dag.py took 0.076 seconds
[2026-06-18T09:50:25.507+0000] {processor.py:186} INFO - Started process (PID=1572) to work on /opt/airflow/dags/crypto_pipeline_dag.py
[2026-06-18T09:50:25.508+0000] {processor.py:914} INFO - Processing file /opt/airflow/dags/crypto_pipeline_dag.py for tasks to queue
[2026-06-18T09:50:25.510+0000] {logging_mixin.py:190} INFO - [2026-06-18T09:50:25.510+0000] {dagbag.py:588} INFO - Filling up the DagBag from /opt/airflow/dags/crypto_pipeline_dag.py
[2026-06-18T09:50:25.524+0000] {processor.py:925} INFO - DAG(s) 'crypto_pipeline_dag' retrieved from /opt/airflow/dags/crypto_pipeline_dag.py
[2026-06-18T09:50:25.553+0000] {logging_mixin.py:190} INFO - [2026-06-18T09:50:25.553+0000] {dag.py:3239} INFO - Sync 1 DAGs
[2026-06-18T09:50:25.572+0000] {logging_mixin.py:190} INFO - [2026-06-18T09:50:25.572+0000] {dag.py:4180} INFO - Setting next_dagrun for crypto_pipeline_dag to 2026-06-18 00:00:00+00:00, run_after=2026-06-19 00:00:00+00:00
[2026-06-18T09:50:25.586+0000] {processor.py:208} INFO - Processing /opt/airflow/dags/crypto_pipeline_dag.py took 0.084 seconds
[2026-06-18T09:50:55.792+0000] {processor.py:186} INFO - Started process (PID=1577) to work on /opt/airflow/dags/crypto_pipeline_dag.py
[2026-06-18T09:50:55.793+0000] {processor.py:914} INFO - Processing file /opt/airflow/dags/crypto_pipeline_dag.py for tasks to queue
[2026-06-18T09:50:55.795+0000] {logging_mixin.py:190} INFO - [2026-06-18T09:50:55.794+0000] {dagbag.py:588} INFO - Filling up the DagBag from /opt/airflow/dags/crypto_pipeline_dag.py
[2026-06-18T09:50:55.812+0000] {processor.py:925} INFO - DAG(s) 'crypto_pipeline_dag' retrieved from /opt/airflow/dags/crypto_pipeline_dag.py
[2026-06-18T09:50:55.832+0000] {logging_mixin.py:190} INFO - [2026-06-18T09:50:55.832+0000] {dag.py:3239} INFO - Sync 1 DAGs
[2026-06-18T09:50:55.851+0000] {logging_mixin.py:190} INFO - [2026-06-18T09:50:55.851+0000] {dag.py:4180} INFO - Setting next_dagrun for crypto_pipeline_dag to 2026-06-18 00:00:00+00:00, run_after=2026-06-19 00:00:00+00:00
[2026-06-18T09:50:55.865+0000] {processor.py:208} INFO - Processing /opt/airflow/dags/crypto_pipeline_dag.py took 0.077 seconds
[2026-06-18T09:51:26.166+0000] {processor.py:186} INFO - Started process (PID=1582) to work on /opt/airflow/dags/crypto_pipeline_dag.py
[2026-06-18T09:51:26.167+0000] {processor.py:914} INFO - Processing file /opt/airflow/dags/crypto_pipeline_dag.py for tasks to queue
[2026-06-18T09:51:26.168+0000] {logging_mixin.py:190} INFO - [2026-06-18T09:51:26.168+0000] {dagbag.py:588} INFO - Filling up the DagBag from /opt/airflow/dags/crypto_pipeline_dag.py
[2026-06-18T09:51:26.187+0000] {processor.py:925} INFO - DAG(s) 'crypto_pipeline_dag' retrieved from /opt/airflow/dags/crypto_pipeline_dag.py
[2026-06-18T09:51:26.207+0000] {logging_mixin.py:190} INFO - [2026-06-18T09:51:26.207+0000] {dag.py:3239} INFO - Sync 1 DAGs
[2026-06-18T09:51:26.224+0000] {logging_mixin.py:190} INFO - [2026-06-18T09:51:26.224+0000] {dag.py:4180} INFO - Setting next_dagrun for crypto_pipeline_dag to 2026-06-18 00:00:00+00:00, run_after=2026-06-19 00:00:00+00:00
[2026-06-18T09:51:26.239+0000] {processor.py:208} INFO - Processing /opt/airflow/dags/crypto_pipeline_dag.py took 0.077 seconds
[2026-06-18T09:51:56.443+0000] {processor.py:186} INFO - Started process (PID=1587) to work on /opt/airflow/dags/crypto_pipeline_dag.py
[2026-06-18T09:51:56.444+0000] {processor.py:914} INFO - Processing file /opt/airflow/dags/crypto_pipeline_dag.py for tasks to queue
[2026-06-18T09:51:56.446+0000] {logging_mixin.py:190} INFO - [2026-06-18T09:51:56.445+0000] {dagbag.py:588} INFO - Filling up the DagBag from /opt/airflow/dags/crypto_pipeline_dag.py
[2026-06-18T09:51:56.459+0000] {processor.py:925} INFO - DAG(s) 'crypto_pipeline_dag' retrieved from /opt/airflow/dags/crypto_pipeline_dag.py
[2026-06-18T09:51:56.479+0000] {logging_mixin.py:190} INFO - [2026-06-18T09:51:56.478+0000] {dag.py:3239} INFO - Sync 1 DAGs
[2026-06-18T09:51:56.494+0000] {logging_mixin.py:190} INFO - [2026-06-18T09:51:56.494+0000] {dag.py:4180} INFO - Setting next_dagrun for crypto_pipeline_dag to 2026-06-18 00:00:00+00:00, run_after=2026-06-19 00:00:00+00:00
[2026-06-18T09:51:56.507+0000] {processor.py:208} INFO - Processing /opt/airflow/dags/crypto_pipeline_dag.py took 0.068 seconds
[2026-06-18T09:52:26.801+0000] {processor.py:186} INFO - Started process (PID=1592) to work on /opt/airflow/dags/crypto_pipeline_dag.py
[2026-06-18T09:52:26.802+0000] {processor.py:914} INFO - Processing file /opt/airflow/dags/crypto_pipeline_dag.py for tasks to queue
[2026-06-18T09:52:26.805+0000] {logging_mixin.py:190} INFO - [2026-06-18T09:52:26.804+0000] {dagbag.py:588} INFO - Filling up the DagBag from /opt/airflow/dags/crypto_pipeline_dag.py
[2026-06-18T09:52:26.823+0000] {processor.py:925} INFO - DAG(s) 'crypto_pipeline_dag' retrieved from /opt/airflow/dags/crypto_pipeline_dag.py
[2026-06-18T09:52:26.848+0000] {logging_mixin.py:190} INFO - [2026-06-18T09:52:26.848+0000] {dag.py:3239} INFO - Sync 1 DAGs
[2026-06-18T09:52:26.868+0000] {logging_mixin.py:190} INFO - [2026-06-18T09:52:26.868+0000] {dag.py:4180} INFO - Setting next_dagrun for crypto_pipeline_dag to 2026-06-18 00:00:00+00:00, run_after=2026-06-19 00:00:00+00:00
[2026-06-18T09:52:26.887+0000] {processor.py:208} INFO - Processing /opt/airflow/dags/crypto_pipeline_dag.py took 0.091 seconds
[2026-06-18T09:52:57.118+0000] {processor.py:186} INFO - Started process (PID=1597) to work on /opt/airflow/dags/crypto_pipeline_dag.py
[2026-06-18T09:52:57.119+0000] {processor.py:914} INFO - Processing file /opt/airflow/dags/crypto_pipeline_dag.py for tasks to queue
[2026-06-18T09:52:57.121+0000] {logging_mixin.py:190} INFO - [2026-06-18T09:52:57.121+0000] {dagbag.py:588} INFO - Filling up the DagBag from /opt/airflow/dags/crypto_pipeline_dag.py
[2026-06-18T09:52:57.133+0000] {processor.py:925} INFO - DAG(s) 'crypto_pipeline_dag' retrieved from /opt/airflow/dags/crypto_pipeline_dag.py
[2026-06-18T09:52:57.153+0000] {logging_mixin.py:190} INFO - [2026-06-18T09:52:57.152+0000] {dag.py:3239} INFO - Sync 1 DAGs
[2026-06-18T09:52:57.169+0000] {logging_mixin.py:190} INFO - [2026-06-18T09:52:57.169+0000] {dag.py:4180} INFO - Setting next_dagrun for crypto_pipeline_dag to 2026-06-18 00:00:00+00:00, run_after=2026-06-19 00:00:00+00:00
[2026-06-18T09:52:57.180+0000] {processor.py:208} INFO - Processing /opt/airflow/dags/crypto_pipeline_dag.py took 0.066 seconds
[2026-06-18T09:53:27.433+0000] {processor.py:186} INFO - Started process (PID=1602) to work on /opt/airflow/dags/crypto_pipeline_dag.py
[2026-06-18T09:53:27.434+0000] {processor.py:914} INFO - Processing file /opt/airflow/dags/crypto_pipeline_dag.py for tasks to queue
[2026-06-18T09:53:27.436+0000] {logging_mixin.py:190} INFO - [2026-06-18T09:53:27.436+0000] {dagbag.py:588} INFO - Filling up the DagBag from /opt/airflow/dags/crypto_pipeline_dag.py
[2026-06-18T09:53:27.449+0000] {processor.py:925} INFO - DAG(s) 'crypto_pipeline_dag' retrieved from /opt/airflow/dags/crypto_pipeline_dag.py
[2026-06-18T09:53:27.469+0000] {logging_mixin.py:190} INFO - [2026-06-18T09:53:27.469+0000] {dag.py:3239} INFO - Sync 1 DAGs
[2026-06-18T09:53:27.486+0000] {logging_mixin.py:190} INFO - [2026-06-18T09:53:27.486+0000] {dag.py:4180} INFO - Setting next_dagrun for crypto_pipeline_dag to 2026-06-18 00:00:00+00:00, run_after=2026-06-19 00:00:00+00:00
[2026-06-18T09:53:27.499+0000] {processor.py:208} INFO - Processing /opt/airflow/dags/crypto_pipeline_dag.py took 0.070 seconds
[2026-06-18T09:53:57.679+0000] {processor.py:186} INFO - Started process (PID=1607) to work on /opt/airflow/dags/crypto_pipeline_dag.py
[2026-06-18T09:53:57.680+0000] {processor.py:914} INFO - Processing file /opt/airflow/dags/crypto_pipeline_dag.py for tasks to queue
[2026-06-18T09:53:57.682+0000] {logging_mixin.py:190} INFO - [2026-06-18T09:53:57.681+0000] {dagbag.py:588} INFO - Filling up the DagBag from /opt/airflow/dags/crypto_pipeline_dag.py
[2026-06-18T09:53:57.695+0000] {processor.py:925} INFO - DAG(s) 'crypto_pipeline_dag' retrieved from /opt/airflow/dags/crypto_pipeline_dag.py
[2026-06-18T09:53:57.714+0000] {logging_mixin.py:190} INFO - [2026-06-18T09:53:57.714+0000] {dag.py:3239} INFO - Sync 1 DAGs
[2026-06-18T09:53:57.730+0000] {logging_mixin.py:190} INFO - [2026-06-18T09:53:57.730+0000] {dag.py:4180} INFO - Setting next_dagrun for crypto_pipeline_dag to 2026-06-18 00:00:00+00:00, run_after=2026-06-19 00:00:00+00:00
[2026-06-18T09:53:57.744+0000] {processor.py:208} INFO - Processing /opt/airflow/dags/crypto_pipeline_dag.py took 0.069 seconds
[2026-06-18T09:54:27.973+0000] {processor.py:186} INFO - Started process (PID=1612) to work on /opt/airflow/dags/crypto_pipeline_dag.py
[2026-06-18T09:54:27.974+0000] {processor.py:914} INFO - Processing file /opt/airflow/dags/crypto_pipeline_dag.py for tasks to queue
[2026-06-18T09:54:27.976+0000] {logging_mixin.py:190} INFO - [2026-06-18T09:54:27.976+0000] {dagbag.py:588} INFO - Filling up the DagBag from /opt/airflow/dags/crypto_pipeline_dag.py
[2026-06-18T09:54:27.994+0000] {processor.py:925} INFO - DAG(s) 'crypto_pipeline_dag' retrieved from /opt/airflow/dags/crypto_pipeline_dag.py
[2026-06-18T09:54:28.022+0000] {logging_mixin.py:190} INFO - [2026-06-18T09:54:28.022+0000] {dag.py:3239} INFO - Sync 1 DAGs
[2026-06-18T09:54:28.015+0000] {logging_mixin.py:190} INFO - [2026-06-18T09:54:28.015+0000] {dag.py:4180} INFO - Setting next_dagrun for crypto_pipeline_dag to 2026-06-18 00:00:00+00:00, run_after=2026-06-19 00:00:00+00:00
[2026-06-18T09:54:28.028+0000] {processor.py:208} INFO - Processing /opt/airflow/dags/crypto_pipeline_dag.py took 0.088 seconds
[2026-06-18T09:54:58.212+0000] {processor.py:186} INFO - Started process (PID=1617) to work on /opt/airflow/dags/crypto_pipeline_dag.py
[2026-06-18T09:54:58.213+0000] {processor.py:914} INFO - Processing file /opt/airflow/dags/crypto_pipeline_dag.py for tasks to queue
[2026-06-18T09:54:58.216+0000] {logging_mixin.py:190} INFO - [2026-06-18T09:54:58.215+0000] {dagbag.py:588} INFO - Filling up the DagBag from /opt/airflow/dags/crypto_pipeline_dag.py
[2026-06-18T09:54:58.229+0000] {processor.py:925} INFO - DAG(s) 'crypto_pipeline_dag' retrieved from /opt/airflow/dags/crypto_pipeline_dag.py
[2026-06-18T09:54:58.250+0000] {logging_mixin.py:190} INFO - [2026-06-18T09:54:58.250+0000] {dag.py:3239} INFO - Sync 1 DAGs
[2026-06-18T09:54:58.270+0000] {logging_mixin.py:190} INFO - [2026-06-18T09:54:58.270+0000] {dag.py:4180} INFO - Setting next_dagrun for crypto_pipeline_dag to 2026-06-18 00:00:00+00:00, run_after=2026-06-19 00:00:00+00:00
[2026-06-18T09:54:58.286+0000] {processor.py:208} INFO - Processing /opt/airflow/dags/crypto_pipeline_dag.py took 0.077 seconds
[2026-06-18T09:55:28.476+0000] {processor.py:186} INFO - Started process (PID=1622) to work on /opt/airflow/dags/crypto_pipeline_dag.py
[2026-06-18T09:55:28.477+0000] {processor.py:914} INFO - Processing file /opt/airflow/dags/crypto_pipeline_dag.py for tasks to queue
[2026-06-18T09:55:28.479+0000] {logging_mixin.py:190} INFO - [2026-06-18T09:55:28.478+0000] {dagbag.py:588} INFO - Filling up the DagBag from /opt/airflow/dags/crypto_pipeline_dag.py
[2026-06-18T09:55:28.492+0000] {processor.py:925} INFO - DAG(s) 'crypto_pipeline_dag' retrieved from /opt/airflow/dags/crypto_pipeline_dag.py
[2026-06-18T09:55:28.512+0000] {logging_mixin.py:190} INFO - [2026-06-18T09:55:28.512+0000] {dag.py:3239} INFO - Sync 1 DAGs
[2026-06-18T09:55:28.528+0000] {logging_mixin.py:190} INFO - [2026-06-18T09:55:28.528+0000] {dag.py:4180} INFO - Setting next_dagrun for crypto_pipeline_dag to 2026-06-18 00:00:00+00:00, run_after=2026-06-19 00:00:00+00:00
[2026-06-18T09:55:28.543+0000] {processor.py:208} INFO - Processing /opt/airflow/dags/crypto_pipeline_dag.py took 0.070 seconds
[2026-06-18T09:55:58.749+0000] {processor.py:186} INFO - Started process (PID=1627) to work on /opt/airflow/dags/crypto_pipeline_dag.py
[2026-06-18T09:55:58.750+0000] {processor.py:914} INFO - Processing file /opt/airflow/dags/crypto_pipeline_dag.py for tasks to queue
[2026-06-18T09:55:58.752+0000] {logging_mixin.py:190} INFO - [2026-06-18T09:55:58.752+0000] {dagbag.py:588} INFO - Filling up the DagBag from /opt/airflow/dags/crypto_pipeline_dag.py
[2026-06-18T09:55:58.767+0000] {processor.py:925} INFO - DAG(s) 'crypto_pipeline_dag' retrieved from /opt/airflow/dags/crypto_pipeline_dag.py
[2026-06-18T09:55:58.790+0000] {logging_mixin.py:190} INFO - [2026-06-18T09:55:58.790+0000] {dag.py:3239} INFO - Sync 1 DAGs
[2026-06-18T09:55:58.809+0000] {logging_mixin.py:190} INFO - [2026-06-18T09:55:58.809+0000] {dag.py:4180} INFO - Setting next_dagrun for crypto_pipeline_dag to 2026-06-18 00:00:00+00:00, run_after=2026-06-19 00:00:00+00:00
[2026-06-18T09:55:58.822+0000] {processor.py:208} INFO - Processing /opt/airflow/dags/crypto_pipeline_dag.py took 0.079 seconds
[2026-06-18T09:56:29.029+0000] {processor.py:186} INFO - Started process (PID=1632) to work on /opt/airflow/dags/crypto_pipeline_dag.py
[2026-06-18T09:56:29.030+0000] {processor.py:914} INFO - Processing file /opt/airflow/dags/crypto_pipeline_dag.py for tasks to queue
[2026-06-18T09:56:29.032+0000] {logging_mixin.py:190} INFO - [2026-06-18T09:56:29.031+0000] {dagbag.py:588} INFO - Filling up the DagBag from /opt/airflow/dags/crypto_pipeline_dag.py
[2026-06-18T09:56:29.044+0000] {processor.py:925} INFO - DAG(s) 'crypto_pipeline_dag' retrieved from /opt/airflow/dags/crypto_pipeline_dag.py
[2026-06-18T09:56:29.064+0000] {logging_mixin.py:190} INFO - [2026-06-18T09:56:29.064+0000] {dag.py:3239} INFO - Sync 1 DAGs
[2026-06-18T09:56:29.080+0000] {logging_mixin.py:190} INFO - [2026-06-18T09:56:29.080+0000] {dag.py:4180} INFO - Setting next_dagrun for crypto_pipeline_dag to 2026-06-18 00:00:00+00:00, run_after=2026-06-19 00:00:00+00:00
[2026-06-18T09:56:29.094+0000] {processor.py:208} INFO - Processing /opt/airflow/dags/crypto_pipeline_dag.py took 0.068 seconds
[2026-06-18T09:56:59.310+0000] {processor.py:186} INFO - Started process (PID=1637) to work on /opt/airflow/dags/crypto_pipeline_dag.py
[2026-06-18T09:56:59.311+0000] {processor.py:914} INFO - Processing file /opt/airflow/dags/crypto_pipeline_dag.py for tasks to queue
[2026-06-18T09:56:59.313+0000] {logging_mixin.py:190} INFO - [2026-06-18T09:56:59.313+0000] {dagbag.py:588} INFO - Filling up the DagBag from /opt/airflow/dags/crypto_pipeline_dag.py
[2026-06-18T09:56:59.328+0000] {processor.py:925} INFO - DAG(s) 'crypto_pipeline_dag' retrieved from /opt/airflow/dags/crypto_pipeline_dag.py
[2026-06-18T09:56:59.349+0000] {logging_mixin.py:190} INFO - [2026-06-18T09:56:59.348+0000] {dag.py:3239} INFO - Sync 1 DAGs
[2026-06-18T09:56:59.367+0000] {logging_mixin.py:190} INFO - [2026-06-18T09:56:59.366+0000] {dag.py:4180} INFO - Setting next_dagrun for crypto_pipeline_dag to 2026-06-18 00:00:00+00:00, run_after=2026-06-19 00:00:00+00:00
[2026-06-18T09:56:59.379+0000] {processor.py:208} INFO - Processing /opt/airflow/dags/crypto_pipeline_dag.py took 0.074 seconds
[2026-06-18T09:57:29.574+0000] {processor.py:186} INFO - Started process (PID=1642) to work on /opt/airflow/dags/crypto_pipeline_dag.py
[2026-06-18T09:57:29.575+0000] {processor.py:914} INFO - Processing file /opt/airflow/dags/crypto_pipeline_dag.py for tasks to queue
[2026-06-18T09:57:29.577+0000] {logging_mixin.py:190} INFO - [2026-06-18T09:57:29.577+0000] {dagbag.py:588} INFO - Filling up the DagBag from /opt/airflow/dags/crypto_pipeline_dag.py
[2026-06-18T09:57:29.593+0000] {processor.py:925} INFO - DAG(s) 'crypto_pipeline_dag' retrieved from /opt/airflow/dags/crypto_pipeline_dag.py
[2026-06-18T09:57:29.613+0000] {logging_mixin.py:190} INFO - [2026-06-18T09:57:29.613+0000] {dag.py:3239} INFO - Sync 1 DAGs
[2026-06-18T09:57:29.631+0000] {logging_mixin.py:190} INFO - [2026-06-18T09:57:29.631+0000] {dag.py:4180} INFO - Setting next_dagrun for crypto_pipeline_dag to 2026-06-18 00:00:00+00:00, run_after=2026-06-19 00:00:00+00:00
[2026-06-18T09:57:29.645+0000] {processor.py:208} INFO - Processing /opt/airflow/dags/crypto_pipeline_dag.py took 0.075 seconds
[2026-06-18T09:57:59.876+0000] {processor.py:186} INFO - Started process (PID=1647) to work on /opt/airflow/dags/crypto_pipeline_dag.py
[2026-06-18T09:57:59.877+0000] {processor.py:914} INFO - Processing file /opt/airflow/dags/crypto_pipeline_dag.py for tasks to queue
[2026-06-18T09:57:59.878+0000] {logging_mixin.py:190} INFO - [2026-06-18T09:57:59.878+0000] {dagbag.py:588} INFO - Filling up the DagBag from /opt/airflow/dags/crypto_pipeline_dag.py
[2026-06-18T09:57:59.891+0000] {processor.py:925} INFO - DAG(s) 'crypto_pipeline_dag' retrieved from /opt/airflow/dags/crypto_pipeline_dag.py
[2026-06-18T09:57:59.911+0000] {logging_mixin.py:190} INFO - [2026-06-18T09:57:59.911+0000] {dag.py:3239} INFO - Sync 1 DAGs
[2026-06-18T09:57:59.928+0000] {logging_mixin.py:190} INFO - [2026-06-18T09:57:59.928+0000] {dag.py:4180} INFO - Setting next_dagrun for crypto_pipeline_dag to 2026-06-18 00:00:00+00:00, run_after=2026-06-19 00:00:00+00:00
[2026-06-18T09:57:59.942+0000] {processor.py:208} INFO - Processing /opt/airflow/dags/crypto_pipeline_dag.py took 0.070 seconds
[2026-06-18T09:58:30.088+0000] {processor.py:186} INFO - Started process (PID=1652) to work on /opt/airflow/dags/crypto_pipeline_dag.py
[2026-06-18T09:58:30.089+0000] {processor.py:914} INFO - Processing file /opt/airflow/dags/crypto_pipeline_dag.py for tasks to queue
[2026-06-18T09:58:30.091+0000] {logging_mixin.py:190} INFO - [2026-06-18T09:58:30.091+0000] {dagbag.py:588} INFO - Filling up the DagBag from /opt/airflow/dags/crypto_pipeline_dag.py
[2026-06-18T09:58:30.103+0000] {processor.py:925} INFO - DAG(s) 'crypto_pipeline_dag' retrieved from /opt/airflow/dags/crypto_pipeline_dag.py
[2026-06-18T09:58:30.125+0000] {logging_mixin.py:190} INFO - [2026-06-18T09:58:30.125+0000] {dag.py:3239} INFO - Sync 1 DAGs
[2026-06-18T09:58:30.142+0000] {logging_mixin.py:190} INFO - [2026-06-18T09:58:30.141+0000] {dag.py:4180} INFO - Setting next_dagrun for crypto_pipeline_dag to 2026-06-18 00:00:00+00:00, run_after=2026-06-19 00:00:00+00:00
[2026-06-18T09:58:30.154+0000] {processor.py:208} INFO - Processing /opt/airflow/dags/crypto_pipeline_dag.py took 0.070 seconds
[2026-06-18T09:59:00.423+0000] {processor.py:186} INFO - Started process (PID=1657) to work on /opt/airflow/dags/crypto_pipeline_dag.py
[2026-06-18T09:59:00.424+0000] {processor.py:914} INFO - Processing file /opt/airflow/dags/crypto_pipeline_dag.py for tasks to queue
[2026-06-18T09:59:00.425+0000] {logging_mixin.py:190} INFO - [2026-06-18T09:59:00.425+0000] {dagbag.py:588} INFO - Filling up the DagBag from /opt/airflow/dags/crypto_pipeline_dag.py
[2026-06-18T09:59:00.439+0000] {processor.py:925} INFO - DAG(s) 'crypto_pipeline_dag' retrieved from /opt/airflow/dags/crypto_pipeline_dag.py
[2026-06-18T09:59:00.462+0000] {logging_mixin.py:190} INFO - [2026-06-18T09:59:00.462+0000] {dag.py:3239} INFO - Sync 1 DAGs
[2026-06-18T09:59:00.479+0000] {logging_mixin.py:190} INFO - [2026-06-18T09:59:00.479+0000] {dag.py:4180} INFO - Setting next_dagrun for crypto_pipeline_dag to 2026-06-18 00:00:00+00:00, run_after=2026-06-19 00:00:00+00:00
[2026-06-18T09:59:00.493+0000] {processor.py:208} INFO - Processing /opt/airflow/dags/crypto_pipeline_dag.py took 0.074 seconds
[2026-06-18T09:59:30.692+0000] {processor.py:186} INFO - Started process (PID=1662) to work on /opt/airflow/dags/crypto_pipeline_dag.py
[2026-06-18T09:59:30.693+0000] {processor.py:914} INFO - Processing file /opt/airflow/dags/crypto_pipeline_dag.py for tasks to queue
[2026-06-18T09:59:30.695+0000] {logging_mixin.py:190} INFO - [2026-06-18T09:59:30.695+0000] {dagbag.py:588} INFO - Filling up the DagBag from /opt/airflow/dags/crypto_pipeline_dag.py
[2026-06-18T09:59:30.709+0000] {processor.py:925} INFO - DAG(s) 'crypto_pipeline_dag' retrieved from /opt/airflow/dags/crypto_pipeline_dag.py
[2026-06-18T09:59:30.728+0000] {logging_mixin.py:190} INFO - [2026-06-18T09:59:30.728+0000] {dag.py:3239} INFO - Sync 1 DAGs
[2026-06-18T09:59:30.744+0000] {logging_mixin.py:190} INFO - [2026-06-18T09:59:30.744+0000] {dag.py:4180} INFO - Setting next_dagrun for crypto_pipeline_dag to 2026-06-18 00:00:00+00:00, run_after=2026-06-19 00:00:00+00:00
[2026-06-18T09:59:30.759+0000] {processor.py:208} INFO - Processing /opt/airflow/dags/crypto_pipeline_dag.py took 0.071 seconds
[2026-06-18T10:00:01.011+0000] {processor.py:186} INFO - Started process (PID=1667) to work on /opt/airflow/dags/crypto_pipeline_dag.py
[2026-06-18T10:00:01.012+0000] {processor.py:914} INFO - Processing file /opt/airflow/dags/crypto_pipeline_dag.py for tasks to queue
[2026-06-18T10:00:01.014+0000] {logging_mixin.py:190} INFO - [2026-06-18T10:00:01.014+0000] {dagbag.py:588} INFO - Filling up the DagBag from /opt/airflow/dags/crypto_pipeline_dag.py
[2026-06-18T10:00:01.030+0000] {processor.py:925} INFO - DAG(s) 'crypto_pipeline_dag' retrieved from /opt/airflow/dags/crypto_pipeline_dag.py
[2026-06-18T10:00:01.050+0000] {logging_mixin.py:190} INFO - [2026-06-18T10:00:01.050+0000] {dag.py:3239} INFO - Sync 1 DAGs
[2026-06-18T10:00:01.067+0000] {logging_mixin.py:190} INFO - [2026-06-18T10:00:01.067+0000] {dag.py:4180} INFO - Setting next_dagrun for crypto_pipeline_dag to 2026-06-18 00:00:00+00:00, run_after=2026-06-19 00:00:00+00:00
[2026-06-18T10:00:01.080+0000] {processor.py:208} INFO - Processing /opt/airflow/dags/crypto_pipeline_dag.py took 0.074 seconds
[2026-06-18T10:00:31.287+0000] {processor.py:186} INFO - Started process (PID=1672) to work on /opt/airflow/dags/crypto_pipeline_dag.py
[2026-06-18T10:00:31.288+0000] {processor.py:914} INFO - Processing file /opt/airflow/dags/crypto_pipeline_dag.py for tasks to queue
[2026-06-18T10:00:31.289+0000] {logging_mixin.py:190} INFO - [2026-06-18T10:00:31.289+0000] {dagbag.py:588} INFO - Filling up the DagBag from /opt/airflow/dags/crypto_pipeline_dag.py
[2026-06-18T10:00:31.302+0000] {processor.py:925} INFO - DAG(s) 'crypto_pipeline_dag' retrieved from /opt/airflow/dags/crypto_pipeline_dag.py
[2026-06-18T10:00:31.323+0000] {logging_mixin.py:190} INFO - [2026-06-18T10:00:31.322+0000] {dag.py:3239} INFO - Sync 1 DAGs
[2026-06-18T10:00:31.339+0000] {logging_mixin.py:190} INFO - [2026-06-18T10:00:31.339+0000] {dag.py:4180} INFO - Setting next_dagrun for crypto_pipeline_dag to 2026-06-18 00:00:00+00:00, run_after=2026-06-19 00:00:00+00:00
[2026-06-18T10:00:31.354+0000] {processor.py:208} INFO - Processing /opt/airflow/dags/crypto_pipeline_dag.py took 0.072 seconds
[2026-06-18T10:01:01.558+0000] {processor.py:186} INFO - Started process (PID=1677) to work on /opt/airflow/dags/crypto_pipeline_dag.py
[2026-06-18T10:01:01.559+0000] {processor.py:914} INFO - Processing file /opt/airflow/dags/crypto_pipeline_dag.py for tasks to queue
[2026-06-18T10:01:01.561+0000] {logging_mixin.py:190} INFO - [2026-06-18T10:01:01.561+0000] {dagbag.py:588} INFO - Filling up the DagBag from /opt/airflow/dags/crypto_pipeline_dag.py
[2026-06-18T10:01:01.574+0000] {processor.py:925} INFO - DAG(s) 'crypto_pipeline_dag' retrieved from /opt/airflow/dags/crypto_pipeline_dag.py
[2026-06-18T10:01:01.594+0000] {logging_mixin.py:190} INFO - [2026-06-18T10:01:01.594+0000] {dag.py:3239} INFO - Sync 1 DAGs
[2026-06-18T10:01:01.611+0000] {logging_mixin.py:190} INFO - [2026-06-18T10:01:01.610+0000] {dag.py:4180} INFO - Setting next_dagrun for crypto_pipeline_dag to 2026-06-18 00:00:00+00:00, run_after=2026-06-19 00:00:00+00:00
[2026-06-18T10:01:01.626+0000] {processor.py:208} INFO - Processing /opt/airflow/dags/crypto_pipeline_dag.py took 0.072 seconds
[2026-06-18T10:01:31.819+0000] {processor.py:186} INFO - Started process (PID=1682) to work on /opt/airflow/dags/crypto_pipeline_dag.py
[2026-06-18T10:01:31.820+0000] {processor.py:914} INFO - Processing file /opt/airflow/dags/crypto_pipeline_dag.py for tasks to queue
[2026-06-18T10:01:31.822+0000] {logging_mixin.py:190} INFO - [2026-06-18T10:01:31.821+0000] {dagbag.py:588} INFO - Filling up the DagBag from /opt/airflow/dags/crypto_pipeline_dag.py
[2026-06-18T10:01:31.835+0000] {processor.py:925} INFO - DAG(s) 'crypto_pipeline_dag' retrieved from /opt/airflow/dags/crypto_pipeline_dag.py
[2026-06-18T10:01:31.855+0000] {logging_mixin.py:190} INFO - [2026-06-18T10:01:31.855+0000] {dag.py:3239} INFO - Sync 1 DAGs
[2026-06-18T10:01:31.872+0000] {logging_mixin.py:190} INFO - [2026-06-18T10:01:31.872+0000] {dag.py:4180} INFO - Setting next_dagrun for crypto_pipeline_dag to 2026-06-18 00:00:00+00:00, run_after=2026-06-19 00:00:00+00:00
[2026-06-18T10:01:31.886+0000] {processor.py:208} INFO - Processing /opt/airflow/dags/crypto_pipeline_dag.py took 0.071 seconds
[2026-06-18T10:02:02.110+0000] {processor.py:186} INFO - Started process (PID=1687) to work on /opt/airflow/dags/crypto_pipeline_dag.py
[2026-06-18T10:02:02.111+0000] {processor.py:914} INFO - Processing file /opt/airflow/dags/crypto_pipeline_dag.py for tasks to queue
[2026-06-18T10:02:02.113+0000] {logging_mixin.py:190} INFO - [2026-06-18T10:02:02.113+0000] {dagbag.py:588} INFO - Filling up the DagBag from /opt/airflow/dags/crypto_pipeline_dag.py
[2026-06-18T10:02:02.126+0000] {processor.py:925} INFO - DAG(s) 'crypto_pipeline_dag' retrieved from /opt/airflow/dags/crypto_pipeline_dag.py
[2026-06-18T10:02:02.148+0000] {logging_mixin.py:190} INFO - [2026-06-18T10:02:02.147+0000] {dag.py:3239} INFO - Sync 1 DAGs
[2026-06-18T10:02:02.167+0000] {logging_mixin.py:190} INFO - [2026-06-18T10:02:02.166+0000] {dag.py:4180} INFO - Setting next_dagrun for crypto_pipeline_dag to 2026-06-18 00:00:00+00:00, run_after=2026-06-19 00:00:00+00:00
[2026-06-18T10:02:02.181+0000] {processor.py:208} INFO - Processing /opt/airflow/dags/crypto_pipeline_dag.py took 0.076 seconds
[2026-06-18T10:02:32.311+0000] {processor.py:186} INFO - Started process (PID=1692) to work on /opt/airflow/dags/crypto_pipeline_dag.py
[2026-06-18T10:02:32.312+0000] {processor.py:914} INFO - Processing file /opt/airflow/dags/crypto_pipeline_dag.py for tasks to queue
[2026-06-18T10:02:32.314+0000] {logging_mixin.py:190} INFO - [2026-06-18T10:02:32.314+0000] {dagbag.py:588} INFO - Filling up the DagBag from /opt/airflow/dags/crypto_pipeline_dag.py
[2026-06-18T10:02:32.331+0000] {processor.py:925} INFO - DAG(s) 'crypto_pipeline_dag' retrieved from /opt/airflow/dags/crypto_pipeline_dag.py
[2026-06-18T10:02:32.355+0000] {logging_mixin.py:190} INFO - [2026-06-18T10:02:32.355+0000] {dag.py:3239} INFO - Sync 1 DAGs
[2026-06-18T10:02:32.375+0000] {logging_mixin.py:190} INFO - [2026-06-18T10:02:32.375+0000] {dag.py:4180} INFO - Setting next_dagrun for crypto_pipeline_dag to 2026-06-18 00:00:00+00:00, run_after=2026-06-19 00:00:00+00:00
[2026-06-18T10:02:32.390+0000] {processor.py:208} INFO - Processing /opt/airflow/dags/crypto_pipeline_dag.py took 0.085 seconds
[2026-06-18T10:03:02.635+0000] {processor.py:186} INFO - Started process (PID=1697) to work on /opt/airflow/dags/crypto_pipeline_dag.py
[2026-06-18T10:03:02.636+0000] {processor.py:914} INFO - Processing file /opt/airflow/dags/crypto_pipeline_dag.py for tasks to queue
[2026-06-18T10:03:02.637+0000] {logging_mixin.py:190} INFO - [2026-06-18T10:03:02.637+0000] {dagbag.py:588} INFO - Filling up the DagBag from /opt/airflow/dags/crypto_pipeline_dag.py
[2026-06-18T10:03:02.649+0000] {processor.py:925} INFO - DAG(s) 'crypto_pipeline_dag' retrieved from /opt/airflow/dags/crypto_pipeline_dag.py
[2026-06-18T10:03:02.668+0000] {logging_mixin.py:190} INFO - [2026-06-18T10:03:02.668+0000] {dag.py:3239} INFO - Sync 1 DAGs
[2026-06-18T10:03:02.684+0000] {logging_mixin.py:190} INFO - [2026-06-18T10:03:02.684+0000] {dag.py:4180} INFO - Setting next_dagrun for crypto_pipeline_dag to 2026-06-18 00:00:00+00:00, run_after=2026-06-19 00:00:00+00:00
[2026-06-18T10:03:02.697+0000] {processor.py:208} INFO - Processing /opt/airflow/dags/crypto_pipeline_dag.py took 0.065 seconds
[2026-06-18T10:03:32.911+0000] {processor.py:186} INFO - Started process (PID=1702) to work on /opt/airflow/dags/crypto_pipeline_dag.py
[2026-06-18T10:03:32.911+0000] {processor.py:914} INFO - Processing file /opt/airflow/dags/crypto_pipeline_dag.py for tasks to queue
[2026-06-18T10:03:32.913+0000] {logging_mixin.py:190} INFO - [2026-06-18T10:03:32.913+0000] {dagbag.py:588} INFO - Filling up the DagBag from /opt/airflow/dags/crypto_pipeline_dag.py
[2026-06-18T10:03:32.928+0000] {processor.py:925} INFO - DAG(s) 'crypto_pipeline_dag' retrieved from /opt/airflow/dags/crypto_pipeline_dag.py
[2026-06-18T10:03:32.948+0000] {logging_mixin.py:190} INFO - [2026-06-18T10:03:32.947+0000] {dag.py:3239} INFO - Sync 1 DAGs
[2026-06-18T10:03:32.964+0000] {logging_mixin.py:190} INFO - [2026-06-18T10:03:32.964+0000] {dag.py:4180} INFO - Setting next_dagrun for crypto_pipeline_dag to 2026-06-18 00:00:00+00:00, run_after=2026-06-19 00:00:00+00:00
[2026-06-18T10:03:32.977+0000] {processor.py:208} INFO - Processing /opt/airflow/dags/crypto_pipeline_dag.py took 0.071 seconds
[2026-06-18T10:04:03.228+0000] {processor.py:186} INFO - Started process (PID=1707) to work on /opt/airflow/dags/crypto_pipeline_dag.py
[2026-06-18T10:04:03.229+0000] {processor.py:914} INFO - Processing file /opt/airflow/dags/crypto_pipeline_dag.py for tasks to queue
[2026-06-18T10:04:03.231+0000] {logging_mixin.py:190} INFO - [2026-06-18T10:04:03.231+0000] {dagbag.py:588} INFO - Filling up the DagBag from /opt/airflow/dags/crypto_pipeline_dag.py
[2026-06-18T10:04:03.257+0000] {processor.py:925} INFO - DAG(s) 'crypto_pipeline_dag' retrieved from /opt/airflow/dags/crypto_pipeline_dag.py
[2026-06-18T10:04:03.280+0000] {logging_mixin.py:190} INFO - [2026-06-18T10:04:03.280+0000] {dag.py:3239} INFO - Sync 1 DAGs
[2026-06-18T10:04:03.299+0000] {logging_mixin.py:190} INFO - [2026-06-18T10:04:03.299+0000] {dag.py:4180} INFO - Setting next_dagrun for crypto_pipeline_dag to 2026-06-18 00:00:00+00:00, run_after=2026-06-19 00:00:00+00:00
[2026-06-18T10:04:03.314+0000] {processor.py:208} INFO - Processing /opt/airflow/dags/crypto_pipeline_dag.py took 0.091 seconds
[2026-06-18T10:04:33.486+0000] {processor.py:186} INFO - Started process (PID=1712) to work on /opt/airflow/dags/crypto_pipeline_dag.py
[2026-06-18T10:04:33.487+0000] {processor.py:914} INFO - Processing file /opt/airflow/dags/crypto_pipeline_dag.py for tasks to queue
[2026-06-18T10:04:33.489+0000] {logging_mixin.py:190} INFO - [2026-06-18T10:04:33.488+0000] {dagbag.py:588} INFO - Filling up the DagBag from /opt/airflow/dags/crypto_pipeline_dag.py
[2026-06-18T10:04:33.503+0000] {processor.py:925} INFO - DAG(s) 'crypto_pipeline_dag' retrieved from /opt/airflow/dags/crypto_pipeline_dag.py
[2026-06-18T10:04:33.524+0000] {logging_mixin.py:190} INFO - [2026-06-18T10:04:33.524+0000] {dag.py:3239} INFO - Sync 1 DAGs
[2026-06-18T10:04:33.541+0000] {logging_mixin.py:190} INFO - [2026-06-18T10:04:33.540+0000] {dag.py:4180} INFO - Setting next_dagrun for crypto_pipeline_dag to 2026-06-18 00:00:00+00:00, run_after=2026-06-19 00:00:00+00:00
[2026-06-18T10:04:33.553+0000] {processor.py:208} INFO - Processing /opt/airflow/dags/crypto_pipeline_dag.py took 0.072 seconds
[2026-06-18T10:05:03.847+0000] {processor.py:186} INFO - Started process (PID=1717) to work on /opt/airflow/dags/crypto_pipeline_dag.py
[2026-06-18T10:05:03.848+0000] {processor.py:914} INFO - Processing file /opt/airflow/dags/crypto_pipeline_dag.py for tasks to queue
[2026-06-18T10:05:03.850+0000] {logging_mixin.py:190} INFO - [2026-06-18T10:05:03.850+0000] {dagbag.py:588} INFO - Filling up the DagBag from /opt/airflow/dags/crypto_pipeline_dag.py
[2026-06-18T10:05:03.864+0000] {processor.py:925} INFO - DAG(s) 'crypto_pipeline_dag' retrieved from /opt/airflow/dags/crypto_pipeline_dag.py
[2026-06-18T10:05:03.887+0000] {logging_mixin.py:190} INFO - [2026-06-18T10:05:03.887+0000] {dag.py:3239} INFO - Sync 1 DAGs
[2026-06-18T10:05:03.906+0000] {logging_mixin.py:190} INFO - [2026-06-18T10:05:03.906+0000] {dag.py:4180} INFO - Setting next_dagrun for crypto_pipeline_dag to 2026-06-18 00:00:00+00:00, run_after=2026-06-19 00:00:00+00:00
[2026-06-18T10:05:03.921+0000] {processor.py:208} INFO - Processing /opt/airflow/dags/crypto_pipeline_dag.py took 0.078 seconds
[2026-06-18T10:05:34.107+0000] {processor.py:186} INFO - Started process (PID=1722) to work on /opt/airflow/dags/crypto_pipeline_dag.py
[2026-06-18T10:05:34.108+0000] {processor.py:914} INFO - Processing file /opt/airflow/dags/crypto_pipeline_dag.py for tasks to queue
[2026-06-18T10:05:34.110+0000] {logging_mixin.py:190} INFO - [2026-06-18T10:05:34.110+0000] {dagbag.py:588} INFO - Filling up the DagBag from /opt/airflow/dags/crypto_pipeline_dag.py
[2026-06-18T10:05:34.141+0000] {processor.py:925} INFO - DAG(s) 'crypto_pipeline_dag' retrieved from /opt/airflow/dags/crypto_pipeline_dag.py
[2026-06-18T10:05:34.171+0000] {logging_mixin.py:190} INFO - [2026-06-18T10:05:34.171+0000] {dag.py:3239} INFO - Sync 1 DAGs
[2026-06-18T10:05:34.193+0000] {logging_mixin.py:190} INFO - [2026-06-18T10:05:34.193+0000] {dag.py:4180} INFO - Setting next_dagrun for crypto_pipeline_dag to 2026-06-18 00:00:00+00:00, run_after=2026-06-19 00:00:00+00:00
[2026-06-18T10:05:34.213+0000] {processor.py:208} INFO - Processing /opt/airflow/dags/crypto_pipeline_dag.py took 0.111 seconds
[2026-06-18T10:06:04.394+0000] {processor.py:186} INFO - Started process (PID=1727) to work on /opt/airflow/dags/crypto_pipeline_dag.py
[2026-06-18T10:06:04.395+0000] {processor.py:914} INFO - Processing file /opt/airflow/dags/crypto_pipeline_dag.py for tasks to queue
[2026-06-18T10:06:04.396+0000] {logging_mixin.py:190} INFO - [2026-06-18T10:06:04.396+0000] {dagbag.py:588} INFO - Filling up the DagBag from /opt/airflow/dags/crypto_pipeline_dag.py
[2026-06-18T10:06:04.410+0000] {processor.py:925} INFO - DAG(s) 'crypto_pipeline_dag' retrieved from /opt/airflow/dags/crypto_pipeline_dag.py
[2026-06-18T10:06:04.430+0000] {logging_mixin.py:190} INFO - [2026-06-18T10:06:04.430+0000] {dag.py:3239} INFO - Sync 1 DAGs
[2026-06-18T10:06:04.447+0000] {logging_mixin.py:190} INFO - [2026-06-18T10:06:04.447+0000] {dag.py:4180} INFO - Setting next_dagrun for crypto_pipeline_dag to 2026-06-18 00:00:00+00:00, run_after=2026-06-19 00:00:00+00:00
[2026-06-18T10:06:04.460+0000] {processor.py:208} INFO - Processing /opt/airflow/dags/crypto_pipeline_dag.py took 0.070 seconds
[2026-06-18T10:06:34.677+0000] {processor.py:186} INFO - Started process (PID=1732) to work on /opt/airflow/dags/crypto_pipeline_dag.py
[2026-06-18T10:06:34.678+0000] {processor.py:914} INFO - Processing file /opt/airflow/dags/crypto_pipeline_dag.py for tasks to queue
[2026-06-18T10:06:34.680+0000] {logging_mixin.py:190} INFO - [2026-06-18T10:06:34.679+0000] {dagbag.py:588} INFO - Filling up the DagBag from /opt/airflow/dags/crypto_pipeline_dag.py
[2026-06-18T10:06:34.690+0000] {processor.py:925} INFO - DAG(s) 'crypto_pipeline_dag' retrieved from /opt/airflow/dags/crypto_pipeline_dag.py
[2026-06-18T10:06:34.710+0000] {logging_mixin.py:190} INFO - [2026-06-18T10:06:34.709+0000] {dag.py:3239} INFO - Sync 1 DAGs
[2026-06-18T10:06:34.727+0000] {logging_mixin.py:190} INFO - [2026-06-18T10:06:34.726+0000] {dag.py:4180} INFO - Setting next_dagrun for crypto_pipeline_dag to 2026-06-18 00:00:00+00:00, run_after=2026-06-19 00:00:00+00:00
[2026-06-18T10:06:34.740+0000] {processor.py:208} INFO - Processing /opt/airflow/dags/crypto_pipeline_dag.py took 0.066 seconds
[2026-06-18T10:07:04.942+0000] {processor.py:186} INFO - Started process (PID=1737) to work on /opt/airflow/dags/crypto_pipeline_dag.py
[2026-06-18T10:07:04.943+0000] {processor.py:914} INFO - Processing file /opt/airflow/dags/crypto_pipeline_dag.py for tasks to queue
[2026-06-18T10:07:04.944+0000] {logging_mixin.py:190} INFO - [2026-06-18T10:07:04.944+0000] {dagbag.py:588} INFO - Filling up the DagBag from /opt/airflow/dags/crypto_pipeline_dag.py
[2026-06-18T10:07:04.959+0000] {processor.py:925} INFO - DAG(s) 'crypto_pipeline_dag' retrieved from /opt/airflow/dags/crypto_pipeline_dag.py
[2026-06-18T10:07:04.981+0000] {logging_mixin.py:190} INFO - [2026-06-18T10:07:04.981+0000] {dag.py:3239} INFO - Sync 1 DAGs
[2026-06-18T10:07:04.999+0000] {logging_mixin.py:190} INFO - [2026-06-18T10:07:04.999+0000] {dag.py:4180} INFO - Setting next_dagrun for crypto_pipeline_dag to 2026-06-18 00:00:00+00:00, run_after=2026-06-19 00:00:00+00:00
[2026-06-18T10:07:05.015+0000] {processor.py:208} INFO - Processing /opt/airflow/dags/crypto_pipeline_dag.py took 0.078 seconds
[2026-06-18T10:07:35.149+0000] {processor.py:186} INFO - Started process (PID=1742) to work on /opt/airflow/dags/crypto_pipeline_dag.py
[2026-06-18T10:07:35.150+0000] {processor.py:914} INFO - Processing file /opt/airflow/dags/crypto_pipeline_dag.py for tasks to queue
[2026-06-18T10:07:35.151+0000] {logging_mixin.py:190} INFO - [2026-06-18T10:07:35.151+0000] {dagbag.py:588} INFO - Filling up the DagBag from /opt/airflow/dags/crypto_pipeline_dag.py
[2026-06-18T10:07:35.166+0000] {processor.py:925} INFO - DAG(s) 'crypto_pipeline_dag' retrieved from /opt/airflow/dags/crypto_pipeline_dag.py
[2026-06-18T10:07:35.187+0000] {logging_mixin.py:190} INFO - [2026-06-18T10:07:35.186+0000] {dag.py:3239} INFO - Sync 1 DAGs
[2026-06-18T10:07:35.206+0000] {logging_mixin.py:190} INFO - [2026-06-18T10:07:35.206+0000] {dag.py:4180} INFO - Setting next_dagrun for crypto_pipeline_dag to 2026-06-18 00:00:00+00:00, run_after=2026-06-19 00:00:00+00:00
[2026-06-18T10:07:35.220+0000] {processor.py:208} INFO - Processing /opt/airflow/dags/crypto_pipeline_dag.py took 0.075 seconds
[2026-06-18T10:08:05.471+0000] {processor.py:186} INFO - Started process (PID=1747) to work on /opt/airflow/dags/crypto_pipeline_dag.py
[2026-06-18T10:08:05.472+0000] {processor.py:914} INFO - Processing file /opt/airflow/dags/crypto_pipeline_dag.py for tasks to queue
[2026-06-18T10:08:05.473+0000] {logging_mixin.py:190} INFO - [2026-06-18T10:08:05.473+0000] {dagbag.py:588} INFO - Filling up the DagBag from /opt/airflow/dags/crypto_pipeline_dag.py
[2026-06-18T10:08:05.492+0000] {processor.py:925} INFO - DAG(s) 'crypto_pipeline_dag' retrieved from /opt/airflow/dags/crypto_pipeline_dag.py
[2026-06-18T10:08:05.514+0000] {logging_mixin.py:190} INFO - [2026-06-18T10:08:05.514+0000] {dag.py:3239} INFO - Sync 1 DAGs
[2026-06-18T10:08:05.534+0000] {logging_mixin.py:190} INFO - [2026-06-18T10:08:05.533+0000] {dag.py:4180} INFO - Setting next_dagrun for crypto_pipeline_dag to 2026-06-18 00:00:00+00:00, run_after=2026-06-19 00:00:00+00:00
[2026-06-18T10:08:05.550+0000] {processor.py:208} INFO - Processing /opt/airflow/dags/crypto_pipeline_dag.py took 0.084 seconds
[2026-06-18T10:08:35.696+0000] {processor.py:186} INFO - Started process (PID=1752) to work on /opt/airflow/dags/crypto_pipeline_dag.py
[2026-06-18T10:08:35.697+0000] {processor.py:914} INFO - Processing file /opt/airflow/dags/crypto_pipeline_dag.py for tasks to queue
[2026-06-18T10:08:35.699+0000] {logging_mixin.py:190} INFO - [2026-06-18T10:08:35.699+0000] {dagbag.py:588} INFO - Filling up the DagBag from /opt/airflow/dags/crypto_pipeline_dag.py
[2026-06-18T10:08:35.713+0000] {processor.py:925} INFO - DAG(s) 'crypto_pipeline_dag' retrieved from /opt/airflow/dags/crypto_pipeline_dag.py
[2026-06-18T10:08:35.735+0000] {logging_mixin.py:190} INFO - [2026-06-18T10:08:35.735+0000] {dag.py:3239} INFO - Sync 1 DAGs
[2026-06-18T10:08:35.755+0000] {logging_mixin.py:190} INFO - [2026-06-18T10:08:35.755+0000] {dag.py:4180} INFO - Setting next_dagrun for crypto_pipeline_dag to 2026-06-18 00:00:00+00:00, run_after=2026-06-19 00:00:00+00:00
[2026-06-18T10:08:35.771+0000] {processor.py:208} INFO - Processing /opt/airflow/dags/crypto_pipeline_dag.py took 0.079 seconds
[2026-06-18T10:09:05.988+0000] {processor.py:186} INFO - Started process (PID=1757) to work on /opt/airflow/dags/crypto_pipeline_dag.py
[2026-06-18T10:09:05.989+0000] {processor.py:914} INFO - Processing file /opt/airflow/dags/crypto_pipeline_dag.py for tasks to queue
[2026-06-18T10:09:05.991+0000] {logging_mixin.py:190} INFO - [2026-06-18T10:09:05.991+0000] {dagbag.py:588} INFO - Filling up the DagBag from /opt/airflow/dags/crypto_pipeline_dag.py
[2026-06-18T10:09:06.003+0000] {processor.py:925} INFO - DAG(s) 'crypto_pipeline_dag' retrieved from /opt/airflow/dags/crypto_pipeline_dag.py
[2026-06-18T10:09:06.023+0000] {logging_mixin.py:190} INFO - [2026-06-18T10:09:06.023+0000] {dag.py:3239} INFO - Sync 1 DAGs
[2026-06-18T10:09:06.040+0000] {logging_mixin.py:190} INFO - [2026-06-18T10:09:06.039+0000] {dag.py:4180} INFO - Setting next_dagrun for crypto_pipeline_dag to 2026-06-18 00:00:00+00:00, run_after=2026-06-19 00:00:00+00:00
[2026-06-18T10:09:06.052+0000] {processor.py:208} INFO - Processing /opt/airflow/dags/crypto_pipeline_dag.py took 0.068 seconds
[2026-06-18T10:09:36.237+0000] {processor.py:186} INFO - Started process (PID=1762) to work on /opt/airflow/dags/crypto_pipeline_dag.py
[2026-06-18T10:09:36.238+0000] {processor.py:914} INFO - Processing file /opt/airflow/dags/crypto_pipeline_dag.py for tasks to queue
[2026-06-18T10:09:36.240+0000] {logging_mixin.py:190} INFO - [2026-06-18T10:09:36.239+0000] {dagbag.py:588} INFO - Filling up the DagBag from /opt/airflow/dags/crypto_pipeline_dag.py
[2026-06-18T10:09:36.256+0000] {processor.py:925} INFO - DAG(s) 'crypto_pipeline_dag' retrieved from /opt/airflow/dags/crypto_pipeline_dag.py
[2026-06-18T10:09:36.276+0000] {logging_mixin.py:190} INFO - [2026-06-18T10:09:36.276+0000] {dag.py:3239} INFO - Sync 1 DAGs
[2026-06-18T10:09:36.294+0000] {logging_mixin.py:190} INFO - [2026-06-18T10:09:36.294+0000] {dag.py:4180} INFO - Setting next_dagrun for crypto_pipeline_dag to 2026-06-18 00:00:00+00:00, run_after=2026-06-19 00:00:00+00:00
[2026-06-18T10:09:36.313+0000] {processor.py:208} INFO - Processing /opt/airflow/dags/crypto_pipeline_dag.py took 0.080 seconds
[2026-06-18T10:10:06.505+0000] {processor.py:186} INFO - Started process (PID=1767) to work on /opt/airflow/dags/crypto_pipeline_dag.py
[2026-06-18T10:10:06.506+0000] {processor.py:914} INFO - Processing file /opt/airflow/dags/crypto_pipeline_dag.py for tasks to queue
[2026-06-18T10:10:06.508+0000] {logging_mixin.py:190} INFO - [2026-06-18T10:10:06.508+0000] {dagbag.py:588} INFO - Filling up the DagBag from /opt/airflow/dags/crypto_pipeline_dag.py
[2026-06-18T10:10:06.526+0000] {processor.py:925} INFO - DAG(s) 'crypto_pipeline_dag' retrieved from /opt/airflow/dags/crypto_pipeline_dag.py
[2026-06-18T10:10:06.545+0000] {logging_mixin.py:190} INFO - [2026-06-18T10:10:06.545+0000] {dag.py:3239} INFO - Sync 1 DAGs
[2026-06-18T10:10:06.567+0000] {logging_mixin.py:190} INFO - [2026-06-18T10:10:06.567+0000] {dag.py:4180} INFO - Setting next_dagrun for crypto_pipeline_dag to 2026-06-18 00:00:00+00:00, run_after=2026-06-19 00:00:00+00:00
[2026-06-18T10:10:06.583+0000] {processor.py:208} INFO - Processing /opt/airflow/dags/crypto_pipeline_dag.py took 0.082 seconds
[2026-06-18T10:10:36.801+0000] {processor.py:186} INFO - Started process (PID=1772) to work on /opt/airflow/dags/crypto_pipeline_dag.py
[2026-06-18T10:10:36.802+0000] {processor.py:914} INFO - Processing file /opt/airflow/dags/crypto_pipeline_dag.py for tasks to queue
[2026-06-18T10:10:36.804+0000] {logging_mixin.py:190} INFO - [2026-06-18T10:10:36.804+0000] {dagbag.py:588} INFO - Filling up the DagBag from /opt/airflow/dags/crypto_pipeline_dag.py
[2026-06-18T10:10:36.819+0000] {processor.py:925} INFO - DAG(s) 'crypto_pipeline_dag' retrieved from /opt/airflow/dags/crypto_pipeline_dag.py
[2026-06-18T10:10:36.840+0000] {logging_mixin.py:190} INFO - [2026-06-18T10:10:36.840+0000] {dag.py:3239} INFO - Sync 1 DAGs
[2026-06-18T10:10:36.858+0000] {logging_mixin.py:190} INFO - [2026-06-18T10:10:36.858+0000] {dag.py:4180} INFO - Setting next_dagrun for crypto_pipeline_dag to 2026-06-18 00:00:00+00:00, run_after=2026-06-19 00:00:00+00:00
[2026-06-18T10:10:36.871+0000] {processor.py:208} INFO - Processing /opt/airflow/dags/crypto_pipeline_dag.py took 0.074 seconds
[2026-06-18T10:11:07.091+0000] {processor.py:186} INFO - Started process (PID=1777) to work on /opt/airflow/dags/crypto_pipeline_dag.py
[2026-06-18T10:11:07.092+0000] {processor.py:914} INFO - Processing file /opt/airflow/dags/crypto_pipeline_dag.py for tasks to queue
[2026-06-18T10:11:07.094+0000] {logging_mixin.py:190} INFO - [2026-06-18T10:11:07.094+0000] {dagbag.py:588} INFO - Filling up the DagBag from /opt/airflow/dags/crypto_pipeline_dag.py
[2026-06-18T10:11:07.108+0000] {processor.py:925} INFO - DAG(s) 'crypto_pipeline_dag' retrieved from /opt/airflow/dags/crypto_pipeline_dag.py
[2026-06-18T10:11:07.127+0000] {logging_mixin.py:190} INFO - [2026-06-18T10:11:07.127+0000] {dag.py:3239} INFO - Sync 1 DAGs
[2026-06-18T10:11:07.144+0000] {logging_mixin.py:190} INFO - [2026-06-18T10:11:07.144+0000] {dag.py:4180} INFO - Setting next_dagrun for crypto_pipeline_dag to 2026-06-18 00:00:00+00:00, run_after=2026-06-19 00:00:00+00:00
[2026-06-18T10:11:07.158+0000] {processor.py:208} INFO - Processing /opt/airflow/dags/crypto_pipeline_dag.py took 0.071 seconds
[2026-06-18T10:11:37.355+0000] {processor.py:186} INFO - Started process (PID=1782) to work on /opt/airflow/dags/crypto_pipeline_dag.py
[2026-06-18T10:11:37.355+0000] {processor.py:914} INFO - Processing file /opt/airflow/dags/crypto_pipeline_dag.py for tasks to queue
[2026-06-18T10:11:37.357+0000] {logging_mixin.py:190} INFO - [2026-06-18T10:11:37.357+0000] {dagbag.py:588} INFO - Filling up the DagBag from /opt/airflow/dags/crypto_pipeline_dag.py
[2026-06-18T10:11:37.370+0000] {processor.py:925} INFO - DAG(s) 'crypto_pipeline_dag' retrieved from /opt/airflow/dags/crypto_pipeline_dag.py
[2026-06-18T10:11:37.391+0000] {logging_mixin.py:190} INFO - [2026-06-18T10:11:37.390+0000] {dag.py:3239} INFO - Sync 1 DAGs
[2026-06-18T10:11:37.411+0000] {logging_mixin.py:190} INFO - [2026-06-18T10:11:37.411+0000] {dag.py:4180} INFO - Setting next_dagrun for crypto_pipeline_dag to 2026-06-18 00:00:00+00:00, run_after=2026-06-19 00:00:00+00:00
[2026-06-18T10:11:37.425+0000] {processor.py:208} INFO - Processing /opt/airflow/dags/crypto_pipeline_dag.py took 0.074 seconds
[2026-06-18T10:12:07.659+0000] {processor.py:186} INFO - Started process (PID=1787) to work on /opt/airflow/dags/crypto_pipeline_dag.py
[2026-06-18T10:12:07.660+0000] {processor.py:914} INFO - Processing file /opt/airflow/dags/crypto_pipeline_dag.py for tasks to queue
[2026-06-18T10:12:07.661+0000] {logging_mixin.py:190} INFO - [2026-06-18T10:12:07.661+0000] {dagbag.py:588} INFO - Filling up the DagBag from /opt/airflow/dags/crypto_pipeline_dag.py
[2026-06-18T10:12:07.674+0000] {processor.py:925} INFO - DAG(s) 'crypto_pipeline_dag' retrieved from /opt/airflow/dags/crypto_pipeline_dag.py
[2026-06-18T10:12:07.693+0000] {logging_mixin.py:190} INFO - [2026-06-18T10:12:07.693+0000] {dag.py:3239} INFO - Sync 1 DAGs
[2026-06-18T10:12:07.710+0000] {logging_mixin.py:190} INFO - [2026-06-18T10:12:07.710+0000] {dag.py:4180} INFO - Setting next_dagrun for crypto_pipeline_dag to 2026-06-18 00:00:00+00:00, run_after=2026-06-19 00:00:00+00:00
[2026-06-18T10:12:07.723+0000] {processor.py:208} INFO - Processing /opt/airflow/dags/crypto_pipeline_dag.py took 0.068 seconds
[2026-06-18T10:12:37.917+0000] {processor.py:186} INFO - Started process (PID=1792) to work on /opt/airflow/dags/crypto_pipeline_dag.py
[2026-06-18T10:12:37.918+0000] {processor.py:914} INFO - Processing file /opt/airflow/dags/crypto_pipeline_dag.py for tasks to queue
[2026-06-18T10:12:37.920+0000] {logging_mixin.py:190} INFO - [2026-06-18T10:12:37.920+0000] {dagbag.py:588} INFO - Filling up the DagBag from /opt/airflow/dags/crypto_pipeline_dag.py
[2026-06-18T10:12:37.936+0000] {processor.py:925} INFO - DAG(s) 'crypto_pipeline_dag' retrieved from /opt/airflow/dags/crypto_pipeline_dag.py
[2026-06-18T10:12:37.958+0000] {logging_mixin.py:190} INFO - [2026-06-18T10:12:37.958+0000] {dag.py:3239} INFO - Sync 1 DAGs
[2026-06-18T10:12:37.975+0000] {logging_mixin.py:190} INFO - [2026-06-18T10:12:37.975+0000] {dag.py:4180} INFO - Setting next_dagrun for crypto_pipeline_dag to 2026-06-18 00:00:00+00:00, run_after=2026-06-19 00:00:00+00:00
[2026-06-18T10:12:37.992+0000] {processor.py:208} INFO - Processing /opt/airflow/dags/crypto_pipeline_dag.py took 0.080 seconds
[2026-06-18T10:13:08.186+0000] {processor.py:186} INFO - Started process (PID=1797) to work on /opt/airflow/dags/crypto_pipeline_dag.py
[2026-06-18T10:13:08.187+0000] {processor.py:914} INFO - Processing file /opt/airflow/dags/crypto_pipeline_dag.py for tasks to queue
[2026-06-18T10:13:08.189+0000] {logging_mixin.py:190} INFO - [2026-06-18T10:13:08.189+0000] {dagbag.py:588} INFO - Filling up the DagBag from /opt/airflow/dags/crypto_pipeline_dag.py
[2026-06-18T10:13:08.203+0000] {processor.py:925} INFO - DAG(s) 'crypto_pipeline_dag' retrieved from /opt/airflow/dags/crypto_pipeline_dag.py
[2026-06-18T10:13:08.225+0000] {logging_mixin.py:190} INFO - [2026-06-18T10:13:08.225+0000] {dag.py:3239} INFO - Sync 1 DAGs
[2026-06-18T10:13:08.242+0000] {logging_mixin.py:190} INFO - [2026-06-18T10:13:08.242+0000] {dag.py:4180} INFO - Setting next_dagrun for crypto_pipeline_dag to 2026-06-18 00:00:00+00:00, run_after=2026-06-19 00:00:00+00:00
[2026-06-18T10:13:08.256+0000] {processor.py:208} INFO - Processing /opt/airflow/dags/crypto_pipeline_dag.py took 0.074 seconds
[2026-06-18T10:13:38.517+0000] {processor.py:186} INFO - Started process (PID=1802) to work on /opt/airflow/dags/crypto_pipeline_dag.py
[2026-06-18T10:13:38.519+0000] {processor.py:914} INFO - Processing file /opt/airflow/dags/crypto_pipeline_dag.py for tasks to queue
[2026-06-18T10:13:38.522+0000] {logging_mixin.py:190} INFO - [2026-06-18T10:13:38.521+0000] {dagbag.py:588} INFO - Filling up the DagBag from /opt/airflow/dags/crypto_pipeline_dag.py
[2026-06-18T10:13:38.541+0000] {processor.py:925} INFO - DAG(s) 'crypto_pipeline_dag' retrieved from /opt/airflow/dags/crypto_pipeline_dag.py
[2026-06-18T10:13:38.563+0000] {logging_mixin.py:190} INFO - [2026-06-18T10:13:38.563+0000] {dag.py:3239} INFO - Sync 1 DAGs
[2026-06-18T10:13:38.582+0000] {logging_mixin.py:190} INFO - [2026-06-18T10:13:38.582+0000] {dag.py:4180} INFO - Setting next_dagrun for crypto_pipeline_dag to 2026-06-18 00:00:00+00:00, run_after=2026-06-19 00:00:00+00:00
[2026-06-18T10:13:38.599+0000] {processor.py:208} INFO - Processing /opt/airflow/dags/crypto_pipeline_dag.py took 0.087 seconds
[2026-06-18T10:14:08.730+0000] {processor.py:186} INFO - Started process (PID=1807) to work on /opt/airflow/dags/crypto_pipeline_dag.py
[2026-06-18T10:14:08.731+0000] {processor.py:914} INFO - Processing file /opt/airflow/dags/crypto_pipeline_dag.py for tasks to queue
[2026-06-18T10:14:08.733+0000] {logging_mixin.py:190} INFO - [2026-06-18T10:14:08.732+0000] {dagbag.py:588} INFO - Filling up the DagBag from /opt/airflow/dags/crypto_pipeline_dag.py
[2026-06-18T10:14:08.744+0000] {processor.py:925} INFO - DAG(s) 'crypto_pipeline_dag' retrieved from /opt/airflow/dags/crypto_pipeline_dag.py
[2026-06-18T10:14:08.765+0000] {logging_mixin.py:190} INFO - [2026-06-18T10:14:08.765+0000] {dag.py:3239} INFO - Sync 1 DAGs
[2026-06-18T10:14:08.781+0000] {logging_mixin.py:190} INFO - [2026-06-18T10:14:08.781+0000] {dag.py:4180} INFO - Setting next_dagrun for crypto_pipeline_dag to 2026-06-18 00:00:00+00:00, run_after=2026-06-19 00:00:00+00:00
[2026-06-18T10:14:08.794+0000] {processor.py:208} INFO - Processing /opt/airflow/dags/crypto_pipeline_dag.py took 0.069 seconds
[2026-06-18T10:14:39.078+0000] {processor.py:186} INFO - Started process (PID=1812) to work on /opt/airflow/dags/crypto_pipeline_dag.py
[2026-06-18T10:14:39.079+0000] {processor.py:914} INFO - Processing file /opt/airflow/dags/crypto_pipeline_dag.py for tasks to queue
[2026-06-18T10:14:39.081+0000] {logging_mixin.py:190} INFO - [2026-06-18T10:14:39.081+0000] {dagbag.py:588} INFO - Filling up the DagBag from /opt/airflow/dags/crypto_pipeline_dag.py
[2026-06-18T10:14:39.095+0000] {processor.py:925} INFO - DAG(s) 'crypto_pipeline_dag' retrieved from /opt/airflow/dags/crypto_pipeline_dag.py
[2026-06-18T10:14:39.117+0000] {logging_mixin.py:190} INFO - [2026-06-18T10:14:39.117+0000] {dag.py:3239} INFO - Sync 1 DAGs
[2026-06-18T10:14:39.137+0000] {logging_mixin.py:190} INFO - [2026-06-18T10:14:39.137+0000] {dag.py:4180} INFO - Setting next_dagrun for crypto_pipeline_dag to 2026-06-18 00:00:00+00:00, run_after=2026-06-19 00:00:00+00:00
[2026-06-18T10:14:39.152+0000] {processor.py:208} INFO - Processing /opt/airflow/dags/crypto_pipeline_dag.py took 0.079 seconds
[2026-06-18T10:15:09.329+0000] {processor.py:186} INFO - Started process (PID=1817) to work on /opt/airflow/dags/crypto_pipeline_dag.py
[2026-06-18T10:15:09.331+0000] {processor.py:914} INFO - Processing file /opt/airflow/dags/crypto_pipeline_dag.py for tasks to queue
[2026-06-18T10:15:09.335+0000] {logging_mixin.py:190} INFO - [2026-06-18T10:15:09.334+0000] {dagbag.py:588} INFO - Filling up the DagBag from /opt/airflow/dags/crypto_pipeline_dag.py
[2026-06-18T10:15:09.353+0000] {processor.py:925} INFO - DAG(s) 'crypto_pipeline_dag' retrieved from /opt/airflow/dags/crypto_pipeline_dag.py
[2026-06-18T10:15:09.382+0000] {logging_mixin.py:190} INFO - [2026-06-18T10:15:09.382+0000] {dag.py:3239} INFO - Sync 1 DAGs
[2026-06-18T10:15:09.403+0000] {logging_mixin.py:190} INFO - [2026-06-18T10:15:09.403+0000] {dag.py:4180} INFO - Setting next_dagrun for crypto_pipeline_dag to 2026-06-18 00:00:00+00:00, run_after=2026-06-19 00:00:00+00:00
[2026-06-18T10:15:09.417+0000] {processor.py:208} INFO - Processing /opt/airflow/dags/crypto_pipeline_dag.py took 0.099 seconds
[2026-06-18T10:15:39.620+0000] {processor.py:186} INFO - Started process (PID=1822) to work on /opt/airflow/dags/crypto_pipeline_dag.py
[2026-06-18T10:15:39.621+0000] {processor.py:914} INFO - Processing file /opt/airflow/dags/crypto_pipeline_dag.py for tasks to queue
[2026-06-18T10:15:39.623+0000] {logging_mixin.py:190} INFO - [2026-06-18T10:15:39.623+0000] {dagbag.py:588} INFO - Filling up the DagBag from /opt/airflow/dags/crypto_pipeline_dag.py
[2026-06-18T10:15:39.637+0000] {processor.py:925} INFO - DAG(s) 'crypto_pipeline_dag' retrieved from /opt/airflow/dags/crypto_pipeline_dag.py
[2026-06-18T10:15:39.659+0000] {logging_mixin.py:190} INFO - [2026-06-18T10:15:39.659+0000] {dag.py:3239} INFO - Sync 1 DAGs
[2026-06-18T10:15:39.677+0000] {logging_mixin.py:190} INFO - [2026-06-18T10:15:39.677+0000] {dag.py:4180} INFO - Setting next_dagrun for crypto_pipeline_dag to 2026-06-18 00:00:00+00:00, run_after=2026-06-19 00:00:00+00:00
[2026-06-18T10:15:39.691+0000] {processor.py:208} INFO - Processing /opt/airflow/dags/crypto_pipeline_dag.py took 0.075 seconds
[2026-06-18T10:16:09.922+0000] {processor.py:186} INFO - Started process (PID=1827) to work on /opt/airflow/dags/crypto_pipeline_dag.py
[2026-06-18T10:16:09.923+0000] {processor.py:914} INFO - Processing file /opt/airflow/dags/crypto_pipeline_dag.py for tasks to queue
[2026-06-18T10:16:09.926+0000] {logging_mixin.py:190} INFO - [2026-06-18T10:16:09.926+0000] {dagbag.py:588} INFO - Filling up the DagBag from /opt/airflow/dags/crypto_pipeline_dag.py
[2026-06-18T10:16:09.940+0000] {processor.py:925} INFO - DAG(s) 'crypto_pipeline_dag' retrieved from /opt/airflow/dags/crypto_pipeline_dag.py
[2026-06-18T10:16:09.962+0000] {logging_mixin.py:190} INFO - [2026-06-18T10:16:09.962+0000] {dag.py:3239} INFO - Sync 1 DAGs
[2026-06-18T10:16:09.978+0000] {logging_mixin.py:190} INFO - [2026-06-18T10:16:09.978+0000] {dag.py:4180} INFO - Setting next_dagrun for crypto_pipeline_dag to 2026-06-18 00:00:00+00:00, run_after=2026-06-19 00:00:00+00:00
[2026-06-18T10:16:09.990+0000] {processor.py:208} INFO - Processing /opt/airflow/dags/crypto_pipeline_dag.py took 0.072 seconds
[2026-06-18T10:16:40.222+0000] {processor.py:186} INFO - Started process (PID=1832) to work on /opt/airflow/dags/crypto_pipeline_dag.py
[2026-06-18T10:16:40.223+0000] {processor.py:914} INFO - Processing file /opt/airflow/dags/crypto_pipeline_dag.py for tasks to queue
[2026-06-18T10:16:40.225+0000] {logging_mixin.py:190} INFO - [2026-06-18T10:16:40.225+0000] {dagbag.py:588} INFO - Filling up the DagBag from /opt/airflow/dags/crypto_pipeline_dag.py
[2026-06-18T10:16:40.240+0000] {processor.py:925} INFO - DAG(s) 'crypto_pipeline_dag' retrieved from /opt/airflow/dags/crypto_pipeline_dag.py
[2026-06-18T10:16:40.263+0000] {logging_mixin.py:190} INFO - [2026-06-18T10:16:40.262+0000] {dag.py:3239} INFO - Sync 1 DAGs
[2026-06-18T10:16:40.281+0000] {logging_mixin.py:190} INFO - [2026-06-18T10:16:40.281+0000] {dag.py:4180} INFO - Setting next_dagrun for crypto_pipeline_dag to 2026-06-18 00:00:00+00:00, run_after=2026-06-19 00:00:00+00:00
[2026-06-18T10:16:40.296+0000] {processor.py:208} INFO - Processing /opt/airflow/dags/crypto_pipeline_dag.py took 0.078 seconds
[2026-06-18T10:17:10.480+0000] {processor.py:186} INFO - Started process (PID=1837) to work on /opt/airflow/dags/crypto_pipeline_dag.py
[2026-06-18T10:17:10.482+0000] {processor.py:914} INFO - Processing file /opt/airflow/dags/crypto_pipeline_dag.py for tasks to queue
[2026-06-18T10:17:10.484+0000] {logging_mixin.py:190} INFO - [2026-06-18T10:17:10.483+0000] {dagbag.py:588} INFO - Filling up the DagBag from /opt/airflow/dags/crypto_pipeline_dag.py
[2026-06-18T10:17:10.502+0000] {processor.py:925} INFO - DAG(s) 'crypto_pipeline_dag' retrieved from /opt/airflow/dags/crypto_pipeline_dag.py
[2026-06-18T10:17:10.524+0000] {logging_mixin.py:190} INFO - [2026-06-18T10:17:10.524+0000] {dag.py:3239} INFO - Sync 1 DAGs
[2026-06-18T10:17:10.542+0000] {logging_mixin.py:190} INFO - [2026-06-18T10:17:10.542+0000] {dag.py:4180} INFO - Setting next_dagrun for crypto_pipeline_dag to 2026-06-18 00:00:00+00:00, run_after=2026-06-19 00:00:00+00:00
[2026-06-18T10:17:10.557+0000] {processor.py:208} INFO - Processing /opt/airflow/dags/crypto_pipeline_dag.py took 0.081 seconds
[2026-06-18T10:17:40.742+0000] {processor.py:186} INFO - Started process (PID=1842) to work on /opt/airflow/dags/crypto_pipeline_dag.py
[2026-06-18T10:17:40.743+0000] {processor.py:914} INFO - Processing file /opt/airflow/dags/crypto_pipeline_dag.py for tasks to queue
[2026-06-18T10:17:40.746+0000] {logging_mixin.py:190} INFO - [2026-06-18T10:17:40.746+0000] {dagbag.py:588} INFO - Filling up the DagBag from /opt/airflow/dags/crypto_pipeline_dag.py
[2026-06-18T10:17:40.775+0000] {processor.py:925} INFO - DAG(s) 'crypto_pipeline_dag' retrieved from /opt/airflow/dags/crypto_pipeline_dag.py
[2026-06-18T10:17:40.796+0000] {logging_mixin.py:190} INFO - [2026-06-18T10:17:40.796+0000] {dag.py:3239} INFO - Sync 1 DAGs
[2026-06-18T10:17:40.815+0000] {logging_mixin.py:190} INFO - [2026-06-18T10:17:40.814+0000] {dag.py:4180} INFO - Setting next_dagrun for crypto_pipeline_dag to 2026-06-18 00:00:00+00:00, run_after=2026-06-19 00:00:00+00:00
[2026-06-18T10:17:40.827+0000] {processor.py:208} INFO - Processing /opt/airflow/dags/crypto_pipeline_dag.py took 0.090 seconds
[2026-06-18T10:18:10.960+0000] {processor.py:186} INFO - Started process (PID=1847) to work on /opt/airflow/dags/crypto_pipeline_dag.py
[2026-06-18T10:18:10.961+0000] {processor.py:914} INFO - Processing file /opt/airflow/dags/crypto_pipeline_dag.py for tasks to queue
[2026-06-18T10:18:10.963+0000] {logging_mixin.py:190} INFO - [2026-06-18T10:18:10.962+0000] {dagbag.py:588} INFO - Filling up the DagBag from /opt/airflow/dags/crypto_pipeline_dag.py
[2026-06-18T10:18:10.979+0000] {processor.py:925} INFO - DAG(s) 'crypto_pipeline_dag' retrieved from /opt/airflow/dags/crypto_pipeline_dag.py
[2026-06-18T10:18:11.000+0000] {logging_mixin.py:190} INFO - [2026-06-18T10:18:11.000+0000] {dag.py:3239} INFO - Sync 1 DAGs
[2026-06-18T10:18:11.018+0000] {logging_mixin.py:190} INFO - [2026-06-18T10:18:11.018+0000] {dag.py:4180} INFO - Setting next_dagrun for crypto_pipeline_dag to 2026-06-18 00:00:00+00:00, run_after=2026-06-19 00:00:00+00:00
[2026-06-18T10:18:11.033+0000] {processor.py:208} INFO - Processing /opt/airflow/dags/crypto_pipeline_dag.py took 0.077 seconds
[2026-06-18T10:18:41.227+0000] {processor.py:186} INFO - Started process (PID=1852) to work on /opt/airflow/dags/crypto_pipeline_dag.py
[2026-06-18T10:18:41.228+0000] {processor.py:914} INFO - Processing file /opt/airflow/dags/crypto_pipeline_dag.py for tasks to queue
[2026-06-18T10:18:41.229+0000] {logging_mixin.py:190} INFO - [2026-06-18T10:18:41.229+0000] {dagbag.py:588} INFO - Filling up the DagBag from /opt/airflow/dags/crypto_pipeline_dag.py
[2026-06-18T10:18:41.241+0000] {processor.py:925} INFO - DAG(s) 'crypto_pipeline_dag' retrieved from /opt/airflow/dags/crypto_pipeline_dag.py
[2026-06-18T10:18:41.260+0000] {logging_mixin.py:190} INFO - [2026-06-18T10:18:41.260+0000] {dag.py:3239} INFO - Sync 1 DAGs
[2026-06-18T10:18:41.277+0000] {logging_mixin.py:190} INFO - [2026-06-18T10:18:41.276+0000] {dag.py:4180} INFO - Setting next_dagrun for crypto_pipeline_dag to 2026-06-18 00:00:00+00:00, run_after=2026-06-19 00:00:00+00:00
[2026-06-18T10:18:41.289+0000] {processor.py:208} INFO - Processing /opt/airflow/dags/crypto_pipeline_dag.py took 0.066 seconds
[2026-06-18T10:19:11.599+0000] {processor.py:186} INFO - Started process (PID=1857) to work on /opt/airflow/dags/crypto_pipeline_dag.py
[2026-06-18T10:19:11.600+0000] {processor.py:914} INFO - Processing file /opt/airflow/dags/crypto_pipeline_dag.py for tasks to queue
[2026-06-18T10:19:11.602+0000] {logging_mixin.py:190} INFO - [2026-06-18T10:19:11.602+0000] {dagbag.py:588} INFO - Filling up the DagBag from /opt/airflow/dags/crypto_pipeline_dag.py
[2026-06-18T10:19:11.615+0000] {processor.py:925} INFO - DAG(s) 'crypto_pipeline_dag' retrieved from /opt/airflow/dags/crypto_pipeline_dag.py
[2026-06-18T10:19:11.634+0000] {logging_mixin.py:190} INFO - [2026-06-18T10:19:11.634+0000] {dag.py:3239} INFO - Sync 1 DAGs
[2026-06-18T10:19:11.650+0000] {logging_mixin.py:190} INFO - [2026-06-18T10:19:11.650+0000] {dag.py:4180} INFO - Setting next_dagrun for crypto_pipeline_dag to 2026-06-18 00:00:00+00:00, run_after=2026-06-19 00:00:00+00:00
[2026-06-18T10:19:11.663+0000] {processor.py:208} INFO - Processing /opt/airflow/dags/crypto_pipeline_dag.py took 0.068 seconds
[2026-06-18T10:19:41.891+0000] {processor.py:186} INFO - Started process (PID=1862) to work on /opt/airflow/dags/crypto_pipeline_dag.py
[2026-06-18T10:19:41.891+0000] {processor.py:914} INFO - Processing file /opt/airflow/dags/crypto_pipeline_dag.py for tasks to queue
[2026-06-18T10:19:41.893+0000] {logging_mixin.py:190} INFO - [2026-06-18T10:19:41.893+0000] {dagbag.py:588} INFO - Filling up the DagBag from /opt/airflow/dags/crypto_pipeline_dag.py
[2026-06-18T10:19:41.908+0000] {processor.py:925} INFO - DAG(s) 'crypto_pipeline_dag' retrieved from /opt/airflow/dags/crypto_pipeline_dag.py
[2026-06-18T10:19:41.928+0000] {logging_mixin.py:190} INFO - [2026-06-18T10:19:41.928+0000] {dag.py:3239} INFO - Sync 1 DAGs
[2026-06-18T10:19:41.946+0000] {logging_mixin.py:190} INFO - [2026-06-18T10:19:41.946+0000] {dag.py:4180} INFO - Setting next_dagrun for crypto_pipeline_dag to 2026-06-18 00:00:00+00:00, run_after=2026-06-19 00:00:00+00:00
[2026-06-18T10:19:41.959+0000] {processor.py:208} INFO - Processing /opt/airflow/dags/crypto_pipeline_dag.py took 0.072 seconds
[2026-06-18T10:20:12.211+0000] {processor.py:186} INFO - Started process (PID=1867) to work on /opt/airflow/dags/crypto_pipeline_dag.py
[2026-06-18T10:20:12.212+0000] {processor.py:914} INFO - Processing file /opt/airflow/dags/crypto_pipeline_dag.py for tasks to queue
[2026-06-18T10:20:12.214+0000] {logging_mixin.py:190} INFO - [2026-06-18T10:20:12.213+0000] {dagbag.py:588} INFO - Filling up the DagBag from /opt/airflow/dags/crypto_pipeline_dag.py
[2026-06-18T10:20:12.226+0000] {processor.py:925} INFO - DAG(s) 'crypto_pipeline_dag' retrieved from /opt/airflow/dags/crypto_pipeline_dag.py
[2026-06-18T10:20:12.245+0000] {logging_mixin.py:190} INFO - [2026-06-18T10:20:12.245+0000] {dag.py:3239} INFO - Sync 1 DAGs
[2026-06-18T10:20:12.261+0000] {logging_mixin.py:190} INFO - [2026-06-18T10:20:12.261+0000] {dag.py:4180} INFO - Setting next_dagrun for crypto_pipeline_dag to 2026-06-18 00:00:00+00:00, run_after=2026-06-19 00:00:00+00:00
[2026-06-18T10:20:12.275+0000] {processor.py:208} INFO - Processing /opt/airflow/dags/crypto_pipeline_dag.py took 0.068 seconds
[2026-06-18T10:20:42.554+0000] {processor.py:186} INFO - Started process (PID=1872) to work on /opt/airflow/dags/crypto_pipeline_dag.py
[2026-06-18T10:20:42.554+0000] {processor.py:914} INFO - Processing file /opt/airflow/dags/crypto_pipeline_dag.py for tasks to queue
[2026-06-18T10:20:42.556+0000] {logging_mixin.py:190} INFO - [2026-06-18T10:20:42.556+0000] {dagbag.py:588} INFO - Filling up the DagBag from /opt/airflow/dags/crypto_pipeline_dag.py
[2026-06-18T10:20:42.567+0000] {processor.py:925} INFO - DAG(s) 'crypto_pipeline_dag' retrieved from /opt/airflow/dags/crypto_pipeline_dag.py
[2026-06-18T10:20:42.586+0000] {logging_mixin.py:190} INFO - [2026-06-18T10:20:42.585+0000] {dag.py:3239} INFO - Sync 1 DAGs
[2026-06-18T10:20:42.602+0000] {logging_mixin.py:190} INFO - [2026-06-18T10:20:42.602+0000] {dag.py:4180} INFO - Setting next_dagrun for crypto_pipeline_dag to 2026-06-18 00:00:00+00:00, run_after=2026-06-19 00:00:00+00:00
[2026-06-18T10:20:42.615+0000] {processor.py:208} INFO - Processing /opt/airflow/dags/crypto_pipeline_dag.py took 0.065 seconds
[2026-06-18T10:21:12.909+0000] {processor.py:186} INFO - Started process (PID=1877) to work on /opt/airflow/dags/crypto_pipeline_dag.py
[2026-06-18T10:21:12.910+0000] {processor.py:914} INFO - Processing file /opt/airflow/dags/crypto_pipeline_dag.py for tasks to queue
[2026-06-18T10:21:12.911+0000] {logging_mixin.py:190} INFO - [2026-06-18T10:21:12.911+0000] {dagbag.py:588} INFO - Filling up the DagBag from /opt/airflow/dags/crypto_pipeline_dag.py
[2026-06-18T10:21:12.924+0000] {processor.py:925} INFO - DAG(s) 'crypto_pipeline_dag' retrieved from /opt/airflow/dags/crypto_pipeline_dag.py
[2026-06-18T10:21:12.945+0000] {logging_mixin.py:190} INFO - [2026-06-18T10:21:12.945+0000] {dag.py:3239} INFO - Sync 1 DAGs
[2026-06-18T10:21:12.961+0000] {logging_mixin.py:190} INFO - [2026-06-18T10:21:12.961+0000] {dag.py:4180} INFO - Setting next_dagrun for crypto_pipeline_dag to 2026-06-18 00:00:00+00:00, run_after=2026-06-19 00:00:00+00:00
[2026-06-18T10:21:12.974+0000] {processor.py:208} INFO - Processing /opt/airflow/dags/crypto_pipeline_dag.py took 0.069 seconds
[2026-06-18T10:21:43.201+0000] {processor.py:186} INFO - Started process (PID=1882) to work on /opt/airflow/dags/crypto_pipeline_dag.py
[2026-06-18T10:21:43.202+0000] {processor.py:914} INFO - Processing file /opt/airflow/dags/crypto_pipeline_dag.py for tasks to queue
[2026-06-18T10:21:43.204+0000] {logging_mixin.py:190} INFO - [2026-06-18T10:21:43.203+0000] {dagbag.py:588} INFO - Filling up the DagBag from /opt/airflow/dags/crypto_pipeline_dag.py
[2026-06-18T10:21:43.219+0000] {processor.py:925} INFO - DAG(s) 'crypto_pipeline_dag' retrieved from /opt/airflow/dags/crypto_pipeline_dag.py
[2026-06-18T10:21:43.237+0000] {logging_mixin.py:190} INFO - [2026-06-18T10:21:43.237+0000] {dag.py:3239} INFO - Sync 1 DAGs
[2026-06-18T10:21:43.253+0000] {logging_mixin.py:190} INFO - [2026-06-18T10:21:43.252+0000] {dag.py:4180} INFO - Setting next_dagrun for crypto_pipeline_dag to 2026-06-18 00:00:00+00:00, run_after=2026-06-19 00:00:00+00:00
[2026-06-18T10:21:43.265+0000] {processor.py:208} INFO - Processing /opt/airflow/dags/crypto_pipeline_dag.py took 0.068 seconds
[2026-06-18T10:22:13.553+0000] {processor.py:186} INFO - Started process (PID=1887) to work on /opt/airflow/dags/crypto_pipeline_dag.py
[2026-06-18T10:22:13.554+0000] {processor.py:914} INFO - Processing file /opt/airflow/dags/crypto_pipeline_dag.py for tasks to queue
[2026-06-18T10:22:13.556+0000] {logging_mixin.py:190} INFO - [2026-06-18T10:22:13.555+0000] {dagbag.py:588} INFO - Filling up the DagBag from /opt/airflow/dags/crypto_pipeline_dag.py
[2026-06-18T10:22:13.642+0000] {processor.py:925} INFO - DAG(s) 'crypto_pipeline_dag' retrieved from /opt/airflow/dags/crypto_pipeline_dag.py
[2026-06-18T10:22:13.662+0000] {logging_mixin.py:190} INFO - [2026-06-18T10:22:13.662+0000] {dag.py:3239} INFO - Sync 1 DAGs
[2026-06-18T10:22:13.679+0000] {logging_mixin.py:190} INFO - [2026-06-18T10:22:13.679+0000] {dag.py:4180} INFO - Setting next_dagrun for crypto_pipeline_dag to 2026-06-18 00:00:00+00:00, run_after=2026-06-19 00:00:00+00:00
[2026-06-18T10:22:13.700+0000] {processor.py:208} INFO - Processing /opt/airflow/dags/crypto_pipeline_dag.py took 0.152 seconds
[2026-06-18T10:22:43.899+0000] {processor.py:186} INFO - Started process (PID=1892) to work on /opt/airflow/dags/crypto_pipeline_dag.py
[2026-06-18T10:22:43.900+0000] {processor.py:914} INFO - Processing file /opt/airflow/dags/crypto_pipeline_dag.py for tasks to queue
[2026-06-18T10:22:43.902+0000] {logging_mixin.py:190} INFO - [2026-06-18T10:22:43.901+0000] {dagbag.py:588} INFO - Filling up the DagBag from /opt/airflow/dags/crypto_pipeline_dag.py
[2026-06-18T10:22:43.915+0000] {processor.py:925} INFO - DAG(s) 'crypto_pipeline_dag' retrieved from /opt/airflow/dags/crypto_pipeline_dag.py
[2026-06-18T10:22:43.934+0000] {logging_mixin.py:190} INFO - [2026-06-18T10:22:43.934+0000] {dag.py:3239} INFO - Sync 1 DAGs
[2026-06-18T10:22:43.950+0000] {logging_mixin.py:190} INFO - [2026-06-18T10:22:43.950+0000] {dag.py:4180} INFO - Setting next_dagrun for crypto_pipeline_dag to 2026-06-18 00:00:00+00:00, run_after=2026-06-19 00:00:00+00:00
[2026-06-18T10:22:43.963+0000] {processor.py:208} INFO - Processing /opt/airflow/dags/crypto_pipeline_dag.py took 0.067 seconds
[2026-06-18T10:23:14.221+0000] {processor.py:186} INFO - Started process (PID=1897) to work on /opt/airflow/dags/crypto_pipeline_dag.py
[2026-06-18T10:23:14.222+0000] {processor.py:914} INFO - Processing file /opt/airflow/dags/crypto_pipeline_dag.py for tasks to queue
[2026-06-18T10:23:14.224+0000] {logging_mixin.py:190} INFO - [2026-06-18T10:23:14.223+0000] {dagbag.py:588} INFO - Filling up the DagBag from /opt/airflow/dags/crypto_pipeline_dag.py
[2026-06-18T10:23:14.239+0000] {processor.py:925} INFO - DAG(s) 'crypto_pipeline_dag' retrieved from /opt/airflow/dags/crypto_pipeline_dag.py
[2026-06-18T10:23:14.258+0000] {logging_mixin.py:190} INFO - [2026-06-18T10:23:14.257+0000] {dag.py:3239} INFO - Sync 1 DAGs
[2026-06-18T10:23:14.274+0000] {logging_mixin.py:190} INFO - [2026-06-18T10:23:14.274+0000] {dag.py:4180} INFO - Setting next_dagrun for crypto_pipeline_dag to 2026-06-18 00:00:00+00:00, run_after=2026-06-19 00:00:00+00:00
[2026-06-18T10:23:14.287+0000] {processor.py:208} INFO - Processing /opt/airflow/dags/crypto_pipeline_dag.py took 0.069 seconds
[2026-06-18T10:23:44.563+0000] {processor.py:186} INFO - Started process (PID=1902) to work on /opt/airflow/dags/crypto_pipeline_dag.py
[2026-06-18T10:23:44.564+0000] {processor.py:914} INFO - Processing file /opt/airflow/dags/crypto_pipeline_dag.py for tasks to queue
[2026-06-18T10:23:44.566+0000] {logging_mixin.py:190} INFO - [2026-06-18T10:23:44.565+0000] {dagbag.py:588} INFO - Filling up the DagBag from /opt/airflow/dags/crypto_pipeline_dag.py
[2026-06-18T10:23:44.579+0000] {processor.py:925} INFO - DAG(s) 'crypto_pipeline_dag' retrieved from /opt/airflow/dags/crypto_pipeline_dag.py
[2026-06-18T10:23:44.598+0000] {logging_mixin.py:190} INFO - [2026-06-18T10:23:44.598+0000] {dag.py:3239} INFO - Sync 1 DAGs
[2026-06-18T10:23:44.614+0000] {logging_mixin.py:190} INFO - [2026-06-18T10:23:44.614+0000] {dag.py:4180} INFO - Setting next_dagrun for crypto_pipeline_dag to 2026-06-18 00:00:00+00:00, run_after=2026-06-19 00:00:00+00:00
[2026-06-18T10:23:44.628+0000] {processor.py:208} INFO - Processing /opt/airflow/dags/crypto_pipeline_dag.py took 0.068 seconds
[2026-06-18T10:24:14.908+0000] {processor.py:186} INFO - Started process (PID=1907) to work on /opt/airflow/dags/crypto_pipeline_dag.py
[2026-06-18T10:24:14.908+0000] {processor.py:914} INFO - Processing file /opt/airflow/dags/crypto_pipeline_dag.py for tasks to queue
[2026-06-18T10:24:14.910+0000] {logging_mixin.py:190} INFO - [2026-06-18T10:24:14.910+0000] {dagbag.py:588} INFO - Filling up the DagBag from /opt/airflow/dags/crypto_pipeline_dag.py
[2026-06-18T10:24:14.922+0000] {processor.py:925} INFO - DAG(s) 'crypto_pipeline_dag' retrieved from /opt/airflow/dags/crypto_pipeline_dag.py
[2026-06-18T10:24:14.941+0000] {logging_mixin.py:190} INFO - [2026-06-18T10:24:14.941+0000] {dag.py:3239} INFO - Sync 1 DAGs
[2026-06-18T10:24:14.957+0000] {logging_mixin.py:190} INFO - [2026-06-18T10:24:14.957+0000] {dag.py:4180} INFO - Setting next_dagrun for crypto_pipeline_dag to 2026-06-18 00:00:00+00:00, run_after=2026-06-19 00:00:00+00:00
[2026-06-18T10:24:14.971+0000] {processor.py:208} INFO - Processing /opt/airflow/dags/crypto_pipeline_dag.py took 0.067 seconds
[2026-06-18T10:24:45.211+0000] {processor.py:186} INFO - Started process (PID=1912) to work on /opt/airflow/dags/crypto_pipeline_dag.py
[2026-06-18T10:24:45.212+0000] {processor.py:914} INFO - Processing file /opt/airflow/dags/crypto_pipeline_dag.py for tasks to queue
[2026-06-18T10:24:45.213+0000] {logging_mixin.py:190} INFO - [2026-06-18T10:24:45.213+0000] {dagbag.py:588} INFO - Filling up the DagBag from /opt/airflow/dags/crypto_pipeline_dag.py
[2026-06-18T10:24:45.231+0000] {processor.py:925} INFO - DAG(s) 'crypto_pipeline_dag' retrieved from /opt/airflow/dags/crypto_pipeline_dag.py
[2026-06-18T10:24:45.251+0000] {logging_mixin.py:190} INFO - [2026-06-18T10:24:45.251+0000] {dag.py:3239} INFO - Sync 1 DAGs
[2026-06-18T10:24:45.268+0000] {logging_mixin.py:190} INFO - [2026-06-18T10:24:45.268+0000] {dag.py:4180} INFO - Setting next_dagrun for crypto_pipeline_dag to 2026-06-18 00:00:00+00:00, run_after=2026-06-19 00:00:00+00:00
[2026-06-18T10:24:45.281+0000] {processor.py:208} INFO - Processing /opt/airflow/dags/crypto_pipeline_dag.py took 0.075 seconds
[2026-06-18T10:25:15.470+0000] {processor.py:186} INFO - Started process (PID=1917) to work on /opt/airflow/dags/crypto_pipeline_dag.py
[2026-06-18T10:25:15.471+0000] {processor.py:914} INFO - Processing file /opt/airflow/dags/crypto_pipeline_dag.py for tasks to queue
[2026-06-18T10:25:15.473+0000] {logging_mixin.py:190} INFO - [2026-06-18T10:25:15.472+0000] {dagbag.py:588} INFO - Filling up the DagBag from /opt/airflow/dags/crypto_pipeline_dag.py
[2026-06-18T10:25:15.486+0000] {processor.py:925} INFO - DAG(s) 'crypto_pipeline_dag' retrieved from /opt/airflow/dags/crypto_pipeline_dag.py
[2026-06-18T10:25:15.506+0000] {logging_mixin.py:190} INFO - [2026-06-18T10:25:15.505+0000] {dag.py:3239} INFO - Sync 1 DAGs
[2026-06-18T10:25:15.521+0000] {logging_mixin.py:190} INFO - [2026-06-18T10:25:15.521+0000] {dag.py:4180} INFO - Setting next_dagrun for crypto_pipeline_dag to 2026-06-18 00:00:00+00:00, run_after=2026-06-19 00:00:00+00:00
[2026-06-18T10:25:15.534+0000] {processor.py:208} INFO - Processing /opt/airflow/dags/crypto_pipeline_dag.py took 0.068 seconds
[2026-06-18T11:03:47.359+0000] {processor.py:186} INFO - Started process (PID=1922) to work on /opt/airflow/dags/crypto_pipeline_dag.py
[2026-06-18T11:03:47.360+0000] {processor.py:914} INFO - Processing file /opt/airflow/dags/crypto_pipeline_dag.py for tasks to queue
[2026-06-18T11:03:47.364+0000] {logging_mixin.py:190} INFO - [2026-06-18T11:03:47.363+0000] {dagbag.py:588} INFO - Filling up the DagBag from /opt/airflow/dags/crypto_pipeline_dag.py
[2026-06-18T11:03:47.391+0000] {processor.py:925} INFO - DAG(s) 'crypto_pipeline_dag' retrieved from /opt/airflow/dags/crypto_pipeline_dag.py
[2026-06-18T11:03:47.435+0000] {logging_mixin.py:190} INFO - [2026-06-18T11:03:47.435+0000] {dag.py:3239} INFO - Sync 1 DAGs
[2026-06-18T11:03:47.465+0000] {logging_mixin.py:190} INFO - [2026-06-18T11:03:47.464+0000] {dag.py:4180} INFO - Setting next_dagrun for crypto_pipeline_dag to 2026-06-18 00:00:00+00:00, run_after=2026-06-19 00:00:00+00:00
[2026-06-18T11:03:47.497+0000] {processor.py:208} INFO - Processing /opt/airflow/dags/crypto_pipeline_dag.py took 0.146 seconds
[2026-06-18T11:04:17.537+0000] {processor.py:186} INFO - Started process (PID=1927) to work on /opt/airflow/dags/crypto_pipeline_dag.py
[2026-06-18T11:04:17.538+0000] {processor.py:914} INFO - Processing file /opt/airflow/dags/crypto_pipeline_dag.py for tasks to queue
[2026-06-18T11:04:17.539+0000] {logging_mixin.py:190} INFO - [2026-06-18T11:04:17.539+0000] {dagbag.py:588} INFO - Filling up the DagBag from /opt/airflow/dags/crypto_pipeline_dag.py
[2026-06-18T11:04:17.551+0000] {processor.py:925} INFO - DAG(s) 'crypto_pipeline_dag' retrieved from /opt/airflow/dags/crypto_pipeline_dag.py
[2026-06-18T11:04:17.572+0000] {logging_mixin.py:190} INFO - [2026-06-18T11:04:17.572+0000] {dag.py:3239} INFO - Sync 1 DAGs
[2026-06-18T11:04:17.588+0000] {logging_mixin.py:190} INFO - [2026-06-18T11:04:17.588+0000] {dag.py:4180} INFO - Setting next_dagrun for crypto_pipeline_dag to 2026-06-18 00:00:00+00:00, run_after=2026-06-19 00:00:00+00:00
[2026-06-18T11:04:17.601+0000] {processor.py:208} INFO - Processing /opt/airflow/dags/crypto_pipeline_dag.py took 0.068 seconds
[2026-06-18T11:04:47.838+0000] {processor.py:186} INFO - Started process (PID=1932) to work on /opt/airflow/dags/crypto_pipeline_dag.py
[2026-06-18T11:04:47.839+0000] {processor.py:914} INFO - Processing file /opt/airflow/dags/crypto_pipeline_dag.py for tasks to queue
[2026-06-18T11:04:47.840+0000] {logging_mixin.py:190} INFO - [2026-06-18T11:04:47.840+0000] {dagbag.py:588} INFO - Filling up the DagBag from /opt/airflow/dags/crypto_pipeline_dag.py
[2026-06-18T11:04:47.858+0000] {processor.py:925} INFO - DAG(s) 'crypto_pipeline_dag' retrieved from /opt/airflow/dags/crypto_pipeline_dag.py
[2026-06-18T11:04:47.883+0000] {logging_mixin.py:190} INFO - [2026-06-18T11:04:47.883+0000] {dag.py:3239} INFO - Sync 1 DAGs
[2026-06-18T11:04:47.899+0000] {logging_mixin.py:190} INFO - [2026-06-18T11:04:47.899+0000] {dag.py:4180} INFO - Setting next_dagrun for crypto_pipeline_dag to 2026-06-18 00:00:00+00:00, run_after=2026-06-19 00:00:00+00:00
[2026-06-18T11:04:47.911+0000] {processor.py:208} INFO - Processing /opt/airflow/dags/crypto_pipeline_dag.py took 0.079 seconds
[2026-06-18T11:05:18.050+0000] {processor.py:186} INFO - Started process (PID=1937) to work on /opt/airflow/dags/crypto_pipeline_dag.py
[2026-06-18T11:05:18.051+0000] {processor.py:914} INFO - Processing file /opt/airflow/dags/crypto_pipeline_dag.py for tasks to queue
[2026-06-18T11:05:18.053+0000] {logging_mixin.py:190} INFO - [2026-06-18T11:05:18.053+0000] {dagbag.py:588} INFO - Filling up the DagBag from /opt/airflow/dags/crypto_pipeline_dag.py
[2026-06-18T11:05:18.072+0000] {processor.py:925} INFO - DAG(s) 'crypto_pipeline_dag' retrieved from /opt/airflow/dags/crypto_pipeline_dag.py
[2026-06-18T11:05:18.100+0000] {logging_mixin.py:190} INFO - [2026-06-18T11:05:18.100+0000] {dag.py:3239} INFO - Sync 1 DAGs
[2026-06-18T11:05:18.123+0000] {logging_mixin.py:190} INFO - [2026-06-18T11:05:18.122+0000] {dag.py:4180} INFO - Setting next_dagrun for crypto_pipeline_dag to 2026-06-18 00:00:00+00:00, run_after=2026-06-19 00:00:00+00:00
[2026-06-18T11:05:18.141+0000] {processor.py:208} INFO - Processing /opt/airflow/dags/crypto_pipeline_dag.py took 0.096 seconds
[2026-06-18T11:05:48.342+0000] {processor.py:186} INFO - Started process (PID=1942) to work on /opt/airflow/dags/crypto_pipeline_dag.py
[2026-06-18T11:05:48.342+0000] {processor.py:914} INFO - Processing file /opt/airflow/dags/crypto_pipeline_dag.py for tasks to queue
[2026-06-18T11:05:48.344+0000] {logging_mixin.py:190} INFO - [2026-06-18T11:05:48.344+0000] {dagbag.py:588} INFO - Filling up the DagBag from /opt/airflow/dags/crypto_pipeline_dag.py
[2026-06-18T11:05:48.357+0000] {processor.py:925} INFO - DAG(s) 'crypto_pipeline_dag' retrieved from /opt/airflow/dags/crypto_pipeline_dag.py
[2026-06-18T11:05:48.376+0000] {logging_mixin.py:190} INFO - [2026-06-18T11:05:48.376+0000] {dag.py:3239} INFO - Sync 1 DAGs
[2026-06-18T11:05:48.393+0000] {logging_mixin.py:190} INFO - [2026-06-18T11:05:48.393+0000] {dag.py:4180} INFO - Setting next_dagrun for crypto_pipeline_dag to 2026-06-18 00:00:00+00:00, run_after=2026-06-19 00:00:00+00:00
[2026-06-18T11:05:48.405+0000] {processor.py:208} INFO - Processing /opt/airflow/dags/crypto_pipeline_dag.py took 0.068 seconds
[2026-06-18T11:06:18.694+0000] {processor.py:186} INFO - Started process (PID=1947) to work on /opt/airflow/dags/crypto_pipeline_dag.py
[2026-06-18T11:06:18.696+0000] {processor.py:914} INFO - Processing file /opt/airflow/dags/crypto_pipeline_dag.py for tasks to queue
[2026-06-18T11:06:18.699+0000] {logging_mixin.py:190} INFO - [2026-06-18T11:06:18.698+0000] {dagbag.py:588} INFO - Filling up the DagBag from /opt/airflow/dags/crypto_pipeline_dag.py
[2026-06-18T11:06:18.715+0000] {processor.py:925} INFO - DAG(s) 'crypto_pipeline_dag' retrieved from /opt/airflow/dags/crypto_pipeline_dag.py
[2026-06-18T11:06:18.739+0000] {logging_mixin.py:190} INFO - [2026-06-18T11:06:18.739+0000] {dag.py:3239} INFO - Sync 1 DAGs
[2026-06-18T11:06:18.760+0000] {logging_mixin.py:190} INFO - [2026-06-18T11:06:18.760+0000] {dag.py:4180} INFO - Setting next_dagrun for crypto_pipeline_dag to 2026-06-18 00:00:00+00:00, run_after=2026-06-19 00:00:00+00:00
[2026-06-18T11:06:18.777+0000] {processor.py:208} INFO - Processing /opt/airflow/dags/crypto_pipeline_dag.py took 0.087 seconds
[2026-06-18T11:06:48.918+0000] {processor.py:186} INFO - Started process (PID=1952) to work on /opt/airflow/dags/crypto_pipeline_dag.py
[2026-06-18T11:06:48.919+0000] {processor.py:914} INFO - Processing file /opt/airflow/dags/crypto_pipeline_dag.py for tasks to queue
[2026-06-18T11:06:48.921+0000] {logging_mixin.py:190} INFO - [2026-06-18T11:06:48.921+0000] {dagbag.py:588} INFO - Filling up the DagBag from /opt/airflow/dags/crypto_pipeline_dag.py
[2026-06-18T11:06:48.936+0000] {processor.py:925} INFO - DAG(s) 'crypto_pipeline_dag' retrieved from /opt/airflow/dags/crypto_pipeline_dag.py
[2026-06-18T11:06:48.957+0000] {logging_mixin.py:190} INFO - [2026-06-18T11:06:48.957+0000] {dag.py:3239} INFO - Sync 1 DAGs
[2026-06-18T11:06:48.974+0000] {logging_mixin.py:190} INFO - [2026-06-18T11:06:48.974+0000] {dag.py:4180} INFO - Setting next_dagrun for crypto_pipeline_dag to 2026-06-18 00:00:00+00:00, run_after=2026-06-19 00:00:00+00:00
[2026-06-18T11:06:48.988+0000] {processor.py:208} INFO - Processing /opt/airflow/dags/crypto_pipeline_dag.py took 0.074 seconds
[2026-06-18T11:07:19.220+0000] {processor.py:186} INFO - Started process (PID=1957) to work on /opt/airflow/dags/crypto_pipeline_dag.py
[2026-06-18T11:07:19.222+0000] {processor.py:914} INFO - Processing file /opt/airflow/dags/crypto_pipeline_dag.py for tasks to queue
[2026-06-18T11:07:19.224+0000] {logging_mixin.py:190} INFO - [2026-06-18T11:07:19.224+0000] {dagbag.py:588} INFO - Filling up the DagBag from /opt/airflow/dags/crypto_pipeline_dag.py
[2026-06-18T11:07:19.244+0000] {processor.py:925} INFO - DAG(s) 'crypto_pipeline_dag' retrieved from /opt/airflow/dags/crypto_pipeline_dag.py
[2026-06-18T11:07:19.265+0000] {logging_mixin.py:190} INFO - [2026-06-18T11:07:19.265+0000] {dag.py:3239} INFO - Sync 1 DAGs
[2026-06-18T11:07:19.282+0000] {logging_mixin.py:190} INFO - [2026-06-18T11:07:19.282+0000] {dag.py:4180} INFO - Setting next_dagrun for crypto_pipeline_dag to 2026-06-18 00:00:00+00:00, run_after=2026-06-19 00:00:00+00:00
[2026-06-18T11:07:19.297+0000] {processor.py:208} INFO - Processing /opt/airflow/dags/crypto_pipeline_dag.py took 0.080 seconds
[2026-06-18T11:07:49.484+0000] {processor.py:186} INFO - Started process (PID=1962) to work on /opt/airflow/dags/crypto_pipeline_dag.py
[2026-06-18T11:07:49.485+0000] {processor.py:914} INFO - Processing file /opt/airflow/dags/crypto_pipeline_dag.py for tasks to queue
[2026-06-18T11:07:49.487+0000] {logging_mixin.py:190} INFO - [2026-06-18T11:07:49.486+0000] {dagbag.py:588} INFO - Filling up the DagBag from /opt/airflow/dags/crypto_pipeline_dag.py
[2026-06-18T11:07:49.499+0000] {processor.py:925} INFO - DAG(s) 'crypto_pipeline_dag' retrieved from /opt/airflow/dags/crypto_pipeline_dag.py
[2026-06-18T11:07:49.518+0000] {logging_mixin.py:190} INFO - [2026-06-18T11:07:49.518+0000] {dag.py:3239} INFO - Sync 1 DAGs
[2026-06-18T11:07:49.535+0000] {logging_mixin.py:190} INFO - [2026-06-18T11:07:49.535+0000] {dag.py:4180} INFO - Setting next_dagrun for crypto_pipeline_dag to 2026-06-18 00:00:00+00:00, run_after=2026-06-19 00:00:00+00:00
[2026-06-18T11:07:49.548+0000] {processor.py:208} INFO - Processing /opt/airflow/dags/crypto_pipeline_dag.py took 0.068 seconds
[2026-06-18T11:08:19.859+0000] {processor.py:186} INFO - Started process (PID=1967) to work on /opt/airflow/dags/crypto_pipeline_dag.py
[2026-06-18T11:08:19.859+0000] {processor.py:914} INFO - Processing file /opt/airflow/dags/crypto_pipeline_dag.py for tasks to queue
[2026-06-18T11:08:19.861+0000] {logging_mixin.py:190} INFO - [2026-06-18T11:08:19.861+0000] {dagbag.py:588} INFO - Filling up the DagBag from /opt/airflow/dags/crypto_pipeline_dag.py
[2026-06-18T11:08:19.878+0000] {processor.py:925} INFO - DAG(s) 'crypto_pipeline_dag' retrieved from /opt/airflow/dags/crypto_pipeline_dag.py
[2026-06-18T11:08:19.898+0000] {logging_mixin.py:190} INFO - [2026-06-18T11:08:19.898+0000] {dag.py:3239} INFO - Sync 1 DAGs
[2026-06-18T11:08:19.915+0000] {logging_mixin.py:190} INFO - [2026-06-18T11:08:19.915+0000] {dag.py:4180} INFO - Setting next_dagrun for crypto_pipeline_dag to 2026-06-18 00:00:00+00:00, run_after=2026-06-19 00:00:00+00:00
[2026-06-18T11:08:19.930+0000] {processor.py:208} INFO - Processing /opt/airflow/dags/crypto_pipeline_dag.py took 0.075 seconds
[2026-06-18T11:08:50.140+0000] {processor.py:186} INFO - Started process (PID=1972) to work on /opt/airflow/dags/crypto_pipeline_dag.py
[2026-06-18T11:08:50.141+0000] {processor.py:914} INFO - Processing file /opt/airflow/dags/crypto_pipeline_dag.py for tasks to queue
[2026-06-18T11:08:50.143+0000] {logging_mixin.py:190} INFO - [2026-06-18T11:08:50.143+0000] {dagbag.py:588} INFO - Filling up the DagBag from /opt/airflow/dags/crypto_pipeline_dag.py
[2026-06-18T11:08:50.161+0000] {processor.py:925} INFO - DAG(s) 'crypto_pipeline_dag' retrieved from /opt/airflow/dags/crypto_pipeline_dag.py
[2026-06-18T11:08:50.186+0000] {logging_mixin.py:190} INFO - [2026-06-18T11:08:50.186+0000] {dag.py:3239} INFO - Sync 1 DAGs
[2026-06-18T11:08:50.206+0000] {logging_mixin.py:190} INFO - [2026-06-18T11:08:50.206+0000] {dag.py:4180} INFO - Setting next_dagrun for crypto_pipeline_dag to 2026-06-18 00:00:00+00:00, run_after=2026-06-19 00:00:00+00:00
[2026-06-18T11:08:50.222+0000] {processor.py:208} INFO - Processing /opt/airflow/dags/crypto_pipeline_dag.py took 0.086 seconds
[2026-06-18T11:09:20.370+0000] {processor.py:186} INFO - Started process (PID=1977) to work on /opt/airflow/dags/crypto_pipeline_dag.py
[2026-06-18T11:09:20.371+0000] {processor.py:914} INFO - Processing file /opt/airflow/dags/crypto_pipeline_dag.py for tasks to queue
[2026-06-18T11:09:20.373+0000] {logging_mixin.py:190} INFO - [2026-06-18T11:09:20.373+0000] {dagbag.py:588} INFO - Filling up the DagBag from /opt/airflow/dags/crypto_pipeline_dag.py
[2026-06-18T11:09:20.391+0000] {processor.py:925} INFO - DAG(s) 'crypto_pipeline_dag' retrieved from /opt/airflow/dags/crypto_pipeline_dag.py
[2026-06-18T11:09:20.417+0000] {logging_mixin.py:190} INFO - [2026-06-18T11:09:20.417+0000] {dag.py:3239} INFO - Sync 1 DAGs
[2026-06-18T11:09:20.436+0000] {logging_mixin.py:190} INFO - [2026-06-18T11:09:20.435+0000] {dag.py:4180} INFO - Setting next_dagrun for crypto_pipeline_dag to 2026-06-18 00:00:00+00:00, run_after=2026-06-19 00:00:00+00:00
[2026-06-18T11:09:20.453+0000] {processor.py:208} INFO - Processing /opt/airflow/dags/crypto_pipeline_dag.py took 0.088 seconds
[2026-06-18T11:09:50.715+0000] {processor.py:186} INFO - Started process (PID=1982) to work on /opt/airflow/dags/crypto_pipeline_dag.py
[2026-06-18T11:09:50.715+0000] {processor.py:914} INFO - Processing file /opt/airflow/dags/crypto_pipeline_dag.py for tasks to queue
[2026-06-18T11:09:50.717+0000] {logging_mixin.py:190} INFO - [2026-06-18T11:09:50.717+0000] {dagbag.py:588} INFO - Filling up the DagBag from /opt/airflow/dags/crypto_pipeline_dag.py
[2026-06-18T11:09:50.730+0000] {processor.py:925} INFO - DAG(s) 'crypto_pipeline_dag' retrieved from /opt/airflow/dags/crypto_pipeline_dag.py
[2026-06-18T11:09:50.750+0000] {logging_mixin.py:190} INFO - [2026-06-18T11:09:50.750+0000] {dag.py:3239} INFO - Sync 1 DAGs
[2026-06-18T11:09:50.766+0000] {logging_mixin.py:190} INFO - [2026-06-18T11:09:50.766+0000] {dag.py:4180} INFO - Setting next_dagrun for crypto_pipeline_dag to 2026-06-18 00:00:00+00:00, run_after=2026-06-19 00:00:00+00:00
[2026-06-18T11:09:50.779+0000] {processor.py:208} INFO - Processing /opt/airflow/dags/crypto_pipeline_dag.py took 0.068 seconds
[2026-06-18T11:10:20.975+0000] {processor.py:186} INFO - Started process (PID=1987) to work on /opt/airflow/dags/crypto_pipeline_dag.py
[2026-06-18T11:10:20.976+0000] {processor.py:914} INFO - Processing file /opt/airflow/dags/crypto_pipeline_dag.py for tasks to queue
[2026-06-18T11:10:20.978+0000] {logging_mixin.py:190} INFO - [2026-06-18T11:10:20.978+0000] {dagbag.py:588} INFO - Filling up the DagBag from /opt/airflow/dags/crypto_pipeline_dag.py
[2026-06-18T11:10:20.992+0000] {processor.py:925} INFO - DAG(s) 'crypto_pipeline_dag' retrieved from /opt/airflow/dags/crypto_pipeline_dag.py
[2026-06-18T11:10:21.014+0000] {logging_mixin.py:190} INFO - [2026-06-18T11:10:21.014+0000] {dag.py:3239} INFO - Sync 1 DAGs
[2026-06-18T11:10:21.032+0000] {logging_mixin.py:190} INFO - [2026-06-18T11:10:21.032+0000] {dag.py:4180} INFO - Setting next_dagrun for crypto_pipeline_dag to 2026-06-18 00:00:00+00:00, run_after=2026-06-19 00:00:00+00:00
[2026-06-18T11:10:21.046+0000] {processor.py:208} INFO - Processing /opt/airflow/dags/crypto_pipeline_dag.py took 0.076 seconds
[2026-06-18T11:10:51.247+0000] {processor.py:186} INFO - Started process (PID=1992) to work on /opt/airflow/dags/crypto_pipeline_dag.py
[2026-06-18T11:10:51.248+0000] {processor.py:914} INFO - Processing file /opt/airflow/dags/crypto_pipeline_dag.py for tasks to queue
[2026-06-18T11:10:51.250+0000] {logging_mixin.py:190} INFO - [2026-06-18T11:10:51.250+0000] {dagbag.py:588} INFO - Filling up the DagBag from /opt/airflow/dags/crypto_pipeline_dag.py
[2026-06-18T11:10:51.263+0000] {processor.py:925} INFO - DAG(s) 'crypto_pipeline_dag' retrieved from /opt/airflow/dags/crypto_pipeline_dag.py
[2026-06-18T11:10:51.283+0000] {logging_mixin.py:190} INFO - [2026-06-18T11:10:51.282+0000] {dag.py:3239} INFO - Sync 1 DAGs
[2026-06-18T11:10:51.298+0000] {logging_mixin.py:190} INFO - [2026-06-18T11:10:51.298+0000] {dag.py:4180} INFO - Setting next_dagrun for crypto_pipeline_dag to 2026-06-18 00:00:00+00:00, run_after=2026-06-19 00:00:00+00:00
[2026-06-18T11:10:51.312+0000] {processor.py:208} INFO - Processing /opt/airflow/dags/crypto_pipeline_dag.py took 0.069 seconds
[2026-06-18T11:11:21.555+0000] {processor.py:186} INFO - Started process (PID=1997) to work on /opt/airflow/dags/crypto_pipeline_dag.py
[2026-06-18T11:11:21.556+0000] {processor.py:914} INFO - Processing file /opt/airflow/dags/crypto_pipeline_dag.py for tasks to queue
[2026-06-18T11:11:21.558+0000] {logging_mixin.py:190} INFO - [2026-06-18T11:11:21.558+0000] {dagbag.py:588} INFO - Filling up the DagBag from /opt/airflow/dags/crypto_pipeline_dag.py
[2026-06-18T11:11:21.577+0000] {processor.py:925} INFO - DAG(s) 'crypto_pipeline_dag' retrieved from /opt/airflow/dags/crypto_pipeline_dag.py
[2026-06-18T11:11:21.597+0000] {logging_mixin.py:190} INFO - [2026-06-18T11:11:21.597+0000] {dag.py:3239} INFO - Sync 1 DAGs
[2026-06-18T11:11:21.616+0000] {logging_mixin.py:190} INFO - [2026-06-18T11:11:21.616+0000] {dag.py:4180} INFO - Setting next_dagrun for crypto_pipeline_dag to 2026-06-18 00:00:00+00:00, run_after=2026-06-19 00:00:00+00:00
[2026-06-18T11:11:21.633+0000] {processor.py:208} INFO - Processing /opt/airflow/dags/crypto_pipeline_dag.py took 0.082 seconds
[2026-06-18T11:11:51.887+0000] {processor.py:186} INFO - Started process (PID=2002) to work on /opt/airflow/dags/crypto_pipeline_dag.py
[2026-06-18T11:11:51.887+0000] {processor.py:914} INFO - Processing file /opt/airflow/dags/crypto_pipeline_dag.py for tasks to queue
[2026-06-18T11:11:51.889+0000] {logging_mixin.py:190} INFO - [2026-06-18T11:11:51.889+0000] {dagbag.py:588} INFO - Filling up the DagBag from /opt/airflow/dags/crypto_pipeline_dag.py
[2026-06-18T11:11:51.901+0000] {processor.py:925} INFO - DAG(s) 'crypto_pipeline_dag' retrieved from /opt/airflow/dags/crypto_pipeline_dag.py
[2026-06-18T11:11:51.923+0000] {logging_mixin.py:190} INFO - [2026-06-18T11:11:51.923+0000] {dag.py:3239} INFO - Sync 1 DAGs
[2026-06-18T11:11:51.941+0000] {logging_mixin.py:190} INFO - [2026-06-18T11:11:51.941+0000] {dag.py:4180} INFO - Setting next_dagrun for crypto_pipeline_dag to 2026-06-18 00:00:00+00:00, run_after=2026-06-19 00:00:00+00:00
[2026-06-18T11:11:51.955+0000] {processor.py:208} INFO - Processing /opt/airflow/dags/crypto_pipeline_dag.py took 0.072 seconds
[2026-06-18T11:12:22.167+0000] {processor.py:186} INFO - Started process (PID=2007) to work on /opt/airflow/dags/crypto_pipeline_dag.py
[2026-06-18T11:12:22.169+0000] {processor.py:914} INFO - Processing file /opt/airflow/dags/crypto_pipeline_dag.py for tasks to queue
[2026-06-18T11:12:22.170+0000] {logging_mixin.py:190} INFO - [2026-06-18T11:12:22.170+0000] {dagbag.py:588} INFO - Filling up the DagBag from /opt/airflow/dags/crypto_pipeline_dag.py
[2026-06-18T11:12:22.182+0000] {processor.py:925} INFO - DAG(s) 'crypto_pipeline_dag' retrieved from /opt/airflow/dags/crypto_pipeline_dag.py
[2026-06-18T11:12:22.203+0000] {logging_mixin.py:190} INFO - [2026-06-18T11:12:22.202+0000] {dag.py:3239} INFO - Sync 1 DAGs
[2026-06-18T11:12:22.219+0000] {logging_mixin.py:190} INFO - [2026-06-18T11:12:22.218+0000] {dag.py:4180} INFO - Setting next_dagrun for crypto_pipeline_dag to 2026-06-18 00:00:00+00:00, run_after=2026-06-19 00:00:00+00:00
[2026-06-18T11:12:22.232+0000] {processor.py:208} INFO - Processing /opt/airflow/dags/crypto_pipeline_dag.py took 0.069 seconds
[2026-06-18T11:12:52.429+0000] {processor.py:186} INFO - Started process (PID=2012) to work on /opt/airflow/dags/crypto_pipeline_dag.py
[2026-06-18T11:12:52.429+0000] {processor.py:914} INFO - Processing file /opt/airflow/dags/crypto_pipeline_dag.py for tasks to queue
[2026-06-18T11:12:52.431+0000] {logging_mixin.py:190} INFO - [2026-06-18T11:12:52.431+0000] {dagbag.py:588} INFO - Filling up the DagBag from /opt/airflow/dags/crypto_pipeline_dag.py
[2026-06-18T11:12:52.445+0000] {processor.py:925} INFO - DAG(s) 'crypto_pipeline_dag' retrieved from /opt/airflow/dags/crypto_pipeline_dag.py
[2026-06-18T11:12:52.467+0000] {logging_mixin.py:190} INFO - [2026-06-18T11:12:52.467+0000] {dag.py:3239} INFO - Sync 1 DAGs
[2026-06-18T11:12:52.486+0000] {logging_mixin.py:190} INFO - [2026-06-18T11:12:52.486+0000] {dag.py:4180} INFO - Setting next_dagrun for crypto_pipeline_dag to 2026-06-18 00:00:00+00:00, run_after=2026-06-19 00:00:00+00:00
[2026-06-18T11:12:52.500+0000] {processor.py:208} INFO - Processing /opt/airflow/dags/crypto_pipeline_dag.py took 0.076 seconds
[2026-06-18T11:13:22.709+0000] {processor.py:186} INFO - Started process (PID=2017) to work on /opt/airflow/dags/crypto_pipeline_dag.py
[2026-06-18T11:13:22.710+0000] {processor.py:914} INFO - Processing file /opt/airflow/dags/crypto_pipeline_dag.py for tasks to queue
[2026-06-18T11:13:22.711+0000] {logging_mixin.py:190} INFO - [2026-06-18T11:13:22.711+0000] {dagbag.py:588} INFO - Filling up the DagBag from /opt/airflow/dags/crypto_pipeline_dag.py
[2026-06-18T11:13:22.724+0000] {processor.py:925} INFO - DAG(s) 'crypto_pipeline_dag' retrieved from /opt/airflow/dags/crypto_pipeline_dag.py
[2026-06-18T11:13:22.744+0000] {logging_mixin.py:190} INFO - [2026-06-18T11:13:22.744+0000] {dag.py:3239} INFO - Sync 1 DAGs
[2026-06-18T11:13:22.761+0000] {logging_mixin.py:190} INFO - [2026-06-18T11:13:22.761+0000] {dag.py:4180} INFO - Setting next_dagrun for crypto_pipeline_dag to 2026-06-18 00:00:00+00:00, run_after=2026-06-19 00:00:00+00:00
[2026-06-18T11:13:22.774+0000] {processor.py:208} INFO - Processing /opt/airflow/dags/crypto_pipeline_dag.py took 0.069 seconds
[2026-06-18T11:13:53.019+0000] {processor.py:186} INFO - Started process (PID=2022) to work on /opt/airflow/dags/crypto_pipeline_dag.py
[2026-06-18T11:13:53.020+0000] {processor.py:914} INFO - Processing file /opt/airflow/dags/crypto_pipeline_dag.py for tasks to queue
[2026-06-18T11:13:53.021+0000] {logging_mixin.py:190} INFO - [2026-06-18T11:13:53.021+0000] {dagbag.py:588} INFO - Filling up the DagBag from /opt/airflow/dags/crypto_pipeline_dag.py
[2026-06-18T11:13:53.033+0000] {processor.py:925} INFO - DAG(s) 'crypto_pipeline_dag' retrieved from /opt/airflow/dags/crypto_pipeline_dag.py
[2026-06-18T11:13:53.052+0000] {logging_mixin.py:190} INFO - [2026-06-18T11:13:53.052+0000] {dag.py:3239} INFO - Sync 1 DAGs
[2026-06-18T11:13:53.070+0000] {logging_mixin.py:190} INFO - [2026-06-18T11:13:53.070+0000] {dag.py:4180} INFO - Setting next_dagrun for crypto_pipeline_dag to 2026-06-18 00:00:00+00:00, run_after=2026-06-19 00:00:00+00:00
[2026-06-18T11:13:53.083+0000] {processor.py:208} INFO - Processing /opt/airflow/dags/crypto_pipeline_dag.py took 0.067 seconds
[2026-06-18T11:14:23.307+0000] {processor.py:186} INFO - Started process (PID=2027) to work on /opt/airflow/dags/crypto_pipeline_dag.py
[2026-06-18T11:14:23.308+0000] {processor.py:914} INFO - Processing file /opt/airflow/dags/crypto_pipeline_dag.py for tasks to queue
[2026-06-18T11:14:23.310+0000] {logging_mixin.py:190} INFO - [2026-06-18T11:14:23.309+0000] {dagbag.py:588} INFO - Filling up the DagBag from /opt/airflow/dags/crypto_pipeline_dag.py
[2026-06-18T11:14:23.322+0000] {processor.py:925} INFO - DAG(s) 'crypto_pipeline_dag' retrieved from /opt/airflow/dags/crypto_pipeline_dag.py
[2026-06-18T11:14:23.341+0000] {logging_mixin.py:190} INFO - [2026-06-18T11:14:23.341+0000] {dag.py:3239} INFO - Sync 1 DAGs
[2026-06-18T11:14:23.358+0000] {logging_mixin.py:190} INFO - [2026-06-18T11:14:23.358+0000] {dag.py:4180} INFO - Setting next_dagrun for crypto_pipeline_dag to 2026-06-18 00:00:00+00:00, run_after=2026-06-19 00:00:00+00:00
[2026-06-18T11:14:23.370+0000] {processor.py:208} INFO - Processing /opt/airflow/dags/crypto_pipeline_dag.py took 0.067 seconds
[2026-06-18T11:14:53.531+0000] {processor.py:186} INFO - Started process (PID=2032) to work on /opt/airflow/dags/crypto_pipeline_dag.py
[2026-06-18T11:14:53.532+0000] {processor.py:914} INFO - Processing file /opt/airflow/dags/crypto_pipeline_dag.py for tasks to queue
[2026-06-18T11:14:53.535+0000] {logging_mixin.py:190} INFO - [2026-06-18T11:14:53.535+0000] {dagbag.py:588} INFO - Filling up the DagBag from /opt/airflow/dags/crypto_pipeline_dag.py
[2026-06-18T11:14:53.549+0000] {processor.py:925} INFO - DAG(s) 'crypto_pipeline_dag' retrieved from /opt/airflow/dags/crypto_pipeline_dag.py
[2026-06-18T11:14:53.570+0000] {logging_mixin.py:190} INFO - [2026-06-18T11:14:53.570+0000] {dag.py:3239} INFO - Sync 1 DAGs
[2026-06-18T11:14:53.588+0000] {logging_mixin.py:190} INFO - [2026-06-18T11:14:53.588+0000] {dag.py:4180} INFO - Setting next_dagrun for crypto_pipeline_dag to 2026-06-18 00:00:00+00:00, run_after=2026-06-19 00:00:00+00:00
[2026-06-18T11:14:53.602+0000] {processor.py:208} INFO - Processing /opt/airflow/dags/crypto_pipeline_dag.py took 0.075 seconds
[2026-06-18T11:15:23.819+0000] {processor.py:186} INFO - Started process (PID=2037) to work on /opt/airflow/dags/crypto_pipeline_dag.py
[2026-06-18T11:15:23.820+0000] {processor.py:914} INFO - Processing file /opt/airflow/dags/crypto_pipeline_dag.py for tasks to queue
[2026-06-18T11:15:23.822+0000] {logging_mixin.py:190} INFO - [2026-06-18T11:15:23.822+0000] {dagbag.py:588} INFO - Filling up the DagBag from /opt/airflow/dags/crypto_pipeline_dag.py
[2026-06-18T11:15:23.835+0000] {processor.py:925} INFO - DAG(s) 'crypto_pipeline_dag' retrieved from /opt/airflow/dags/crypto_pipeline_dag.py
[2026-06-18T11:15:23.854+0000] {logging_mixin.py:190} INFO - [2026-06-18T11:15:23.854+0000] {dag.py:3239} INFO - Sync 1 DAGs
[2026-06-18T11:15:23.870+0000] {logging_mixin.py:190} INFO - [2026-06-18T11:15:23.870+0000] {dag.py:4180} INFO - Setting next_dagrun for crypto_pipeline_dag to 2026-06-18 00:00:00+00:00, run_after=2026-06-19 00:00:00+00:00
[2026-06-18T11:15:23.882+0000] {processor.py:208} INFO - Processing /opt/airflow/dags/crypto_pipeline_dag.py took 0.067 seconds
[2026-06-18T11:15:54.122+0000] {processor.py:186} INFO - Started process (PID=2042) to work on /opt/airflow/dags/crypto_pipeline_dag.py
[2026-06-18T11:15:54.123+0000] {processor.py:914} INFO - Processing file /opt/airflow/dags/crypto_pipeline_dag.py for tasks to queue
[2026-06-18T11:15:54.125+0000] {logging_mixin.py:190} INFO - [2026-06-18T11:15:54.125+0000] {dagbag.py:588} INFO - Filling up the DagBag from /opt/airflow/dags/crypto_pipeline_dag.py
[2026-06-18T11:15:54.138+0000] {processor.py:925} INFO - DAG(s) 'crypto_pipeline_dag' retrieved from /opt/airflow/dags/crypto_pipeline_dag.py
[2026-06-18T11:15:54.158+0000] {logging_mixin.py:190} INFO - [2026-06-18T11:15:54.157+0000] {dag.py:3239} INFO - Sync 1 DAGs
[2026-06-18T11:15:54.174+0000] {logging_mixin.py:190} INFO - [2026-06-18T11:15:54.174+0000] {dag.py:4180} INFO - Setting next_dagrun for crypto_pipeline_dag to 2026-06-18 00:00:00+00:00, run_after=2026-06-19 00:00:00+00:00
[2026-06-18T11:15:54.187+0000] {processor.py:208} INFO - Processing /opt/airflow/dags/crypto_pipeline_dag.py took 0.069 seconds
[2026-06-18T11:16:24.380+0000] {processor.py:186} INFO - Started process (PID=2047) to work on /opt/airflow/dags/crypto_pipeline_dag.py
[2026-06-18T11:16:24.381+0000] {processor.py:914} INFO - Processing file /opt/airflow/dags/crypto_pipeline_dag.py for tasks to queue
[2026-06-18T11:16:24.383+0000] {logging_mixin.py:190} INFO - [2026-06-18T11:16:24.383+0000] {dagbag.py:588} INFO - Filling up the DagBag from /opt/airflow/dags/crypto_pipeline_dag.py
[2026-06-18T11:16:24.398+0000] {processor.py:925} INFO - DAG(s) 'crypto_pipeline_dag' retrieved from /opt/airflow/dags/crypto_pipeline_dag.py
[2026-06-18T11:16:24.419+0000] {logging_mixin.py:190} INFO - [2026-06-18T11:16:24.419+0000] {dag.py:3239} INFO - Sync 1 DAGs
[2026-06-18T11:16:24.438+0000] {logging_mixin.py:190} INFO - [2026-06-18T11:16:24.437+0000] {dag.py:4180} INFO - Setting next_dagrun for crypto_pipeline_dag to 2026-06-18 00:00:00+00:00, run_after=2026-06-19 00:00:00+00:00
[2026-06-18T11:16:24.453+0000] {processor.py:208} INFO - Processing /opt/airflow/dags/crypto_pipeline_dag.py took 0.077 seconds
[2026-06-18T11:16:54.625+0000] {processor.py:186} INFO - Started process (PID=2052) to work on /opt/airflow/dags/crypto_pipeline_dag.py
[2026-06-18T11:16:54.626+0000] {processor.py:914} INFO - Processing file /opt/airflow/dags/crypto_pipeline_dag.py for tasks to queue
[2026-06-18T11:16:54.628+0000] {logging_mixin.py:190} INFO - [2026-06-18T11:16:54.628+0000] {dagbag.py:588} INFO - Filling up the DagBag from /opt/airflow/dags/crypto_pipeline_dag.py
[2026-06-18T11:16:54.643+0000] {processor.py:925} INFO - DAG(s) 'crypto_pipeline_dag' retrieved from /opt/airflow/dags/crypto_pipeline_dag.py
[2026-06-18T11:16:54.666+0000] {logging_mixin.py:190} INFO - [2026-06-18T11:16:54.666+0000] {dag.py:3239} INFO - Sync 1 DAGs
[2026-06-18T11:16:54.684+0000] {logging_mixin.py:190} INFO - [2026-06-18T11:16:54.684+0000] {dag.py:4180} INFO - Setting next_dagrun for crypto_pipeline_dag to 2026-06-18 00:00:00+00:00, run_after=2026-06-19 00:00:00+00:00
[2026-06-18T11:16:54.698+0000] {processor.py:208} INFO - Processing /opt/airflow/dags/crypto_pipeline_dag.py took 0.078 seconds
[2026-06-18T11:17:24.910+0000] {processor.py:186} INFO - Started process (PID=2057) to work on /opt/airflow/dags/crypto_pipeline_dag.py
[2026-06-18T11:17:24.911+0000] {processor.py:914} INFO - Processing file /opt/airflow/dags/crypto_pipeline_dag.py for tasks to queue
[2026-06-18T11:17:24.913+0000] {logging_mixin.py:190} INFO - [2026-06-18T11:17:24.912+0000] {dagbag.py:588} INFO - Filling up the DagBag from /opt/airflow/dags/crypto_pipeline_dag.py
[2026-06-18T11:17:24.925+0000] {processor.py:925} INFO - DAG(s) 'crypto_pipeline_dag' retrieved from /opt/airflow/dags/crypto_pipeline_dag.py
[2026-06-18T11:17:24.944+0000] {logging_mixin.py:190} INFO - [2026-06-18T11:17:24.944+0000] {dag.py:3239} INFO - Sync 1 DAGs
[2026-06-18T11:17:24.960+0000] {logging_mixin.py:190} INFO - [2026-06-18T11:17:24.960+0000] {dag.py:4180} INFO - Setting next_dagrun for crypto_pipeline_dag to 2026-06-18 00:00:00+00:00, run_after=2026-06-19 00:00:00+00:00
[2026-06-18T11:17:24.974+0000] {processor.py:208} INFO - Processing /opt/airflow/dags/crypto_pipeline_dag.py took 0.068 seconds
[2026-06-18T11:17:55.177+0000] {processor.py:186} INFO - Started process (PID=2062) to work on /opt/airflow/dags/crypto_pipeline_dag.py
[2026-06-18T11:17:55.178+0000] {processor.py:914} INFO - Processing file /opt/airflow/dags/crypto_pipeline_dag.py for tasks to queue
[2026-06-18T11:17:55.180+0000] {logging_mixin.py:190} INFO - [2026-06-18T11:17:55.180+0000] {dagbag.py:588} INFO - Filling up the DagBag from /opt/airflow/dags/crypto_pipeline_dag.py
[2026-06-18T11:17:55.193+0000] {processor.py:925} INFO - DAG(s) 'crypto_pipeline_dag' retrieved from /opt/airflow/dags/crypto_pipeline_dag.py
[2026-06-18T11:17:55.213+0000] {logging_mixin.py:190} INFO - [2026-06-18T11:17:55.213+0000] {dag.py:3239} INFO - Sync 1 DAGs
[2026-06-18T11:17:55.229+0000] {logging_mixin.py:190} INFO - [2026-06-18T11:17:55.229+0000] {dag.py:4180} INFO - Setting next_dagrun for crypto_pipeline_dag to 2026-06-18 00:00:00+00:00, run_after=2026-06-19 00:00:00+00:00
[2026-06-18T11:17:55.243+0000] {processor.py:208} INFO - Processing /opt/airflow/dags/crypto_pipeline_dag.py took 0.071 seconds
[2026-06-18T11:18:25.526+0000] {processor.py:186} INFO - Started process (PID=2067) to work on /opt/airflow/dags/crypto_pipeline_dag.py
[2026-06-18T11:18:25.527+0000] {processor.py:914} INFO - Processing file /opt/airflow/dags/crypto_pipeline_dag.py for tasks to queue
[2026-06-18T11:18:25.529+0000] {logging_mixin.py:190} INFO - [2026-06-18T11:18:25.529+0000] {dagbag.py:588} INFO - Filling up the DagBag from /opt/airflow/dags/crypto_pipeline_dag.py
[2026-06-18T11:18:25.541+0000] {processor.py:925} INFO - DAG(s) 'crypto_pipeline_dag' retrieved from /opt/airflow/dags/crypto_pipeline_dag.py
[2026-06-18T11:18:25.560+0000] {logging_mixin.py:190} INFO - [2026-06-18T11:18:25.560+0000] {dag.py:3239} INFO - Sync 1 DAGs
[2026-06-18T11:18:25.576+0000] {logging_mixin.py:190} INFO - [2026-06-18T11:18:25.576+0000] {dag.py:4180} INFO - Setting next_dagrun for crypto_pipeline_dag to 2026-06-18 00:00:00+00:00, run_after=2026-06-19 00:00:00+00:00
[2026-06-18T11:18:25.588+0000] {processor.py:208} INFO - Processing /opt/airflow/dags/crypto_pipeline_dag.py took 0.066 seconds
[2026-06-18T11:18:55.776+0000] {processor.py:186} INFO - Started process (PID=2072) to work on /opt/airflow/dags/crypto_pipeline_dag.py
[2026-06-18T11:18:55.777+0000] {processor.py:914} INFO - Processing file /opt/airflow/dags/crypto_pipeline_dag.py for tasks to queue
[2026-06-18T11:18:55.779+0000] {logging_mixin.py:190} INFO - [2026-06-18T11:18:55.779+0000] {dagbag.py:588} INFO - Filling up the DagBag from /opt/airflow/dags/crypto_pipeline_dag.py
[2026-06-18T11:18:55.793+0000] {processor.py:925} INFO - DAG(s) 'crypto_pipeline_dag' retrieved from /opt/airflow/dags/crypto_pipeline_dag.py
[2026-06-18T11:18:55.813+0000] {logging_mixin.py:190} INFO - [2026-06-18T11:18:55.813+0000] {dag.py:3239} INFO - Sync 1 DAGs
[2026-06-18T11:18:55.831+0000] {logging_mixin.py:190} INFO - [2026-06-18T11:18:55.831+0000] {dag.py:4180} INFO - Setting next_dagrun for crypto_pipeline_dag to 2026-06-18 00:00:00+00:00, run_after=2026-06-19 00:00:00+00:00
[2026-06-18T11:18:55.845+0000] {processor.py:208} INFO - Processing /opt/airflow/dags/crypto_pipeline_dag.py took 0.074 seconds
[2026-06-18T11:19:26.034+0000] {processor.py:186} INFO - Started process (PID=2077) to work on /opt/airflow/dags/crypto_pipeline_dag.py
[2026-06-18T11:19:26.035+0000] {processor.py:914} INFO - Processing file /opt/airflow/dags/crypto_pipeline_dag.py for tasks to queue
[2026-06-18T11:19:26.037+0000] {logging_mixin.py:190} INFO - [2026-06-18T11:19:26.037+0000] {dagbag.py:588} INFO - Filling up the DagBag from /opt/airflow/dags/crypto_pipeline_dag.py
[2026-06-18T11:19:26.050+0000] {processor.py:925} INFO - DAG(s) 'crypto_pipeline_dag' retrieved from /opt/airflow/dags/crypto_pipeline_dag.py
[2026-06-18T11:19:26.070+0000] {logging_mixin.py:190} INFO - [2026-06-18T11:19:26.070+0000] {dag.py:3239} INFO - Sync 1 DAGs
[2026-06-18T11:19:26.085+0000] {logging_mixin.py:190} INFO - [2026-06-18T11:19:26.085+0000] {dag.py:4180} INFO - Setting next_dagrun for crypto_pipeline_dag to 2026-06-18 00:00:00+00:00, run_after=2026-06-19 00:00:00+00:00
[2026-06-18T11:19:26.099+0000] {processor.py:208} INFO - Processing /opt/airflow/dags/crypto_pipeline_dag.py took 0.070 seconds
[2026-06-18T11:19:56.328+0000] {processor.py:186} INFO - Started process (PID=2082) to work on /opt/airflow/dags/crypto_pipeline_dag.py
[2026-06-18T11:19:56.329+0000] {processor.py:914} INFO - Processing file /opt/airflow/dags/crypto_pipeline_dag.py for tasks to queue
[2026-06-18T11:19:56.331+0000] {logging_mixin.py:190} INFO - [2026-06-18T11:19:56.331+0000] {dagbag.py:588} INFO - Filling up the DagBag from /opt/airflow/dags/crypto_pipeline_dag.py
[2026-06-18T11:19:56.343+0000] {processor.py:925} INFO - DAG(s) 'crypto_pipeline_dag' retrieved from /opt/airflow/dags/crypto_pipeline_dag.py
[2026-06-18T11:19:56.365+0000] {logging_mixin.py:190} INFO - [2026-06-18T11:19:56.365+0000] {dag.py:3239} INFO - Sync 1 DAGs
[2026-06-18T11:19:56.383+0000] {logging_mixin.py:190} INFO - [2026-06-18T11:19:56.383+0000] {dag.py:4180} INFO - Setting next_dagrun for crypto_pipeline_dag to 2026-06-18 00:00:00+00:00, run_after=2026-06-19 00:00:00+00:00
[2026-06-18T11:19:56.397+0000] {processor.py:208} INFO - Processing /opt/airflow/dags/crypto_pipeline_dag.py took 0.073 seconds
[2026-06-18T11:20:26.590+0000] {processor.py:186} INFO - Started process (PID=2087) to work on /opt/airflow/dags/crypto_pipeline_dag.py
[2026-06-18T11:20:26.591+0000] {processor.py:914} INFO - Processing file /opt/airflow/dags/crypto_pipeline_dag.py for tasks to queue
[2026-06-18T11:20:26.593+0000] {logging_mixin.py:190} INFO - [2026-06-18T11:20:26.592+0000] {dagbag.py:588} INFO - Filling up the DagBag from /opt/airflow/dags/crypto_pipeline_dag.py
[2026-06-18T11:20:26.606+0000] {processor.py:925} INFO - DAG(s) 'crypto_pipeline_dag' retrieved from /opt/airflow/dags/crypto_pipeline_dag.py
[2026-06-18T11:20:26.627+0000] {logging_mixin.py:190} INFO - [2026-06-18T11:20:26.627+0000] {dag.py:3239} INFO - Sync 1 DAGs
[2026-06-18T11:20:26.644+0000] {logging_mixin.py:190} INFO - [2026-06-18T11:20:26.644+0000] {dag.py:4180} INFO - Setting next_dagrun for crypto_pipeline_dag to 2026-06-18 00:00:00+00:00, run_after=2026-06-19 00:00:00+00:00
[2026-06-18T11:20:26.657+0000] {processor.py:208} INFO - Processing /opt/airflow/dags/crypto_pipeline_dag.py took 0.072 seconds
[2026-06-18T11:20:56.870+0000] {processor.py:186} INFO - Started process (PID=2092) to work on /opt/airflow/dags/crypto_pipeline_dag.py
[2026-06-18T11:20:56.871+0000] {processor.py:914} INFO - Processing file /opt/airflow/dags/crypto_pipeline_dag.py for tasks to queue
[2026-06-18T11:20:56.873+0000] {logging_mixin.py:190} INFO - [2026-06-18T11:20:56.872+0000] {dagbag.py:588} INFO - Filling up the DagBag from /opt/airflow/dags/crypto_pipeline_dag.py
[2026-06-18T11:20:56.892+0000] {processor.py:925} INFO - DAG(s) 'crypto_pipeline_dag' retrieved from /opt/airflow/dags/crypto_pipeline_dag.py
[2026-06-18T11:20:56.918+0000] {logging_mixin.py:190} INFO - [2026-06-18T11:20:56.918+0000] {dag.py:3239} INFO - Sync 1 DAGs
[2026-06-18T11:20:56.940+0000] {logging_mixin.py:190} INFO - [2026-06-18T11:20:56.940+0000] {dag.py:4180} INFO - Setting next_dagrun for crypto_pipeline_dag to 2026-06-18 00:00:00+00:00, run_after=2026-06-19 00:00:00+00:00
[2026-06-18T11:20:56.957+0000] {processor.py:208} INFO - Processing /opt/airflow/dags/crypto_pipeline_dag.py took 0.092 seconds
[2026-06-18T11:21:27.132+0000] {processor.py:186} INFO - Started process (PID=2097) to work on /opt/airflow/dags/crypto_pipeline_dag.py
[2026-06-18T11:21:27.133+0000] {processor.py:914} INFO - Processing file /opt/airflow/dags/crypto_pipeline_dag.py for tasks to queue
[2026-06-18T11:21:27.135+0000] {logging_mixin.py:190} INFO - [2026-06-18T11:21:27.134+0000] {dagbag.py:588} INFO - Filling up the DagBag from /opt/airflow/dags/crypto_pipeline_dag.py
[2026-06-18T11:21:27.147+0000] {processor.py:925} INFO - DAG(s) 'crypto_pipeline_dag' retrieved from /opt/airflow/dags/crypto_pipeline_dag.py
[2026-06-18T11:21:27.170+0000] {logging_mixin.py:190} INFO - [2026-06-18T11:21:27.170+0000] {dag.py:3239} INFO - Sync 1 DAGs
[2026-06-18T11:21:27.186+0000] {logging_mixin.py:190} INFO - [2026-06-18T11:21:27.186+0000] {dag.py:4180} INFO - Setting next_dagrun for crypto_pipeline_dag to 2026-06-18 00:00:00+00:00, run_after=2026-06-19 00:00:00+00:00
[2026-06-18T11:21:27.200+0000] {processor.py:208} INFO - Processing /opt/airflow/dags/crypto_pipeline_dag.py took 0.072 seconds
[2026-06-18T11:21:57.405+0000] {processor.py:186} INFO - Started process (PID=2102) to work on /opt/airflow/dags/crypto_pipeline_dag.py
[2026-06-18T11:21:57.406+0000] {processor.py:914} INFO - Processing file /opt/airflow/dags/crypto_pipeline_dag.py for tasks to queue
[2026-06-18T11:21:57.408+0000] {logging_mixin.py:190} INFO - [2026-06-18T11:21:57.408+0000] {dagbag.py:588} INFO - Filling up the DagBag from /opt/airflow/dags/crypto_pipeline_dag.py
[2026-06-18T11:21:57.422+0000] {processor.py:925} INFO - DAG(s) 'crypto_pipeline_dag' retrieved from /opt/airflow/dags/crypto_pipeline_dag.py
[2026-06-18T11:21:57.446+0000] {logging_mixin.py:190} INFO - [2026-06-18T11:21:57.446+0000] {dag.py:3239} INFO - Sync 1 DAGs
[2026-06-18T11:21:57.465+0000] {logging_mixin.py:190} INFO - [2026-06-18T11:21:57.465+0000] {dag.py:4180} INFO - Setting next_dagrun for crypto_pipeline_dag to 2026-06-18 00:00:00+00:00, run_after=2026-06-19 00:00:00+00:00
[2026-06-18T11:21:57.482+0000] {processor.py:208} INFO - Processing /opt/airflow/dags/crypto_pipeline_dag.py took 0.083 seconds
[2026-06-18T11:22:27.705+0000] {processor.py:186} INFO - Started process (PID=2107) to work on /opt/airflow/dags/crypto_pipeline_dag.py
[2026-06-18T11:22:27.706+0000] {processor.py:914} INFO - Processing file /opt/airflow/dags/crypto_pipeline_dag.py for tasks to queue
[2026-06-18T11:22:27.709+0000] {logging_mixin.py:190} INFO - [2026-06-18T11:22:27.709+0000] {dagbag.py:588} INFO - Filling up the DagBag from /opt/airflow/dags/crypto_pipeline_dag.py
[2026-06-18T11:22:27.727+0000] {processor.py:925} INFO - DAG(s) 'crypto_pipeline_dag' retrieved from /opt/airflow/dags/crypto_pipeline_dag.py
[2026-06-18T11:22:27.753+0000] {logging_mixin.py:190} INFO - [2026-06-18T11:22:27.753+0000] {dag.py:3239} INFO - Sync 1 DAGs
[2026-06-18T11:22:27.772+0000] {logging_mixin.py:190} INFO - [2026-06-18T11:22:27.772+0000] {dag.py:4180} INFO - Setting next_dagrun for crypto_pipeline_dag to 2026-06-18 00:00:00+00:00, run_after=2026-06-19 00:00:00+00:00
[2026-06-18T11:22:27.789+0000] {processor.py:208} INFO - Processing /opt/airflow/dags/crypto_pipeline_dag.py took 0.089 seconds
[2026-06-18T11:22:57.984+0000] {processor.py:186} INFO - Started process (PID=2112) to work on /opt/airflow/dags/crypto_pipeline_dag.py
[2026-06-18T11:22:57.984+0000] {processor.py:914} INFO - Processing file /opt/airflow/dags/crypto_pipeline_dag.py for tasks to queue
[2026-06-18T11:22:57.986+0000] {logging_mixin.py:190} INFO - [2026-06-18T11:22:57.986+0000] {dagbag.py:588} INFO - Filling up the DagBag from /opt/airflow/dags/crypto_pipeline_dag.py
[2026-06-18T11:22:57.999+0000] {processor.py:925} INFO - DAG(s) 'crypto_pipeline_dag' retrieved from /opt/airflow/dags/crypto_pipeline_dag.py
[2026-06-18T11:22:58.018+0000] {logging_mixin.py:190} INFO - [2026-06-18T11:22:58.018+0000] {dag.py:3239} INFO - Sync 1 DAGs
[2026-06-18T11:22:58.035+0000] {logging_mixin.py:190} INFO - [2026-06-18T11:22:58.035+0000] {dag.py:4180} INFO - Setting next_dagrun for crypto_pipeline_dag to 2026-06-18 00:00:00+00:00, run_after=2026-06-19 00:00:00+00:00
[2026-06-18T11:22:58.048+0000] {processor.py:208} INFO - Processing /opt/airflow/dags/crypto_pipeline_dag.py took 0.069 seconds
[2026-06-18T11:23:28.256+0000] {processor.py:186} INFO - Started process (PID=2117) to work on /opt/airflow/dags/crypto_pipeline_dag.py
[2026-06-18T11:23:28.256+0000] {processor.py:914} INFO - Processing file /opt/airflow/dags/crypto_pipeline_dag.py for tasks to queue
[2026-06-18T11:23:28.258+0000] {logging_mixin.py:190} INFO - [2026-06-18T11:23:28.258+0000] {dagbag.py:588} INFO - Filling up the DagBag from /opt/airflow/dags/crypto_pipeline_dag.py
[2026-06-18T11:23:28.272+0000] {processor.py:925} INFO - DAG(s) 'crypto_pipeline_dag' retrieved from /opt/airflow/dags/crypto_pipeline_dag.py
[2026-06-18T11:23:28.291+0000] {logging_mixin.py:190} INFO - [2026-06-18T11:23:28.291+0000] {dag.py:3239} INFO - Sync 1 DAGs
[2026-06-18T11:23:28.308+0000] {logging_mixin.py:190} INFO - [2026-06-18T11:23:28.308+0000] {dag.py:4180} INFO - Setting next_dagrun for crypto_pipeline_dag to 2026-06-18 00:00:00+00:00, run_after=2026-06-19 00:00:00+00:00
[2026-06-18T11:23:28.320+0000] {processor.py:208} INFO - Processing /opt/airflow/dags/crypto_pipeline_dag.py took 0.069 seconds
[2026-06-18T11:23:58.517+0000] {processor.py:186} INFO - Started process (PID=2122) to work on /opt/airflow/dags/crypto_pipeline_dag.py
[2026-06-18T11:23:58.518+0000] {processor.py:914} INFO - Processing file /opt/airflow/dags/crypto_pipeline_dag.py for tasks to queue
[2026-06-18T11:23:58.521+0000] {logging_mixin.py:190} INFO - [2026-06-18T11:23:58.520+0000] {dagbag.py:588} INFO - Filling up the DagBag from /opt/airflow/dags/crypto_pipeline_dag.py
[2026-06-18T11:23:58.534+0000] {processor.py:925} INFO - DAG(s) 'crypto_pipeline_dag' retrieved from /opt/airflow/dags/crypto_pipeline_dag.py
[2026-06-18T11:23:58.553+0000] {logging_mixin.py:190} INFO - [2026-06-18T11:23:58.552+0000] {dag.py:3239} INFO - Sync 1 DAGs
[2026-06-18T11:23:58.569+0000] {logging_mixin.py:190} INFO - [2026-06-18T11:23:58.568+0000] {dag.py:4180} INFO - Setting next_dagrun for crypto_pipeline_dag to 2026-06-18 00:00:00+00:00, run_after=2026-06-19 00:00:00+00:00
[2026-06-18T11:23:58.581+0000] {processor.py:208} INFO - Processing /opt/airflow/dags/crypto_pipeline_dag.py took 0.069 seconds
[2026-06-18T11:24:28.814+0000] {processor.py:186} INFO - Started process (PID=2127) to work on /opt/airflow/dags/crypto_pipeline_dag.py
[2026-06-18T11:24:28.816+0000] {processor.py:914} INFO - Processing file /opt/airflow/dags/crypto_pipeline_dag.py for tasks to queue
[2026-06-18T11:24:28.819+0000] {logging_mixin.py:190} INFO - [2026-06-18T11:24:28.819+0000] {dagbag.py:588} INFO - Filling up the DagBag from /opt/airflow/dags/crypto_pipeline_dag.py
[2026-06-18T11:24:28.833+0000] {processor.py:925} INFO - DAG(s) 'crypto_pipeline_dag' retrieved from /opt/airflow/dags/crypto_pipeline_dag.py
[2026-06-18T11:24:28.853+0000] {logging_mixin.py:190} INFO - [2026-06-18T11:24:28.852+0000] {dag.py:3239} INFO - Sync 1 DAGs
[2026-06-18T11:24:28.868+0000] {logging_mixin.py:190} INFO - [2026-06-18T11:24:28.868+0000] {dag.py:4180} INFO - Setting next_dagrun for crypto_pipeline_dag to 2026-06-18 00:00:00+00:00, run_after=2026-06-19 00:00:00+00:00
[2026-06-18T11:24:28.880+0000] {processor.py:208} INFO - Processing /opt/airflow/dags/crypto_pipeline_dag.py took 0.070 seconds
[2026-06-18T11:24:59.111+0000] {processor.py:186} INFO - Started process (PID=2132) to work on /opt/airflow/dags/crypto_pipeline_dag.py
[2026-06-18T11:24:59.112+0000] {processor.py:914} INFO - Processing file /opt/airflow/dags/crypto_pipeline_dag.py for tasks to queue
[2026-06-18T11:24:59.114+0000] {logging_mixin.py:190} INFO - [2026-06-18T11:24:59.114+0000] {dagbag.py:588} INFO - Filling up the DagBag from /opt/airflow/dags/crypto_pipeline_dag.py
[2026-06-18T11:24:59.127+0000] {processor.py:925} INFO - DAG(s) 'crypto_pipeline_dag' retrieved from /opt/airflow/dags/crypto_pipeline_dag.py
[2026-06-18T11:24:59.146+0000] {logging_mixin.py:190} INFO - [2026-06-18T11:24:59.146+0000] {dag.py:3239} INFO - Sync 1 DAGs
[2026-06-18T11:24:59.162+0000] {logging_mixin.py:190} INFO - [2026-06-18T11:24:59.161+0000] {dag.py:4180} INFO - Setting next_dagrun for crypto_pipeline_dag to 2026-06-18 00:00:00+00:00, run_after=2026-06-19 00:00:00+00:00
[2026-06-18T11:24:59.177+0000] {processor.py:208} INFO - Processing /opt/airflow/dags/crypto_pipeline_dag.py took 0.070 seconds
[2026-06-18T11:25:29.380+0000] {processor.py:186} INFO - Started process (PID=2137) to work on /opt/airflow/dags/crypto_pipeline_dag.py
[2026-06-18T11:25:29.381+0000] {processor.py:914} INFO - Processing file /opt/airflow/dags/crypto_pipeline_dag.py for tasks to queue
[2026-06-18T11:25:29.382+0000] {logging_mixin.py:190} INFO - [2026-06-18T11:25:29.382+0000] {dagbag.py:588} INFO - Filling up the DagBag from /opt/airflow/dags/crypto_pipeline_dag.py
[2026-06-18T11:25:29.395+0000] {processor.py:925} INFO - DAG(s) 'crypto_pipeline_dag' retrieved from /opt/airflow/dags/crypto_pipeline_dag.py
[2026-06-18T11:25:29.417+0000] {logging_mixin.py:190} INFO - [2026-06-18T11:25:29.417+0000] {dag.py:3239} INFO - Sync 1 DAGs
[2026-06-18T11:25:29.433+0000] {logging_mixin.py:190} INFO - [2026-06-18T11:25:29.433+0000] {dag.py:4180} INFO - Setting next_dagrun for crypto_pipeline_dag to 2026-06-18 00:00:00+00:00, run_after=2026-06-19 00:00:00+00:00
[2026-06-18T11:25:29.446+0000] {processor.py:208} INFO - Processing /opt/airflow/dags/crypto_pipeline_dag.py took 0.070 seconds
[2026-06-18T11:25:59.669+0000] {processor.py:186} INFO - Started process (PID=2142) to work on /opt/airflow/dags/crypto_pipeline_dag.py
[2026-06-18T11:25:59.670+0000] {processor.py:914} INFO - Processing file /opt/airflow/dags/crypto_pipeline_dag.py for tasks to queue
[2026-06-18T11:25:59.672+0000] {logging_mixin.py:190} INFO - [2026-06-18T11:25:59.672+0000] {dagbag.py:588} INFO - Filling up the DagBag from /opt/airflow/dags/crypto_pipeline_dag.py
[2026-06-18T11:25:59.687+0000] {processor.py:925} INFO - DAG(s) 'crypto_pipeline_dag' retrieved from /opt/airflow/dags/crypto_pipeline_dag.py
[2026-06-18T11:25:59.706+0000] {logging_mixin.py:190} INFO - [2026-06-18T11:25:59.706+0000] {dag.py:3239} INFO - Sync 1 DAGs
[2026-06-18T11:25:59.722+0000] {logging_mixin.py:190} INFO - [2026-06-18T11:25:59.722+0000] {dag.py:4180} INFO - Setting next_dagrun for crypto_pipeline_dag to 2026-06-18 00:00:00+00:00, run_after=2026-06-19 00:00:00+00:00
[2026-06-18T11:25:59.735+0000] {processor.py:208} INFO - Processing /opt/airflow/dags/crypto_pipeline_dag.py took 0.070 seconds
[2026-06-18T11:26:29.966+0000] {processor.py:186} INFO - Started process (PID=2147) to work on /opt/airflow/dags/crypto_pipeline_dag.py
[2026-06-18T11:26:29.968+0000] {processor.py:914} INFO - Processing file /opt/airflow/dags/crypto_pipeline_dag.py for tasks to queue
[2026-06-18T11:26:29.970+0000] {logging_mixin.py:190} INFO - [2026-06-18T11:26:29.970+0000] {dagbag.py:588} INFO - Filling up the DagBag from /opt/airflow/dags/crypto_pipeline_dag.py
[2026-06-18T11:26:29.991+0000] {processor.py:925} INFO - DAG(s) 'crypto_pipeline_dag' retrieved from /opt/airflow/dags/crypto_pipeline_dag.py
[2026-06-18T11:26:30.013+0000] {logging_mixin.py:190} INFO - [2026-06-18T11:26:30.013+0000] {dag.py:3239} INFO - Sync 1 DAGs
[2026-06-18T11:26:30.030+0000] {logging_mixin.py:190} INFO - [2026-06-18T11:26:30.030+0000] {dag.py:4180} INFO - Setting next_dagrun for crypto_pipeline_dag to 2026-06-18 00:00:00+00:00, run_after=2026-06-19 00:00:00+00:00
[2026-06-18T11:26:30.044+0000] {processor.py:208} INFO - Processing /opt/airflow/dags/crypto_pipeline_dag.py took 0.083 seconds
[2026-06-18T11:27:00.238+0000] {processor.py:186} INFO - Started process (PID=2152) to work on /opt/airflow/dags/crypto_pipeline_dag.py
[2026-06-18T11:27:00.239+0000] {processor.py:914} INFO - Processing file /opt/airflow/dags/crypto_pipeline_dag.py for tasks to queue
[2026-06-18T11:27:00.242+0000] {logging_mixin.py:190} INFO - [2026-06-18T11:27:00.241+0000] {dagbag.py:588} INFO - Filling up the DagBag from /opt/airflow/dags/crypto_pipeline_dag.py
[2026-06-18T11:27:00.258+0000] {processor.py:925} INFO - DAG(s) 'crypto_pipeline_dag' retrieved from /opt/airflow/dags/crypto_pipeline_dag.py
[2026-06-18T11:27:00.278+0000] {logging_mixin.py:190} INFO - [2026-06-18T11:27:00.278+0000] {dag.py:3239} INFO - Sync 1 DAGs
[2026-06-18T11:27:00.294+0000] {logging_mixin.py:190} INFO - [2026-06-18T11:27:00.294+0000] {dag.py:4180} INFO - Setting next_dagrun for crypto_pipeline_dag to 2026-06-18 00:00:00+00:00, run_after=2026-06-19 00:00:00+00:00
[2026-06-18T11:27:00.308+0000] {processor.py:208} INFO - Processing /opt/airflow/dags/crypto_pipeline_dag.py took 0.074 seconds
[2026-06-18T11:27:30.567+0000] {processor.py:186} INFO - Started process (PID=2157) to work on /opt/airflow/dags/crypto_pipeline_dag.py
[2026-06-18T11:27:30.568+0000] {processor.py:914} INFO - Processing file /opt/airflow/dags/crypto_pipeline_dag.py for tasks to queue
[2026-06-18T11:27:30.570+0000] {logging_mixin.py:190} INFO - [2026-06-18T11:27:30.569+0000] {dagbag.py:588} INFO - Filling up the DagBag from /opt/airflow/dags/crypto_pipeline_dag.py
[2026-06-18T11:27:30.582+0000] {processor.py:925} INFO - DAG(s) 'crypto_pipeline_dag' retrieved from /opt/airflow/dags/crypto_pipeline_dag.py
[2026-06-18T11:27:30.601+0000] {logging_mixin.py:190} INFO - [2026-06-18T11:27:30.601+0000] {dag.py:3239} INFO - Sync 1 DAGs
[2026-06-18T11:27:30.617+0000] {logging_mixin.py:190} INFO - [2026-06-18T11:27:30.617+0000] {dag.py:4180} INFO - Setting next_dagrun for crypto_pipeline_dag to 2026-06-18 00:00:00+00:00, run_after=2026-06-19 00:00:00+00:00
[2026-06-18T11:27:30.630+0000] {processor.py:208} INFO - Processing /opt/airflow/dags/crypto_pipeline_dag.py took 0.067 seconds
[2026-06-18T11:28:00.842+0000] {processor.py:186} INFO - Started process (PID=2162) to work on /opt/airflow/dags/crypto_pipeline_dag.py
[2026-06-18T11:28:00.842+0000] {processor.py:914} INFO - Processing file /opt/airflow/dags/crypto_pipeline_dag.py for tasks to queue
[2026-06-18T11:28:00.844+0000] {logging_mixin.py:190} INFO - [2026-06-18T11:28:00.844+0000] {dagbag.py:588} INFO - Filling up the DagBag from /opt/airflow/dags/crypto_pipeline_dag.py
[2026-06-18T11:28:00.857+0000] {processor.py:925} INFO - DAG(s) 'crypto_pipeline_dag' retrieved from /opt/airflow/dags/crypto_pipeline_dag.py
[2026-06-18T11:28:00.877+0000] {logging_mixin.py:190} INFO - [2026-06-18T11:28:00.877+0000] {dag.py:3239} INFO - Sync 1 DAGs
[2026-06-18T11:28:00.893+0000] {logging_mixin.py:190} INFO - [2026-06-18T11:28:00.893+0000] {dag.py:4180} INFO - Setting next_dagrun for crypto_pipeline_dag to 2026-06-18 00:00:00+00:00, run_after=2026-06-19 00:00:00+00:00
[2026-06-18T11:28:00.906+0000] {processor.py:208} INFO - Processing /opt/airflow/dags/crypto_pipeline_dag.py took 0.068 seconds
[2026-06-18T11:28:31.130+0000] {processor.py:186} INFO - Started process (PID=2167) to work on /opt/airflow/dags/crypto_pipeline_dag.py
[2026-06-18T11:28:31.131+0000] {processor.py:914} INFO - Processing file /opt/airflow/dags/crypto_pipeline_dag.py for tasks to queue
[2026-06-18T11:28:31.133+0000] {logging_mixin.py:190} INFO - [2026-06-18T11:28:31.133+0000] {dagbag.py:588} INFO - Filling up the DagBag from /opt/airflow/dags/crypto_pipeline_dag.py
[2026-06-18T11:28:31.147+0000] {processor.py:925} INFO - DAG(s) 'crypto_pipeline_dag' retrieved from /opt/airflow/dags/crypto_pipeline_dag.py
[2026-06-18T11:28:31.166+0000] {logging_mixin.py:190} INFO - [2026-06-18T11:28:31.165+0000] {dag.py:3239} INFO - Sync 1 DAGs
[2026-06-18T11:28:31.184+0000] {logging_mixin.py:190} INFO - [2026-06-18T11:28:31.183+0000] {dag.py:4180} INFO - Setting next_dagrun for crypto_pipeline_dag to 2026-06-18 00:00:00+00:00, run_after=2026-06-19 00:00:00+00:00
[2026-06-18T11:28:31.199+0000] {processor.py:208} INFO - Processing /opt/airflow/dags/crypto_pipeline_dag.py took 0.074 seconds
[2026-06-18T11:29:01.399+0000] {processor.py:186} INFO - Started process (PID=2172) to work on /opt/airflow/dags/crypto_pipeline_dag.py
[2026-06-18T11:29:01.400+0000] {processor.py:914} INFO - Processing file /opt/airflow/dags/crypto_pipeline_dag.py for tasks to queue
[2026-06-18T11:29:01.402+0000] {logging_mixin.py:190} INFO - [2026-06-18T11:29:01.401+0000] {dagbag.py:588} INFO - Filling up the DagBag from /opt/airflow/dags/crypto_pipeline_dag.py
[2026-06-18T11:29:01.414+0000] {processor.py:925} INFO - DAG(s) 'crypto_pipeline_dag' retrieved from /opt/airflow/dags/crypto_pipeline_dag.py
[2026-06-18T11:29:01.434+0000] {logging_mixin.py:190} INFO - [2026-06-18T11:29:01.433+0000] {dag.py:3239} INFO - Sync 1 DAGs
[2026-06-18T11:29:01.450+0000] {logging_mixin.py:190} INFO - [2026-06-18T11:29:01.450+0000] {dag.py:4180} INFO - Setting next_dagrun for crypto_pipeline_dag to 2026-06-18 00:00:00+00:00, run_after=2026-06-19 00:00:00+00:00
[2026-06-18T11:29:01.464+0000] {processor.py:208} INFO - Processing /opt/airflow/dags/crypto_pipeline_dag.py took 0.070 seconds
[2026-06-18T11:29:31.641+0000] {processor.py:186} INFO - Started process (PID=2177) to work on /opt/airflow/dags/crypto_pipeline_dag.py
[2026-06-18T11:29:31.642+0000] {processor.py:914} INFO - Processing file /opt/airflow/dags/crypto_pipeline_dag.py for tasks to queue
[2026-06-18T11:29:31.644+0000] {logging_mixin.py:190} INFO - [2026-06-18T11:29:31.644+0000] {dagbag.py:588} INFO - Filling up the DagBag from /opt/airflow/dags/crypto_pipeline_dag.py
[2026-06-18T11:29:31.657+0000] {processor.py:925} INFO - DAG(s) 'crypto_pipeline_dag' retrieved from /opt/airflow/dags/crypto_pipeline_dag.py
[2026-06-18T11:29:31.679+0000] {logging_mixin.py:190} INFO - [2026-06-18T11:29:31.679+0000] {dag.py:3239} INFO - Sync 1 DAGs
[2026-06-18T11:29:31.698+0000] {logging_mixin.py:190} INFO - [2026-06-18T11:29:31.698+0000] {dag.py:4180} INFO - Setting next_dagrun for crypto_pipeline_dag to 2026-06-18 00:00:00+00:00, run_after=2026-06-19 00:00:00+00:00
[2026-06-18T11:29:31.714+0000] {processor.py:208} INFO - Processing /opt/airflow/dags/crypto_pipeline_dag.py took 0.077 seconds
[2026-06-18T11:30:01.961+0000] {processor.py:186} INFO - Started process (PID=2182) to work on /opt/airflow/dags/crypto_pipeline_dag.py
[2026-06-18T11:30:01.962+0000] {processor.py:914} INFO - Processing file /opt/airflow/dags/crypto_pipeline_dag.py for tasks to queue
[2026-06-18T11:30:01.963+0000] {logging_mixin.py:190} INFO - [2026-06-18T11:30:01.963+0000] {dagbag.py:588} INFO - Filling up the DagBag from /opt/airflow/dags/crypto_pipeline_dag.py
[2026-06-18T11:30:01.976+0000] {processor.py:925} INFO - DAG(s) 'crypto_pipeline_dag' retrieved from /opt/airflow/dags/crypto_pipeline_dag.py
[2026-06-18T11:30:01.995+0000] {logging_mixin.py:190} INFO - [2026-06-18T11:30:01.995+0000] {dag.py:3239} INFO - Sync 1 DAGs
[2026-06-18T11:30:02.012+0000] {logging_mixin.py:190} INFO - [2026-06-18T11:30:02.012+0000] {dag.py:4180} INFO - Setting next_dagrun for crypto_pipeline_dag to 2026-06-18 00:00:00+00:00, run_after=2026-06-19 00:00:00+00:00
[2026-06-18T11:30:02.025+0000] {processor.py:208} INFO - Processing /opt/airflow/dags/crypto_pipeline_dag.py took 0.069 seconds
[2026-06-18T11:30:32.201+0000] {processor.py:186} INFO - Started process (PID=2187) to work on /opt/airflow/dags/crypto_pipeline_dag.py
[2026-06-18T11:30:32.202+0000] {processor.py:914} INFO - Processing file /opt/airflow/dags/crypto_pipeline_dag.py for tasks to queue
[2026-06-18T11:30:32.204+0000] {logging_mixin.py:190} INFO - [2026-06-18T11:30:32.203+0000] {dagbag.py:588} INFO - Filling up the DagBag from /opt/airflow/dags/crypto_pipeline_dag.py
[2026-06-18T11:30:32.218+0000] {processor.py:925} INFO - DAG(s) 'crypto_pipeline_dag' retrieved from /opt/airflow/dags/crypto_pipeline_dag.py
[2026-06-18T11:30:32.238+0000] {logging_mixin.py:190} INFO - [2026-06-18T11:30:32.238+0000] {dag.py:3239} INFO - Sync 1 DAGs
[2026-06-18T11:30:32.256+0000] {logging_mixin.py:190} INFO - [2026-06-18T11:30:32.256+0000] {dag.py:4180} INFO - Setting next_dagrun for crypto_pipeline_dag to 2026-06-18 00:00:00+00:00, run_after=2026-06-19 00:00:00+00:00
[2026-06-18T11:30:32.269+0000] {processor.py:208} INFO - Processing /opt/airflow/dags/crypto_pipeline_dag.py took 0.072 seconds
[2026-06-18T11:31:02.435+0000] {processor.py:186} INFO - Started process (PID=2192) to work on /opt/airflow/dags/crypto_pipeline_dag.py
[2026-06-18T11:31:02.436+0000] {processor.py:914} INFO - Processing file /opt/airflow/dags/crypto_pipeline_dag.py for tasks to queue
[2026-06-18T11:31:02.438+0000] {logging_mixin.py:190} INFO - [2026-06-18T11:31:02.438+0000] {dagbag.py:588} INFO - Filling up the DagBag from /opt/airflow/dags/crypto_pipeline_dag.py
[2026-06-18T11:31:02.452+0000] {processor.py:925} INFO - DAG(s) 'crypto_pipeline_dag' retrieved from /opt/airflow/dags/crypto_pipeline_dag.py
[2026-06-18T11:31:02.475+0000] {logging_mixin.py:190} INFO - [2026-06-18T11:31:02.475+0000] {dag.py:3239} INFO - Sync 1 DAGs
[2026-06-18T11:31:02.493+0000] {logging_mixin.py:190} INFO - [2026-06-18T11:31:02.493+0000] {dag.py:4180} INFO - Setting next_dagrun for crypto_pipeline_dag to 2026-06-18 00:00:00+00:00, run_after=2026-06-19 00:00:00+00:00
[2026-06-18T11:31:02.507+0000] {processor.py:208} INFO - Processing /opt/airflow/dags/crypto_pipeline_dag.py took 0.077 seconds
[2026-06-18T11:31:32.737+0000] {processor.py:186} INFO - Started process (PID=2197) to work on /opt/airflow/dags/crypto_pipeline_dag.py
[2026-06-18T11:31:32.738+0000] {processor.py:914} INFO - Processing file /opt/airflow/dags/crypto_pipeline_dag.py for tasks to queue
[2026-06-18T11:31:32.740+0000] {logging_mixin.py:190} INFO - [2026-06-18T11:31:32.739+0000] {dagbag.py:588} INFO - Filling up the DagBag from /opt/airflow/dags/crypto_pipeline_dag.py
[2026-06-18T11:31:32.753+0000] {processor.py:925} INFO - DAG(s) 'crypto_pipeline_dag' retrieved from /opt/airflow/dags/crypto_pipeline_dag.py
[2026-06-18T11:31:32.773+0000] {logging_mixin.py:190} INFO - [2026-06-18T11:31:32.773+0000] {dag.py:3239} INFO - Sync 1 DAGs
[2026-06-18T11:31:32.789+0000] {logging_mixin.py:190} INFO - [2026-06-18T11:31:32.789+0000] {dag.py:4180} INFO - Setting next_dagrun for crypto_pipeline_dag to 2026-06-18 00:00:00+00:00, run_after=2026-06-19 00:00:00+00:00
[2026-06-18T11:31:32.804+0000] {processor.py:208} INFO - Processing /opt/airflow/dags/crypto_pipeline_dag.py took 0.071 seconds
[2026-06-18T11:32:02.995+0000] {processor.py:186} INFO - Started process (PID=2202) to work on /opt/airflow/dags/crypto_pipeline_dag.py
[2026-06-18T11:32:02.996+0000] {processor.py:914} INFO - Processing file /opt/airflow/dags/crypto_pipeline_dag.py for tasks to queue
[2026-06-18T11:32:02.998+0000] {logging_mixin.py:190} INFO - [2026-06-18T11:32:02.998+0000] {dagbag.py:588} INFO - Filling up the DagBag from /opt/airflow/dags/crypto_pipeline_dag.py
[2026-06-18T11:32:03.014+0000] {processor.py:925} INFO - DAG(s) 'crypto_pipeline_dag' retrieved from /opt/airflow/dags/crypto_pipeline_dag.py
[2026-06-18T11:32:03.036+0000] {logging_mixin.py:190} INFO - [2026-06-18T11:32:03.036+0000] {dag.py:3239} INFO - Sync 1 DAGs
[2026-06-18T11:32:03.056+0000] {logging_mixin.py:190} INFO - [2026-06-18T11:32:03.056+0000] {dag.py:4180} INFO - Setting next_dagrun for crypto_pipeline_dag to 2026-06-18 00:00:00+00:00, run_after=2026-06-19 00:00:00+00:00
[2026-06-18T11:32:03.073+0000] {processor.py:208} INFO - Processing /opt/airflow/dags/crypto_pipeline_dag.py took 0.083 seconds
[2026-06-18T11:32:33.239+0000] {processor.py:186} INFO - Started process (PID=2207) to work on /opt/airflow/dags/crypto_pipeline_dag.py
[2026-06-18T11:32:33.240+0000] {processor.py:914} INFO - Processing file /opt/airflow/dags/crypto_pipeline_dag.py for tasks to queue
[2026-06-18T11:32:33.242+0000] {logging_mixin.py:190} INFO - [2026-06-18T11:32:33.242+0000] {dagbag.py:588} INFO - Filling up the DagBag from /opt/airflow/dags/crypto_pipeline_dag.py
[2026-06-18T11:32:33.257+0000] {processor.py:925} INFO - DAG(s) 'crypto_pipeline_dag' retrieved from /opt/airflow/dags/crypto_pipeline_dag.py
[2026-06-18T11:32:33.278+0000] {logging_mixin.py:190} INFO - [2026-06-18T11:32:33.278+0000] {dag.py:3239} INFO - Sync 1 DAGs
[2026-06-18T11:32:33.299+0000] {logging_mixin.py:190} INFO - [2026-06-18T11:32:33.299+0000] {dag.py:4180} INFO - Setting next_dagrun for crypto_pipeline_dag to 2026-06-18 00:00:00+00:00, run_after=2026-06-19 00:00:00+00:00
[2026-06-18T11:32:33.313+0000] {processor.py:208} INFO - Processing /opt/airflow/dags/crypto_pipeline_dag.py took 0.078 seconds
[2026-06-18T11:33:03.538+0000] {processor.py:186} INFO - Started process (PID=2212) to work on /opt/airflow/dags/crypto_pipeline_dag.py
[2026-06-18T11:33:03.541+0000] {processor.py:914} INFO - Processing file /opt/airflow/dags/crypto_pipeline_dag.py for tasks to queue
[2026-06-18T11:33:03.544+0000] {logging_mixin.py:190} INFO - [2026-06-18T11:33:03.544+0000] {dagbag.py:588} INFO - Filling up the DagBag from /opt/airflow/dags/crypto_pipeline_dag.py
[2026-06-18T11:33:03.560+0000] {processor.py:925} INFO - DAG(s) 'crypto_pipeline_dag' retrieved from /opt/airflow/dags/crypto_pipeline_dag.py
[2026-06-18T11:33:03.580+0000] {logging_mixin.py:190} INFO - [2026-06-18T11:33:03.580+0000] {dag.py:3239} INFO - Sync 1 DAGs
[2026-06-18T11:33:03.596+0000] {logging_mixin.py:190} INFO - [2026-06-18T11:33:03.596+0000] {dag.py:4180} INFO - Setting next_dagrun for crypto_pipeline_dag to 2026-06-18 00:00:00+00:00, run_after=2026-06-19 00:00:00+00:00
[2026-06-18T11:33:03.610+0000] {processor.py:208} INFO - Processing /opt/airflow/dags/crypto_pipeline_dag.py took 0.076 seconds
[2026-06-18T11:33:33.768+0000] {processor.py:186} INFO - Started process (PID=2217) to work on /opt/airflow/dags/crypto_pipeline_dag.py
[2026-06-18T11:33:33.769+0000] {processor.py:914} INFO - Processing file /opt/airflow/dags/crypto_pipeline_dag.py for tasks to queue
[2026-06-18T11:33:33.773+0000] {logging_mixin.py:190} INFO - [2026-06-18T11:33:33.772+0000] {dagbag.py:588} INFO - Filling up the DagBag from /opt/airflow/dags/crypto_pipeline_dag.py
[2026-06-18T11:33:33.789+0000] {processor.py:925} INFO - DAG(s) 'crypto_pipeline_dag' retrieved from /opt/airflow/dags/crypto_pipeline_dag.py
[2026-06-18T11:33:33.814+0000] {logging_mixin.py:190} INFO - [2026-06-18T11:33:33.813+0000] {dag.py:3239} INFO - Sync 1 DAGs
[2026-06-18T11:33:33.834+0000] {logging_mixin.py:190} INFO - [2026-06-18T11:33:33.834+0000] {dag.py:4180} INFO - Setting next_dagrun for crypto_pipeline_dag to 2026-06-18 00:00:00+00:00, run_after=2026-06-19 00:00:00+00:00
[2026-06-18T11:33:33.850+0000] {processor.py:208} INFO - Processing /opt/airflow/dags/crypto_pipeline_dag.py took 0.086 seconds
[2026-06-18T11:34:04.131+0000] {processor.py:186} INFO - Started process (PID=2222) to work on /opt/airflow/dags/crypto_pipeline_dag.py
[2026-06-18T11:34:04.132+0000] {processor.py:914} INFO - Processing file /opt/airflow/dags/crypto_pipeline_dag.py for tasks to queue
[2026-06-18T11:34:04.134+0000] {logging_mixin.py:190} INFO - [2026-06-18T11:34:04.134+0000] {dagbag.py:588} INFO - Filling up the DagBag from /opt/airflow/dags/crypto_pipeline_dag.py
[2026-06-18T11:34:04.148+0000] {processor.py:925} INFO - DAG(s) 'crypto_pipeline_dag' retrieved from /opt/airflow/dags/crypto_pipeline_dag.py
[2026-06-18T11:34:04.168+0000] {logging_mixin.py:190} INFO - [2026-06-18T11:34:04.168+0000] {dag.py:3239} INFO - Sync 1 DAGs
[2026-06-18T11:34:04.187+0000] {logging_mixin.py:190} INFO - [2026-06-18T11:34:04.186+0000] {dag.py:4180} INFO - Setting next_dagrun for crypto_pipeline_dag to 2026-06-18 00:00:00+00:00, run_after=2026-06-19 00:00:00+00:00
[2026-06-18T11:34:04.199+0000] {processor.py:208} INFO - Processing /opt/airflow/dags/crypto_pipeline_dag.py took 0.073 seconds
[2026-06-18T11:34:34.379+0000] {processor.py:186} INFO - Started process (PID=2227) to work on /opt/airflow/dags/crypto_pipeline_dag.py
[2026-06-18T11:34:34.379+0000] {processor.py:914} INFO - Processing file /opt/airflow/dags/crypto_pipeline_dag.py for tasks to queue
[2026-06-18T11:34:34.381+0000] {logging_mixin.py:190} INFO - [2026-06-18T11:34:34.381+0000] {dagbag.py:588} INFO - Filling up the DagBag from /opt/airflow/dags/crypto_pipeline_dag.py
[2026-06-18T11:34:34.393+0000] {processor.py:925} INFO - DAG(s) 'crypto_pipeline_dag' retrieved from /opt/airflow/dags/crypto_pipeline_dag.py
[2026-06-18T11:34:34.412+0000] {logging_mixin.py:190} INFO - [2026-06-18T11:34:34.412+0000] {dag.py:3239} INFO - Sync 1 DAGs
[2026-06-18T11:34:34.429+0000] {logging_mixin.py:190} INFO - [2026-06-18T11:34:34.428+0000] {dag.py:4180} INFO - Setting next_dagrun for crypto_pipeline_dag to 2026-06-18 00:00:00+00:00, run_after=2026-06-19 00:00:00+00:00
[2026-06-18T11:34:34.443+0000] {processor.py:208} INFO - Processing /opt/airflow/dags/crypto_pipeline_dag.py took 0.069 seconds
[2026-06-18T11:35:04.675+0000] {processor.py:186} INFO - Started process (PID=2232) to work on /opt/airflow/dags/crypto_pipeline_dag.py
[2026-06-18T11:35:04.676+0000] {processor.py:914} INFO - Processing file /opt/airflow/dags/crypto_pipeline_dag.py for tasks to queue
[2026-06-18T11:35:04.678+0000] {logging_mixin.py:190} INFO - [2026-06-18T11:35:04.678+0000] {dagbag.py:588} INFO - Filling up the DagBag from /opt/airflow/dags/crypto_pipeline_dag.py
[2026-06-18T11:35:04.690+0000] {processor.py:925} INFO - DAG(s) 'crypto_pipeline_dag' retrieved from /opt/airflow/dags/crypto_pipeline_dag.py
[2026-06-18T11:35:04.709+0000] {logging_mixin.py:190} INFO - [2026-06-18T11:35:04.709+0000] {dag.py:3239} INFO - Sync 1 DAGs
[2026-06-18T11:35:04.726+0000] {logging_mixin.py:190} INFO - [2026-06-18T11:35:04.725+0000] {dag.py:4180} INFO - Setting next_dagrun for crypto_pipeline_dag to 2026-06-18 00:00:00+00:00, run_after=2026-06-19 00:00:00+00:00
[2026-06-18T11:35:04.740+0000] {processor.py:208} INFO - Processing /opt/airflow/dags/crypto_pipeline_dag.py took 0.069 seconds
[2026-06-18T11:35:34.952+0000] {processor.py:186} INFO - Started process (PID=2237) to work on /opt/airflow/dags/crypto_pipeline_dag.py
[2026-06-18T11:35:34.953+0000] {processor.py:914} INFO - Processing file /opt/airflow/dags/crypto_pipeline_dag.py for tasks to queue
[2026-06-18T11:35:34.955+0000] {logging_mixin.py:190} INFO - [2026-06-18T11:35:34.955+0000] {dagbag.py:588} INFO - Filling up the DagBag from /opt/airflow/dags/crypto_pipeline_dag.py
[2026-06-18T11:35:34.969+0000] {processor.py:925} INFO - DAG(s) 'crypto_pipeline_dag' retrieved from /opt/airflow/dags/crypto_pipeline_dag.py
[2026-06-18T11:35:34.990+0000] {logging_mixin.py:190} INFO - [2026-06-18T11:35:34.990+0000] {dag.py:3239} INFO - Sync 1 DAGs
[2026-06-18T11:35:35.008+0000] {logging_mixin.py:190} INFO - [2026-06-18T11:35:35.008+0000] {dag.py:4180} INFO - Setting next_dagrun for crypto_pipeline_dag to 2026-06-18 00:00:00+00:00, run_after=2026-06-19 00:00:00+00:00
[2026-06-18T11:35:35.021+0000] {processor.py:208} INFO - Processing /opt/airflow/dags/crypto_pipeline_dag.py took 0.075 seconds
[2026-06-18T11:36:05.239+0000] {processor.py:186} INFO - Started process (PID=2242) to work on /opt/airflow/dags/crypto_pipeline_dag.py
[2026-06-18T11:36:05.239+0000] {processor.py:914} INFO - Processing file /opt/airflow/dags/crypto_pipeline_dag.py for tasks to queue
[2026-06-18T11:36:05.241+0000] {logging_mixin.py:190} INFO - [2026-06-18T11:36:05.241+0000] {dagbag.py:588} INFO - Filling up the DagBag from /opt/airflow/dags/crypto_pipeline_dag.py
[2026-06-18T11:36:05.255+0000] {processor.py:925} INFO - DAG(s) 'crypto_pipeline_dag' retrieved from /opt/airflow/dags/crypto_pipeline_dag.py
[2026-06-18T11:36:05.278+0000] {logging_mixin.py:190} INFO - [2026-06-18T11:36:05.278+0000] {dag.py:3239} INFO - Sync 1 DAGs
[2026-06-18T11:36:05.295+0000] {logging_mixin.py:190} INFO - [2026-06-18T11:36:05.295+0000] {dag.py:4180} INFO - Setting next_dagrun for crypto_pipeline_dag to 2026-06-18 00:00:00+00:00, run_after=2026-06-19 00:00:00+00:00
[2026-06-18T11:36:05.308+0000] {processor.py:208} INFO - Processing /opt/airflow/dags/crypto_pipeline_dag.py took 0.073 seconds
[2026-06-18T11:36:35.484+0000] {processor.py:186} INFO - Started process (PID=2247) to work on /opt/airflow/dags/crypto_pipeline_dag.py
[2026-06-18T11:36:35.485+0000] {processor.py:914} INFO - Processing file /opt/airflow/dags/crypto_pipeline_dag.py for tasks to queue
[2026-06-18T11:36:35.487+0000] {logging_mixin.py:190} INFO - [2026-06-18T11:36:35.486+0000] {dagbag.py:588} INFO - Filling up the DagBag from /opt/airflow/dags/crypto_pipeline_dag.py
[2026-06-18T11:36:35.499+0000] {processor.py:925} INFO - DAG(s) 'crypto_pipeline_dag' retrieved from /opt/airflow/dags/crypto_pipeline_dag.py
[2026-06-18T11:36:35.520+0000] {logging_mixin.py:190} INFO - [2026-06-18T11:36:35.519+0000] {dag.py:3239} INFO - Sync 1 DAGs
[2026-06-18T11:36:35.537+0000] {logging_mixin.py:190} INFO - [2026-06-18T11:36:35.537+0000] {dag.py:4180} INFO - Setting next_dagrun for crypto_pipeline_dag to 2026-06-18 00:00:00+00:00, run_after=2026-06-19 00:00:00+00:00
[2026-06-18T11:36:35.552+0000] {processor.py:208} INFO - Processing /opt/airflow/dags/crypto_pipeline_dag.py took 0.071 seconds
[2026-06-18T11:37:05.713+0000] {processor.py:186} INFO - Started process (PID=2252) to work on /opt/airflow/dags/crypto_pipeline_dag.py
[2026-06-18T11:37:05.714+0000] {processor.py:914} INFO - Processing file /opt/airflow/dags/crypto_pipeline_dag.py for tasks to queue
[2026-06-18T11:37:05.716+0000] {logging_mixin.py:190} INFO - [2026-06-18T11:37:05.716+0000] {dagbag.py:588} INFO - Filling up the DagBag from /opt/airflow/dags/crypto_pipeline_dag.py
[2026-06-18T11:37:05.729+0000] {processor.py:925} INFO - DAG(s) 'crypto_pipeline_dag' retrieved from /opt/airflow/dags/crypto_pipeline_dag.py
[2026-06-18T11:37:05.751+0000] {logging_mixin.py:190} INFO - [2026-06-18T11:37:05.751+0000] {dag.py:3239} INFO - Sync 1 DAGs
[2026-06-18T11:37:05.768+0000] {logging_mixin.py:190} INFO - [2026-06-18T11:37:05.768+0000] {dag.py:4180} INFO - Setting next_dagrun for crypto_pipeline_dag to 2026-06-18 00:00:00+00:00, run_after=2026-06-19 00:00:00+00:00
[2026-06-18T11:37:05.781+0000] {processor.py:208} INFO - Processing /opt/airflow/dags/crypto_pipeline_dag.py took 0.072 seconds
[2026-06-18T11:37:35.997+0000] {processor.py:186} INFO - Started process (PID=2257) to work on /opt/airflow/dags/crypto_pipeline_dag.py
[2026-06-18T11:37:35.998+0000] {processor.py:914} INFO - Processing file /opt/airflow/dags/crypto_pipeline_dag.py for tasks to queue
[2026-06-18T11:37:36.001+0000] {logging_mixin.py:190} INFO - [2026-06-18T11:37:36.000+0000] {dagbag.py:588} INFO - Filling up the DagBag from /opt/airflow/dags/crypto_pipeline_dag.py
[2026-06-18T11:37:36.018+0000] {processor.py:925} INFO - DAG(s) 'crypto_pipeline_dag' retrieved from /opt/airflow/dags/crypto_pipeline_dag.py
[2026-06-18T11:37:36.040+0000] {logging_mixin.py:190} INFO - [2026-06-18T11:37:36.040+0000] {dag.py:3239} INFO - Sync 1 DAGs
[2026-06-18T11:37:36.058+0000] {logging_mixin.py:190} INFO - [2026-06-18T11:37:36.058+0000] {dag.py:4180} INFO - Setting next_dagrun for crypto_pipeline_dag to 2026-06-18 00:00:00+00:00, run_after=2026-06-19 00:00:00+00:00
[2026-06-18T11:37:36.073+0000] {processor.py:208} INFO - Processing /opt/airflow/dags/crypto_pipeline_dag.py took 0.080 seconds
[2026-06-18T11:38:06.324+0000] {processor.py:186} INFO - Started process (PID=2262) to work on /opt/airflow/dags/crypto_pipeline_dag.py
[2026-06-18T11:38:06.325+0000] {processor.py:914} INFO - Processing file /opt/airflow/dags/crypto_pipeline_dag.py for tasks to queue
[2026-06-18T11:38:06.328+0000] {logging_mixin.py:190} INFO - [2026-06-18T11:38:06.327+0000] {dagbag.py:588} INFO - Filling up the DagBag from /opt/airflow/dags/crypto_pipeline_dag.py
[2026-06-18T11:38:06.340+0000] {processor.py:925} INFO - DAG(s) 'crypto_pipeline_dag' retrieved from /opt/airflow/dags/crypto_pipeline_dag.py
[2026-06-18T11:38:06.362+0000] {logging_mixin.py:190} INFO - [2026-06-18T11:38:06.362+0000] {dag.py:3239} INFO - Sync 1 DAGs
[2026-06-18T11:38:06.379+0000] {logging_mixin.py:190} INFO - [2026-06-18T11:38:06.379+0000] {dag.py:4180} INFO - Setting next_dagrun for crypto_pipeline_dag to 2026-06-18 00:00:00+00:00, run_after=2026-06-19 00:00:00+00:00
[2026-06-18T11:38:06.391+0000] {processor.py:208} INFO - Processing /opt/airflow/dags/crypto_pipeline_dag.py took 0.072 seconds
[2026-06-18T11:38:36.532+0000] {processor.py:186} INFO - Started process (PID=2267) to work on /opt/airflow/dags/crypto_pipeline_dag.py
[2026-06-18T11:38:36.533+0000] {processor.py:914} INFO - Processing file /opt/airflow/dags/crypto_pipeline_dag.py for tasks to queue
[2026-06-18T11:38:36.535+0000] {logging_mixin.py:190} INFO - [2026-06-18T11:38:36.534+0000] {dagbag.py:588} INFO - Filling up the DagBag from /opt/airflow/dags/crypto_pipeline_dag.py
[2026-06-18T11:38:36.547+0000] {processor.py:925} INFO - DAG(s) 'crypto_pipeline_dag' retrieved from /opt/airflow/dags/crypto_pipeline_dag.py
[2026-06-18T11:38:36.570+0000] {logging_mixin.py:190} INFO - [2026-06-18T11:38:36.570+0000] {dag.py:3239} INFO - Sync 1 DAGs
[2026-06-18T11:38:36.588+0000] {logging_mixin.py:190} INFO - [2026-06-18T11:38:36.587+0000] {dag.py:4180} INFO - Setting next_dagrun for crypto_pipeline_dag to 2026-06-18 00:00:00+00:00, run_after=2026-06-19 00:00:00+00:00
[2026-06-18T11:38:36.607+0000] {processor.py:208} INFO - Processing /opt/airflow/dags/crypto_pipeline_dag.py took 0.079 seconds
[2026-06-18T11:39:06.895+0000] {processor.py:186} INFO - Started process (PID=2272) to work on /opt/airflow/dags/crypto_pipeline_dag.py
[2026-06-18T11:39:06.896+0000] {processor.py:914} INFO - Processing file /opt/airflow/dags/crypto_pipeline_dag.py for tasks to queue
[2026-06-18T11:39:06.899+0000] {logging_mixin.py:190} INFO - [2026-06-18T11:39:06.898+0000] {dagbag.py:588} INFO - Filling up the DagBag from /opt/airflow/dags/crypto_pipeline_dag.py
[2026-06-18T11:39:06.919+0000] {processor.py:925} INFO - DAG(s) 'crypto_pipeline_dag' retrieved from /opt/airflow/dags/crypto_pipeline_dag.py
[2026-06-18T11:39:06.940+0000] {logging_mixin.py:190} INFO - [2026-06-18T11:39:06.940+0000] {dag.py:3239} INFO - Sync 1 DAGs
[2026-06-18T11:39:06.957+0000] {logging_mixin.py:190} INFO - [2026-06-18T11:39:06.957+0000] {dag.py:4180} INFO - Setting next_dagrun for crypto_pipeline_dag to 2026-06-18 00:00:00+00:00, run_after=2026-06-19 00:00:00+00:00
[2026-06-18T11:39:06.974+0000] {processor.py:208} INFO - Processing /opt/airflow/dags/crypto_pipeline_dag.py took 0.084 seconds
[2026-06-18T11:39:37.162+0000] {processor.py:186} INFO - Started process (PID=2277) to work on /opt/airflow/dags/crypto_pipeline_dag.py
[2026-06-18T11:39:37.163+0000] {processor.py:914} INFO - Processing file /opt/airflow/dags/crypto_pipeline_dag.py for tasks to queue
[2026-06-18T11:39:37.164+0000] {logging_mixin.py:190} INFO - [2026-06-18T11:39:37.164+0000] {dagbag.py:588} INFO - Filling up the DagBag from /opt/airflow/dags/crypto_pipeline_dag.py
[2026-06-18T11:39:37.177+0000] {processor.py:925} INFO - DAG(s) 'crypto_pipeline_dag' retrieved from /opt/airflow/dags/crypto_pipeline_dag.py
[2026-06-18T11:39:37.198+0000] {logging_mixin.py:190} INFO - [2026-06-18T11:39:37.198+0000] {dag.py:3239} INFO - Sync 1 DAGs
[2026-06-18T11:39:37.215+0000] {logging_mixin.py:190} INFO - [2026-06-18T11:39:37.215+0000] {dag.py:4180} INFO - Setting next_dagrun for crypto_pipeline_dag to 2026-06-18 00:00:00+00:00, run_after=2026-06-19 00:00:00+00:00
[2026-06-18T11:39:37.230+0000] {processor.py:208} INFO - Processing /opt/airflow/dags/crypto_pipeline_dag.py took 0.073 seconds
[2026-06-18T11:40:07.510+0000] {processor.py:186} INFO - Started process (PID=2282) to work on /opt/airflow/dags/crypto_pipeline_dag.py
[2026-06-18T11:40:07.511+0000] {processor.py:914} INFO - Processing file /opt/airflow/dags/crypto_pipeline_dag.py for tasks to queue
[2026-06-18T11:40:07.514+0000] {logging_mixin.py:190} INFO - [2026-06-18T11:40:07.514+0000] {dagbag.py:588} INFO - Filling up the DagBag from /opt/airflow/dags/crypto_pipeline_dag.py
[2026-06-18T11:40:07.536+0000] {processor.py:925} INFO - DAG(s) 'crypto_pipeline_dag' retrieved from /opt/airflow/dags/crypto_pipeline_dag.py
[2026-06-18T11:40:07.560+0000] {logging_mixin.py:190} INFO - [2026-06-18T11:40:07.560+0000] {dag.py:3239} INFO - Sync 1 DAGs
[2026-06-18T11:40:07.580+0000] {logging_mixin.py:190} INFO - [2026-06-18T11:40:07.580+0000] {dag.py:4180} INFO - Setting next_dagrun for crypto_pipeline_dag to 2026-06-18 00:00:00+00:00, run_after=2026-06-19 00:00:00+00:00
[2026-06-18T11:40:07.597+0000] {processor.py:208} INFO - Processing /opt/airflow/dags/crypto_pipeline_dag.py took 0.093 seconds
[2026-06-18T11:40:37.761+0000] {processor.py:186} INFO - Started process (PID=2287) to work on /opt/airflow/dags/crypto_pipeline_dag.py
[2026-06-18T11:40:37.762+0000] {processor.py:914} INFO - Processing file /opt/airflow/dags/crypto_pipeline_dag.py for tasks to queue
[2026-06-18T11:40:37.764+0000] {logging_mixin.py:190} INFO - [2026-06-18T11:40:37.763+0000] {dagbag.py:588} INFO - Filling up the DagBag from /opt/airflow/dags/crypto_pipeline_dag.py
[2026-06-18T11:40:37.777+0000] {processor.py:925} INFO - DAG(s) 'crypto_pipeline_dag' retrieved from /opt/airflow/dags/crypto_pipeline_dag.py
[2026-06-18T11:40:37.800+0000] {logging_mixin.py:190} INFO - [2026-06-18T11:40:37.800+0000] {dag.py:3239} INFO - Sync 1 DAGs
[2026-06-18T11:40:37.817+0000] {logging_mixin.py:190} INFO - [2026-06-18T11:40:37.817+0000] {dag.py:4180} INFO - Setting next_dagrun for crypto_pipeline_dag to 2026-06-18 00:00:00+00:00, run_after=2026-06-19 00:00:00+00:00
[2026-06-18T11:40:37.831+0000] {processor.py:208} INFO - Processing /opt/airflow/dags/crypto_pipeline_dag.py took 0.075 seconds
[2026-06-18T11:41:08.014+0000] {processor.py:186} INFO - Started process (PID=2292) to work on /opt/airflow/dags/crypto_pipeline_dag.py
[2026-06-18T11:41:08.015+0000] {processor.py:914} INFO - Processing file /opt/airflow/dags/crypto_pipeline_dag.py for tasks to queue
[2026-06-18T11:41:08.016+0000] {logging_mixin.py:190} INFO - [2026-06-18T11:41:08.016+0000] {dagbag.py:588} INFO - Filling up the DagBag from /opt/airflow/dags/crypto_pipeline_dag.py
[2026-06-18T11:41:08.030+0000] {processor.py:925} INFO - DAG(s) 'crypto_pipeline_dag' retrieved from /opt/airflow/dags/crypto_pipeline_dag.py
[2026-06-18T11:41:08.050+0000] {logging_mixin.py:190} INFO - [2026-06-18T11:41:08.050+0000] {dag.py:3239} INFO - Sync 1 DAGs
[2026-06-18T11:41:08.068+0000] {logging_mixin.py:190} INFO - [2026-06-18T11:41:08.067+0000] {dag.py:4180} INFO - Setting next_dagrun for crypto_pipeline_dag to 2026-06-18 00:00:00+00:00, run_after=2026-06-19 00:00:00+00:00
[2026-06-18T11:41:08.080+0000] {processor.py:208} INFO - Processing /opt/airflow/dags/crypto_pipeline_dag.py took 0.071 seconds
[2026-06-18T11:41:38.794+0000] {processor.py:186} INFO - Started process (PID=2297) to work on /opt/airflow/dags/crypto_pipeline_dag.py
[2026-06-18T11:41:38.795+0000] {processor.py:914} INFO - Processing file /opt/airflow/dags/crypto_pipeline_dag.py for tasks to queue
[2026-06-18T11:41:38.797+0000] {logging_mixin.py:190} INFO - [2026-06-18T11:41:38.797+0000] {dagbag.py:588} INFO - Filling up the DagBag from /opt/airflow/dags/crypto_pipeline_dag.py
[2026-06-18T11:41:38.811+0000] {processor.py:925} INFO - DAG(s) 'crypto_pipeline_dag' retrieved from /opt/airflow/dags/crypto_pipeline_dag.py
[2026-06-18T11:41:38.831+0000] {logging_mixin.py:190} INFO - [2026-06-18T11:41:38.831+0000] {dag.py:3239} INFO - Sync 1 DAGs
[2026-06-18T11:41:38.849+0000] {logging_mixin.py:190} INFO - [2026-06-18T11:41:38.849+0000] {dag.py:4180} INFO - Setting next_dagrun for crypto_pipeline_dag to 2026-06-18 00:00:00+00:00, run_after=2026-06-19 00:00:00+00:00
[2026-06-18T11:41:38.863+0000] {processor.py:208} INFO - Processing /opt/airflow/dags/crypto_pipeline_dag.py took 0.074 seconds
[2026-06-18T11:42:09.616+0000] {processor.py:186} INFO - Started process (PID=2302) to work on /opt/airflow/dags/crypto_pipeline_dag.py
[2026-06-18T11:42:09.616+0000] {processor.py:914} INFO - Processing file /opt/airflow/dags/crypto_pipeline_dag.py for tasks to queue
[2026-06-18T11:42:09.619+0000] {logging_mixin.py:190} INFO - [2026-06-18T11:42:09.618+0000] {dagbag.py:588} INFO - Filling up the DagBag from /opt/airflow/dags/crypto_pipeline_dag.py
[2026-06-18T11:42:09.634+0000] {processor.py:925} INFO - DAG(s) 'crypto_pipeline_dag' retrieved from /opt/airflow/dags/crypto_pipeline_dag.py
[2026-06-18T11:42:09.655+0000] {logging_mixin.py:190} INFO - [2026-06-18T11:42:09.655+0000] {dag.py:3239} INFO - Sync 1 DAGs
[2026-06-18T11:42:09.673+0000] {logging_mixin.py:190} INFO - [2026-06-18T11:42:09.673+0000] {dag.py:4180} INFO - Setting next_dagrun for crypto_pipeline_dag to 2026-06-18 00:00:00+00:00, run_after=2026-06-19 00:00:00+00:00
[2026-06-18T11:42:09.695+0000] {processor.py:208} INFO - Processing /opt/airflow/dags/crypto_pipeline_dag.py took 0.084 seconds
[2026-06-18T11:42:39.845+0000] {processor.py:186} INFO - Started process (PID=2307) to work on /opt/airflow/dags/crypto_pipeline_dag.py
[2026-06-18T11:42:39.846+0000] {processor.py:914} INFO - Processing file /opt/airflow/dags/crypto_pipeline_dag.py for tasks to queue
[2026-06-18T11:42:39.848+0000] {logging_mixin.py:190} INFO - [2026-06-18T11:42:39.848+0000] {dagbag.py:588} INFO - Filling up the DagBag from /opt/airflow/dags/crypto_pipeline_dag.py
[2026-06-18T11:42:39.864+0000] {processor.py:925} INFO - DAG(s) 'crypto_pipeline_dag' retrieved from /opt/airflow/dags/crypto_pipeline_dag.py
[2026-06-18T11:42:39.884+0000] {logging_mixin.py:190} INFO - [2026-06-18T11:42:39.884+0000] {dag.py:3239} INFO - Sync 1 DAGs
[2026-06-18T11:42:39.901+0000] {logging_mixin.py:190} INFO - [2026-06-18T11:42:39.901+0000] {dag.py:4180} INFO - Setting next_dagrun for crypto_pipeline_dag to 2026-06-18 00:00:00+00:00, run_after=2026-06-19 00:00:00+00:00
[2026-06-18T11:42:39.916+0000] {processor.py:208} INFO - Processing /opt/airflow/dags/crypto_pipeline_dag.py took 0.075 seconds
[2026-06-18T11:43:10.116+0000] {processor.py:186} INFO - Started process (PID=2312) to work on /opt/airflow/dags/crypto_pipeline_dag.py
[2026-06-18T11:43:10.117+0000] {processor.py:914} INFO - Processing file /opt/airflow/dags/crypto_pipeline_dag.py for tasks to queue
[2026-06-18T11:43:10.119+0000] {logging_mixin.py:190} INFO - [2026-06-18T11:43:10.119+0000] {dagbag.py:588} INFO - Filling up the DagBag from /opt/airflow/dags/crypto_pipeline_dag.py
[2026-06-18T11:43:10.137+0000] {processor.py:925} INFO - DAG(s) 'crypto_pipeline_dag' retrieved from /opt/airflow/dags/crypto_pipeline_dag.py
[2026-06-18T11:43:10.158+0000] {logging_mixin.py:190} INFO - [2026-06-18T11:43:10.158+0000] {dag.py:3239} INFO - Sync 1 DAGs
[2026-06-18T11:43:10.177+0000] {logging_mixin.py:190} INFO - [2026-06-18T11:43:10.176+0000] {dag.py:4180} INFO - Setting next_dagrun for crypto_pipeline_dag to 2026-06-18 00:00:00+00:00, run_after=2026-06-19 00:00:00+00:00
[2026-06-18T11:43:10.189+0000] {processor.py:208} INFO - Processing /opt/airflow/dags/crypto_pipeline_dag.py took 0.078 seconds
[2026-06-18T11:43:40.328+0000] {processor.py:186} INFO - Started process (PID=2317) to work on /opt/airflow/dags/crypto_pipeline_dag.py
[2026-06-18T11:43:40.329+0000] {processor.py:914} INFO - Processing file /opt/airflow/dags/crypto_pipeline_dag.py for tasks to queue
[2026-06-18T11:43:40.331+0000] {logging_mixin.py:190} INFO - [2026-06-18T11:43:40.331+0000] {dagbag.py:588} INFO - Filling up the DagBag from /opt/airflow/dags/crypto_pipeline_dag.py
[2026-06-18T11:43:40.342+0000] {processor.py:925} INFO - DAG(s) 'crypto_pipeline_dag' retrieved from /opt/airflow/dags/crypto_pipeline_dag.py
[2026-06-18T11:43:40.364+0000] {logging_mixin.py:190} INFO - [2026-06-18T11:43:40.364+0000] {dag.py:3239} INFO - Sync 1 DAGs
[2026-06-18T11:43:40.382+0000] {logging_mixin.py:190} INFO - [2026-06-18T11:43:40.382+0000] {dag.py:4180} INFO - Setting next_dagrun for crypto_pipeline_dag to 2026-06-18 00:00:00+00:00, run_after=2026-06-19 00:00:00+00:00
[2026-06-18T11:43:40.399+0000] {processor.py:208} INFO - Processing /opt/airflow/dags/crypto_pipeline_dag.py took 0.074 seconds
[2026-06-18T11:44:10.591+0000] {processor.py:186} INFO - Started process (PID=2322) to work on /opt/airflow/dags/crypto_pipeline_dag.py
[2026-06-18T11:44:10.592+0000] {processor.py:914} INFO - Processing file /opt/airflow/dags/crypto_pipeline_dag.py for tasks to queue
[2026-06-18T11:44:10.594+0000] {logging_mixin.py:190} INFO - [2026-06-18T11:44:10.593+0000] {dagbag.py:588} INFO - Filling up the DagBag from /opt/airflow/dags/crypto_pipeline_dag.py
[2026-06-18T11:44:10.609+0000] {processor.py:925} INFO - DAG(s) 'crypto_pipeline_dag' retrieved from /opt/airflow/dags/crypto_pipeline_dag.py
[2026-06-18T11:44:10.631+0000] {logging_mixin.py:190} INFO - [2026-06-18T11:44:10.631+0000] {dag.py:3239} INFO - Sync 1 DAGs
[2026-06-18T11:44:10.649+0000] {logging_mixin.py:190} INFO - [2026-06-18T11:44:10.649+0000] {dag.py:4180} INFO - Setting next_dagrun for crypto_pipeline_dag to 2026-06-18 00:00:00+00:00, run_after=2026-06-19 00:00:00+00:00
[2026-06-18T11:44:10.668+0000] {processor.py:208} INFO - Processing /opt/airflow/dags/crypto_pipeline_dag.py took 0.082 seconds
[2026-06-18T11:44:40.839+0000] {processor.py:186} INFO - Started process (PID=2327) to work on /opt/airflow/dags/crypto_pipeline_dag.py
[2026-06-18T11:44:40.840+0000] {processor.py:914} INFO - Processing file /opt/airflow/dags/crypto_pipeline_dag.py for tasks to queue
[2026-06-18T11:44:40.842+0000] {logging_mixin.py:190} INFO - [2026-06-18T11:44:40.842+0000] {dagbag.py:588} INFO - Filling up the DagBag from /opt/airflow/dags/crypto_pipeline_dag.py
[2026-06-18T11:44:40.863+0000] {processor.py:925} INFO - DAG(s) 'crypto_pipeline_dag' retrieved from /opt/airflow/dags/crypto_pipeline_dag.py
[2026-06-18T11:44:40.890+0000] {logging_mixin.py:190} INFO - [2026-06-18T11:44:40.890+0000] {dag.py:3239} INFO - Sync 1 DAGs
[2026-06-18T11:44:40.907+0000] {logging_mixin.py:190} INFO - [2026-06-18T11:44:40.907+0000] {dag.py:4180} INFO - Setting next_dagrun for crypto_pipeline_dag to 2026-06-18 00:00:00+00:00, run_after=2026-06-19 00:00:00+00:00
[2026-06-18T11:44:40.923+0000] {processor.py:208} INFO - Processing /opt/airflow/dags/crypto_pipeline_dag.py took 0.088 seconds
[2026-06-18T11:45:11.110+0000] {processor.py:186} INFO - Started process (PID=2332) to work on /opt/airflow/dags/crypto_pipeline_dag.py
[2026-06-18T11:45:11.110+0000] {processor.py:914} INFO - Processing file /opt/airflow/dags/crypto_pipeline_dag.py for tasks to queue
[2026-06-18T11:45:11.112+0000] {logging_mixin.py:190} INFO - [2026-06-18T11:45:11.112+0000] {dagbag.py:588} INFO - Filling up the DagBag from /opt/airflow/dags/crypto_pipeline_dag.py
[2026-06-18T11:45:11.128+0000] {processor.py:925} INFO - DAG(s) 'crypto_pipeline_dag' retrieved from /opt/airflow/dags/crypto_pipeline_dag.py
[2026-06-18T11:45:11.148+0000] {logging_mixin.py:190} INFO - [2026-06-18T11:45:11.148+0000] {dag.py:3239} INFO - Sync 1 DAGs
[2026-06-18T11:45:11.166+0000] {logging_mixin.py:190} INFO - [2026-06-18T11:45:11.166+0000] {dag.py:4180} INFO - Setting next_dagrun for crypto_pipeline_dag to 2026-06-18 00:00:00+00:00, run_after=2026-06-19 00:00:00+00:00
[2026-06-18T11:45:11.183+0000] {processor.py:208} INFO - Processing /opt/airflow/dags/crypto_pipeline_dag.py took 0.078 seconds
[2026-06-18T11:45:41.376+0000] {processor.py:186} INFO - Started process (PID=2337) to work on /opt/airflow/dags/crypto_pipeline_dag.py
[2026-06-18T11:45:41.377+0000] {processor.py:914} INFO - Processing file /opt/airflow/dags/crypto_pipeline_dag.py for tasks to queue
[2026-06-18T11:45:41.379+0000] {logging_mixin.py:190} INFO - [2026-06-18T11:45:41.379+0000] {dagbag.py:588} INFO - Filling up the DagBag from /opt/airflow/dags/crypto_pipeline_dag.py
[2026-06-18T11:45:41.392+0000] {processor.py:925} INFO - DAG(s) 'crypto_pipeline_dag' retrieved from /opt/airflow/dags/crypto_pipeline_dag.py
[2026-06-18T11:45:41.412+0000] {logging_mixin.py:190} INFO - [2026-06-18T11:45:41.412+0000] {dag.py:3239} INFO - Sync 1 DAGs
[2026-06-18T11:45:41.430+0000] {logging_mixin.py:190} INFO - [2026-06-18T11:45:41.429+0000] {dag.py:4180} INFO - Setting next_dagrun for crypto_pipeline_dag to 2026-06-18 00:00:00+00:00, run_after=2026-06-19 00:00:00+00:00
[2026-06-18T11:45:41.443+0000] {processor.py:208} INFO - Processing /opt/airflow/dags/crypto_pipeline_dag.py took 0.072 seconds
[2026-06-18T11:46:11.569+0000] {processor.py:186} INFO - Started process (PID=2342) to work on /opt/airflow/dags/crypto_pipeline_dag.py
[2026-06-18T11:46:11.570+0000] {processor.py:914} INFO - Processing file /opt/airflow/dags/crypto_pipeline_dag.py for tasks to queue
[2026-06-18T11:46:11.571+0000] {logging_mixin.py:190} INFO - [2026-06-18T11:46:11.571+0000] {dagbag.py:588} INFO - Filling up the DagBag from /opt/airflow/dags/crypto_pipeline_dag.py
[2026-06-18T11:46:11.585+0000] {processor.py:925} INFO - DAG(s) 'crypto_pipeline_dag' retrieved from /opt/airflow/dags/crypto_pipeline_dag.py
[2026-06-18T11:46:11.609+0000] {logging_mixin.py:190} INFO - [2026-06-18T11:46:11.609+0000] {dag.py:3239} INFO - Sync 1 DAGs
[2026-06-18T11:46:11.628+0000] {logging_mixin.py:190} INFO - [2026-06-18T11:46:11.628+0000] {dag.py:4180} INFO - Setting next_dagrun for crypto_pipeline_dag to 2026-06-18 00:00:00+00:00, run_after=2026-06-19 00:00:00+00:00
[2026-06-18T11:46:11.641+0000] {processor.py:208} INFO - Processing /opt/airflow/dags/crypto_pipeline_dag.py took 0.076 seconds
[2026-06-18T11:46:41.896+0000] {processor.py:186} INFO - Started process (PID=2347) to work on /opt/airflow/dags/crypto_pipeline_dag.py
[2026-06-18T11:46:41.896+0000] {processor.py:914} INFO - Processing file /opt/airflow/dags/crypto_pipeline_dag.py for tasks to queue
[2026-06-18T11:46:41.899+0000] {logging_mixin.py:190} INFO - [2026-06-18T11:46:41.898+0000] {dagbag.py:588} INFO - Filling up the DagBag from /opt/airflow/dags/crypto_pipeline_dag.py
[2026-06-18T11:46:41.912+0000] {processor.py:925} INFO - DAG(s) 'crypto_pipeline_dag' retrieved from /opt/airflow/dags/crypto_pipeline_dag.py
[2026-06-18T11:46:41.933+0000] {logging_mixin.py:190} INFO - [2026-06-18T11:46:41.933+0000] {dag.py:3239} INFO - Sync 1 DAGs
[2026-06-18T11:46:41.950+0000] {logging_mixin.py:190} INFO - [2026-06-18T11:46:41.950+0000] {dag.py:4180} INFO - Setting next_dagrun for crypto_pipeline_dag to 2026-06-18 00:00:00+00:00, run_after=2026-06-19 00:00:00+00:00
[2026-06-18T11:46:41.980+0000] {processor.py:208} INFO - Processing /opt/airflow/dags/crypto_pipeline_dag.py took 0.089 seconds
[2026-06-18T11:47:12.115+0000] {processor.py:186} INFO - Started process (PID=2352) to work on /opt/airflow/dags/crypto_pipeline_dag.py
[2026-06-18T11:47:12.116+0000] {processor.py:914} INFO - Processing file /opt/airflow/dags/crypto_pipeline_dag.py for tasks to queue
[2026-06-18T11:47:12.118+0000] {logging_mixin.py:190} INFO - [2026-06-18T11:47:12.118+0000] {dagbag.py:588} INFO - Filling up the DagBag from /opt/airflow/dags/crypto_pipeline_dag.py
[2026-06-18T11:47:12.131+0000] {processor.py:925} INFO - DAG(s) 'crypto_pipeline_dag' retrieved from /opt/airflow/dags/crypto_pipeline_dag.py
[2026-06-18T11:47:12.151+0000] {logging_mixin.py:190} INFO - [2026-06-18T11:47:12.151+0000] {dag.py:3239} INFO - Sync 1 DAGs
[2026-06-18T11:47:12.167+0000] {logging_mixin.py:190} INFO - [2026-06-18T11:47:12.167+0000] {dag.py:4180} INFO - Setting next_dagrun for crypto_pipeline_dag to 2026-06-18 00:00:00+00:00, run_after=2026-06-19 00:00:00+00:00
[2026-06-18T11:47:12.182+0000] {processor.py:208} INFO - Processing /opt/airflow/dags/crypto_pipeline_dag.py took 0.071 seconds
[2026-06-18T11:47:42.406+0000] {processor.py:186} INFO - Started process (PID=2357) to work on /opt/airflow/dags/crypto_pipeline_dag.py
[2026-06-18T11:47:42.407+0000] {processor.py:914} INFO - Processing file /opt/airflow/dags/crypto_pipeline_dag.py for tasks to queue
[2026-06-18T11:47:42.409+0000] {logging_mixin.py:190} INFO - [2026-06-18T11:47:42.408+0000] {dagbag.py:588} INFO - Filling up the DagBag from /opt/airflow/dags/crypto_pipeline_dag.py
[2026-06-18T11:47:42.421+0000] {processor.py:925} INFO - DAG(s) 'crypto_pipeline_dag' retrieved from /opt/airflow/dags/crypto_pipeline_dag.py
[2026-06-18T11:47:42.440+0000] {logging_mixin.py:190} INFO - [2026-06-18T11:47:42.440+0000] {dag.py:3239} INFO - Sync 1 DAGs
[2026-06-18T11:47:42.456+0000] {logging_mixin.py:190} INFO - [2026-06-18T11:47:42.456+0000] {dag.py:4180} INFO - Setting next_dagrun for crypto_pipeline_dag to 2026-06-18 00:00:00+00:00, run_after=2026-06-19 00:00:00+00:00
[2026-06-18T11:47:42.470+0000] {processor.py:208} INFO - Processing /opt/airflow/dags/crypto_pipeline_dag.py took 0.068 seconds
[2026-06-18T11:48:12.680+0000] {processor.py:186} INFO - Started process (PID=2362) to work on /opt/airflow/dags/crypto_pipeline_dag.py
[2026-06-18T11:48:12.681+0000] {processor.py:914} INFO - Processing file /opt/airflow/dags/crypto_pipeline_dag.py for tasks to queue
[2026-06-18T11:48:12.683+0000] {logging_mixin.py:190} INFO - [2026-06-18T11:48:12.683+0000] {dagbag.py:588} INFO - Filling up the DagBag from /opt/airflow/dags/crypto_pipeline_dag.py
[2026-06-18T11:48:12.696+0000] {processor.py:925} INFO - DAG(s) 'crypto_pipeline_dag' retrieved from /opt/airflow/dags/crypto_pipeline_dag.py
[2026-06-18T11:48:12.716+0000] {logging_mixin.py:190} INFO - [2026-06-18T11:48:12.716+0000] {dag.py:3239} INFO - Sync 1 DAGs
[2026-06-18T11:48:12.732+0000] {logging_mixin.py:190} INFO - [2026-06-18T11:48:12.732+0000] {dag.py:4180} INFO - Setting next_dagrun for crypto_pipeline_dag to 2026-06-18 00:00:00+00:00, run_after=2026-06-19 00:00:00+00:00
[2026-06-18T11:48:12.749+0000] {processor.py:208} INFO - Processing /opt/airflow/dags/crypto_pipeline_dag.py took 0.073 seconds
[2026-06-18T11:48:42.917+0000] {processor.py:186} INFO - Started process (PID=2367) to work on /opt/airflow/dags/crypto_pipeline_dag.py
[2026-06-18T11:48:42.918+0000] {processor.py:914} INFO - Processing file /opt/airflow/dags/crypto_pipeline_dag.py for tasks to queue
[2026-06-18T11:48:42.920+0000] {logging_mixin.py:190} INFO - [2026-06-18T11:48:42.920+0000] {dagbag.py:588} INFO - Filling up the DagBag from /opt/airflow/dags/crypto_pipeline_dag.py
[2026-06-18T11:48:42.933+0000] {processor.py:925} INFO - DAG(s) 'crypto_pipeline_dag' retrieved from /opt/airflow/dags/crypto_pipeline_dag.py
[2026-06-18T11:48:42.954+0000] {logging_mixin.py:190} INFO - [2026-06-18T11:48:42.954+0000] {dag.py:3239} INFO - Sync 1 DAGs
[2026-06-18T11:48:42.974+0000] {logging_mixin.py:190} INFO - [2026-06-18T11:48:42.974+0000] {dag.py:4180} INFO - Setting next_dagrun for crypto_pipeline_dag to 2026-06-18 00:00:00+00:00, run_after=2026-06-19 00:00:00+00:00
[2026-06-18T11:48:42.988+0000] {processor.py:208} INFO - Processing /opt/airflow/dags/crypto_pipeline_dag.py took 0.076 seconds
[2026-06-18T11:49:13.210+0000] {processor.py:186} INFO - Started process (PID=2372) to work on /opt/airflow/dags/crypto_pipeline_dag.py
[2026-06-18T11:49:13.211+0000] {processor.py:914} INFO - Processing file /opt/airflow/dags/crypto_pipeline_dag.py for tasks to queue
[2026-06-18T11:49:13.213+0000] {logging_mixin.py:190} INFO - [2026-06-18T11:49:13.213+0000] {dagbag.py:588} INFO - Filling up the DagBag from /opt/airflow/dags/crypto_pipeline_dag.py
[2026-06-18T11:49:13.228+0000] {processor.py:925} INFO - DAG(s) 'crypto_pipeline_dag' retrieved from /opt/airflow/dags/crypto_pipeline_dag.py
[2026-06-18T11:49:13.248+0000] {logging_mixin.py:190} INFO - [2026-06-18T11:49:13.248+0000] {dag.py:3239} INFO - Sync 1 DAGs
[2026-06-18T11:49:13.265+0000] {logging_mixin.py:190} INFO - [2026-06-18T11:49:13.265+0000] {dag.py:4180} INFO - Setting next_dagrun for crypto_pipeline_dag to 2026-06-18 00:00:00+00:00, run_after=2026-06-19 00:00:00+00:00
[2026-06-18T11:49:13.278+0000] {processor.py:208} INFO - Processing /opt/airflow/dags/crypto_pipeline_dag.py took 0.073 seconds
[2026-06-18T11:49:43.425+0000] {processor.py:186} INFO - Started process (PID=2377) to work on /opt/airflow/dags/crypto_pipeline_dag.py
[2026-06-18T11:49:43.426+0000] {processor.py:914} INFO - Processing file /opt/airflow/dags/crypto_pipeline_dag.py for tasks to queue
[2026-06-18T11:49:43.428+0000] {logging_mixin.py:190} INFO - [2026-06-18T11:49:43.428+0000] {dagbag.py:588} INFO - Filling up the DagBag from /opt/airflow/dags/crypto_pipeline_dag.py
[2026-06-18T11:49:43.441+0000] {processor.py:925} INFO - DAG(s) 'crypto_pipeline_dag' retrieved from /opt/airflow/dags/crypto_pipeline_dag.py
[2026-06-18T11:49:43.460+0000] {logging_mixin.py:190} INFO - [2026-06-18T11:49:43.460+0000] {dag.py:3239} INFO - Sync 1 DAGs
[2026-06-18T11:49:43.477+0000] {logging_mixin.py:190} INFO - [2026-06-18T11:49:43.476+0000] {dag.py:4180} INFO - Setting next_dagrun for crypto_pipeline_dag to 2026-06-18 00:00:00+00:00, run_after=2026-06-19 00:00:00+00:00
[2026-06-18T11:49:43.490+0000] {processor.py:208} INFO - Processing /opt/airflow/dags/crypto_pipeline_dag.py took 0.069 seconds
[2026-06-18T11:50:13.703+0000] {processor.py:186} INFO - Started process (PID=2382) to work on /opt/airflow/dags/crypto_pipeline_dag.py
[2026-06-18T11:50:13.703+0000] {processor.py:914} INFO - Processing file /opt/airflow/dags/crypto_pipeline_dag.py for tasks to queue
[2026-06-18T11:50:13.705+0000] {logging_mixin.py:190} INFO - [2026-06-18T11:50:13.705+0000] {dagbag.py:588} INFO - Filling up the DagBag from /opt/airflow/dags/crypto_pipeline_dag.py
[2026-06-18T11:50:13.719+0000] {processor.py:925} INFO - DAG(s) 'crypto_pipeline_dag' retrieved from /opt/airflow/dags/crypto_pipeline_dag.py
[2026-06-18T11:50:13.739+0000] {logging_mixin.py:190} INFO - [2026-06-18T11:50:13.739+0000] {dag.py:3239} INFO - Sync 1 DAGs
[2026-06-18T11:50:13.756+0000] {logging_mixin.py:190} INFO - [2026-06-18T11:50:13.756+0000] {dag.py:4180} INFO - Setting next_dagrun for crypto_pipeline_dag to 2026-06-18 00:00:00+00:00, run_after=2026-06-19 00:00:00+00:00
[2026-06-18T11:50:13.768+0000] {processor.py:208} INFO - Processing /opt/airflow/dags/crypto_pipeline_dag.py took 0.069 seconds
[2026-06-18T11:50:43.903+0000] {processor.py:186} INFO - Started process (PID=2387) to work on /opt/airflow/dags/crypto_pipeline_dag.py
[2026-06-18T11:50:43.903+0000] {processor.py:914} INFO - Processing file /opt/airflow/dags/crypto_pipeline_dag.py for tasks to queue
[2026-06-18T11:50:43.906+0000] {logging_mixin.py:190} INFO - [2026-06-18T11:50:43.905+0000] {dagbag.py:588} INFO - Filling up the DagBag from /opt/airflow/dags/crypto_pipeline_dag.py
[2026-06-18T11:50:43.919+0000] {processor.py:925} INFO - DAG(s) 'crypto_pipeline_dag' retrieved from /opt/airflow/dags/crypto_pipeline_dag.py
[2026-06-18T11:50:43.941+0000] {logging_mixin.py:190} INFO - [2026-06-18T11:50:43.941+0000] {dag.py:3239} INFO - Sync 1 DAGs
[2026-06-18T11:50:43.959+0000] {logging_mixin.py:190} INFO - [2026-06-18T11:50:43.959+0000] {dag.py:4180} INFO - Setting next_dagrun for crypto_pipeline_dag to 2026-06-18 00:00:00+00:00, run_after=2026-06-19 00:00:00+00:00
[2026-06-18T11:50:43.973+0000] {processor.py:208} INFO - Processing /opt/airflow/dags/crypto_pipeline_dag.py took 0.075 seconds
[2026-06-18T11:51:14.167+0000] {processor.py:186} INFO - Started process (PID=2392) to work on /opt/airflow/dags/crypto_pipeline_dag.py
[2026-06-18T11:51:14.167+0000] {processor.py:914} INFO - Processing file /opt/airflow/dags/crypto_pipeline_dag.py for tasks to queue
[2026-06-18T11:51:14.169+0000] {logging_mixin.py:190} INFO - [2026-06-18T11:51:14.169+0000] {dagbag.py:588} INFO - Filling up the DagBag from /opt/airflow/dags/crypto_pipeline_dag.py
[2026-06-18T11:51:14.183+0000] {processor.py:925} INFO - DAG(s) 'crypto_pipeline_dag' retrieved from /opt/airflow/dags/crypto_pipeline_dag.py
[2026-06-18T11:51:14.203+0000] {logging_mixin.py:190} INFO - [2026-06-18T11:51:14.203+0000] {dag.py:3239} INFO - Sync 1 DAGs
[2026-06-18T11:51:14.222+0000] {logging_mixin.py:190} INFO - [2026-06-18T11:51:14.222+0000] {dag.py:4180} INFO - Setting next_dagrun for crypto_pipeline_dag to 2026-06-18 00:00:00+00:00, run_after=2026-06-19 00:00:00+00:00
[2026-06-18T11:51:14.236+0000] {processor.py:208} INFO - Processing /opt/airflow/dags/crypto_pipeline_dag.py took 0.073 seconds
[2026-06-18T11:51:44.403+0000] {processor.py:186} INFO - Started process (PID=2397) to work on /opt/airflow/dags/crypto_pipeline_dag.py
[2026-06-18T11:51:44.405+0000] {processor.py:914} INFO - Processing file /opt/airflow/dags/crypto_pipeline_dag.py for tasks to queue
[2026-06-18T11:51:44.407+0000] {logging_mixin.py:190} INFO - [2026-06-18T11:51:44.407+0000] {dagbag.py:588} INFO - Filling up the DagBag from /opt/airflow/dags/crypto_pipeline_dag.py
[2026-06-18T11:51:44.421+0000] {processor.py:925} INFO - DAG(s) 'crypto_pipeline_dag' retrieved from /opt/airflow/dags/crypto_pipeline_dag.py
[2026-06-18T11:51:44.442+0000] {logging_mixin.py:190} INFO - [2026-06-18T11:51:44.442+0000] {dag.py:3239} INFO - Sync 1 DAGs
[2026-06-18T11:51:44.461+0000] {logging_mixin.py:190} INFO - [2026-06-18T11:51:44.461+0000] {dag.py:4180} INFO - Setting next_dagrun for crypto_pipeline_dag to 2026-06-18 00:00:00+00:00, run_after=2026-06-19 00:00:00+00:00
[2026-06-18T11:51:44.474+0000] {processor.py:208} INFO - Processing /opt/airflow/dags/crypto_pipeline_dag.py took 0.075 seconds
[2026-06-18T11:52:14.745+0000] {processor.py:186} INFO - Started process (PID=2402) to work on /opt/airflow/dags/crypto_pipeline_dag.py
[2026-06-18T11:52:14.746+0000] {processor.py:914} INFO - Processing file /opt/airflow/dags/crypto_pipeline_dag.py for tasks to queue
[2026-06-18T11:52:14.748+0000] {logging_mixin.py:190} INFO - [2026-06-18T11:52:14.748+0000] {dagbag.py:588} INFO - Filling up the DagBag from /opt/airflow/dags/crypto_pipeline_dag.py
[2026-06-18T11:52:14.761+0000] {processor.py:925} INFO - DAG(s) 'crypto_pipeline_dag' retrieved from /opt/airflow/dags/crypto_pipeline_dag.py
[2026-06-18T11:52:14.781+0000] {logging_mixin.py:190} INFO - [2026-06-18T11:52:14.781+0000] {dag.py:3239} INFO - Sync 1 DAGs
[2026-06-18T11:52:14.799+0000] {logging_mixin.py:190} INFO - [2026-06-18T11:52:14.799+0000] {dag.py:4180} INFO - Setting next_dagrun for crypto_pipeline_dag to 2026-06-18 00:00:00+00:00, run_after=2026-06-19 00:00:00+00:00
[2026-06-18T11:52:14.812+0000] {processor.py:208} INFO - Processing /opt/airflow/dags/crypto_pipeline_dag.py took 0.072 seconds
[2026-06-18T11:52:45.005+0000] {processor.py:186} INFO - Started process (PID=2407) to work on /opt/airflow/dags/crypto_pipeline_dag.py
[2026-06-18T11:52:45.006+0000] {processor.py:914} INFO - Processing file /opt/airflow/dags/crypto_pipeline_dag.py for tasks to queue
[2026-06-18T11:52:45.008+0000] {logging_mixin.py:190} INFO - [2026-06-18T11:52:45.008+0000] {dagbag.py:588} INFO - Filling up the DagBag from /opt/airflow/dags/crypto_pipeline_dag.py
[2026-06-18T11:52:45.022+0000] {processor.py:925} INFO - DAG(s) 'crypto_pipeline_dag' retrieved from /opt/airflow/dags/crypto_pipeline_dag.py
[2026-06-18T11:52:45.042+0000] {logging_mixin.py:190} INFO - [2026-06-18T11:52:45.042+0000] {dag.py:3239} INFO - Sync 1 DAGs
[2026-06-18T11:52:45.059+0000] {logging_mixin.py:190} INFO - [2026-06-18T11:52:45.059+0000] {dag.py:4180} INFO - Setting next_dagrun for crypto_pipeline_dag to 2026-06-18 00:00:00+00:00, run_after=2026-06-19 00:00:00+00:00
[2026-06-18T11:52:45.073+0000] {processor.py:208} INFO - Processing /opt/airflow/dags/crypto_pipeline_dag.py took 0.072 seconds
[2026-06-18T11:53:15.249+0000] {processor.py:186} INFO - Started process (PID=2412) to work on /opt/airflow/dags/crypto_pipeline_dag.py
[2026-06-18T11:53:15.250+0000] {processor.py:914} INFO - Processing file /opt/airflow/dags/crypto_pipeline_dag.py for tasks to queue
[2026-06-18T11:53:15.251+0000] {logging_mixin.py:190} INFO - [2026-06-18T11:53:15.251+0000] {dagbag.py:588} INFO - Filling up the DagBag from /opt/airflow/dags/crypto_pipeline_dag.py
[2026-06-18T11:53:15.270+0000] {processor.py:925} INFO - DAG(s) 'crypto_pipeline_dag' retrieved from /opt/airflow/dags/crypto_pipeline_dag.py
[2026-06-18T11:53:15.293+0000] {logging_mixin.py:190} INFO - [2026-06-18T11:53:15.293+0000] {dag.py:3239} INFO - Sync 1 DAGs
[2026-06-18T11:53:15.313+0000] {logging_mixin.py:190} INFO - [2026-06-18T11:53:15.313+0000] {dag.py:4180} INFO - Setting next_dagrun for crypto_pipeline_dag to 2026-06-18 00:00:00+00:00, run_after=2026-06-19 00:00:00+00:00
[2026-06-18T11:53:15.331+0000] {processor.py:208} INFO - Processing /opt/airflow/dags/crypto_pipeline_dag.py took 0.087 seconds
[2026-06-18T11:53:45.493+0000] {processor.py:186} INFO - Started process (PID=2417) to work on /opt/airflow/dags/crypto_pipeline_dag.py
[2026-06-18T11:53:45.494+0000] {processor.py:914} INFO - Processing file /opt/airflow/dags/crypto_pipeline_dag.py for tasks to queue
[2026-06-18T11:53:45.496+0000] {logging_mixin.py:190} INFO - [2026-06-18T11:53:45.496+0000] {dagbag.py:588} INFO - Filling up the DagBag from /opt/airflow/dags/crypto_pipeline_dag.py
[2026-06-18T11:53:45.516+0000] {processor.py:925} INFO - DAG(s) 'crypto_pipeline_dag' retrieved from /opt/airflow/dags/crypto_pipeline_dag.py
[2026-06-18T11:53:45.537+0000] {logging_mixin.py:190} INFO - [2026-06-18T11:53:45.537+0000] {dag.py:3239} INFO - Sync 1 DAGs
[2026-06-18T11:53:45.556+0000] {logging_mixin.py:190} INFO - [2026-06-18T11:53:45.556+0000] {dag.py:4180} INFO - Setting next_dagrun for crypto_pipeline_dag to 2026-06-18 00:00:00+00:00, run_after=2026-06-19 00:00:00+00:00
[2026-06-18T11:53:45.568+0000] {processor.py:208} INFO - Processing /opt/airflow/dags/crypto_pipeline_dag.py took 0.079 seconds
[2026-06-18T11:54:15.810+0000] {processor.py:186} INFO - Started process (PID=2422) to work on /opt/airflow/dags/crypto_pipeline_dag.py
[2026-06-18T11:54:15.811+0000] {processor.py:914} INFO - Processing file /opt/airflow/dags/crypto_pipeline_dag.py for tasks to queue
[2026-06-18T11:54:15.813+0000] {logging_mixin.py:190} INFO - [2026-06-18T11:54:15.812+0000] {dagbag.py:588} INFO - Filling up the DagBag from /opt/airflow/dags/crypto_pipeline_dag.py
[2026-06-18T11:54:15.825+0000] {processor.py:925} INFO - DAG(s) 'crypto_pipeline_dag' retrieved from /opt/airflow/dags/crypto_pipeline_dag.py
[2026-06-18T11:54:15.846+0000] {logging_mixin.py:190} INFO - [2026-06-18T11:54:15.846+0000] {dag.py:3239} INFO - Sync 1 DAGs
[2026-06-18T11:54:15.863+0000] {logging_mixin.py:190} INFO - [2026-06-18T11:54:15.863+0000] {dag.py:4180} INFO - Setting next_dagrun for crypto_pipeline_dag to 2026-06-18 00:00:00+00:00, run_after=2026-06-19 00:00:00+00:00
[2026-06-18T11:54:15.876+0000] {processor.py:208} INFO - Processing /opt/airflow/dags/crypto_pipeline_dag.py took 0.070 seconds
[2026-06-18T11:54:46.099+0000] {processor.py:186} INFO - Started process (PID=2427) to work on /opt/airflow/dags/crypto_pipeline_dag.py
[2026-06-18T11:54:46.100+0000] {processor.py:914} INFO - Processing file /opt/airflow/dags/crypto_pipeline_dag.py for tasks to queue
[2026-06-18T11:54:46.103+0000] {logging_mixin.py:190} INFO - [2026-06-18T11:54:46.103+0000] {dagbag.py:588} INFO - Filling up the DagBag from /opt/airflow/dags/crypto_pipeline_dag.py
[2026-06-18T11:54:46.116+0000] {processor.py:925} INFO - DAG(s) 'crypto_pipeline_dag' retrieved from /opt/airflow/dags/crypto_pipeline_dag.py
[2026-06-18T11:54:46.136+0000] {logging_mixin.py:190} INFO - [2026-06-18T11:54:46.136+0000] {dag.py:3239} INFO - Sync 1 DAGs
[2026-06-18T11:54:46.152+0000] {logging_mixin.py:190} INFO - [2026-06-18T11:54:46.152+0000] {dag.py:4180} INFO - Setting next_dagrun for crypto_pipeline_dag to 2026-06-18 00:00:00+00:00, run_after=2026-06-19 00:00:00+00:00
[2026-06-18T11:54:46.165+0000] {processor.py:208} INFO - Processing /opt/airflow/dags/crypto_pipeline_dag.py took 0.069 seconds
[2026-06-18T11:55:16.388+0000] {processor.py:186} INFO - Started process (PID=2432) to work on /opt/airflow/dags/crypto_pipeline_dag.py
[2026-06-18T11:55:16.388+0000] {processor.py:914} INFO - Processing file /opt/airflow/dags/crypto_pipeline_dag.py for tasks to queue
[2026-06-18T11:55:16.390+0000] {logging_mixin.py:190} INFO - [2026-06-18T11:55:16.390+0000] {dagbag.py:588} INFO - Filling up the DagBag from /opt/airflow/dags/crypto_pipeline_dag.py
[2026-06-18T11:55:16.404+0000] {processor.py:925} INFO - DAG(s) 'crypto_pipeline_dag' retrieved from /opt/airflow/dags/crypto_pipeline_dag.py
[2026-06-18T11:55:16.423+0000] {logging_mixin.py:190} INFO - [2026-06-18T11:55:16.423+0000] {dag.py:3239} INFO - Sync 1 DAGs
[2026-06-18T11:55:16.439+0000] {logging_mixin.py:190} INFO - [2026-06-18T11:55:16.439+0000] {dag.py:4180} INFO - Setting next_dagrun for crypto_pipeline_dag to 2026-06-18 00:00:00+00:00, run_after=2026-06-19 00:00:00+00:00
[2026-06-18T11:55:16.453+0000] {processor.py:208} INFO - Processing /opt/airflow/dags/crypto_pipeline_dag.py took 0.070 seconds
[2026-06-18T11:55:46.650+0000] {processor.py:186} INFO - Started process (PID=2437) to work on /opt/airflow/dags/crypto_pipeline_dag.py
[2026-06-18T11:55:46.651+0000] {processor.py:914} INFO - Processing file /opt/airflow/dags/crypto_pipeline_dag.py for tasks to queue
[2026-06-18T11:55:46.653+0000] {logging_mixin.py:190} INFO - [2026-06-18T11:55:46.653+0000] {dagbag.py:588} INFO - Filling up the DagBag from /opt/airflow/dags/crypto_pipeline_dag.py
[2026-06-18T11:55:46.667+0000] {processor.py:925} INFO - DAG(s) 'crypto_pipeline_dag' retrieved from /opt/airflow/dags/crypto_pipeline_dag.py
[2026-06-18T11:55:46.688+0000] {logging_mixin.py:190} INFO - [2026-06-18T11:55:46.688+0000] {dag.py:3239} INFO - Sync 1 DAGs
[2026-06-18T11:55:46.704+0000] {logging_mixin.py:190} INFO - [2026-06-18T11:55:46.704+0000] {dag.py:4180} INFO - Setting next_dagrun for crypto_pipeline_dag to 2026-06-18 00:00:00+00:00, run_after=2026-06-19 00:00:00+00:00
[2026-06-18T11:55:46.717+0000] {processor.py:208} INFO - Processing /opt/airflow/dags/crypto_pipeline_dag.py took 0.071 seconds
[2026-06-18T11:56:16.923+0000] {processor.py:186} INFO - Started process (PID=2442) to work on /opt/airflow/dags/crypto_pipeline_dag.py
[2026-06-18T11:56:16.924+0000] {processor.py:914} INFO - Processing file /opt/airflow/dags/crypto_pipeline_dag.py for tasks to queue
[2026-06-18T11:56:16.926+0000] {logging_mixin.py:190} INFO - [2026-06-18T11:56:16.926+0000] {dagbag.py:588} INFO - Filling up the DagBag from /opt/airflow/dags/crypto_pipeline_dag.py
[2026-06-18T11:56:16.941+0000] {processor.py:925} INFO - DAG(s) 'crypto_pipeline_dag' retrieved from /opt/airflow/dags/crypto_pipeline_dag.py
[2026-06-18T11:56:16.964+0000] {logging_mixin.py:190} INFO - [2026-06-18T11:56:16.964+0000] {dag.py:3239} INFO - Sync 1 DAGs
[2026-06-18T11:56:16.983+0000] {logging_mixin.py:190} INFO - [2026-06-18T11:56:16.983+0000] {dag.py:4180} INFO - Setting next_dagrun for crypto_pipeline_dag to 2026-06-18 00:00:00+00:00, run_after=2026-06-19 00:00:00+00:00
[2026-06-18T11:56:16.999+0000] {processor.py:208} INFO - Processing /opt/airflow/dags/crypto_pipeline_dag.py took 0.081 seconds
[2026-06-18T11:56:47.200+0000] {processor.py:186} INFO - Started process (PID=2447) to work on /opt/airflow/dags/crypto_pipeline_dag.py
[2026-06-18T11:56:47.201+0000] {processor.py:914} INFO - Processing file /opt/airflow/dags/crypto_pipeline_dag.py for tasks to queue
[2026-06-18T11:56:47.203+0000] {logging_mixin.py:190} INFO - [2026-06-18T11:56:47.203+0000] {dagbag.py:588} INFO - Filling up the DagBag from /opt/airflow/dags/crypto_pipeline_dag.py
[2026-06-18T11:56:47.216+0000] {processor.py:925} INFO - DAG(s) 'crypto_pipeline_dag' retrieved from /opt/airflow/dags/crypto_pipeline_dag.py
[2026-06-18T11:56:47.236+0000] {logging_mixin.py:190} INFO - [2026-06-18T11:56:47.235+0000] {dag.py:3239} INFO - Sync 1 DAGs
[2026-06-18T11:56:47.252+0000] {logging_mixin.py:190} INFO - [2026-06-18T11:56:47.252+0000] {dag.py:4180} INFO - Setting next_dagrun for crypto_pipeline_dag to 2026-06-18 00:00:00+00:00, run_after=2026-06-19 00:00:00+00:00
[2026-06-18T11:56:47.267+0000] {processor.py:208} INFO - Processing /opt/airflow/dags/crypto_pipeline_dag.py took 0.072 seconds
[2026-06-18T11:57:17.497+0000] {processor.py:186} INFO - Started process (PID=2452) to work on /opt/airflow/dags/crypto_pipeline_dag.py
[2026-06-18T11:57:17.497+0000] {processor.py:914} INFO - Processing file /opt/airflow/dags/crypto_pipeline_dag.py for tasks to queue
[2026-06-18T11:57:17.499+0000] {logging_mixin.py:190} INFO - [2026-06-18T11:57:17.499+0000] {dagbag.py:588} INFO - Filling up the DagBag from /opt/airflow/dags/crypto_pipeline_dag.py
[2026-06-18T11:57:17.511+0000] {processor.py:925} INFO - DAG(s) 'crypto_pipeline_dag' retrieved from /opt/airflow/dags/crypto_pipeline_dag.py
[2026-06-18T11:57:17.531+0000] {logging_mixin.py:190} INFO - [2026-06-18T11:57:17.531+0000] {dag.py:3239} INFO - Sync 1 DAGs
[2026-06-18T11:57:17.548+0000] {logging_mixin.py:190} INFO - [2026-06-18T11:57:17.548+0000] {dag.py:4180} INFO - Setting next_dagrun for crypto_pipeline_dag to 2026-06-18 00:00:00+00:00, run_after=2026-06-19 00:00:00+00:00
[2026-06-18T11:57:17.561+0000] {processor.py:208} INFO - Processing /opt/airflow/dags/crypto_pipeline_dag.py took 0.068 seconds
[2026-06-18T11:57:47.753+0000] {processor.py:186} INFO - Started process (PID=2457) to work on /opt/airflow/dags/crypto_pipeline_dag.py
[2026-06-18T11:57:47.755+0000] {processor.py:914} INFO - Processing file /opt/airflow/dags/crypto_pipeline_dag.py for tasks to queue
[2026-06-18T11:57:47.758+0000] {logging_mixin.py:190} INFO - [2026-06-18T11:57:47.758+0000] {dagbag.py:588} INFO - Filling up the DagBag from /opt/airflow/dags/crypto_pipeline_dag.py
[2026-06-18T11:57:47.779+0000] {processor.py:925} INFO - DAG(s) 'crypto_pipeline_dag' retrieved from /opt/airflow/dags/crypto_pipeline_dag.py
[2026-06-18T11:57:47.808+0000] {logging_mixin.py:190} INFO - [2026-06-18T11:57:47.808+0000] {dag.py:3239} INFO - Sync 1 DAGs
[2026-06-18T11:57:47.831+0000] {logging_mixin.py:190} INFO - [2026-06-18T11:57:47.830+0000] {dag.py:4180} INFO - Setting next_dagrun for crypto_pipeline_dag to 2026-06-18 00:00:00+00:00, run_after=2026-06-19 00:00:00+00:00
[2026-06-18T11:57:47.844+0000] {processor.py:208} INFO - Processing /opt/airflow/dags/crypto_pipeline_dag.py took 0.096 seconds
[2026-06-18T11:58:18.015+0000] {processor.py:186} INFO - Started process (PID=2462) to work on /opt/airflow/dags/crypto_pipeline_dag.py
[2026-06-18T11:58:18.016+0000] {processor.py:914} INFO - Processing file /opt/airflow/dags/crypto_pipeline_dag.py for tasks to queue
[2026-06-18T11:58:18.018+0000] {logging_mixin.py:190} INFO - [2026-06-18T11:58:18.018+0000] {dagbag.py:588} INFO - Filling up the DagBag from /opt/airflow/dags/crypto_pipeline_dag.py
[2026-06-18T11:58:18.031+0000] {processor.py:925} INFO - DAG(s) 'crypto_pipeline_dag' retrieved from /opt/airflow/dags/crypto_pipeline_dag.py
[2026-06-18T11:58:18.052+0000] {logging_mixin.py:190} INFO - [2026-06-18T11:58:18.052+0000] {dag.py:3239} INFO - Sync 1 DAGs
[2026-06-18T11:58:18.073+0000] {logging_mixin.py:190} INFO - [2026-06-18T11:58:18.073+0000] {dag.py:4180} INFO - Setting next_dagrun for crypto_pipeline_dag to 2026-06-18 00:00:00+00:00, run_after=2026-06-19 00:00:00+00:00
[2026-06-18T11:58:18.090+0000] {processor.py:208} INFO - Processing /opt/airflow/dags/crypto_pipeline_dag.py took 0.079 seconds
[2026-06-18T11:58:48.259+0000] {processor.py:186} INFO - Started process (PID=2467) to work on /opt/airflow/dags/crypto_pipeline_dag.py
[2026-06-18T11:58:48.260+0000] {processor.py:914} INFO - Processing file /opt/airflow/dags/crypto_pipeline_dag.py for tasks to queue
[2026-06-18T11:58:48.262+0000] {logging_mixin.py:190} INFO - [2026-06-18T11:58:48.262+0000] {dagbag.py:588} INFO - Filling up the DagBag from /opt/airflow/dags/crypto_pipeline_dag.py
[2026-06-18T11:58:48.277+0000] {processor.py:925} INFO - DAG(s) 'crypto_pipeline_dag' retrieved from /opt/airflow/dags/crypto_pipeline_dag.py
[2026-06-18T11:58:48.297+0000] {logging_mixin.py:190} INFO - [2026-06-18T11:58:48.297+0000] {dag.py:3239} INFO - Sync 1 DAGs
[2026-06-18T11:58:48.315+0000] {logging_mixin.py:190} INFO - [2026-06-18T11:58:48.315+0000] {dag.py:4180} INFO - Setting next_dagrun for crypto_pipeline_dag to 2026-06-18 00:00:00+00:00, run_after=2026-06-19 00:00:00+00:00
[2026-06-18T11:58:48.330+0000] {processor.py:208} INFO - Processing /opt/airflow/dags/crypto_pipeline_dag.py took 0.075 seconds
[2026-06-18T11:59:18.541+0000] {processor.py:186} INFO - Started process (PID=2472) to work on /opt/airflow/dags/crypto_pipeline_dag.py
[2026-06-18T11:59:18.542+0000] {processor.py:914} INFO - Processing file /opt/airflow/dags/crypto_pipeline_dag.py for tasks to queue
[2026-06-18T11:59:18.545+0000] {logging_mixin.py:190} INFO - [2026-06-18T11:59:18.544+0000] {dagbag.py:588} INFO - Filling up the DagBag from /opt/airflow/dags/crypto_pipeline_dag.py
[2026-06-18T11:59:18.561+0000] {processor.py:925} INFO - DAG(s) 'crypto_pipeline_dag' retrieved from /opt/airflow/dags/crypto_pipeline_dag.py
[2026-06-18T11:59:18.582+0000] {logging_mixin.py:190} INFO - [2026-06-18T11:59:18.582+0000] {dag.py:3239} INFO - Sync 1 DAGs
[2026-06-18T11:59:18.601+0000] {logging_mixin.py:190} INFO - [2026-06-18T11:59:18.601+0000] {dag.py:4180} INFO - Setting next_dagrun for crypto_pipeline_dag to 2026-06-18 00:00:00+00:00, run_after=2026-06-19 00:00:00+00:00
[2026-06-18T11:59:18.615+0000] {processor.py:208} INFO - Processing /opt/airflow/dags/crypto_pipeline_dag.py took 0.078 seconds
[2026-06-18T11:59:48.806+0000] {processor.py:186} INFO - Started process (PID=2477) to work on /opt/airflow/dags/crypto_pipeline_dag.py
[2026-06-18T11:59:48.807+0000] {processor.py:914} INFO - Processing file /opt/airflow/dags/crypto_pipeline_dag.py for tasks to queue
[2026-06-18T11:59:48.809+0000] {logging_mixin.py:190} INFO - [2026-06-18T11:59:48.809+0000] {dagbag.py:588} INFO - Filling up the DagBag from /opt/airflow/dags/crypto_pipeline_dag.py
[2026-06-18T11:59:48.822+0000] {processor.py:925} INFO - DAG(s) 'crypto_pipeline_dag' retrieved from /opt/airflow/dags/crypto_pipeline_dag.py
[2026-06-18T11:59:48.839+0000] {logging_mixin.py:190} INFO - [2026-06-18T11:59:48.839+0000] {dag.py:3239} INFO - Sync 1 DAGs
[2026-06-18T11:59:48.857+0000] {logging_mixin.py:190} INFO - [2026-06-18T11:59:48.857+0000] {dag.py:4180} INFO - Setting next_dagrun for crypto_pipeline_dag to 2026-06-18 00:00:00+00:00, run_after=2026-06-19 00:00:00+00:00
[2026-06-18T11:59:48.871+0000] {processor.py:208} INFO - Processing /opt/airflow/dags/crypto_pipeline_dag.py took 0.069 seconds
[2026-06-18T12:00:19.131+0000] {processor.py:186} INFO - Started process (PID=2482) to work on /opt/airflow/dags/crypto_pipeline_dag.py
[2026-06-18T12:00:19.132+0000] {processor.py:914} INFO - Processing file /opt/airflow/dags/crypto_pipeline_dag.py for tasks to queue
[2026-06-18T12:00:19.134+0000] {logging_mixin.py:190} INFO - [2026-06-18T12:00:19.134+0000] {dagbag.py:588} INFO - Filling up the DagBag from /opt/airflow/dags/crypto_pipeline_dag.py
[2026-06-18T12:00:19.146+0000] {processor.py:925} INFO - DAG(s) 'crypto_pipeline_dag' retrieved from /opt/airflow/dags/crypto_pipeline_dag.py
[2026-06-18T12:00:19.163+0000] {logging_mixin.py:190} INFO - [2026-06-18T12:00:19.163+0000] {dag.py:3239} INFO - Sync 1 DAGs
[2026-06-18T12:00:19.179+0000] {logging_mixin.py:190} INFO - [2026-06-18T12:00:19.179+0000] {dag.py:4180} INFO - Setting next_dagrun for crypto_pipeline_dag to 2026-06-18 00:00:00+00:00, run_after=2026-06-19 00:00:00+00:00
[2026-06-18T12:00:19.193+0000] {processor.py:208} INFO - Processing /opt/airflow/dags/crypto_pipeline_dag.py took 0.065 seconds
[2026-06-18T12:00:49.384+0000] {processor.py:186} INFO - Started process (PID=2487) to work on /opt/airflow/dags/crypto_pipeline_dag.py
[2026-06-18T12:00:49.384+0000] {processor.py:914} INFO - Processing file /opt/airflow/dags/crypto_pipeline_dag.py for tasks to queue
[2026-06-18T12:00:49.386+0000] {logging_mixin.py:190} INFO - [2026-06-18T12:00:49.386+0000] {dagbag.py:588} INFO - Filling up the DagBag from /opt/airflow/dags/crypto_pipeline_dag.py
[2026-06-18T12:00:49.400+0000] {processor.py:925} INFO - DAG(s) 'crypto_pipeline_dag' retrieved from /opt/airflow/dags/crypto_pipeline_dag.py
[2026-06-18T12:00:49.421+0000] {logging_mixin.py:190} INFO - [2026-06-18T12:00:49.421+0000] {dag.py:3239} INFO - Sync 1 DAGs
[2026-06-18T12:00:49.438+0000] {logging_mixin.py:190} INFO - [2026-06-18T12:00:49.438+0000] {dag.py:4180} INFO - Setting next_dagrun for crypto_pipeline_dag to 2026-06-18 00:00:00+00:00, run_after=2026-06-19 00:00:00+00:00
[2026-06-18T12:00:49.457+0000] {processor.py:208} INFO - Processing /opt/airflow/dags/crypto_pipeline_dag.py took 0.079 seconds
[2026-06-18T12:01:19.663+0000] {processor.py:186} INFO - Started process (PID=2492) to work on /opt/airflow/dags/crypto_pipeline_dag.py
[2026-06-18T12:01:19.664+0000] {processor.py:914} INFO - Processing file /opt/airflow/dags/crypto_pipeline_dag.py for tasks to queue
[2026-06-18T12:01:19.667+0000] {logging_mixin.py:190} INFO - [2026-06-18T12:01:19.666+0000] {dagbag.py:588} INFO - Filling up the DagBag from /opt/airflow/dags/crypto_pipeline_dag.py
[2026-06-18T12:01:19.684+0000] {processor.py:925} INFO - DAG(s) 'crypto_pipeline_dag' retrieved from /opt/airflow/dags/crypto_pipeline_dag.py
[2026-06-18T12:01:19.705+0000] {logging_mixin.py:190} INFO - [2026-06-18T12:01:19.704+0000] {dag.py:3239} INFO - Sync 1 DAGs
[2026-06-18T12:01:19.722+0000] {logging_mixin.py:190} INFO - [2026-06-18T12:01:19.722+0000] {dag.py:4180} INFO - Setting next_dagrun for crypto_pipeline_dag to 2026-06-18 00:00:00+00:00, run_after=2026-06-19 00:00:00+00:00
[2026-06-18T12:01:19.736+0000] {processor.py:208} INFO - Processing /opt/airflow/dags/crypto_pipeline_dag.py took 0.077 seconds
[2026-06-18T12:01:49.879+0000] {processor.py:186} INFO - Started process (PID=2497) to work on /opt/airflow/dags/crypto_pipeline_dag.py
[2026-06-18T12:01:49.882+0000] {processor.py:914} INFO - Processing file /opt/airflow/dags/crypto_pipeline_dag.py for tasks to queue
[2026-06-18T12:01:49.884+0000] {logging_mixin.py:190} INFO - [2026-06-18T12:01:49.883+0000] {dagbag.py:588} INFO - Filling up the DagBag from /opt/airflow/dags/crypto_pipeline_dag.py
[2026-06-18T12:01:49.901+0000] {processor.py:925} INFO - DAG(s) 'crypto_pipeline_dag' retrieved from /opt/airflow/dags/crypto_pipeline_dag.py
[2026-06-18T12:01:49.921+0000] {logging_mixin.py:190} INFO - [2026-06-18T12:01:49.921+0000] {dag.py:3239} INFO - Sync 1 DAGs
[2026-06-18T12:01:49.939+0000] {logging_mixin.py:190} INFO - [2026-06-18T12:01:49.939+0000] {dag.py:4180} INFO - Setting next_dagrun for crypto_pipeline_dag to 2026-06-18 00:00:00+00:00, run_after=2026-06-19 00:00:00+00:00
[2026-06-18T12:01:49.953+0000] {processor.py:208} INFO - Processing /opt/airflow/dags/crypto_pipeline_dag.py took 0.078 seconds
[2026-06-18T12:02:20.132+0000] {processor.py:186} INFO - Started process (PID=2502) to work on /opt/airflow/dags/crypto_pipeline_dag.py
[2026-06-18T12:02:20.133+0000] {processor.py:914} INFO - Processing file /opt/airflow/dags/crypto_pipeline_dag.py for tasks to queue
[2026-06-18T12:02:20.135+0000] {logging_mixin.py:190} INFO - [2026-06-18T12:02:20.135+0000] {dagbag.py:588} INFO - Filling up the DagBag from /opt/airflow/dags/crypto_pipeline_dag.py
[2026-06-18T12:02:20.148+0000] {processor.py:925} INFO - DAG(s) 'crypto_pipeline_dag' retrieved from /opt/airflow/dags/crypto_pipeline_dag.py
[2026-06-18T12:02:20.170+0000] {logging_mixin.py:190} INFO - [2026-06-18T12:02:20.170+0000] {dag.py:3239} INFO - Sync 1 DAGs
[2026-06-18T12:02:20.188+0000] {logging_mixin.py:190} INFO - [2026-06-18T12:02:20.188+0000] {dag.py:4180} INFO - Setting next_dagrun for crypto_pipeline_dag to 2026-06-18 00:00:00+00:00, run_after=2026-06-19 00:00:00+00:00
[2026-06-18T12:02:20.206+0000] {processor.py:208} INFO - Processing /opt/airflow/dags/crypto_pipeline_dag.py took 0.077 seconds
[2026-06-18T12:02:50.403+0000] {processor.py:186} INFO - Started process (PID=2507) to work on /opt/airflow/dags/crypto_pipeline_dag.py
[2026-06-18T12:02:50.404+0000] {processor.py:914} INFO - Processing file /opt/airflow/dags/crypto_pipeline_dag.py for tasks to queue
[2026-06-18T12:02:50.406+0000] {logging_mixin.py:190} INFO - [2026-06-18T12:02:50.405+0000] {dagbag.py:588} INFO - Filling up the DagBag from /opt/airflow/dags/crypto_pipeline_dag.py
[2026-06-18T12:02:50.416+0000] {processor.py:925} INFO - DAG(s) 'crypto_pipeline_dag' retrieved from /opt/airflow/dags/crypto_pipeline_dag.py
[2026-06-18T12:02:50.437+0000] {logging_mixin.py:190} INFO - [2026-06-18T12:02:50.437+0000] {dag.py:3239} INFO - Sync 1 DAGs
[2026-06-18T12:02:50.455+0000] {logging_mixin.py:190} INFO - [2026-06-18T12:02:50.454+0000] {dag.py:4180} INFO - Setting next_dagrun for crypto_pipeline_dag to 2026-06-18 00:00:00+00:00, run_after=2026-06-19 00:00:00+00:00
[2026-06-18T12:02:50.470+0000] {processor.py:208} INFO - Processing /opt/airflow/dags/crypto_pipeline_dag.py took 0.071 seconds
[2026-06-18T12:03:20.700+0000] {processor.py:186} INFO - Started process (PID=2512) to work on /opt/airflow/dags/crypto_pipeline_dag.py
[2026-06-18T12:03:20.701+0000] {processor.py:914} INFO - Processing file /opt/airflow/dags/crypto_pipeline_dag.py for tasks to queue
[2026-06-18T12:03:20.703+0000] {logging_mixin.py:190} INFO - [2026-06-18T12:03:20.702+0000] {dagbag.py:588} INFO - Filling up the DagBag from /opt/airflow/dags/crypto_pipeline_dag.py
[2026-06-18T12:03:20.715+0000] {processor.py:925} INFO - DAG(s) 'crypto_pipeline_dag' retrieved from /opt/airflow/dags/crypto_pipeline_dag.py
[2026-06-18T12:03:20.736+0000] {logging_mixin.py:190} INFO - [2026-06-18T12:03:20.736+0000] {dag.py:3239} INFO - Sync 1 DAGs
[2026-06-18T12:03:20.753+0000] {logging_mixin.py:190} INFO - [2026-06-18T12:03:20.753+0000] {dag.py:4180} INFO - Setting next_dagrun for crypto_pipeline_dag to 2026-06-18 00:00:00+00:00, run_after=2026-06-19 00:00:00+00:00
[2026-06-18T12:03:20.766+0000] {processor.py:208} INFO - Processing /opt/airflow/dags/crypto_pipeline_dag.py took 0.072 seconds
[2026-06-18T12:03:51.024+0000] {processor.py:186} INFO - Started process (PID=2517) to work on /opt/airflow/dags/crypto_pipeline_dag.py
[2026-06-18T12:03:51.024+0000] {processor.py:914} INFO - Processing file /opt/airflow/dags/crypto_pipeline_dag.py for tasks to queue
[2026-06-18T12:03:51.026+0000] {logging_mixin.py:190} INFO - [2026-06-18T12:03:51.026+0000] {dagbag.py:588} INFO - Filling up the DagBag from /opt/airflow/dags/crypto_pipeline_dag.py
[2026-06-18T12:03:51.039+0000] {processor.py:925} INFO - DAG(s) 'crypto_pipeline_dag' retrieved from /opt/airflow/dags/crypto_pipeline_dag.py
[2026-06-18T12:03:51.060+0000] {logging_mixin.py:190} INFO - [2026-06-18T12:03:51.059+0000] {dag.py:3239} INFO - Sync 1 DAGs
[2026-06-18T12:03:51.075+0000] {logging_mixin.py:190} INFO - [2026-06-18T12:03:51.075+0000] {dag.py:4180} INFO - Setting next_dagrun for crypto_pipeline_dag to 2026-06-18 00:00:00+00:00, run_after=2026-06-19 00:00:00+00:00
[2026-06-18T12:03:51.088+0000] {processor.py:208} INFO - Processing /opt/airflow/dags/crypto_pipeline_dag.py took 0.069 seconds
[2026-06-18T12:04:21.316+0000] {processor.py:186} INFO - Started process (PID=2522) to work on /opt/airflow/dags/crypto_pipeline_dag.py
[2026-06-18T12:04:21.318+0000] {processor.py:914} INFO - Processing file /opt/airflow/dags/crypto_pipeline_dag.py for tasks to queue
[2026-06-18T12:04:21.319+0000] {logging_mixin.py:190} INFO - [2026-06-18T12:04:21.319+0000] {dagbag.py:588} INFO - Filling up the DagBag from /opt/airflow/dags/crypto_pipeline_dag.py
[2026-06-18T12:04:21.332+0000] {processor.py:925} INFO - DAG(s) 'crypto_pipeline_dag' retrieved from /opt/airflow/dags/crypto_pipeline_dag.py
[2026-06-18T12:04:21.350+0000] {logging_mixin.py:190} INFO - [2026-06-18T12:04:21.350+0000] {dag.py:3239} INFO - Sync 1 DAGs
[2026-06-18T12:04:21.366+0000] {logging_mixin.py:190} INFO - [2026-06-18T12:04:21.366+0000] {dag.py:4180} INFO - Setting next_dagrun for crypto_pipeline_dag to 2026-06-18 00:00:00+00:00, run_after=2026-06-19 00:00:00+00:00
[2026-06-18T12:04:21.377+0000] {processor.py:208} INFO - Processing /opt/airflow/dags/crypto_pipeline_dag.py took 0.065 seconds
[2026-06-18T12:04:51.623+0000] {processor.py:186} INFO - Started process (PID=2527) to work on /opt/airflow/dags/crypto_pipeline_dag.py
[2026-06-18T12:04:51.624+0000] {processor.py:914} INFO - Processing file /opt/airflow/dags/crypto_pipeline_dag.py for tasks to queue
[2026-06-18T12:04:51.626+0000] {logging_mixin.py:190} INFO - [2026-06-18T12:04:51.626+0000] {dagbag.py:588} INFO - Filling up the DagBag from /opt/airflow/dags/crypto_pipeline_dag.py
[2026-06-18T12:04:51.639+0000] {processor.py:925} INFO - DAG(s) 'crypto_pipeline_dag' retrieved from /opt/airflow/dags/crypto_pipeline_dag.py
[2026-06-18T12:04:51.658+0000] {logging_mixin.py:190} INFO - [2026-06-18T12:04:51.658+0000] {dag.py:3239} INFO - Sync 1 DAGs
[2026-06-18T12:04:51.674+0000] {logging_mixin.py:190} INFO - [2026-06-18T12:04:51.674+0000] {dag.py:4180} INFO - Setting next_dagrun for crypto_pipeline_dag to 2026-06-18 00:00:00+00:00, run_after=2026-06-19 00:00:00+00:00
[2026-06-18T12:04:51.688+0000] {processor.py:208} INFO - Processing /opt/airflow/dags/crypto_pipeline_dag.py took 0.068 seconds
[2026-06-18T12:05:21.950+0000] {processor.py:186} INFO - Started process (PID=2532) to work on /opt/airflow/dags/crypto_pipeline_dag.py
[2026-06-18T12:05:21.951+0000] {processor.py:914} INFO - Processing file /opt/airflow/dags/crypto_pipeline_dag.py for tasks to queue
[2026-06-18T12:05:21.953+0000] {logging_mixin.py:190} INFO - [2026-06-18T12:05:21.953+0000] {dagbag.py:588} INFO - Filling up the DagBag from /opt/airflow/dags/crypto_pipeline_dag.py
[2026-06-18T12:05:21.969+0000] {processor.py:925} INFO - DAG(s) 'crypto_pipeline_dag' retrieved from /opt/airflow/dags/crypto_pipeline_dag.py
[2026-06-18T12:05:21.989+0000] {logging_mixin.py:190} INFO - [2026-06-18T12:05:21.989+0000] {dag.py:3239} INFO - Sync 1 DAGs
[2026-06-18T12:05:22.005+0000] {logging_mixin.py:190} INFO - [2026-06-18T12:05:22.004+0000] {dag.py:4180} INFO - Setting next_dagrun for crypto_pipeline_dag to 2026-06-18 00:00:00+00:00, run_after=2026-06-19 00:00:00+00:00
[2026-06-18T12:05:22.018+0000] {processor.py:208} INFO - Processing /opt/airflow/dags/crypto_pipeline_dag.py took 0.072 seconds
[2026-06-18T12:05:52.282+0000] {processor.py:186} INFO - Started process (PID=2537) to work on /opt/airflow/dags/crypto_pipeline_dag.py
[2026-06-18T12:05:52.283+0000] {processor.py:914} INFO - Processing file /opt/airflow/dags/crypto_pipeline_dag.py for tasks to queue
[2026-06-18T12:05:52.285+0000] {logging_mixin.py:190} INFO - [2026-06-18T12:05:52.285+0000] {dagbag.py:588} INFO - Filling up the DagBag from /opt/airflow/dags/crypto_pipeline_dag.py
[2026-06-18T12:05:52.301+0000] {processor.py:925} INFO - DAG(s) 'crypto_pipeline_dag' retrieved from /opt/airflow/dags/crypto_pipeline_dag.py
[2026-06-18T12:05:52.324+0000] {logging_mixin.py:190} INFO - [2026-06-18T12:05:52.324+0000] {dag.py:3239} INFO - Sync 1 DAGs
[2026-06-18T12:05:52.339+0000] {logging_mixin.py:190} INFO - [2026-06-18T12:05:52.339+0000] {dag.py:4180} INFO - Setting next_dagrun for crypto_pipeline_dag to 2026-06-18 00:00:00+00:00, run_after=2026-06-19 00:00:00+00:00
[2026-06-18T12:05:52.351+0000] {processor.py:208} INFO - Processing /opt/airflow/dags/crypto_pipeline_dag.py took 0.074 seconds
[2026-06-18T12:06:22.597+0000] {processor.py:186} INFO - Started process (PID=2542) to work on /opt/airflow/dags/crypto_pipeline_dag.py
[2026-06-18T12:06:22.597+0000] {processor.py:914} INFO - Processing file /opt/airflow/dags/crypto_pipeline_dag.py for tasks to queue
[2026-06-18T12:06:22.599+0000] {logging_mixin.py:190} INFO - [2026-06-18T12:06:22.599+0000] {dagbag.py:588} INFO - Filling up the DagBag from /opt/airflow/dags/crypto_pipeline_dag.py
[2026-06-18T12:06:22.610+0000] {processor.py:925} INFO - DAG(s) 'crypto_pipeline_dag' retrieved from /opt/airflow/dags/crypto_pipeline_dag.py
[2026-06-18T12:06:22.629+0000] {logging_mixin.py:190} INFO - [2026-06-18T12:06:22.629+0000] {dag.py:3239} INFO - Sync 1 DAGs
[2026-06-18T12:06:22.645+0000] {logging_mixin.py:190} INFO - [2026-06-18T12:06:22.644+0000] {dag.py:4180} INFO - Setting next_dagrun for crypto_pipeline_dag to 2026-06-18 00:00:00+00:00, run_after=2026-06-19 00:00:00+00:00
[2026-06-18T12:06:22.657+0000] {processor.py:208} INFO - Processing /opt/airflow/dags/crypto_pipeline_dag.py took 0.064 seconds
[2026-06-18T12:06:52.932+0000] {processor.py:186} INFO - Started process (PID=2547) to work on /opt/airflow/dags/crypto_pipeline_dag.py
[2026-06-18T12:06:52.933+0000] {processor.py:914} INFO - Processing file /opt/airflow/dags/crypto_pipeline_dag.py for tasks to queue
[2026-06-18T12:06:52.934+0000] {logging_mixin.py:190} INFO - [2026-06-18T12:06:52.934+0000] {dagbag.py:588} INFO - Filling up the DagBag from /opt/airflow/dags/crypto_pipeline_dag.py
[2026-06-18T12:06:52.947+0000] {processor.py:925} INFO - DAG(s) 'crypto_pipeline_dag' retrieved from /opt/airflow/dags/crypto_pipeline_dag.py
[2026-06-18T12:06:52.966+0000] {logging_mixin.py:190} INFO - [2026-06-18T12:06:52.965+0000] {dag.py:3239} INFO - Sync 1 DAGs
[2026-06-18T12:06:52.981+0000] {logging_mixin.py:190} INFO - [2026-06-18T12:06:52.981+0000] {dag.py:4180} INFO - Setting next_dagrun for crypto_pipeline_dag to 2026-06-18 00:00:00+00:00, run_after=2026-06-19 00:00:00+00:00
[2026-06-18T12:06:52.993+0000] {processor.py:208} INFO - Processing /opt/airflow/dags/crypto_pipeline_dag.py took 0.065 seconds
[2026-06-18T12:07:23.246+0000] {processor.py:186} INFO - Started process (PID=2552) to work on /opt/airflow/dags/crypto_pipeline_dag.py
[2026-06-18T12:07:23.247+0000] {processor.py:914} INFO - Processing file /opt/airflow/dags/crypto_pipeline_dag.py for tasks to queue
[2026-06-18T12:07:23.248+0000] {logging_mixin.py:190} INFO - [2026-06-18T12:07:23.248+0000] {dagbag.py:588} INFO - Filling up the DagBag from /opt/airflow/dags/crypto_pipeline_dag.py
[2026-06-18T12:07:23.264+0000] {processor.py:925} INFO - DAG(s) 'crypto_pipeline_dag' retrieved from /opt/airflow/dags/crypto_pipeline_dag.py
[2026-06-18T12:07:23.282+0000] {logging_mixin.py:190} INFO - [2026-06-18T12:07:23.282+0000] {dag.py:3239} INFO - Sync 1 DAGs
[2026-06-18T12:07:23.298+0000] {logging_mixin.py:190} INFO - [2026-06-18T12:07:23.297+0000] {dag.py:4180} INFO - Setting next_dagrun for crypto_pipeline_dag to 2026-06-18 00:00:00+00:00, run_after=2026-06-19 00:00:00+00:00
[2026-06-18T12:07:23.310+0000] {processor.py:208} INFO - Processing /opt/airflow/dags/crypto_pipeline_dag.py took 0.068 seconds
[2026-06-18T12:07:53.585+0000] {processor.py:186} INFO - Started process (PID=2557) to work on /opt/airflow/dags/crypto_pipeline_dag.py
[2026-06-18T12:07:53.585+0000] {processor.py:914} INFO - Processing file /opt/airflow/dags/crypto_pipeline_dag.py for tasks to queue
[2026-06-18T12:07:53.587+0000] {logging_mixin.py:190} INFO - [2026-06-18T12:07:53.587+0000] {dagbag.py:588} INFO - Filling up the DagBag from /opt/airflow/dags/crypto_pipeline_dag.py
[2026-06-18T12:07:53.598+0000] {processor.py:925} INFO - DAG(s) 'crypto_pipeline_dag' retrieved from /opt/airflow/dags/crypto_pipeline_dag.py
[2026-06-18T12:07:53.617+0000] {logging_mixin.py:190} INFO - [2026-06-18T12:07:53.617+0000] {dag.py:3239} INFO - Sync 1 DAGs
[2026-06-18T12:07:53.633+0000] {logging_mixin.py:190} INFO - [2026-06-18T12:07:53.632+0000] {dag.py:4180} INFO - Setting next_dagrun for crypto_pipeline_dag to 2026-06-18 00:00:00+00:00, run_after=2026-06-19 00:00:00+00:00
[2026-06-18T12:07:53.646+0000] {processor.py:208} INFO - Processing /opt/airflow/dags/crypto_pipeline_dag.py took 0.066 seconds
[2026-06-18T13:24:26.843+0000] {processor.py:186} INFO - Started process (PID=2562) to work on /opt/airflow/dags/crypto_pipeline_dag.py
[2026-06-18T13:24:26.845+0000] {processor.py:914} INFO - Processing file /opt/airflow/dags/crypto_pipeline_dag.py for tasks to queue
[2026-06-18T13:24:26.847+0000] {logging_mixin.py:190} INFO - [2026-06-18T13:24:26.847+0000] {dagbag.py:588} INFO - Filling up the DagBag from /opt/airflow/dags/crypto_pipeline_dag.py
[2026-06-18T13:24:26.876+0000] {processor.py:925} INFO - DAG(s) 'crypto_pipeline_dag' retrieved from /opt/airflow/dags/crypto_pipeline_dag.py
[2026-06-18T13:24:26.910+0000] {logging_mixin.py:190} INFO - [2026-06-18T13:24:26.909+0000] {dag.py:3239} INFO - Sync 1 DAGs
[2026-06-18T13:24:26.935+0000] {logging_mixin.py:190} INFO - [2026-06-18T13:24:26.935+0000] {dag.py:4180} INFO - Setting next_dagrun for crypto_pipeline_dag to 2026-06-18 00:00:00+00:00, run_after=2026-06-19 00:00:00+00:00
[2026-06-18T13:24:26.960+0000] {processor.py:208} INFO - Processing /opt/airflow/dags/crypto_pipeline_dag.py took 0.124 seconds
[2026-06-18T13:24:57.106+0000] {processor.py:186} INFO - Started process (PID=2567) to work on /opt/airflow/dags/crypto_pipeline_dag.py
[2026-06-18T13:24:57.107+0000] {processor.py:914} INFO - Processing file /opt/airflow/dags/crypto_pipeline_dag.py for tasks to queue
[2026-06-18T13:24:57.109+0000] {logging_mixin.py:190} INFO - [2026-06-18T13:24:57.109+0000] {dagbag.py:588} INFO - Filling up the DagBag from /opt/airflow/dags/crypto_pipeline_dag.py
[2026-06-18T13:24:57.122+0000] {processor.py:925} INFO - DAG(s) 'crypto_pipeline_dag' retrieved from /opt/airflow/dags/crypto_pipeline_dag.py
[2026-06-18T13:24:57.143+0000] {logging_mixin.py:190} INFO - [2026-06-18T13:24:57.142+0000] {dag.py:3239} INFO - Sync 1 DAGs
[2026-06-18T13:24:57.160+0000] {logging_mixin.py:190} INFO - [2026-06-18T13:24:57.159+0000] {dag.py:4180} INFO - Setting next_dagrun for crypto_pipeline_dag to 2026-06-18 00:00:00+00:00, run_after=2026-06-19 00:00:00+00:00
[2026-06-18T13:24:57.172+0000] {processor.py:208} INFO - Processing /opt/airflow/dags/crypto_pipeline_dag.py took 0.071 seconds
[2026-06-18T13:25:27.516+0000] {processor.py:186} INFO - Started process (PID=2572) to work on /opt/airflow/dags/crypto_pipeline_dag.py
[2026-06-18T13:25:27.518+0000] {processor.py:914} INFO - Processing file /opt/airflow/dags/crypto_pipeline_dag.py for tasks to queue
[2026-06-18T13:25:27.520+0000] {logging_mixin.py:190} INFO - [2026-06-18T13:25:27.519+0000] {dagbag.py:588} INFO - Filling up the DagBag from /opt/airflow/dags/crypto_pipeline_dag.py
[2026-06-18T13:25:27.535+0000] {processor.py:925} INFO - DAG(s) 'crypto_pipeline_dag' retrieved from /opt/airflow/dags/crypto_pipeline_dag.py
[2026-06-18T13:25:27.557+0000] {logging_mixin.py:190} INFO - [2026-06-18T13:25:27.557+0000] {dag.py:3239} INFO - Sync 1 DAGs
[2026-06-18T13:25:27.573+0000] {logging_mixin.py:190} INFO - [2026-06-18T13:25:27.573+0000] {dag.py:4180} INFO - Setting next_dagrun for crypto_pipeline_dag to 2026-06-18 00:00:00+00:00, run_after=2026-06-19 00:00:00+00:00
[2026-06-18T13:25:27.584+0000] {processor.py:208} INFO - Processing /opt/airflow/dags/crypto_pipeline_dag.py took 0.142 seconds
[2026-06-18T13:25:57.792+0000] {processor.py:186} INFO - Started process (PID=2577) to work on /opt/airflow/dags/crypto_pipeline_dag.py
[2026-06-18T13:25:57.793+0000] {processor.py:914} INFO - Processing file /opt/airflow/dags/crypto_pipeline_dag.py for tasks to queue
[2026-06-18T13:25:57.794+0000] {logging_mixin.py:190} INFO - [2026-06-18T13:25:57.794+0000] {dagbag.py:588} INFO - Filling up the DagBag from /opt/airflow/dags/crypto_pipeline_dag.py
[2026-06-18T13:25:57.806+0000] {processor.py:925} INFO - DAG(s) 'crypto_pipeline_dag' retrieved from /opt/airflow/dags/crypto_pipeline_dag.py
[2026-06-18T13:25:57.826+0000] {logging_mixin.py:190} INFO - [2026-06-18T13:25:57.825+0000] {dag.py:3239} INFO - Sync 1 DAGs
[2026-06-18T13:25:57.841+0000] {logging_mixin.py:190} INFO - [2026-06-18T13:25:57.841+0000] {dag.py:4180} INFO - Setting next_dagrun for crypto_pipeline_dag to 2026-06-18 00:00:00+00:00, run_after=2026-06-19 00:00:00+00:00
[2026-06-18T13:25:57.854+0000] {processor.py:208} INFO - Processing /opt/airflow/dags/crypto_pipeline_dag.py took 0.067 seconds
[2026-06-18T13:26:28.132+0000] {processor.py:186} INFO - Started process (PID=2582) to work on /opt/airflow/dags/crypto_pipeline_dag.py
[2026-06-18T13:26:28.133+0000] {processor.py:914} INFO - Processing file /opt/airflow/dags/crypto_pipeline_dag.py for tasks to queue
[2026-06-18T13:26:28.135+0000] {logging_mixin.py:190} INFO - [2026-06-18T13:26:28.135+0000] {dagbag.py:588} INFO - Filling up the DagBag from /opt/airflow/dags/crypto_pipeline_dag.py
[2026-06-18T13:26:28.153+0000] {processor.py:925} INFO - DAG(s) 'crypto_pipeline_dag' retrieved from /opt/airflow/dags/crypto_pipeline_dag.py
[2026-06-18T13:26:28.179+0000] {logging_mixin.py:190} INFO - [2026-06-18T13:26:28.178+0000] {dag.py:3239} INFO - Sync 1 DAGs
[2026-06-18T13:26:28.195+0000] {logging_mixin.py:190} INFO - [2026-06-18T13:26:28.195+0000] {dag.py:4180} INFO - Setting next_dagrun for crypto_pipeline_dag to 2026-06-18 00:00:00+00:00, run_after=2026-06-19 00:00:00+00:00
[2026-06-18T13:26:28.208+0000] {processor.py:208} INFO - Processing /opt/airflow/dags/crypto_pipeline_dag.py took 0.080 seconds
[2026-06-18T13:26:58.442+0000] {processor.py:186} INFO - Started process (PID=2587) to work on /opt/airflow/dags/crypto_pipeline_dag.py
[2026-06-18T13:26:58.444+0000] {processor.py:914} INFO - Processing file /opt/airflow/dags/crypto_pipeline_dag.py for tasks to queue
[2026-06-18T13:26:58.445+0000] {logging_mixin.py:190} INFO - [2026-06-18T13:26:58.445+0000] {dagbag.py:588} INFO - Filling up the DagBag from /opt/airflow/dags/crypto_pipeline_dag.py
[2026-06-18T13:26:58.462+0000] {processor.py:925} INFO - DAG(s) 'crypto_pipeline_dag' retrieved from /opt/airflow/dags/crypto_pipeline_dag.py
[2026-06-18T13:26:58.481+0000] {logging_mixin.py:190} INFO - [2026-06-18T13:26:58.480+0000] {dag.py:3239} INFO - Sync 1 DAGs
[2026-06-18T13:26:58.496+0000] {logging_mixin.py:190} INFO - [2026-06-18T13:26:58.496+0000] {dag.py:4180} INFO - Setting next_dagrun for crypto_pipeline_dag to 2026-06-18 00:00:00+00:00, run_after=2026-06-19 00:00:00+00:00
[2026-06-18T13:26:58.509+0000] {processor.py:208} INFO - Processing /opt/airflow/dags/crypto_pipeline_dag.py took 0.070 seconds
[2026-06-18T13:27:28.803+0000] {processor.py:186} INFO - Started process (PID=2592) to work on /opt/airflow/dags/crypto_pipeline_dag.py
[2026-06-18T13:27:28.804+0000] {processor.py:914} INFO - Processing file /opt/airflow/dags/crypto_pipeline_dag.py for tasks to queue
[2026-06-18T13:27:28.806+0000] {logging_mixin.py:190} INFO - [2026-06-18T13:27:28.806+0000] {dagbag.py:588} INFO - Filling up the DagBag from /opt/airflow/dags/crypto_pipeline_dag.py
[2026-06-18T13:27:28.819+0000] {processor.py:925} INFO - DAG(s) 'crypto_pipeline_dag' retrieved from /opt/airflow/dags/crypto_pipeline_dag.py
[2026-06-18T13:27:28.837+0000] {logging_mixin.py:190} INFO - [2026-06-18T13:27:28.837+0000] {dag.py:3239} INFO - Sync 1 DAGs
[2026-06-18T13:27:28.852+0000] {logging_mixin.py:190} INFO - [2026-06-18T13:27:28.852+0000] {dag.py:4180} INFO - Setting next_dagrun for crypto_pipeline_dag to 2026-06-18 00:00:00+00:00, run_after=2026-06-19 00:00:00+00:00
[2026-06-18T13:27:28.865+0000] {processor.py:208} INFO - Processing /opt/airflow/dags/crypto_pipeline_dag.py took 0.065 seconds
[2026-06-18T13:27:59.119+0000] {processor.py:186} INFO - Started process (PID=2597) to work on /opt/airflow/dags/crypto_pipeline_dag.py
[2026-06-18T13:27:59.120+0000] {processor.py:914} INFO - Processing file /opt/airflow/dags/crypto_pipeline_dag.py for tasks to queue
[2026-06-18T13:27:59.121+0000] {logging_mixin.py:190} INFO - [2026-06-18T13:27:59.121+0000] {dagbag.py:588} INFO - Filling up the DagBag from /opt/airflow/dags/crypto_pipeline_dag.py
[2026-06-18T13:27:59.136+0000] {processor.py:925} INFO - DAG(s) 'crypto_pipeline_dag' retrieved from /opt/airflow/dags/crypto_pipeline_dag.py
[2026-06-18T13:27:59.155+0000] {logging_mixin.py:190} INFO - [2026-06-18T13:27:59.154+0000] {dag.py:3239} INFO - Sync 1 DAGs
[2026-06-18T13:27:59.171+0000] {logging_mixin.py:190} INFO - [2026-06-18T13:27:59.171+0000] {dag.py:4180} INFO - Setting next_dagrun for crypto_pipeline_dag to 2026-06-18 00:00:00+00:00, run_after=2026-06-19 00:00:00+00:00
[2026-06-18T13:27:59.184+0000] {processor.py:208} INFO - Processing /opt/airflow/dags/crypto_pipeline_dag.py took 0.068 seconds
[2026-06-18T13:28:29.464+0000] {processor.py:186} INFO - Started process (PID=2602) to work on /opt/airflow/dags/crypto_pipeline_dag.py
[2026-06-18T13:28:29.465+0000] {processor.py:914} INFO - Processing file /opt/airflow/dags/crypto_pipeline_dag.py for tasks to queue
[2026-06-18T13:28:29.467+0000] {logging_mixin.py:190} INFO - [2026-06-18T13:28:29.467+0000] {dagbag.py:588} INFO - Filling up the DagBag from /opt/airflow/dags/crypto_pipeline_dag.py
[2026-06-18T13:28:29.478+0000] {processor.py:925} INFO - DAG(s) 'crypto_pipeline_dag' retrieved from /opt/airflow/dags/crypto_pipeline_dag.py
[2026-06-18T13:28:29.497+0000] {logging_mixin.py:190} INFO - [2026-06-18T13:28:29.497+0000] {dag.py:3239} INFO - Sync 1 DAGs
[2026-06-18T13:28:29.513+0000] {logging_mixin.py:190} INFO - [2026-06-18T13:28:29.513+0000] {dag.py:4180} INFO - Setting next_dagrun for crypto_pipeline_dag to 2026-06-18 00:00:00+00:00, run_after=2026-06-19 00:00:00+00:00
[2026-06-18T13:28:29.526+0000] {processor.py:208} INFO - Processing /opt/airflow/dags/crypto_pipeline_dag.py took 0.065 seconds
[2026-06-18T13:28:59.743+0000] {processor.py:186} INFO - Started process (PID=2607) to work on /opt/airflow/dags/crypto_pipeline_dag.py
[2026-06-18T13:28:59.744+0000] {processor.py:914} INFO - Processing file /opt/airflow/dags/crypto_pipeline_dag.py for tasks to queue
[2026-06-18T13:28:59.745+0000] {logging_mixin.py:190} INFO - [2026-06-18T13:28:59.745+0000] {dagbag.py:588} INFO - Filling up the DagBag from /opt/airflow/dags/crypto_pipeline_dag.py
[2026-06-18T13:28:59.758+0000] {processor.py:925} INFO - DAG(s) 'crypto_pipeline_dag' retrieved from /opt/airflow/dags/crypto_pipeline_dag.py
[2026-06-18T13:28:59.777+0000] {logging_mixin.py:190} INFO - [2026-06-18T13:28:59.777+0000] {dag.py:3239} INFO - Sync 1 DAGs
[2026-06-18T13:28:59.793+0000] {logging_mixin.py:190} INFO - [2026-06-18T13:28:59.793+0000] {dag.py:4180} INFO - Setting next_dagrun for crypto_pipeline_dag to 2026-06-18 00:00:00+00:00, run_after=2026-06-19 00:00:00+00:00
[2026-06-18T13:28:59.805+0000] {processor.py:208} INFO - Processing /opt/airflow/dags/crypto_pipeline_dag.py took 0.066 seconds
[2026-06-18T13:29:30.158+0000] {processor.py:186} INFO - Started process (PID=2612) to work on /opt/airflow/dags/crypto_pipeline_dag.py
[2026-06-18T13:29:30.159+0000] {processor.py:914} INFO - Processing file /opt/airflow/dags/crypto_pipeline_dag.py for tasks to queue
[2026-06-18T13:29:30.161+0000] {logging_mixin.py:190} INFO - [2026-06-18T13:29:30.160+0000] {dagbag.py:588} INFO - Filling up the DagBag from /opt/airflow/dags/crypto_pipeline_dag.py
[2026-06-18T13:29:30.172+0000] {processor.py:925} INFO - DAG(s) 'crypto_pipeline_dag' retrieved from /opt/airflow/dags/crypto_pipeline_dag.py
[2026-06-18T13:29:30.191+0000] {logging_mixin.py:190} INFO - [2026-06-18T13:29:30.191+0000] {dag.py:3239} INFO - Sync 1 DAGs
[2026-06-18T13:29:30.207+0000] {logging_mixin.py:190} INFO - [2026-06-18T13:29:30.207+0000] {dag.py:4180} INFO - Setting next_dagrun for crypto_pipeline_dag to 2026-06-18 00:00:00+00:00, run_after=2026-06-19 00:00:00+00:00
[2026-06-18T13:29:30.219+0000] {processor.py:208} INFO - Processing /opt/airflow/dags/crypto_pipeline_dag.py took 0.064 seconds
[2026-06-18T15:47:46.040+0000] {processor.py:186} INFO - Started process (PID=2617) to work on /opt/airflow/dags/crypto_pipeline_dag.py
[2026-06-18T15:47:46.041+0000] {processor.py:914} INFO - Processing file /opt/airflow/dags/crypto_pipeline_dag.py for tasks to queue
[2026-06-18T15:47:46.052+0000] {logging_mixin.py:190} INFO - [2026-06-18T15:47:46.051+0000] {dagbag.py:588} INFO - Filling up the DagBag from /opt/airflow/dags/crypto_pipeline_dag.py
[2026-06-18T15:47:46.168+0000] {processor.py:925} INFO - DAG(s) 'crypto_pipeline_dag' retrieved from /opt/airflow/dags/crypto_pipeline_dag.py
[2026-06-18T15:47:46.203+0000] {logging_mixin.py:190} INFO - [2026-06-18T15:47:46.202+0000] {dag.py:3239} INFO - Sync 1 DAGs
[2026-06-18T15:47:46.236+0000] {logging_mixin.py:190} INFO - [2026-06-18T15:47:46.235+0000] {dag.py:4180} INFO - Setting next_dagrun for crypto_pipeline_dag to 2026-06-18 00:00:00+00:00, run_after=2026-06-19 00:00:00+00:00
[2026-06-18T15:47:46.266+0000] {processor.py:208} INFO - Processing /opt/airflow/dags/crypto_pipeline_dag.py took 0.232 seconds
[2026-06-18T15:48:16.314+0000] {processor.py:186} INFO - Started process (PID=2622) to work on /opt/airflow/dags/crypto_pipeline_dag.py
[2026-06-18T15:48:16.315+0000] {processor.py:914} INFO - Processing file /opt/airflow/dags/crypto_pipeline_dag.py for tasks to queue
[2026-06-18T15:48:16.316+0000] {logging_mixin.py:190} INFO - [2026-06-18T15:48:16.316+0000] {dagbag.py:588} INFO - Filling up the DagBag from /opt/airflow/dags/crypto_pipeline_dag.py
[2026-06-18T15:48:16.329+0000] {processor.py:925} INFO - DAG(s) 'crypto_pipeline_dag' retrieved from /opt/airflow/dags/crypto_pipeline_dag.py
[2026-06-18T15:48:16.348+0000] {logging_mixin.py:190} INFO - [2026-06-18T15:48:16.348+0000] {dag.py:3239} INFO - Sync 1 DAGs
[2026-06-18T15:48:16.364+0000] {logging_mixin.py:190} INFO - [2026-06-18T15:48:16.364+0000] {dag.py:4180} INFO - Setting next_dagrun for crypto_pipeline_dag to 2026-06-18 00:00:00+00:00, run_after=2026-06-19 00:00:00+00:00
[2026-06-18T15:48:16.378+0000] {processor.py:208} INFO - Processing /opt/airflow/dags/crypto_pipeline_dag.py took 0.068 seconds
[2026-06-18T15:48:46.682+0000] {processor.py:186} INFO - Started process (PID=2627) to work on /opt/airflow/dags/crypto_pipeline_dag.py
[2026-06-18T15:48:46.682+0000] {processor.py:914} INFO - Processing file /opt/airflow/dags/crypto_pipeline_dag.py for tasks to queue
[2026-06-18T15:48:46.684+0000] {logging_mixin.py:190} INFO - [2026-06-18T15:48:46.684+0000] {dagbag.py:588} INFO - Filling up the DagBag from /opt/airflow/dags/crypto_pipeline_dag.py
[2026-06-18T15:48:46.699+0000] {processor.py:925} INFO - DAG(s) 'crypto_pipeline_dag' retrieved from /opt/airflow/dags/crypto_pipeline_dag.py
[2026-06-18T15:48:46.722+0000] {logging_mixin.py:190} INFO - [2026-06-18T15:48:46.722+0000] {dag.py:3239} INFO - Sync 1 DAGs
[2026-06-18T15:48:46.738+0000] {logging_mixin.py:190} INFO - [2026-06-18T15:48:46.737+0000] {dag.py:4180} INFO - Setting next_dagrun for crypto_pipeline_dag to 2026-06-18 00:00:00+00:00, run_after=2026-06-19 00:00:00+00:00
[2026-06-18T15:48:46.755+0000] {processor.py:208} INFO - Processing /opt/airflow/dags/crypto_pipeline_dag.py took 0.077 seconds
[2026-06-18T15:49:16.985+0000] {processor.py:186} INFO - Started process (PID=2632) to work on /opt/airflow/dags/crypto_pipeline_dag.py
[2026-06-18T15:49:16.985+0000] {processor.py:914} INFO - Processing file /opt/airflow/dags/crypto_pipeline_dag.py for tasks to queue
[2026-06-18T15:49:16.987+0000] {logging_mixin.py:190} INFO - [2026-06-18T15:49:16.987+0000] {dagbag.py:588} INFO - Filling up the DagBag from /opt/airflow/dags/crypto_pipeline_dag.py
[2026-06-18T15:49:17.000+0000] {processor.py:925} INFO - DAG(s) 'crypto_pipeline_dag' retrieved from /opt/airflow/dags/crypto_pipeline_dag.py
[2026-06-18T15:49:17.018+0000] {logging_mixin.py:190} INFO - [2026-06-18T15:49:17.018+0000] {dag.py:3239} INFO - Sync 1 DAGs
[2026-06-18T15:49:17.033+0000] {logging_mixin.py:190} INFO - [2026-06-18T15:49:17.033+0000] {dag.py:4180} INFO - Setting next_dagrun for crypto_pipeline_dag to 2026-06-18 00:00:00+00:00, run_after=2026-06-19 00:00:00+00:00
[2026-06-18T15:49:17.047+0000] {processor.py:208} INFO - Processing /opt/airflow/dags/crypto_pipeline_dag.py took 0.066 seconds
[2026-06-18T15:49:47.429+0000] {processor.py:186} INFO - Started process (PID=2637) to work on /opt/airflow/dags/crypto_pipeline_dag.py
[2026-06-18T15:49:47.430+0000] {processor.py:914} INFO - Processing file /opt/airflow/dags/crypto_pipeline_dag.py for tasks to queue
[2026-06-18T15:49:47.432+0000] {logging_mixin.py:190} INFO - [2026-06-18T15:49:47.431+0000] {dagbag.py:588} INFO - Filling up the DagBag from /opt/airflow/dags/crypto_pipeline_dag.py
[2026-06-18T15:49:47.446+0000] {processor.py:925} INFO - DAG(s) 'crypto_pipeline_dag' retrieved from /opt/airflow/dags/crypto_pipeline_dag.py
[2026-06-18T15:49:47.467+0000] {logging_mixin.py:190} INFO - [2026-06-18T15:49:47.466+0000] {dag.py:3239} INFO - Sync 1 DAGs
[2026-06-18T15:49:47.484+0000] {logging_mixin.py:190} INFO - [2026-06-18T15:49:47.483+0000] {dag.py:4180} INFO - Setting next_dagrun for crypto_pipeline_dag to 2026-06-18 00:00:00+00:00, run_after=2026-06-19 00:00:00+00:00
[2026-06-18T15:49:47.496+0000] {processor.py:208} INFO - Processing /opt/airflow/dags/crypto_pipeline_dag.py took 0.071 seconds
[2026-06-18T16:00:37.096+0000] {processor.py:186} INFO - Started process (PID=2642) to work on /opt/airflow/dags/crypto_pipeline_dag.py
[2026-06-18T16:00:37.096+0000] {processor.py:914} INFO - Processing file /opt/airflow/dags/crypto_pipeline_dag.py for tasks to queue
[2026-06-18T16:00:37.098+0000] {logging_mixin.py:190} INFO - [2026-06-18T16:00:37.098+0000] {dagbag.py:588} INFO - Filling up the DagBag from /opt/airflow/dags/crypto_pipeline_dag.py
[2026-06-18T16:00:37.114+0000] {processor.py:925} INFO - DAG(s) 'crypto_pipeline_dag' retrieved from /opt/airflow/dags/crypto_pipeline_dag.py
[2026-06-18T16:00:37.133+0000] {logging_mixin.py:190} INFO - [2026-06-18T16:00:37.133+0000] {dag.py:3239} INFO - Sync 1 DAGs
[2026-06-18T16:00:37.149+0000] {logging_mixin.py:190} INFO - [2026-06-18T16:00:37.149+0000] {dag.py:4180} INFO - Setting next_dagrun for crypto_pipeline_dag to 2026-06-18 00:00:00+00:00, run_after=2026-06-19 00:00:00+00:00
[2026-06-18T16:00:37.162+0000] {processor.py:208} INFO - Processing /opt/airflow/dags/crypto_pipeline_dag.py took 0.070 seconds
[2026-06-18T16:01:07.417+0000] {processor.py:186} INFO - Started process (PID=2647) to work on /opt/airflow/dags/crypto_pipeline_dag.py
[2026-06-18T16:01:07.418+0000] {processor.py:914} INFO - Processing file /opt/airflow/dags/crypto_pipeline_dag.py for tasks to queue
[2026-06-18T16:01:07.420+0000] {logging_mixin.py:190} INFO - [2026-06-18T16:01:07.420+0000] {dagbag.py:588} INFO - Filling up the DagBag from /opt/airflow/dags/crypto_pipeline_dag.py
[2026-06-18T16:01:07.433+0000] {processor.py:925} INFO - DAG(s) 'crypto_pipeline_dag' retrieved from /opt/airflow/dags/crypto_pipeline_dag.py
[2026-06-18T16:01:07.453+0000] {logging_mixin.py:190} INFO - [2026-06-18T16:01:07.452+0000] {dag.py:3239} INFO - Sync 1 DAGs
[2026-06-18T16:01:07.469+0000] {logging_mixin.py:190} INFO - [2026-06-18T16:01:07.469+0000] {dag.py:4180} INFO - Setting next_dagrun for crypto_pipeline_dag to 2026-06-18 00:00:00+00:00, run_after=2026-06-19 00:00:00+00:00
[2026-06-18T16:01:07.481+0000] {processor.py:208} INFO - Processing /opt/airflow/dags/crypto_pipeline_dag.py took 0.067 seconds
