[2026-06-19T09:00:06.977+0000] {processor.py:186} INFO - Started process (PID=176) to work on /opt/airflow/dags/crypto_pipeline_dag.py
[2026-06-19T09:00:06.979+0000] {processor.py:914} INFO - Processing file /opt/airflow/dags/crypto_pipeline_dag.py for tasks to queue
[2026-06-19T09:00:06.983+0000] {logging_mixin.py:190} INFO - [2026-06-19T09:00:06.982+0000] {dagbag.py:588} INFO - Filling up the DagBag from /opt/airflow/dags/crypto_pipeline_dag.py
[2026-06-19T09:00:07.036+0000] {processor.py:925} INFO - DAG(s) 'crypto_pipeline_dag' retrieved from /opt/airflow/dags/crypto_pipeline_dag.py
[2026-06-19T09:00:07.076+0000] {logging_mixin.py:190} INFO - [2026-06-19T09:00:07.076+0000] {dag.py:3239} INFO - Sync 1 DAGs
[2026-06-19T09:00:07.098+0000] {logging_mixin.py:190} INFO - [2026-06-19T09:00:07.098+0000] {dag.py:4180} INFO - Setting next_dagrun for crypto_pipeline_dag to 2026-06-19 00:00:00+00:00, run_after=2026-06-20 00:00:00+00:00
[2026-06-19T09:00:07.114+0000] {processor.py:208} INFO - Processing /opt/airflow/dags/crypto_pipeline_dag.py took 0.143 seconds
[2026-06-19T09:00:37.171+0000] {processor.py:186} INFO - Started process (PID=279) to work on /opt/airflow/dags/crypto_pipeline_dag.py
[2026-06-19T09:00:37.172+0000] {processor.py:914} INFO - Processing file /opt/airflow/dags/crypto_pipeline_dag.py for tasks to queue
[2026-06-19T09:00:37.175+0000] {logging_mixin.py:190} INFO - [2026-06-19T09:00:37.175+0000] {dagbag.py:588} INFO - Filling up the DagBag from /opt/airflow/dags/crypto_pipeline_dag.py
[2026-06-19T09:00:37.192+0000] {processor.py:925} INFO - DAG(s) 'crypto_pipeline_dag' retrieved from /opt/airflow/dags/crypto_pipeline_dag.py
[2026-06-19T09:00:37.216+0000] {logging_mixin.py:190} INFO - [2026-06-19T09:00:37.216+0000] {dag.py:3239} INFO - Sync 1 DAGs
[2026-06-19T09:00:37.236+0000] {logging_mixin.py:190} INFO - [2026-06-19T09:00:37.235+0000] {dag.py:4180} INFO - Setting next_dagrun for crypto_pipeline_dag to 2026-06-19 00:00:00+00:00, run_after=2026-06-20 00:00:00+00:00
[2026-06-19T09:00:37.249+0000] {processor.py:208} INFO - Processing /opt/airflow/dags/crypto_pipeline_dag.py took 0.083 seconds
[2026-06-19T09:01:07.375+0000] {processor.py:186} INFO - Started process (PID=284) to work on /opt/airflow/dags/crypto_pipeline_dag.py
[2026-06-19T09:01:07.376+0000] {processor.py:914} INFO - Processing file /opt/airflow/dags/crypto_pipeline_dag.py for tasks to queue
[2026-06-19T09:01:07.378+0000] {logging_mixin.py:190} INFO - [2026-06-19T09:01:07.378+0000] {dagbag.py:588} INFO - Filling up the DagBag from /opt/airflow/dags/crypto_pipeline_dag.py
[2026-06-19T09:01:07.392+0000] {processor.py:925} INFO - DAG(s) 'crypto_pipeline_dag' retrieved from /opt/airflow/dags/crypto_pipeline_dag.py
[2026-06-19T09:01:07.414+0000] {logging_mixin.py:190} INFO - [2026-06-19T09:01:07.414+0000] {dag.py:3239} INFO - Sync 1 DAGs
[2026-06-19T09:01:07.432+0000] {logging_mixin.py:190} INFO - [2026-06-19T09:01:07.432+0000] {dag.py:4180} INFO - Setting next_dagrun for crypto_pipeline_dag to 2026-06-19 00:00:00+00:00, run_after=2026-06-20 00:00:00+00:00
[2026-06-19T09:01:07.445+0000] {processor.py:208} INFO - Processing /opt/airflow/dags/crypto_pipeline_dag.py took 0.075 seconds
[2026-06-19T09:01:37.611+0000] {processor.py:186} INFO - Started process (PID=289) to work on /opt/airflow/dags/crypto_pipeline_dag.py
[2026-06-19T09:01:37.612+0000] {processor.py:914} INFO - Processing file /opt/airflow/dags/crypto_pipeline_dag.py for tasks to queue
[2026-06-19T09:01:37.614+0000] {logging_mixin.py:190} INFO - [2026-06-19T09:01:37.614+0000] {dagbag.py:588} INFO - Filling up the DagBag from /opt/airflow/dags/crypto_pipeline_dag.py
[2026-06-19T09:01:37.629+0000] {processor.py:925} INFO - DAG(s) 'crypto_pipeline_dag' retrieved from /opt/airflow/dags/crypto_pipeline_dag.py
[2026-06-19T09:01:37.655+0000] {logging_mixin.py:190} INFO - [2026-06-19T09:01:37.654+0000] {dag.py:3239} INFO - Sync 1 DAGs
[2026-06-19T09:01:37.674+0000] {logging_mixin.py:190} INFO - [2026-06-19T09:01:37.673+0000] {dag.py:4180} INFO - Setting next_dagrun for crypto_pipeline_dag to 2026-06-19 00:00:00+00:00, run_after=2026-06-20 00:00:00+00:00
[2026-06-19T09:01:37.689+0000] {processor.py:208} INFO - Processing /opt/airflow/dags/crypto_pipeline_dag.py took 0.083 seconds
[2026-06-19T09:02:07.927+0000] {processor.py:186} INFO - Started process (PID=294) to work on /opt/airflow/dags/crypto_pipeline_dag.py
[2026-06-19T09:02:07.928+0000] {processor.py:914} INFO - Processing file /opt/airflow/dags/crypto_pipeline_dag.py for tasks to queue
[2026-06-19T09:02:07.930+0000] {logging_mixin.py:190} INFO - [2026-06-19T09:02:07.930+0000] {dagbag.py:588} INFO - Filling up the DagBag from /opt/airflow/dags/crypto_pipeline_dag.py
[2026-06-19T09:02:07.952+0000] {processor.py:925} INFO - DAG(s) 'crypto_pipeline_dag' retrieved from /opt/airflow/dags/crypto_pipeline_dag.py
[2026-06-19T09:02:07.977+0000] {logging_mixin.py:190} INFO - [2026-06-19T09:02:07.977+0000] {dag.py:3239} INFO - Sync 1 DAGs
[2026-06-19T09:02:07.998+0000] {logging_mixin.py:190} INFO - [2026-06-19T09:02:07.998+0000] {dag.py:4180} INFO - Setting next_dagrun for crypto_pipeline_dag to 2026-06-19 00:00:00+00:00, run_after=2026-06-20 00:00:00+00:00
[2026-06-19T09:02:08.015+0000] {processor.py:208} INFO - Processing /opt/airflow/dags/crypto_pipeline_dag.py took 0.093 seconds
[2026-06-19T09:02:38.148+0000] {processor.py:186} INFO - Started process (PID=397) to work on /opt/airflow/dags/crypto_pipeline_dag.py
[2026-06-19T09:02:38.149+0000] {processor.py:914} INFO - Processing file /opt/airflow/dags/crypto_pipeline_dag.py for tasks to queue
[2026-06-19T09:02:38.151+0000] {logging_mixin.py:190} INFO - [2026-06-19T09:02:38.150+0000] {dagbag.py:588} INFO - Filling up the DagBag from /opt/airflow/dags/crypto_pipeline_dag.py
[2026-06-19T09:02:38.166+0000] {processor.py:925} INFO - DAG(s) 'crypto_pipeline_dag' retrieved from /opt/airflow/dags/crypto_pipeline_dag.py
[2026-06-19T09:02:38.192+0000] {logging_mixin.py:190} INFO - [2026-06-19T09:02:38.192+0000] {dag.py:3239} INFO - Sync 1 DAGs
[2026-06-19T09:02:38.211+0000] {logging_mixin.py:190} INFO - [2026-06-19T09:02:38.211+0000] {dag.py:4180} INFO - Setting next_dagrun for crypto_pipeline_dag to 2026-06-19 00:00:00+00:00, run_after=2026-06-20 00:00:00+00:00
[2026-06-19T09:02:38.225+0000] {processor.py:208} INFO - Processing /opt/airflow/dags/crypto_pipeline_dag.py took 0.082 seconds
[2026-06-19T09:03:08.432+0000] {processor.py:186} INFO - Started process (PID=406) to work on /opt/airflow/dags/crypto_pipeline_dag.py
[2026-06-19T09:03:08.433+0000] {processor.py:914} INFO - Processing file /opt/airflow/dags/crypto_pipeline_dag.py for tasks to queue
[2026-06-19T09:03:08.435+0000] {logging_mixin.py:190} INFO - [2026-06-19T09:03:08.435+0000] {dagbag.py:588} INFO - Filling up the DagBag from /opt/airflow/dags/crypto_pipeline_dag.py
[2026-06-19T09:03:08.452+0000] {processor.py:925} INFO - DAG(s) 'crypto_pipeline_dag' retrieved from /opt/airflow/dags/crypto_pipeline_dag.py
[2026-06-19T09:03:08.475+0000] {logging_mixin.py:190} INFO - [2026-06-19T09:03:08.475+0000] {dag.py:3239} INFO - Sync 1 DAGs
[2026-06-19T09:03:08.493+0000] {logging_mixin.py:190} INFO - [2026-06-19T09:03:08.493+0000] {dag.py:4180} INFO - Setting next_dagrun for crypto_pipeline_dag to 2026-06-19 00:00:00+00:00, run_after=2026-06-20 00:00:00+00:00
[2026-06-19T09:03:08.508+0000] {processor.py:208} INFO - Processing /opt/airflow/dags/crypto_pipeline_dag.py took 0.082 seconds
[2026-06-19T09:03:38.703+0000] {processor.py:186} INFO - Started process (PID=413) to work on /opt/airflow/dags/crypto_pipeline_dag.py
[2026-06-19T09:03:38.704+0000] {processor.py:914} INFO - Processing file /opt/airflow/dags/crypto_pipeline_dag.py for tasks to queue
[2026-06-19T09:03:38.705+0000] {logging_mixin.py:190} INFO - [2026-06-19T09:03:38.705+0000] {dagbag.py:588} INFO - Filling up the DagBag from /opt/airflow/dags/crypto_pipeline_dag.py
[2026-06-19T09:03:38.718+0000] {processor.py:925} INFO - DAG(s) 'crypto_pipeline_dag' retrieved from /opt/airflow/dags/crypto_pipeline_dag.py
[2026-06-19T09:03:38.744+0000] {logging_mixin.py:190} INFO - [2026-06-19T09:03:38.744+0000] {dag.py:3239} INFO - Sync 1 DAGs
[2026-06-19T09:03:38.765+0000] {logging_mixin.py:190} INFO - [2026-06-19T09:03:38.765+0000] {dag.py:4180} INFO - Setting next_dagrun for crypto_pipeline_dag to 2026-06-19 00:00:00+00:00, run_after=2026-06-20 00:00:00+00:00
[2026-06-19T09:03:38.780+0000] {processor.py:208} INFO - Processing /opt/airflow/dags/crypto_pipeline_dag.py took 0.082 seconds
[2026-06-19T09:04:08.923+0000] {processor.py:186} INFO - Started process (PID=418) to work on /opt/airflow/dags/crypto_pipeline_dag.py
[2026-06-19T09:04:08.925+0000] {processor.py:914} INFO - Processing file /opt/airflow/dags/crypto_pipeline_dag.py for tasks to queue
[2026-06-19T09:04:08.927+0000] {logging_mixin.py:190} INFO - [2026-06-19T09:04:08.926+0000] {dagbag.py:588} INFO - Filling up the DagBag from /opt/airflow/dags/crypto_pipeline_dag.py
[2026-06-19T09:04:08.944+0000] {processor.py:925} INFO - DAG(s) 'crypto_pipeline_dag' retrieved from /opt/airflow/dags/crypto_pipeline_dag.py
[2026-06-19T09:04:08.967+0000] {logging_mixin.py:190} INFO - [2026-06-19T09:04:08.967+0000] {dag.py:3239} INFO - Sync 1 DAGs
[2026-06-19T09:04:08.986+0000] {logging_mixin.py:190} INFO - [2026-06-19T09:04:08.986+0000] {dag.py:4180} INFO - Setting next_dagrun for crypto_pipeline_dag to 2026-06-19 00:00:00+00:00, run_after=2026-06-20 00:00:00+00:00
[2026-06-19T09:04:09.000+0000] {processor.py:208} INFO - Processing /opt/airflow/dags/crypto_pipeline_dag.py took 0.081 seconds
[2026-06-19T09:04:39.296+0000] {processor.py:186} INFO - Started process (PID=423) to work on /opt/airflow/dags/crypto_pipeline_dag.py
[2026-06-19T09:04:39.297+0000] {processor.py:914} INFO - Processing file /opt/airflow/dags/crypto_pipeline_dag.py for tasks to queue
[2026-06-19T09:04:39.299+0000] {logging_mixin.py:190} INFO - [2026-06-19T09:04:39.299+0000] {dagbag.py:588} INFO - Filling up the DagBag from /opt/airflow/dags/crypto_pipeline_dag.py
[2026-06-19T09:04:39.334+0000] {processor.py:925} INFO - DAG(s) 'crypto_pipeline_dag' retrieved from /opt/airflow/dags/crypto_pipeline_dag.py
[2026-06-19T09:04:39.356+0000] {logging_mixin.py:190} INFO - [2026-06-19T09:04:39.356+0000] {dag.py:3239} INFO - Sync 1 DAGs
[2026-06-19T09:04:39.375+0000] {logging_mixin.py:190} INFO - [2026-06-19T09:04:39.374+0000] {dag.py:4180} INFO - Setting next_dagrun for crypto_pipeline_dag to 2026-06-19 00:00:00+00:00, run_after=2026-06-20 00:00:00+00:00
[2026-06-19T09:04:39.389+0000] {processor.py:208} INFO - Processing /opt/airflow/dags/crypto_pipeline_dag.py took 0.100 seconds
[2026-06-19T09:05:09.562+0000] {processor.py:186} INFO - Started process (PID=428) to work on /opt/airflow/dags/crypto_pipeline_dag.py
[2026-06-19T09:05:09.564+0000] {processor.py:914} INFO - Processing file /opt/airflow/dags/crypto_pipeline_dag.py for tasks to queue
[2026-06-19T09:05:09.568+0000] {logging_mixin.py:190} INFO - [2026-06-19T09:05:09.567+0000] {dagbag.py:588} INFO - Filling up the DagBag from /opt/airflow/dags/crypto_pipeline_dag.py
[2026-06-19T09:05:09.599+0000] {processor.py:925} INFO - DAG(s) 'crypto_pipeline_dag' retrieved from /opt/airflow/dags/crypto_pipeline_dag.py
[2026-06-19T09:05:09.626+0000] {logging_mixin.py:190} INFO - [2026-06-19T09:05:09.626+0000] {dag.py:3239} INFO - Sync 1 DAGs
[2026-06-19T09:05:09.646+0000] {logging_mixin.py:190} INFO - [2026-06-19T09:05:09.646+0000] {dag.py:4180} INFO - Setting next_dagrun for crypto_pipeline_dag to 2026-06-19 00:00:00+00:00, run_after=2026-06-20 00:00:00+00:00
[2026-06-19T09:05:09.665+0000] {processor.py:208} INFO - Processing /opt/airflow/dags/crypto_pipeline_dag.py took 0.111 seconds
[2026-06-19T09:05:39.906+0000] {processor.py:186} INFO - Started process (PID=469) to work on /opt/airflow/dags/crypto_pipeline_dag.py
[2026-06-19T09:05:39.908+0000] {processor.py:914} INFO - Processing file /opt/airflow/dags/crypto_pipeline_dag.py for tasks to queue
[2026-06-19T09:05:39.910+0000] {logging_mixin.py:190} INFO - [2026-06-19T09:05:39.910+0000] {dagbag.py:588} INFO - Filling up the DagBag from /opt/airflow/dags/crypto_pipeline_dag.py
[2026-06-19T09:05:39.934+0000] {processor.py:925} INFO - DAG(s) 'crypto_pipeline_dag' retrieved from /opt/airflow/dags/crypto_pipeline_dag.py
[2026-06-19T09:05:39.957+0000] {logging_mixin.py:190} INFO - [2026-06-19T09:05:39.957+0000] {dag.py:3239} INFO - Sync 1 DAGs
[2026-06-19T09:05:39.976+0000] {logging_mixin.py:190} INFO - [2026-06-19T09:05:39.976+0000] {dag.py:4180} INFO - Setting next_dagrun for crypto_pipeline_dag to 2026-06-19 00:00:00+00:00, run_after=2026-06-20 00:00:00+00:00
[2026-06-19T09:05:39.989+0000] {processor.py:208} INFO - Processing /opt/airflow/dags/crypto_pipeline_dag.py took 0.089 seconds
[2026-06-19T09:06:10.123+0000] {processor.py:186} INFO - Started process (PID=474) to work on /opt/airflow/dags/crypto_pipeline_dag.py
[2026-06-19T09:06:10.124+0000] {processor.py:914} INFO - Processing file /opt/airflow/dags/crypto_pipeline_dag.py for tasks to queue
[2026-06-19T09:06:10.126+0000] {logging_mixin.py:190} INFO - [2026-06-19T09:06:10.125+0000] {dagbag.py:588} INFO - Filling up the DagBag from /opt/airflow/dags/crypto_pipeline_dag.py
[2026-06-19T09:06:10.140+0000] {processor.py:925} INFO - DAG(s) 'crypto_pipeline_dag' retrieved from /opt/airflow/dags/crypto_pipeline_dag.py
[2026-06-19T09:06:10.164+0000] {logging_mixin.py:190} INFO - [2026-06-19T09:06:10.163+0000] {dag.py:3239} INFO - Sync 1 DAGs
[2026-06-19T09:06:10.182+0000] {logging_mixin.py:190} INFO - [2026-06-19T09:06:10.181+0000] {dag.py:4180} INFO - Setting next_dagrun for crypto_pipeline_dag to 2026-06-19 00:00:00+00:00, run_after=2026-06-20 00:00:00+00:00
[2026-06-19T09:06:10.197+0000] {processor.py:208} INFO - Processing /opt/airflow/dags/crypto_pipeline_dag.py took 0.078 seconds
[2026-06-19T09:06:40.349+0000] {processor.py:186} INFO - Started process (PID=479) to work on /opt/airflow/dags/crypto_pipeline_dag.py
[2026-06-19T09:06:40.351+0000] {processor.py:914} INFO - Processing file /opt/airflow/dags/crypto_pipeline_dag.py for tasks to queue
[2026-06-19T09:06:40.353+0000] {logging_mixin.py:190} INFO - [2026-06-19T09:06:40.352+0000] {dagbag.py:588} INFO - Filling up the DagBag from /opt/airflow/dags/crypto_pipeline_dag.py
[2026-06-19T09:06:40.366+0000] {processor.py:925} INFO - DAG(s) 'crypto_pipeline_dag' retrieved from /opt/airflow/dags/crypto_pipeline_dag.py
[2026-06-19T09:06:40.390+0000] {logging_mixin.py:190} INFO - [2026-06-19T09:06:40.389+0000] {dag.py:3239} INFO - Sync 1 DAGs
[2026-06-19T09:06:40.410+0000] {logging_mixin.py:190} INFO - [2026-06-19T09:06:40.410+0000] {dag.py:4180} INFO - Setting next_dagrun for crypto_pipeline_dag to 2026-06-19 00:00:00+00:00, run_after=2026-06-20 00:00:00+00:00
[2026-06-19T09:06:40.426+0000] {processor.py:208} INFO - Processing /opt/airflow/dags/crypto_pipeline_dag.py took 0.081 seconds
[2026-06-19T09:07:10.684+0000] {processor.py:186} INFO - Started process (PID=484) to work on /opt/airflow/dags/crypto_pipeline_dag.py
[2026-06-19T09:07:10.685+0000] {processor.py:914} INFO - Processing file /opt/airflow/dags/crypto_pipeline_dag.py for tasks to queue
[2026-06-19T09:07:10.687+0000] {logging_mixin.py:190} INFO - [2026-06-19T09:07:10.687+0000] {dagbag.py:588} INFO - Filling up the DagBag from /opt/airflow/dags/crypto_pipeline_dag.py
[2026-06-19T09:07:10.703+0000] {processor.py:925} INFO - DAG(s) 'crypto_pipeline_dag' retrieved from /opt/airflow/dags/crypto_pipeline_dag.py
[2026-06-19T09:07:10.726+0000] {logging_mixin.py:190} INFO - [2026-06-19T09:07:10.725+0000] {dag.py:3239} INFO - Sync 1 DAGs
[2026-06-19T09:07:10.745+0000] {logging_mixin.py:190} INFO - [2026-06-19T09:07:10.745+0000] {dag.py:4180} INFO - Setting next_dagrun for crypto_pipeline_dag to 2026-06-19 00:00:00+00:00, run_after=2026-06-20 00:00:00+00:00
[2026-06-19T09:07:10.761+0000] {processor.py:208} INFO - Processing /opt/airflow/dags/crypto_pipeline_dag.py took 0.083 seconds
[2026-06-19T09:07:40.965+0000] {processor.py:186} INFO - Started process (PID=489) to work on /opt/airflow/dags/crypto_pipeline_dag.py
[2026-06-19T09:07:40.965+0000] {processor.py:914} INFO - Processing file /opt/airflow/dags/crypto_pipeline_dag.py for tasks to queue
[2026-06-19T09:07:40.967+0000] {logging_mixin.py:190} INFO - [2026-06-19T09:07:40.967+0000] {dagbag.py:588} INFO - Filling up the DagBag from /opt/airflow/dags/crypto_pipeline_dag.py
[2026-06-19T09:07:40.983+0000] {processor.py:925} INFO - DAG(s) 'crypto_pipeline_dag' retrieved from /opt/airflow/dags/crypto_pipeline_dag.py
[2026-06-19T09:07:41.005+0000] {logging_mixin.py:190} INFO - [2026-06-19T09:07:41.005+0000] {dag.py:3239} INFO - Sync 1 DAGs
[2026-06-19T09:07:41.021+0000] {logging_mixin.py:190} INFO - [2026-06-19T09:07:41.021+0000] {dag.py:4180} INFO - Setting next_dagrun for crypto_pipeline_dag to 2026-06-19 00:00:00+00:00, run_after=2026-06-20 00:00:00+00:00
[2026-06-19T09:07:41.035+0000] {processor.py:208} INFO - Processing /opt/airflow/dags/crypto_pipeline_dag.py took 0.074 seconds
[2026-06-19T09:08:11.317+0000] {processor.py:186} INFO - Started process (PID=494) to work on /opt/airflow/dags/crypto_pipeline_dag.py
[2026-06-19T09:08:11.318+0000] {processor.py:914} INFO - Processing file /opt/airflow/dags/crypto_pipeline_dag.py for tasks to queue
[2026-06-19T09:08:11.320+0000] {logging_mixin.py:190} INFO - [2026-06-19T09:08:11.320+0000] {dagbag.py:588} INFO - Filling up the DagBag from /opt/airflow/dags/crypto_pipeline_dag.py
[2026-06-19T09:08:11.337+0000] {processor.py:925} INFO - DAG(s) 'crypto_pipeline_dag' retrieved from /opt/airflow/dags/crypto_pipeline_dag.py
[2026-06-19T09:08:11.360+0000] {logging_mixin.py:190} INFO - [2026-06-19T09:08:11.360+0000] {dag.py:3239} INFO - Sync 1 DAGs
[2026-06-19T09:08:11.378+0000] {logging_mixin.py:190} INFO - [2026-06-19T09:08:11.378+0000] {dag.py:4180} INFO - Setting next_dagrun for crypto_pipeline_dag to 2026-06-19 00:00:00+00:00, run_after=2026-06-20 00:00:00+00:00
[2026-06-19T09:08:11.392+0000] {processor.py:208} INFO - Processing /opt/airflow/dags/crypto_pipeline_dag.py took 0.079 seconds
[2026-06-19T09:08:41.604+0000] {processor.py:186} INFO - Started process (PID=499) to work on /opt/airflow/dags/crypto_pipeline_dag.py
[2026-06-19T09:08:41.605+0000] {processor.py:914} INFO - Processing file /opt/airflow/dags/crypto_pipeline_dag.py for tasks to queue
[2026-06-19T09:08:41.607+0000] {logging_mixin.py:190} INFO - [2026-06-19T09:08:41.607+0000] {dagbag.py:588} INFO - Filling up the DagBag from /opt/airflow/dags/crypto_pipeline_dag.py
[2026-06-19T09:08:41.620+0000] {processor.py:925} INFO - DAG(s) 'crypto_pipeline_dag' retrieved from /opt/airflow/dags/crypto_pipeline_dag.py
[2026-06-19T09:08:41.641+0000] {logging_mixin.py:190} INFO - [2026-06-19T09:08:41.641+0000] {dag.py:3239} INFO - Sync 1 DAGs
[2026-06-19T09:08:41.657+0000] {logging_mixin.py:190} INFO - [2026-06-19T09:08:41.657+0000] {dag.py:4180} INFO - Setting next_dagrun for crypto_pipeline_dag to 2026-06-19 00:00:00+00:00, run_after=2026-06-20 00:00:00+00:00
[2026-06-19T09:08:41.670+0000] {processor.py:208} INFO - Processing /opt/airflow/dags/crypto_pipeline_dag.py took 0.070 seconds
[2026-06-19T09:09:11.922+0000] {processor.py:186} INFO - Started process (PID=504) to work on /opt/airflow/dags/crypto_pipeline_dag.py
[2026-06-19T09:09:11.923+0000] {processor.py:914} INFO - Processing file /opt/airflow/dags/crypto_pipeline_dag.py for tasks to queue
[2026-06-19T09:09:11.925+0000] {logging_mixin.py:190} INFO - [2026-06-19T09:09:11.925+0000] {dagbag.py:588} INFO - Filling up the DagBag from /opt/airflow/dags/crypto_pipeline_dag.py
[2026-06-19T09:09:11.941+0000] {processor.py:925} INFO - DAG(s) 'crypto_pipeline_dag' retrieved from /opt/airflow/dags/crypto_pipeline_dag.py
[2026-06-19T09:09:11.962+0000] {logging_mixin.py:190} INFO - [2026-06-19T09:09:11.962+0000] {dag.py:3239} INFO - Sync 1 DAGs
[2026-06-19T09:09:11.980+0000] {logging_mixin.py:190} INFO - [2026-06-19T09:09:11.979+0000] {dag.py:4180} INFO - Setting next_dagrun for crypto_pipeline_dag to 2026-06-19 00:00:00+00:00, run_after=2026-06-20 00:00:00+00:00
[2026-06-19T09:09:11.993+0000] {processor.py:208} INFO - Processing /opt/airflow/dags/crypto_pipeline_dag.py took 0.076 seconds
[2026-06-19T09:09:42.212+0000] {processor.py:186} INFO - Started process (PID=509) to work on /opt/airflow/dags/crypto_pipeline_dag.py
[2026-06-19T09:09:42.213+0000] {processor.py:914} INFO - Processing file /opt/airflow/dags/crypto_pipeline_dag.py for tasks to queue
[2026-06-19T09:09:42.214+0000] {logging_mixin.py:190} INFO - [2026-06-19T09:09:42.214+0000] {dagbag.py:588} INFO - Filling up the DagBag from /opt/airflow/dags/crypto_pipeline_dag.py
[2026-06-19T09:09:42.226+0000] {processor.py:925} INFO - DAG(s) 'crypto_pipeline_dag' retrieved from /opt/airflow/dags/crypto_pipeline_dag.py
[2026-06-19T09:09:42.245+0000] {logging_mixin.py:190} INFO - [2026-06-19T09:09:42.244+0000] {dag.py:3239} INFO - Sync 1 DAGs
[2026-06-19T09:09:42.260+0000] {logging_mixin.py:190} INFO - [2026-06-19T09:09:42.260+0000] {dag.py:4180} INFO - Setting next_dagrun for crypto_pipeline_dag to 2026-06-19 00:00:00+00:00, run_after=2026-06-20 00:00:00+00:00
[2026-06-19T09:09:42.274+0000] {processor.py:208} INFO - Processing /opt/airflow/dags/crypto_pipeline_dag.py took 0.066 seconds
[2026-06-19T09:10:12.558+0000] {processor.py:186} INFO - Started process (PID=514) to work on /opt/airflow/dags/crypto_pipeline_dag.py
[2026-06-19T09:10:12.559+0000] {processor.py:914} INFO - Processing file /opt/airflow/dags/crypto_pipeline_dag.py for tasks to queue
[2026-06-19T09:10:12.560+0000] {logging_mixin.py:190} INFO - [2026-06-19T09:10:12.560+0000] {dagbag.py:588} INFO - Filling up the DagBag from /opt/airflow/dags/crypto_pipeline_dag.py
[2026-06-19T09:10:12.573+0000] {processor.py:925} INFO - DAG(s) 'crypto_pipeline_dag' retrieved from /opt/airflow/dags/crypto_pipeline_dag.py
[2026-06-19T09:10:12.592+0000] {logging_mixin.py:190} INFO - [2026-06-19T09:10:12.592+0000] {dag.py:3239} INFO - Sync 1 DAGs
[2026-06-19T09:10:12.608+0000] {logging_mixin.py:190} INFO - [2026-06-19T09:10:12.608+0000] {dag.py:4180} INFO - Setting next_dagrun for crypto_pipeline_dag to 2026-06-19 00:00:00+00:00, run_after=2026-06-20 00:00:00+00:00
[2026-06-19T09:10:12.620+0000] {processor.py:208} INFO - Processing /opt/airflow/dags/crypto_pipeline_dag.py took 0.066 seconds
[2026-06-19T09:10:42.849+0000] {processor.py:186} INFO - Started process (PID=519) to work on /opt/airflow/dags/crypto_pipeline_dag.py
[2026-06-19T09:10:42.850+0000] {processor.py:914} INFO - Processing file /opt/airflow/dags/crypto_pipeline_dag.py for tasks to queue
[2026-06-19T09:10:42.851+0000] {logging_mixin.py:190} INFO - [2026-06-19T09:10:42.851+0000] {dagbag.py:588} INFO - Filling up the DagBag from /opt/airflow/dags/crypto_pipeline_dag.py
[2026-06-19T09:10:42.866+0000] {processor.py:925} INFO - DAG(s) 'crypto_pipeline_dag' retrieved from /opt/airflow/dags/crypto_pipeline_dag.py
[2026-06-19T09:10:42.886+0000] {logging_mixin.py:190} INFO - [2026-06-19T09:10:42.886+0000] {dag.py:3239} INFO - Sync 1 DAGs
[2026-06-19T09:10:42.903+0000] {logging_mixin.py:190} INFO - [2026-06-19T09:10:42.902+0000] {dag.py:4180} INFO - Setting next_dagrun for crypto_pipeline_dag to 2026-06-19 00:00:00+00:00, run_after=2026-06-20 00:00:00+00:00
[2026-06-19T09:10:42.915+0000] {processor.py:208} INFO - Processing /opt/airflow/dags/crypto_pipeline_dag.py took 0.070 seconds
[2026-06-19T09:11:13.137+0000] {processor.py:186} INFO - Started process (PID=559) to work on /opt/airflow/dags/crypto_pipeline_dag.py
[2026-06-19T09:11:13.138+0000] {processor.py:914} INFO - Processing file /opt/airflow/dags/crypto_pipeline_dag.py for tasks to queue
[2026-06-19T09:11:13.139+0000] {logging_mixin.py:190} INFO - [2026-06-19T09:11:13.139+0000] {dagbag.py:588} INFO - Filling up the DagBag from /opt/airflow/dags/crypto_pipeline_dag.py
[2026-06-19T09:11:13.150+0000] {processor.py:925} INFO - DAG(s) 'crypto_pipeline_dag' retrieved from /opt/airflow/dags/crypto_pipeline_dag.py
[2026-06-19T09:11:13.168+0000] {logging_mixin.py:190} INFO - [2026-06-19T09:11:13.168+0000] {dag.py:3239} INFO - Sync 1 DAGs
[2026-06-19T09:11:13.185+0000] {logging_mixin.py:190} INFO - [2026-06-19T09:11:13.184+0000] {dag.py:4180} INFO - Setting next_dagrun for crypto_pipeline_dag to 2026-06-19 00:00:00+00:00, run_after=2026-06-20 00:00:00+00:00
[2026-06-19T09:11:13.197+0000] {processor.py:208} INFO - Processing /opt/airflow/dags/crypto_pipeline_dag.py took 0.064 seconds
[2026-06-19T09:11:43.399+0000] {processor.py:186} INFO - Started process (PID=564) to work on /opt/airflow/dags/crypto_pipeline_dag.py
[2026-06-19T09:11:43.400+0000] {processor.py:914} INFO - Processing file /opt/airflow/dags/crypto_pipeline_dag.py for tasks to queue
[2026-06-19T09:11:43.402+0000] {logging_mixin.py:190} INFO - [2026-06-19T09:11:43.402+0000] {dagbag.py:588} INFO - Filling up the DagBag from /opt/airflow/dags/crypto_pipeline_dag.py
[2026-06-19T09:11:43.414+0000] {processor.py:925} INFO - DAG(s) 'crypto_pipeline_dag' retrieved from /opt/airflow/dags/crypto_pipeline_dag.py
[2026-06-19T09:11:43.435+0000] {logging_mixin.py:190} INFO - [2026-06-19T09:11:43.435+0000] {dag.py:3239} INFO - Sync 1 DAGs
[2026-06-19T09:11:43.450+0000] {logging_mixin.py:190} INFO - [2026-06-19T09:11:43.450+0000] {dag.py:4180} INFO - Setting next_dagrun for crypto_pipeline_dag to 2026-06-19 00:00:00+00:00, run_after=2026-06-20 00:00:00+00:00
[2026-06-19T09:11:43.463+0000] {processor.py:208} INFO - Processing /opt/airflow/dags/crypto_pipeline_dag.py took 0.067 seconds
[2026-06-19T09:12:13.745+0000] {processor.py:186} INFO - Started process (PID=569) to work on /opt/airflow/dags/crypto_pipeline_dag.py
[2026-06-19T09:12:13.746+0000] {processor.py:914} INFO - Processing file /opt/airflow/dags/crypto_pipeline_dag.py for tasks to queue
[2026-06-19T09:12:13.748+0000] {logging_mixin.py:190} INFO - [2026-06-19T09:12:13.748+0000] {dagbag.py:588} INFO - Filling up the DagBag from /opt/airflow/dags/crypto_pipeline_dag.py
[2026-06-19T09:12:13.765+0000] {processor.py:925} INFO - DAG(s) 'crypto_pipeline_dag' retrieved from /opt/airflow/dags/crypto_pipeline_dag.py
[2026-06-19T09:12:13.786+0000] {logging_mixin.py:190} INFO - [2026-06-19T09:12:13.786+0000] {dag.py:3239} INFO - Sync 1 DAGs
[2026-06-19T09:12:13.802+0000] {logging_mixin.py:190} INFO - [2026-06-19T09:12:13.802+0000] {dag.py:4180} INFO - Setting next_dagrun for crypto_pipeline_dag to 2026-06-19 00:00:00+00:00, run_after=2026-06-20 00:00:00+00:00
[2026-06-19T09:12:13.815+0000] {processor.py:208} INFO - Processing /opt/airflow/dags/crypto_pipeline_dag.py took 0.074 seconds
[2026-06-19T09:12:44.070+0000] {processor.py:186} INFO - Started process (PID=574) to work on /opt/airflow/dags/crypto_pipeline_dag.py
[2026-06-19T09:12:44.071+0000] {processor.py:914} INFO - Processing file /opt/airflow/dags/crypto_pipeline_dag.py for tasks to queue
[2026-06-19T09:12:44.072+0000] {logging_mixin.py:190} INFO - [2026-06-19T09:12:44.072+0000] {dagbag.py:588} INFO - Filling up the DagBag from /opt/airflow/dags/crypto_pipeline_dag.py
[2026-06-19T09:12:44.085+0000] {processor.py:925} INFO - DAG(s) 'crypto_pipeline_dag' retrieved from /opt/airflow/dags/crypto_pipeline_dag.py
[2026-06-19T09:12:44.105+0000] {logging_mixin.py:190} INFO - [2026-06-19T09:12:44.105+0000] {dag.py:3239} INFO - Sync 1 DAGs
[2026-06-19T09:12:44.120+0000] {logging_mixin.py:190} INFO - [2026-06-19T09:12:44.120+0000] {dag.py:4180} INFO - Setting next_dagrun for crypto_pipeline_dag to 2026-06-19 00:00:00+00:00, run_after=2026-06-20 00:00:00+00:00
[2026-06-19T09:12:44.132+0000] {processor.py:208} INFO - Processing /opt/airflow/dags/crypto_pipeline_dag.py took 0.066 seconds
[2026-06-19T09:13:14.457+0000] {processor.py:186} INFO - Started process (PID=579) to work on /opt/airflow/dags/crypto_pipeline_dag.py
[2026-06-19T09:13:14.457+0000] {processor.py:914} INFO - Processing file /opt/airflow/dags/crypto_pipeline_dag.py for tasks to queue
[2026-06-19T09:13:14.459+0000] {logging_mixin.py:190} INFO - [2026-06-19T09:13:14.459+0000] {dagbag.py:588} INFO - Filling up the DagBag from /opt/airflow/dags/crypto_pipeline_dag.py
[2026-06-19T09:13:14.471+0000] {processor.py:925} INFO - DAG(s) 'crypto_pipeline_dag' retrieved from /opt/airflow/dags/crypto_pipeline_dag.py
[2026-06-19T09:13:14.489+0000] {logging_mixin.py:190} INFO - [2026-06-19T09:13:14.489+0000] {dag.py:3239} INFO - Sync 1 DAGs
[2026-06-19T09:13:14.505+0000] {logging_mixin.py:190} INFO - [2026-06-19T09:13:14.505+0000] {dag.py:4180} INFO - Setting next_dagrun for crypto_pipeline_dag to 2026-06-19 00:00:00+00:00, run_after=2026-06-20 00:00:00+00:00
[2026-06-19T09:13:14.518+0000] {processor.py:208} INFO - Processing /opt/airflow/dags/crypto_pipeline_dag.py took 0.065 seconds
[2026-06-19T09:13:44.703+0000] {processor.py:186} INFO - Started process (PID=584) to work on /opt/airflow/dags/crypto_pipeline_dag.py
[2026-06-19T09:13:44.704+0000] {processor.py:914} INFO - Processing file /opt/airflow/dags/crypto_pipeline_dag.py for tasks to queue
[2026-06-19T09:13:44.707+0000] {logging_mixin.py:190} INFO - [2026-06-19T09:13:44.707+0000] {dagbag.py:588} INFO - Filling up the DagBag from /opt/airflow/dags/crypto_pipeline_dag.py
[2026-06-19T09:13:44.726+0000] {processor.py:925} INFO - DAG(s) 'crypto_pipeline_dag' retrieved from /opt/airflow/dags/crypto_pipeline_dag.py
[2026-06-19T09:13:44.754+0000] {logging_mixin.py:190} INFO - [2026-06-19T09:13:44.754+0000] {dag.py:3239} INFO - Sync 1 DAGs
[2026-06-19T09:13:44.774+0000] {logging_mixin.py:190} INFO - [2026-06-19T09:13:44.774+0000] {dag.py:4180} INFO - Setting next_dagrun for crypto_pipeline_dag to 2026-06-19 00:00:00+00:00, run_after=2026-06-20 00:00:00+00:00
[2026-06-19T09:13:44.792+0000] {processor.py:208} INFO - Processing /opt/airflow/dags/crypto_pipeline_dag.py took 0.097 seconds
[2026-06-19T09:14:14.978+0000] {processor.py:186} INFO - Started process (PID=589) to work on /opt/airflow/dags/crypto_pipeline_dag.py
[2026-06-19T09:14:14.979+0000] {processor.py:914} INFO - Processing file /opt/airflow/dags/crypto_pipeline_dag.py for tasks to queue
[2026-06-19T09:14:14.981+0000] {logging_mixin.py:190} INFO - [2026-06-19T09:14:14.981+0000] {dagbag.py:588} INFO - Filling up the DagBag from /opt/airflow/dags/crypto_pipeline_dag.py
[2026-06-19T09:14:14.995+0000] {processor.py:925} INFO - DAG(s) 'crypto_pipeline_dag' retrieved from /opt/airflow/dags/crypto_pipeline_dag.py
[2026-06-19T09:14:15.017+0000] {logging_mixin.py:190} INFO - [2026-06-19T09:14:15.016+0000] {dag.py:3239} INFO - Sync 1 DAGs
[2026-06-19T09:14:15.032+0000] {logging_mixin.py:190} INFO - [2026-06-19T09:14:15.032+0000] {dag.py:4180} INFO - Setting next_dagrun for crypto_pipeline_dag to 2026-06-19 00:00:00+00:00, run_after=2026-06-20 00:00:00+00:00
[2026-06-19T09:14:15.048+0000] {processor.py:208} INFO - Processing /opt/airflow/dags/crypto_pipeline_dag.py took 0.075 seconds
[2026-06-19T09:14:45.371+0000] {processor.py:186} INFO - Started process (PID=594) to work on /opt/airflow/dags/crypto_pipeline_dag.py
[2026-06-19T09:14:45.372+0000] {processor.py:914} INFO - Processing file /opt/airflow/dags/crypto_pipeline_dag.py for tasks to queue
[2026-06-19T09:14:45.373+0000] {logging_mixin.py:190} INFO - [2026-06-19T09:14:45.373+0000] {dagbag.py:588} INFO - Filling up the DagBag from /opt/airflow/dags/crypto_pipeline_dag.py
[2026-06-19T09:14:45.385+0000] {processor.py:925} INFO - DAG(s) 'crypto_pipeline_dag' retrieved from /opt/airflow/dags/crypto_pipeline_dag.py
[2026-06-19T09:14:45.404+0000] {logging_mixin.py:190} INFO - [2026-06-19T09:14:45.404+0000] {dag.py:3239} INFO - Sync 1 DAGs
[2026-06-19T09:14:45.419+0000] {logging_mixin.py:190} INFO - [2026-06-19T09:14:45.419+0000] {dag.py:4180} INFO - Setting next_dagrun for crypto_pipeline_dag to 2026-06-19 00:00:00+00:00, run_after=2026-06-20 00:00:00+00:00
[2026-06-19T09:14:45.434+0000] {processor.py:208} INFO - Processing /opt/airflow/dags/crypto_pipeline_dag.py took 0.066 seconds
[2026-06-19T09:15:15.688+0000] {processor.py:186} INFO - Started process (PID=599) to work on /opt/airflow/dags/crypto_pipeline_dag.py
[2026-06-19T09:15:15.689+0000] {processor.py:914} INFO - Processing file /opt/airflow/dags/crypto_pipeline_dag.py for tasks to queue
[2026-06-19T09:15:15.691+0000] {logging_mixin.py:190} INFO - [2026-06-19T09:15:15.691+0000] {dagbag.py:588} INFO - Filling up the DagBag from /opt/airflow/dags/crypto_pipeline_dag.py
[2026-06-19T09:15:15.712+0000] {processor.py:925} INFO - DAG(s) 'crypto_pipeline_dag' retrieved from /opt/airflow/dags/crypto_pipeline_dag.py
[2026-06-19T09:15:15.739+0000] {logging_mixin.py:190} INFO - [2026-06-19T09:15:15.738+0000] {dag.py:3239} INFO - Sync 1 DAGs
[2026-06-19T09:15:15.759+0000] {logging_mixin.py:190} INFO - [2026-06-19T09:15:15.759+0000] {dag.py:4180} INFO - Setting next_dagrun for crypto_pipeline_dag to 2026-06-19 00:00:00+00:00, run_after=2026-06-20 00:00:00+00:00
[2026-06-19T09:15:15.777+0000] {processor.py:208} INFO - Processing /opt/airflow/dags/crypto_pipeline_dag.py took 0.093 seconds
[2026-06-19T09:15:45.968+0000] {processor.py:186} INFO - Started process (PID=604) to work on /opt/airflow/dags/crypto_pipeline_dag.py
[2026-06-19T09:15:45.968+0000] {processor.py:914} INFO - Processing file /opt/airflow/dags/crypto_pipeline_dag.py for tasks to queue
[2026-06-19T09:15:45.970+0000] {logging_mixin.py:190} INFO - [2026-06-19T09:15:45.970+0000] {dagbag.py:588} INFO - Filling up the DagBag from /opt/airflow/dags/crypto_pipeline_dag.py
[2026-06-19T09:15:45.983+0000] {processor.py:925} INFO - DAG(s) 'crypto_pipeline_dag' retrieved from /opt/airflow/dags/crypto_pipeline_dag.py
[2026-06-19T09:15:46.005+0000] {logging_mixin.py:190} INFO - [2026-06-19T09:15:46.005+0000] {dag.py:3239} INFO - Sync 1 DAGs
[2026-06-19T09:15:46.023+0000] {logging_mixin.py:190} INFO - [2026-06-19T09:15:46.023+0000] {dag.py:4180} INFO - Setting next_dagrun for crypto_pipeline_dag to 2026-06-19 00:00:00+00:00, run_after=2026-06-20 00:00:00+00:00
[2026-06-19T09:15:46.039+0000] {processor.py:208} INFO - Processing /opt/airflow/dags/crypto_pipeline_dag.py took 0.075 seconds
[2026-06-19T09:16:16.347+0000] {processor.py:186} INFO - Started process (PID=646) to work on /opt/airflow/dags/crypto_pipeline_dag.py
[2026-06-19T09:16:16.348+0000] {processor.py:914} INFO - Processing file /opt/airflow/dags/crypto_pipeline_dag.py for tasks to queue
[2026-06-19T09:16:16.350+0000] {logging_mixin.py:190} INFO - [2026-06-19T09:16:16.350+0000] {dagbag.py:588} INFO - Filling up the DagBag from /opt/airflow/dags/crypto_pipeline_dag.py
[2026-06-19T09:16:16.363+0000] {processor.py:925} INFO - DAG(s) 'crypto_pipeline_dag' retrieved from /opt/airflow/dags/crypto_pipeline_dag.py
[2026-06-19T09:16:16.387+0000] {logging_mixin.py:190} INFO - [2026-06-19T09:16:16.387+0000] {dag.py:3239} INFO - Sync 1 DAGs
[2026-06-19T09:16:16.404+0000] {logging_mixin.py:190} INFO - [2026-06-19T09:16:16.404+0000] {dag.py:4180} INFO - Setting next_dagrun for crypto_pipeline_dag to 2026-06-19 00:00:00+00:00, run_after=2026-06-20 00:00:00+00:00
[2026-06-19T09:16:16.416+0000] {processor.py:208} INFO - Processing /opt/airflow/dags/crypto_pipeline_dag.py took 0.074 seconds
[2026-06-19T09:16:46.662+0000] {processor.py:186} INFO - Started process (PID=651) to work on /opt/airflow/dags/crypto_pipeline_dag.py
[2026-06-19T09:16:46.663+0000] {processor.py:914} INFO - Processing file /opt/airflow/dags/crypto_pipeline_dag.py for tasks to queue
[2026-06-19T09:16:46.665+0000] {logging_mixin.py:190} INFO - [2026-06-19T09:16:46.665+0000] {dagbag.py:588} INFO - Filling up the DagBag from /opt/airflow/dags/crypto_pipeline_dag.py
[2026-06-19T09:16:46.676+0000] {processor.py:925} INFO - DAG(s) 'crypto_pipeline_dag' retrieved from /opt/airflow/dags/crypto_pipeline_dag.py
[2026-06-19T09:16:46.695+0000] {logging_mixin.py:190} INFO - [2026-06-19T09:16:46.694+0000] {dag.py:3239} INFO - Sync 1 DAGs
[2026-06-19T09:16:46.709+0000] {logging_mixin.py:190} INFO - [2026-06-19T09:16:46.709+0000] {dag.py:4180} INFO - Setting next_dagrun for crypto_pipeline_dag to 2026-06-19 00:00:00+00:00, run_after=2026-06-20 00:00:00+00:00
[2026-06-19T09:16:46.721+0000] {processor.py:208} INFO - Processing /opt/airflow/dags/crypto_pipeline_dag.py took 0.062 seconds
[2026-06-19T09:17:16.885+0000] {processor.py:186} INFO - Started process (PID=656) to work on /opt/airflow/dags/crypto_pipeline_dag.py
[2026-06-19T09:17:16.886+0000] {processor.py:914} INFO - Processing file /opt/airflow/dags/crypto_pipeline_dag.py for tasks to queue
[2026-06-19T09:17:16.888+0000] {logging_mixin.py:190} INFO - [2026-06-19T09:17:16.888+0000] {dagbag.py:588} INFO - Filling up the DagBag from /opt/airflow/dags/crypto_pipeline_dag.py
[2026-06-19T09:17:16.902+0000] {processor.py:925} INFO - DAG(s) 'crypto_pipeline_dag' retrieved from /opt/airflow/dags/crypto_pipeline_dag.py
[2026-06-19T09:17:16.925+0000] {logging_mixin.py:190} INFO - [2026-06-19T09:17:16.925+0000] {dag.py:3239} INFO - Sync 1 DAGs
[2026-06-19T09:17:16.941+0000] {logging_mixin.py:190} INFO - [2026-06-19T09:17:16.940+0000] {dag.py:4180} INFO - Setting next_dagrun for crypto_pipeline_dag to 2026-06-19 00:00:00+00:00, run_after=2026-06-20 00:00:00+00:00
[2026-06-19T09:17:16.953+0000] {processor.py:208} INFO - Processing /opt/airflow/dags/crypto_pipeline_dag.py took 0.073 seconds
[2026-06-19T09:17:47.120+0000] {processor.py:186} INFO - Started process (PID=661) to work on /opt/airflow/dags/crypto_pipeline_dag.py
[2026-06-19T09:17:47.121+0000] {processor.py:914} INFO - Processing file /opt/airflow/dags/crypto_pipeline_dag.py for tasks to queue
[2026-06-19T09:17:47.122+0000] {logging_mixin.py:190} INFO - [2026-06-19T09:17:47.122+0000] {dagbag.py:588} INFO - Filling up the DagBag from /opt/airflow/dags/crypto_pipeline_dag.py
[2026-06-19T09:17:47.133+0000] {processor.py:925} INFO - DAG(s) 'crypto_pipeline_dag' retrieved from /opt/airflow/dags/crypto_pipeline_dag.py
[2026-06-19T09:17:47.154+0000] {logging_mixin.py:190} INFO - [2026-06-19T09:17:47.153+0000] {dag.py:3239} INFO - Sync 1 DAGs
[2026-06-19T09:17:47.171+0000] {logging_mixin.py:190} INFO - [2026-06-19T09:17:47.171+0000] {dag.py:4180} INFO - Setting next_dagrun for crypto_pipeline_dag to 2026-06-19 00:00:00+00:00, run_after=2026-06-20 00:00:00+00:00
[2026-06-19T09:17:47.184+0000] {processor.py:208} INFO - Processing /opt/airflow/dags/crypto_pipeline_dag.py took 0.068 seconds
[2026-06-19T09:18:17.446+0000] {processor.py:186} INFO - Started process (PID=666) to work on /opt/airflow/dags/crypto_pipeline_dag.py
[2026-06-19T09:18:17.447+0000] {processor.py:914} INFO - Processing file /opt/airflow/dags/crypto_pipeline_dag.py for tasks to queue
[2026-06-19T09:18:17.449+0000] {logging_mixin.py:190} INFO - [2026-06-19T09:18:17.449+0000] {dagbag.py:588} INFO - Filling up the DagBag from /opt/airflow/dags/crypto_pipeline_dag.py
[2026-06-19T09:18:17.462+0000] {processor.py:925} INFO - DAG(s) 'crypto_pipeline_dag' retrieved from /opt/airflow/dags/crypto_pipeline_dag.py
[2026-06-19T09:18:17.481+0000] {logging_mixin.py:190} INFO - [2026-06-19T09:18:17.481+0000] {dag.py:3239} INFO - Sync 1 DAGs
[2026-06-19T09:18:17.497+0000] {logging_mixin.py:190} INFO - [2026-06-19T09:18:17.497+0000] {dag.py:4180} INFO - Setting next_dagrun for crypto_pipeline_dag to 2026-06-19 00:00:00+00:00, run_after=2026-06-20 00:00:00+00:00
[2026-06-19T09:18:17.511+0000] {processor.py:208} INFO - Processing /opt/airflow/dags/crypto_pipeline_dag.py took 0.069 seconds
[2026-06-19T09:18:47.746+0000] {processor.py:186} INFO - Started process (PID=671) to work on /opt/airflow/dags/crypto_pipeline_dag.py
[2026-06-19T09:18:47.747+0000] {processor.py:914} INFO - Processing file /opt/airflow/dags/crypto_pipeline_dag.py for tasks to queue
[2026-06-19T09:18:47.749+0000] {logging_mixin.py:190} INFO - [2026-06-19T09:18:47.748+0000] {dagbag.py:588} INFO - Filling up the DagBag from /opt/airflow/dags/crypto_pipeline_dag.py
[2026-06-19T09:18:47.762+0000] {processor.py:925} INFO - DAG(s) 'crypto_pipeline_dag' retrieved from /opt/airflow/dags/crypto_pipeline_dag.py
[2026-06-19T09:18:47.784+0000] {logging_mixin.py:190} INFO - [2026-06-19T09:18:47.783+0000] {dag.py:3239} INFO - Sync 1 DAGs
[2026-06-19T09:18:47.802+0000] {logging_mixin.py:190} INFO - [2026-06-19T09:18:47.802+0000] {dag.py:4180} INFO - Setting next_dagrun for crypto_pipeline_dag to 2026-06-19 00:00:00+00:00, run_after=2026-06-20 00:00:00+00:00
[2026-06-19T09:18:47.816+0000] {processor.py:208} INFO - Processing /opt/airflow/dags/crypto_pipeline_dag.py took 0.074 seconds
[2026-06-19T09:19:18.030+0000] {processor.py:186} INFO - Started process (PID=676) to work on /opt/airflow/dags/crypto_pipeline_dag.py
[2026-06-19T09:19:18.031+0000] {processor.py:914} INFO - Processing file /opt/airflow/dags/crypto_pipeline_dag.py for tasks to queue
[2026-06-19T09:19:18.034+0000] {logging_mixin.py:190} INFO - [2026-06-19T09:19:18.033+0000] {dagbag.py:588} INFO - Filling up the DagBag from /opt/airflow/dags/crypto_pipeline_dag.py
[2026-06-19T09:19:18.050+0000] {processor.py:925} INFO - DAG(s) 'crypto_pipeline_dag' retrieved from /opt/airflow/dags/crypto_pipeline_dag.py
[2026-06-19T09:19:18.072+0000] {logging_mixin.py:190} INFO - [2026-06-19T09:19:18.072+0000] {dag.py:3239} INFO - Sync 1 DAGs
[2026-06-19T09:19:18.090+0000] {logging_mixin.py:190} INFO - [2026-06-19T09:19:18.089+0000] {dag.py:4180} INFO - Setting next_dagrun for crypto_pipeline_dag to 2026-06-19 00:00:00+00:00, run_after=2026-06-20 00:00:00+00:00
[2026-06-19T09:19:18.103+0000] {processor.py:208} INFO - Processing /opt/airflow/dags/crypto_pipeline_dag.py took 0.079 seconds
[2026-06-19T09:19:48.346+0000] {processor.py:186} INFO - Started process (PID=681) to work on /opt/airflow/dags/crypto_pipeline_dag.py
[2026-06-19T09:19:48.347+0000] {processor.py:914} INFO - Processing file /opt/airflow/dags/crypto_pipeline_dag.py for tasks to queue
[2026-06-19T09:19:48.349+0000] {logging_mixin.py:190} INFO - [2026-06-19T09:19:48.349+0000] {dagbag.py:588} INFO - Filling up the DagBag from /opt/airflow/dags/crypto_pipeline_dag.py
[2026-06-19T09:19:48.379+0000] {processor.py:925} INFO - DAG(s) 'crypto_pipeline_dag' retrieved from /opt/airflow/dags/crypto_pipeline_dag.py
[2026-06-19T09:19:48.398+0000] {logging_mixin.py:190} INFO - [2026-06-19T09:19:48.398+0000] {dag.py:3239} INFO - Sync 1 DAGs
[2026-06-19T09:19:48.413+0000] {logging_mixin.py:190} INFO - [2026-06-19T09:19:48.413+0000] {dag.py:4180} INFO - Setting next_dagrun for crypto_pipeline_dag to 2026-06-19 00:00:00+00:00, run_after=2026-06-20 00:00:00+00:00
[2026-06-19T09:19:48.428+0000] {processor.py:208} INFO - Processing /opt/airflow/dags/crypto_pipeline_dag.py took 0.086 seconds
[2026-06-19T09:20:18.636+0000] {processor.py:186} INFO - Started process (PID=686) to work on /opt/airflow/dags/crypto_pipeline_dag.py
[2026-06-19T09:20:18.637+0000] {processor.py:914} INFO - Processing file /opt/airflow/dags/crypto_pipeline_dag.py for tasks to queue
[2026-06-19T09:20:18.639+0000] {logging_mixin.py:190} INFO - [2026-06-19T09:20:18.638+0000] {dagbag.py:588} INFO - Filling up the DagBag from /opt/airflow/dags/crypto_pipeline_dag.py
[2026-06-19T09:20:18.650+0000] {processor.py:925} INFO - DAG(s) 'crypto_pipeline_dag' retrieved from /opt/airflow/dags/crypto_pipeline_dag.py
[2026-06-19T09:20:18.669+0000] {logging_mixin.py:190} INFO - [2026-06-19T09:20:18.669+0000] {dag.py:3239} INFO - Sync 1 DAGs
[2026-06-19T09:20:18.685+0000] {logging_mixin.py:190} INFO - [2026-06-19T09:20:18.685+0000] {dag.py:4180} INFO - Setting next_dagrun for crypto_pipeline_dag to 2026-06-19 00:00:00+00:00, run_after=2026-06-20 00:00:00+00:00
[2026-06-19T09:20:18.700+0000] {processor.py:208} INFO - Processing /opt/airflow/dags/crypto_pipeline_dag.py took 0.068 seconds
[2026-06-19T09:20:48.990+0000] {processor.py:186} INFO - Started process (PID=691) to work on /opt/airflow/dags/crypto_pipeline_dag.py
[2026-06-19T09:20:48.990+0000] {processor.py:914} INFO - Processing file /opt/airflow/dags/crypto_pipeline_dag.py for tasks to queue
[2026-06-19T09:20:48.992+0000] {logging_mixin.py:190} INFO - [2026-06-19T09:20:48.992+0000] {dagbag.py:588} INFO - Filling up the DagBag from /opt/airflow/dags/crypto_pipeline_dag.py
[2026-06-19T09:20:49.006+0000] {processor.py:925} INFO - DAG(s) 'crypto_pipeline_dag' retrieved from /opt/airflow/dags/crypto_pipeline_dag.py
[2026-06-19T09:20:49.030+0000] {logging_mixin.py:190} INFO - [2026-06-19T09:20:49.030+0000] {dag.py:3239} INFO - Sync 1 DAGs
[2026-06-19T09:20:49.046+0000] {logging_mixin.py:190} INFO - [2026-06-19T09:20:49.046+0000] {dag.py:4180} INFO - Setting next_dagrun for crypto_pipeline_dag to 2026-06-19 00:00:00+00:00, run_after=2026-06-20 00:00:00+00:00
[2026-06-19T09:20:49.058+0000] {processor.py:208} INFO - Processing /opt/airflow/dags/crypto_pipeline_dag.py took 0.074 seconds
[2026-06-19T09:21:19.271+0000] {processor.py:186} INFO - Started process (PID=696) to work on /opt/airflow/dags/crypto_pipeline_dag.py
[2026-06-19T09:21:19.272+0000] {processor.py:914} INFO - Processing file /opt/airflow/dags/crypto_pipeline_dag.py for tasks to queue
[2026-06-19T09:21:19.274+0000] {logging_mixin.py:190} INFO - [2026-06-19T09:21:19.274+0000] {dagbag.py:588} INFO - Filling up the DagBag from /opt/airflow/dags/crypto_pipeline_dag.py
[2026-06-19T09:21:19.294+0000] {processor.py:925} INFO - DAG(s) 'crypto_pipeline_dag' retrieved from /opt/airflow/dags/crypto_pipeline_dag.py
[2026-06-19T09:21:19.314+0000] {logging_mixin.py:190} INFO - [2026-06-19T09:21:19.314+0000] {dag.py:3239} INFO - Sync 1 DAGs
[2026-06-19T09:21:19.330+0000] {logging_mixin.py:190} INFO - [2026-06-19T09:21:19.330+0000] {dag.py:4180} INFO - Setting next_dagrun for crypto_pipeline_dag to 2026-06-19 00:00:00+00:00, run_after=2026-06-20 00:00:00+00:00
[2026-06-19T09:21:19.344+0000] {processor.py:208} INFO - Processing /opt/airflow/dags/crypto_pipeline_dag.py took 0.077 seconds
[2026-06-19T09:21:49.640+0000] {processor.py:186} INFO - Started process (PID=701) to work on /opt/airflow/dags/crypto_pipeline_dag.py
[2026-06-19T09:21:49.640+0000] {processor.py:914} INFO - Processing file /opt/airflow/dags/crypto_pipeline_dag.py for tasks to queue
[2026-06-19T09:21:49.642+0000] {logging_mixin.py:190} INFO - [2026-06-19T09:21:49.642+0000] {dagbag.py:588} INFO - Filling up the DagBag from /opt/airflow/dags/crypto_pipeline_dag.py
[2026-06-19T09:21:49.659+0000] {processor.py:925} INFO - DAG(s) 'crypto_pipeline_dag' retrieved from /opt/airflow/dags/crypto_pipeline_dag.py
[2026-06-19T09:21:49.679+0000] {logging_mixin.py:190} INFO - [2026-06-19T09:21:49.678+0000] {dag.py:3239} INFO - Sync 1 DAGs
[2026-06-19T09:21:49.695+0000] {logging_mixin.py:190} INFO - [2026-06-19T09:21:49.695+0000] {dag.py:4180} INFO - Setting next_dagrun for crypto_pipeline_dag to 2026-06-19 00:00:00+00:00, run_after=2026-06-20 00:00:00+00:00
[2026-06-19T09:21:49.708+0000] {processor.py:208} INFO - Processing /opt/airflow/dags/crypto_pipeline_dag.py took 0.072 seconds
[2026-06-19T09:22:19.893+0000] {processor.py:186} INFO - Started process (PID=706) to work on /opt/airflow/dags/crypto_pipeline_dag.py
[2026-06-19T09:22:19.894+0000] {processor.py:914} INFO - Processing file /opt/airflow/dags/crypto_pipeline_dag.py for tasks to queue
[2026-06-19T09:22:19.896+0000] {logging_mixin.py:190} INFO - [2026-06-19T09:22:19.895+0000] {dagbag.py:588} INFO - Filling up the DagBag from /opt/airflow/dags/crypto_pipeline_dag.py
[2026-06-19T09:22:19.911+0000] {processor.py:925} INFO - DAG(s) 'crypto_pipeline_dag' retrieved from /opt/airflow/dags/crypto_pipeline_dag.py
[2026-06-19T09:22:19.932+0000] {logging_mixin.py:190} INFO - [2026-06-19T09:22:19.932+0000] {dag.py:3239} INFO - Sync 1 DAGs
[2026-06-19T09:22:19.951+0000] {logging_mixin.py:190} INFO - [2026-06-19T09:22:19.951+0000] {dag.py:4180} INFO - Setting next_dagrun for crypto_pipeline_dag to 2026-06-19 00:00:00+00:00, run_after=2026-06-20 00:00:00+00:00
[2026-06-19T09:22:19.973+0000] {processor.py:208} INFO - Processing /opt/airflow/dags/crypto_pipeline_dag.py took 0.085 seconds
[2026-06-19T09:22:50.245+0000] {processor.py:186} INFO - Started process (PID=711) to work on /opt/airflow/dags/crypto_pipeline_dag.py
[2026-06-19T09:22:50.246+0000] {processor.py:914} INFO - Processing file /opt/airflow/dags/crypto_pipeline_dag.py for tasks to queue
[2026-06-19T09:22:50.248+0000] {logging_mixin.py:190} INFO - [2026-06-19T09:22:50.247+0000] {dagbag.py:588} INFO - Filling up the DagBag from /opt/airflow/dags/crypto_pipeline_dag.py
[2026-06-19T09:22:50.260+0000] {processor.py:925} INFO - DAG(s) 'crypto_pipeline_dag' retrieved from /opt/airflow/dags/crypto_pipeline_dag.py
[2026-06-19T09:22:50.280+0000] {logging_mixin.py:190} INFO - [2026-06-19T09:22:50.280+0000] {dag.py:3239} INFO - Sync 1 DAGs
[2026-06-19T09:22:50.296+0000] {logging_mixin.py:190} INFO - [2026-06-19T09:22:50.296+0000] {dag.py:4180} INFO - Setting next_dagrun for crypto_pipeline_dag to 2026-06-19 00:00:00+00:00, run_after=2026-06-20 00:00:00+00:00
[2026-06-19T09:22:50.310+0000] {processor.py:208} INFO - Processing /opt/airflow/dags/crypto_pipeline_dag.py took 0.069 seconds
[2026-06-19T09:23:20.537+0000] {processor.py:186} INFO - Started process (PID=716) to work on /opt/airflow/dags/crypto_pipeline_dag.py
[2026-06-19T09:23:20.538+0000] {processor.py:914} INFO - Processing file /opt/airflow/dags/crypto_pipeline_dag.py for tasks to queue
[2026-06-19T09:23:20.539+0000] {logging_mixin.py:190} INFO - [2026-06-19T09:23:20.539+0000] {dagbag.py:588} INFO - Filling up the DagBag from /opt/airflow/dags/crypto_pipeline_dag.py
[2026-06-19T09:23:20.550+0000] {processor.py:925} INFO - DAG(s) 'crypto_pipeline_dag' retrieved from /opt/airflow/dags/crypto_pipeline_dag.py
[2026-06-19T09:23:20.568+0000] {logging_mixin.py:190} INFO - [2026-06-19T09:23:20.567+0000] {dag.py:3239} INFO - Sync 1 DAGs
[2026-06-19T09:23:20.582+0000] {logging_mixin.py:190} INFO - [2026-06-19T09:23:20.582+0000] {dag.py:4180} INFO - Setting next_dagrun for crypto_pipeline_dag to 2026-06-19 00:00:00+00:00, run_after=2026-06-20 00:00:00+00:00
[2026-06-19T09:23:20.596+0000] {processor.py:208} INFO - Processing /opt/airflow/dags/crypto_pipeline_dag.py took 0.063 seconds
[2026-06-19T09:23:50.903+0000] {processor.py:186} INFO - Started process (PID=721) to work on /opt/airflow/dags/crypto_pipeline_dag.py
[2026-06-19T09:23:50.903+0000] {processor.py:914} INFO - Processing file /opt/airflow/dags/crypto_pipeline_dag.py for tasks to queue
[2026-06-19T09:23:50.905+0000] {logging_mixin.py:190} INFO - [2026-06-19T09:23:50.905+0000] {dagbag.py:588} INFO - Filling up the DagBag from /opt/airflow/dags/crypto_pipeline_dag.py
[2026-06-19T09:23:50.918+0000] {processor.py:925} INFO - DAG(s) 'crypto_pipeline_dag' retrieved from /opt/airflow/dags/crypto_pipeline_dag.py
[2026-06-19T09:23:50.937+0000] {logging_mixin.py:190} INFO - [2026-06-19T09:23:50.937+0000] {dag.py:3239} INFO - Sync 1 DAGs
[2026-06-19T09:23:50.954+0000] {logging_mixin.py:190} INFO - [2026-06-19T09:23:50.954+0000] {dag.py:4180} INFO - Setting next_dagrun for crypto_pipeline_dag to 2026-06-19 00:00:00+00:00, run_after=2026-06-20 00:00:00+00:00
[2026-06-19T09:23:50.991+0000] {processor.py:208} INFO - Processing /opt/airflow/dags/crypto_pipeline_dag.py took 0.093 seconds
[2026-06-19T09:24:21.177+0000] {processor.py:186} INFO - Started process (PID=726) to work on /opt/airflow/dags/crypto_pipeline_dag.py
[2026-06-19T09:24:21.178+0000] {processor.py:914} INFO - Processing file /opt/airflow/dags/crypto_pipeline_dag.py for tasks to queue
[2026-06-19T09:24:21.180+0000] {logging_mixin.py:190} INFO - [2026-06-19T09:24:21.180+0000] {dagbag.py:588} INFO - Filling up the DagBag from /opt/airflow/dags/crypto_pipeline_dag.py
[2026-06-19T09:24:21.192+0000] {processor.py:925} INFO - DAG(s) 'crypto_pipeline_dag' retrieved from /opt/airflow/dags/crypto_pipeline_dag.py
[2026-06-19T09:24:21.214+0000] {logging_mixin.py:190} INFO - [2026-06-19T09:24:21.213+0000] {dag.py:3239} INFO - Sync 1 DAGs
[2026-06-19T09:24:21.230+0000] {logging_mixin.py:190} INFO - [2026-06-19T09:24:21.230+0000] {dag.py:4180} INFO - Setting next_dagrun for crypto_pipeline_dag to 2026-06-19 00:00:00+00:00, run_after=2026-06-20 00:00:00+00:00
[2026-06-19T09:24:21.243+0000] {processor.py:208} INFO - Processing /opt/airflow/dags/crypto_pipeline_dag.py took 0.070 seconds
[2026-06-19T09:24:51.542+0000] {processor.py:186} INFO - Started process (PID=731) to work on /opt/airflow/dags/crypto_pipeline_dag.py
[2026-06-19T09:24:51.543+0000] {processor.py:914} INFO - Processing file /opt/airflow/dags/crypto_pipeline_dag.py for tasks to queue
[2026-06-19T09:24:51.545+0000] {logging_mixin.py:190} INFO - [2026-06-19T09:24:51.545+0000] {dagbag.py:588} INFO - Filling up the DagBag from /opt/airflow/dags/crypto_pipeline_dag.py
[2026-06-19T09:24:51.557+0000] {processor.py:925} INFO - DAG(s) 'crypto_pipeline_dag' retrieved from /opt/airflow/dags/crypto_pipeline_dag.py
[2026-06-19T09:24:51.576+0000] {logging_mixin.py:190} INFO - [2026-06-19T09:24:51.576+0000] {dag.py:3239} INFO - Sync 1 DAGs
[2026-06-19T09:24:51.592+0000] {logging_mixin.py:190} INFO - [2026-06-19T09:24:51.592+0000] {dag.py:4180} INFO - Setting next_dagrun for crypto_pipeline_dag to 2026-06-19 00:00:00+00:00, run_after=2026-06-20 00:00:00+00:00
[2026-06-19T09:24:51.607+0000] {processor.py:208} INFO - Processing /opt/airflow/dags/crypto_pipeline_dag.py took 0.069 seconds
[2026-06-19T09:25:21.858+0000] {processor.py:186} INFO - Started process (PID=736) to work on /opt/airflow/dags/crypto_pipeline_dag.py
[2026-06-19T09:25:21.860+0000] {processor.py:914} INFO - Processing file /opt/airflow/dags/crypto_pipeline_dag.py for tasks to queue
[2026-06-19T09:25:21.861+0000] {logging_mixin.py:190} INFO - [2026-06-19T09:25:21.861+0000] {dagbag.py:588} INFO - Filling up the DagBag from /opt/airflow/dags/crypto_pipeline_dag.py
[2026-06-19T09:25:21.875+0000] {processor.py:925} INFO - DAG(s) 'crypto_pipeline_dag' retrieved from /opt/airflow/dags/crypto_pipeline_dag.py
[2026-06-19T09:25:21.896+0000] {logging_mixin.py:190} INFO - [2026-06-19T09:25:21.896+0000] {dag.py:3239} INFO - Sync 1 DAGs
[2026-06-19T09:25:21.914+0000] {logging_mixin.py:190} INFO - [2026-06-19T09:25:21.914+0000] {dag.py:4180} INFO - Setting next_dagrun for crypto_pipeline_dag to 2026-06-19 00:00:00+00:00, run_after=2026-06-20 00:00:00+00:00
[2026-06-19T09:25:21.926+0000] {processor.py:208} INFO - Processing /opt/airflow/dags/crypto_pipeline_dag.py took 0.075 seconds
[2026-06-19T09:25:52.186+0000] {processor.py:186} INFO - Started process (PID=741) to work on /opt/airflow/dags/crypto_pipeline_dag.py
[2026-06-19T09:25:52.187+0000] {processor.py:914} INFO - Processing file /opt/airflow/dags/crypto_pipeline_dag.py for tasks to queue
[2026-06-19T09:25:52.188+0000] {logging_mixin.py:190} INFO - [2026-06-19T09:25:52.188+0000] {dagbag.py:588} INFO - Filling up the DagBag from /opt/airflow/dags/crypto_pipeline_dag.py
[2026-06-19T09:25:52.208+0000] {processor.py:925} INFO - DAG(s) 'crypto_pipeline_dag' retrieved from /opt/airflow/dags/crypto_pipeline_dag.py
[2026-06-19T09:25:52.230+0000] {logging_mixin.py:190} INFO - [2026-06-19T09:25:52.229+0000] {dag.py:3239} INFO - Sync 1 DAGs
[2026-06-19T09:25:52.248+0000] {logging_mixin.py:190} INFO - [2026-06-19T09:25:52.248+0000] {dag.py:4180} INFO - Setting next_dagrun for crypto_pipeline_dag to 2026-06-19 00:00:00+00:00, run_after=2026-06-20 00:00:00+00:00
[2026-06-19T09:25:52.264+0000] {processor.py:208} INFO - Processing /opt/airflow/dags/crypto_pipeline_dag.py took 0.083 seconds
[2026-06-19T09:26:22.476+0000] {processor.py:186} INFO - Started process (PID=746) to work on /opt/airflow/dags/crypto_pipeline_dag.py
[2026-06-19T09:26:22.478+0000] {processor.py:914} INFO - Processing file /opt/airflow/dags/crypto_pipeline_dag.py for tasks to queue
[2026-06-19T09:26:22.482+0000] {logging_mixin.py:190} INFO - [2026-06-19T09:26:22.481+0000] {dagbag.py:588} INFO - Filling up the DagBag from /opt/airflow/dags/crypto_pipeline_dag.py
[2026-06-19T09:26:22.503+0000] {processor.py:925} INFO - DAG(s) 'crypto_pipeline_dag' retrieved from /opt/airflow/dags/crypto_pipeline_dag.py
[2026-06-19T09:26:22.537+0000] {logging_mixin.py:190} INFO - [2026-06-19T09:26:22.537+0000] {dag.py:3239} INFO - Sync 1 DAGs
[2026-06-19T09:26:22.563+0000] {logging_mixin.py:190} INFO - [2026-06-19T09:26:22.563+0000] {dag.py:4180} INFO - Setting next_dagrun for crypto_pipeline_dag to 2026-06-19 00:00:00+00:00, run_after=2026-06-20 00:00:00+00:00
[2026-06-19T09:26:22.580+0000] {processor.py:208} INFO - Processing /opt/airflow/dags/crypto_pipeline_dag.py took 0.115 seconds
[2026-06-19T09:26:52.872+0000] {processor.py:186} INFO - Started process (PID=751) to work on /opt/airflow/dags/crypto_pipeline_dag.py
[2026-06-19T09:26:52.873+0000] {processor.py:914} INFO - Processing file /opt/airflow/dags/crypto_pipeline_dag.py for tasks to queue
[2026-06-19T09:26:52.874+0000] {logging_mixin.py:190} INFO - [2026-06-19T09:26:52.874+0000] {dagbag.py:588} INFO - Filling up the DagBag from /opt/airflow/dags/crypto_pipeline_dag.py
[2026-06-19T09:26:52.887+0000] {processor.py:925} INFO - DAG(s) 'crypto_pipeline_dag' retrieved from /opt/airflow/dags/crypto_pipeline_dag.py
[2026-06-19T09:26:52.906+0000] {logging_mixin.py:190} INFO - [2026-06-19T09:26:52.906+0000] {dag.py:3239} INFO - Sync 1 DAGs
[2026-06-19T09:26:52.923+0000] {logging_mixin.py:190} INFO - [2026-06-19T09:26:52.923+0000] {dag.py:4180} INFO - Setting next_dagrun for crypto_pipeline_dag to 2026-06-19 00:00:00+00:00, run_after=2026-06-20 00:00:00+00:00
[2026-06-19T09:26:52.936+0000] {processor.py:208} INFO - Processing /opt/airflow/dags/crypto_pipeline_dag.py took 0.068 seconds
[2026-06-19T09:27:23.179+0000] {processor.py:186} INFO - Started process (PID=756) to work on /opt/airflow/dags/crypto_pipeline_dag.py
[2026-06-19T09:27:23.179+0000] {processor.py:914} INFO - Processing file /opt/airflow/dags/crypto_pipeline_dag.py for tasks to queue
[2026-06-19T09:27:23.181+0000] {logging_mixin.py:190} INFO - [2026-06-19T09:27:23.181+0000] {dagbag.py:588} INFO - Filling up the DagBag from /opt/airflow/dags/crypto_pipeline_dag.py
[2026-06-19T09:27:23.192+0000] {processor.py:925} INFO - DAG(s) 'crypto_pipeline_dag' retrieved from /opt/airflow/dags/crypto_pipeline_dag.py
[2026-06-19T09:27:23.213+0000] {logging_mixin.py:190} INFO - [2026-06-19T09:27:23.213+0000] {dag.py:3239} INFO - Sync 1 DAGs
[2026-06-19T09:27:23.230+0000] {logging_mixin.py:190} INFO - [2026-06-19T09:27:23.230+0000] {dag.py:4180} INFO - Setting next_dagrun for crypto_pipeline_dag to 2026-06-19 00:00:00+00:00, run_after=2026-06-20 00:00:00+00:00
[2026-06-19T09:27:23.245+0000] {processor.py:208} INFO - Processing /opt/airflow/dags/crypto_pipeline_dag.py took 0.070 seconds
[2026-06-19T09:27:53.505+0000] {processor.py:186} INFO - Started process (PID=761) to work on /opt/airflow/dags/crypto_pipeline_dag.py
[2026-06-19T09:27:53.506+0000] {processor.py:914} INFO - Processing file /opt/airflow/dags/crypto_pipeline_dag.py for tasks to queue
[2026-06-19T09:27:53.507+0000] {logging_mixin.py:190} INFO - [2026-06-19T09:27:53.507+0000] {dagbag.py:588} INFO - Filling up the DagBag from /opt/airflow/dags/crypto_pipeline_dag.py
[2026-06-19T09:27:53.520+0000] {processor.py:925} INFO - DAG(s) 'crypto_pipeline_dag' retrieved from /opt/airflow/dags/crypto_pipeline_dag.py
[2026-06-19T09:27:53.540+0000] {logging_mixin.py:190} INFO - [2026-06-19T09:27:53.539+0000] {dag.py:3239} INFO - Sync 1 DAGs
[2026-06-19T09:27:53.555+0000] {logging_mixin.py:190} INFO - [2026-06-19T09:27:53.555+0000] {dag.py:4180} INFO - Setting next_dagrun for crypto_pipeline_dag to 2026-06-19 00:00:00+00:00, run_after=2026-06-20 00:00:00+00:00
[2026-06-19T09:27:53.568+0000] {processor.py:208} INFO - Processing /opt/airflow/dags/crypto_pipeline_dag.py took 0.067 seconds
[2026-06-19T09:28:23.774+0000] {processor.py:186} INFO - Started process (PID=766) to work on /opt/airflow/dags/crypto_pipeline_dag.py
[2026-06-19T09:28:23.775+0000] {processor.py:914} INFO - Processing file /opt/airflow/dags/crypto_pipeline_dag.py for tasks to queue
[2026-06-19T09:28:23.777+0000] {logging_mixin.py:190} INFO - [2026-06-19T09:28:23.777+0000] {dagbag.py:588} INFO - Filling up the DagBag from /opt/airflow/dags/crypto_pipeline_dag.py
[2026-06-19T09:28:23.792+0000] {processor.py:925} INFO - DAG(s) 'crypto_pipeline_dag' retrieved from /opt/airflow/dags/crypto_pipeline_dag.py
[2026-06-19T09:28:23.815+0000] {logging_mixin.py:190} INFO - [2026-06-19T09:28:23.815+0000] {dag.py:3239} INFO - Sync 1 DAGs
[2026-06-19T09:28:23.833+0000] {logging_mixin.py:190} INFO - [2026-06-19T09:28:23.833+0000] {dag.py:4180} INFO - Setting next_dagrun for crypto_pipeline_dag to 2026-06-19 00:00:00+00:00, run_after=2026-06-20 00:00:00+00:00
[2026-06-19T09:28:23.848+0000] {processor.py:208} INFO - Processing /opt/airflow/dags/crypto_pipeline_dag.py took 0.079 seconds
[2026-06-19T09:28:54.078+0000] {processor.py:186} INFO - Started process (PID=887) to work on /opt/airflow/dags/crypto_pipeline_dag.py
[2026-06-19T09:28:54.079+0000] {processor.py:914} INFO - Processing file /opt/airflow/dags/crypto_pipeline_dag.py for tasks to queue
[2026-06-19T09:28:54.081+0000] {logging_mixin.py:190} INFO - [2026-06-19T09:28:54.081+0000] {dagbag.py:588} INFO - Filling up the DagBag from /opt/airflow/dags/crypto_pipeline_dag.py
[2026-06-19T09:28:54.098+0000] {processor.py:925} INFO - DAG(s) 'crypto_pipeline_dag' retrieved from /opt/airflow/dags/crypto_pipeline_dag.py
[2026-06-19T09:28:54.125+0000] {logging_mixin.py:190} INFO - [2026-06-19T09:28:54.125+0000] {dag.py:3239} INFO - Sync 1 DAGs
[2026-06-19T09:28:54.150+0000] {logging_mixin.py:190} INFO - [2026-06-19T09:28:54.150+0000] {dag.py:4180} INFO - Setting next_dagrun for crypto_pipeline_dag to 2026-06-19 00:00:00+00:00, run_after=2026-06-20 00:00:00+00:00
[2026-06-19T09:28:54.175+0000] {processor.py:208} INFO - Processing /opt/airflow/dags/crypto_pipeline_dag.py took 0.103 seconds
[2026-06-19T09:29:24.377+0000] {processor.py:186} INFO - Started process (PID=892) to work on /opt/airflow/dags/crypto_pipeline_dag.py
[2026-06-19T09:29:24.377+0000] {processor.py:914} INFO - Processing file /opt/airflow/dags/crypto_pipeline_dag.py for tasks to queue
[2026-06-19T09:29:24.380+0000] {logging_mixin.py:190} INFO - [2026-06-19T09:29:24.379+0000] {dagbag.py:588} INFO - Filling up the DagBag from /opt/airflow/dags/crypto_pipeline_dag.py
[2026-06-19T09:29:24.399+0000] {processor.py:925} INFO - DAG(s) 'crypto_pipeline_dag' retrieved from /opt/airflow/dags/crypto_pipeline_dag.py
[2026-06-19T09:29:24.438+0000] {logging_mixin.py:190} INFO - [2026-06-19T09:29:24.438+0000] {dag.py:3239} INFO - Sync 1 DAGs
[2026-06-19T09:29:24.462+0000] {logging_mixin.py:190} INFO - [2026-06-19T09:29:24.462+0000] {dag.py:4180} INFO - Setting next_dagrun for crypto_pipeline_dag to 2026-06-19 00:00:00+00:00, run_after=2026-06-20 00:00:00+00:00
[2026-06-19T09:29:24.478+0000] {processor.py:208} INFO - Processing /opt/airflow/dags/crypto_pipeline_dag.py took 0.107 seconds
[2026-06-19T09:29:54.727+0000] {processor.py:186} INFO - Started process (PID=897) to work on /opt/airflow/dags/crypto_pipeline_dag.py
[2026-06-19T09:29:54.728+0000] {processor.py:914} INFO - Processing file /opt/airflow/dags/crypto_pipeline_dag.py for tasks to queue
[2026-06-19T09:29:54.731+0000] {logging_mixin.py:190} INFO - [2026-06-19T09:29:54.730+0000] {dagbag.py:588} INFO - Filling up the DagBag from /opt/airflow/dags/crypto_pipeline_dag.py
[2026-06-19T09:29:54.748+0000] {processor.py:925} INFO - DAG(s) 'crypto_pipeline_dag' retrieved from /opt/airflow/dags/crypto_pipeline_dag.py
[2026-06-19T09:29:54.771+0000] {logging_mixin.py:190} INFO - [2026-06-19T09:29:54.771+0000] {dag.py:3239} INFO - Sync 1 DAGs
[2026-06-19T09:29:54.792+0000] {logging_mixin.py:190} INFO - [2026-06-19T09:29:54.792+0000] {dag.py:4180} INFO - Setting next_dagrun for crypto_pipeline_dag to 2026-06-19 00:00:00+00:00, run_after=2026-06-20 00:00:00+00:00
[2026-06-19T09:29:54.810+0000] {processor.py:208} INFO - Processing /opt/airflow/dags/crypto_pipeline_dag.py took 0.088 seconds
[2026-06-19T09:30:24.999+0000] {processor.py:186} INFO - Started process (PID=902) to work on /opt/airflow/dags/crypto_pipeline_dag.py
[2026-06-19T09:30:25.000+0000] {processor.py:914} INFO - Processing file /opt/airflow/dags/crypto_pipeline_dag.py for tasks to queue
[2026-06-19T09:30:25.002+0000] {logging_mixin.py:190} INFO - [2026-06-19T09:30:25.001+0000] {dagbag.py:588} INFO - Filling up the DagBag from /opt/airflow/dags/crypto_pipeline_dag.py
[2026-06-19T09:30:25.020+0000] {processor.py:925} INFO - DAG(s) 'crypto_pipeline_dag' retrieved from /opt/airflow/dags/crypto_pipeline_dag.py
[2026-06-19T09:30:25.041+0000] {logging_mixin.py:190} INFO - [2026-06-19T09:30:25.041+0000] {dag.py:3239} INFO - Sync 1 DAGs
[2026-06-19T09:30:25.058+0000] {logging_mixin.py:190} INFO - [2026-06-19T09:30:25.058+0000] {dag.py:4180} INFO - Setting next_dagrun for crypto_pipeline_dag to 2026-06-19 00:00:00+00:00, run_after=2026-06-20 00:00:00+00:00
[2026-06-19T09:30:25.071+0000] {processor.py:208} INFO - Processing /opt/airflow/dags/crypto_pipeline_dag.py took 0.077 seconds
[2026-06-19T09:30:55.271+0000] {processor.py:186} INFO - Started process (PID=907) to work on /opt/airflow/dags/crypto_pipeline_dag.py
[2026-06-19T09:30:55.272+0000] {processor.py:914} INFO - Processing file /opt/airflow/dags/crypto_pipeline_dag.py for tasks to queue
[2026-06-19T09:30:55.274+0000] {logging_mixin.py:190} INFO - [2026-06-19T09:30:55.273+0000] {dagbag.py:588} INFO - Filling up the DagBag from /opt/airflow/dags/crypto_pipeline_dag.py
[2026-06-19T09:30:55.285+0000] {processor.py:925} INFO - DAG(s) 'crypto_pipeline_dag' retrieved from /opt/airflow/dags/crypto_pipeline_dag.py
[2026-06-19T09:30:55.304+0000] {logging_mixin.py:190} INFO - [2026-06-19T09:30:55.304+0000] {dag.py:3239} INFO - Sync 1 DAGs
[2026-06-19T09:30:55.322+0000] {logging_mixin.py:190} INFO - [2026-06-19T09:30:55.322+0000] {dag.py:4180} INFO - Setting next_dagrun for crypto_pipeline_dag to 2026-06-19 00:00:00+00:00, run_after=2026-06-20 00:00:00+00:00
[2026-06-19T09:30:55.335+0000] {processor.py:208} INFO - Processing /opt/airflow/dags/crypto_pipeline_dag.py took 0.067 seconds
[2026-06-19T09:31:25.545+0000] {processor.py:186} INFO - Started process (PID=912) to work on /opt/airflow/dags/crypto_pipeline_dag.py
[2026-06-19T09:31:25.546+0000] {processor.py:914} INFO - Processing file /opt/airflow/dags/crypto_pipeline_dag.py for tasks to queue
[2026-06-19T09:31:25.548+0000] {logging_mixin.py:190} INFO - [2026-06-19T09:31:25.548+0000] {dagbag.py:588} INFO - Filling up the DagBag from /opt/airflow/dags/crypto_pipeline_dag.py
[2026-06-19T09:31:25.561+0000] {processor.py:925} INFO - DAG(s) 'crypto_pipeline_dag' retrieved from /opt/airflow/dags/crypto_pipeline_dag.py
[2026-06-19T09:31:25.581+0000] {logging_mixin.py:190} INFO - [2026-06-19T09:31:25.581+0000] {dag.py:3239} INFO - Sync 1 DAGs
[2026-06-19T09:31:25.598+0000] {logging_mixin.py:190} INFO - [2026-06-19T09:31:25.598+0000] {dag.py:4180} INFO - Setting next_dagrun for crypto_pipeline_dag to 2026-06-19 00:00:00+00:00, run_after=2026-06-20 00:00:00+00:00
[2026-06-19T09:31:25.610+0000] {processor.py:208} INFO - Processing /opt/airflow/dags/crypto_pipeline_dag.py took 0.069 seconds
[2026-06-19T09:31:55.879+0000] {processor.py:186} INFO - Started process (PID=917) to work on /opt/airflow/dags/crypto_pipeline_dag.py
[2026-06-19T09:31:55.880+0000] {processor.py:914} INFO - Processing file /opt/airflow/dags/crypto_pipeline_dag.py for tasks to queue
[2026-06-19T09:31:55.882+0000] {logging_mixin.py:190} INFO - [2026-06-19T09:31:55.881+0000] {dagbag.py:588} INFO - Filling up the DagBag from /opt/airflow/dags/crypto_pipeline_dag.py
[2026-06-19T09:31:55.894+0000] {processor.py:925} INFO - DAG(s) 'crypto_pipeline_dag' retrieved from /opt/airflow/dags/crypto_pipeline_dag.py
[2026-06-19T09:31:55.913+0000] {logging_mixin.py:190} INFO - [2026-06-19T09:31:55.912+0000] {dag.py:3239} INFO - Sync 1 DAGs
[2026-06-19T09:31:55.928+0000] {logging_mixin.py:190} INFO - [2026-06-19T09:31:55.928+0000] {dag.py:4180} INFO - Setting next_dagrun for crypto_pipeline_dag to 2026-06-19 00:00:00+00:00, run_after=2026-06-20 00:00:00+00:00
[2026-06-19T09:31:55.941+0000] {processor.py:208} INFO - Processing /opt/airflow/dags/crypto_pipeline_dag.py took 0.066 seconds
[2026-06-19T09:32:26.130+0000] {processor.py:186} INFO - Started process (PID=922) to work on /opt/airflow/dags/crypto_pipeline_dag.py
[2026-06-19T09:32:26.131+0000] {processor.py:914} INFO - Processing file /opt/airflow/dags/crypto_pipeline_dag.py for tasks to queue
[2026-06-19T09:32:26.133+0000] {logging_mixin.py:190} INFO - [2026-06-19T09:32:26.133+0000] {dagbag.py:588} INFO - Filling up the DagBag from /opt/airflow/dags/crypto_pipeline_dag.py
[2026-06-19T09:32:26.147+0000] {processor.py:925} INFO - DAG(s) 'crypto_pipeline_dag' retrieved from /opt/airflow/dags/crypto_pipeline_dag.py
[2026-06-19T09:32:26.168+0000] {logging_mixin.py:190} INFO - [2026-06-19T09:32:26.168+0000] {dag.py:3239} INFO - Sync 1 DAGs
[2026-06-19T09:32:26.186+0000] {logging_mixin.py:190} INFO - [2026-06-19T09:32:26.186+0000] {dag.py:4180} INFO - Setting next_dagrun for crypto_pipeline_dag to 2026-06-19 00:00:00+00:00, run_after=2026-06-20 00:00:00+00:00
[2026-06-19T09:32:26.200+0000] {processor.py:208} INFO - Processing /opt/airflow/dags/crypto_pipeline_dag.py took 0.075 seconds
[2026-06-19T09:32:56.427+0000] {processor.py:186} INFO - Started process (PID=927) to work on /opt/airflow/dags/crypto_pipeline_dag.py
[2026-06-19T09:32:56.428+0000] {processor.py:914} INFO - Processing file /opt/airflow/dags/crypto_pipeline_dag.py for tasks to queue
[2026-06-19T09:32:56.430+0000] {logging_mixin.py:190} INFO - [2026-06-19T09:32:56.430+0000] {dagbag.py:588} INFO - Filling up the DagBag from /opt/airflow/dags/crypto_pipeline_dag.py
[2026-06-19T09:32:56.443+0000] {processor.py:925} INFO - DAG(s) 'crypto_pipeline_dag' retrieved from /opt/airflow/dags/crypto_pipeline_dag.py
[2026-06-19T09:32:56.463+0000] {logging_mixin.py:190} INFO - [2026-06-19T09:32:56.463+0000] {dag.py:3239} INFO - Sync 1 DAGs
[2026-06-19T09:32:56.479+0000] {logging_mixin.py:190} INFO - [2026-06-19T09:32:56.479+0000] {dag.py:4180} INFO - Setting next_dagrun for crypto_pipeline_dag to 2026-06-19 00:00:00+00:00, run_after=2026-06-20 00:00:00+00:00
[2026-06-19T09:32:56.494+0000] {processor.py:208} INFO - Processing /opt/airflow/dags/crypto_pipeline_dag.py took 0.071 seconds
[2026-06-19T09:33:26.679+0000] {processor.py:186} INFO - Started process (PID=932) to work on /opt/airflow/dags/crypto_pipeline_dag.py
[2026-06-19T09:33:26.680+0000] {processor.py:914} INFO - Processing file /opt/airflow/dags/crypto_pipeline_dag.py for tasks to queue
[2026-06-19T09:33:26.683+0000] {logging_mixin.py:190} INFO - [2026-06-19T09:33:26.682+0000] {dagbag.py:588} INFO - Filling up the DagBag from /opt/airflow/dags/crypto_pipeline_dag.py
[2026-06-19T09:33:26.696+0000] {processor.py:925} INFO - DAG(s) 'crypto_pipeline_dag' retrieved from /opt/airflow/dags/crypto_pipeline_dag.py
[2026-06-19T09:33:26.717+0000] {logging_mixin.py:190} INFO - [2026-06-19T09:33:26.717+0000] {dag.py:3239} INFO - Sync 1 DAGs
[2026-06-19T09:33:26.735+0000] {logging_mixin.py:190} INFO - [2026-06-19T09:33:26.735+0000] {dag.py:4180} INFO - Setting next_dagrun for crypto_pipeline_dag to 2026-06-19 00:00:00+00:00, run_after=2026-06-20 00:00:00+00:00
[2026-06-19T09:33:26.752+0000] {processor.py:208} INFO - Processing /opt/airflow/dags/crypto_pipeline_dag.py took 0.077 seconds
[2026-06-19T09:33:56.972+0000] {processor.py:186} INFO - Started process (PID=937) to work on /opt/airflow/dags/crypto_pipeline_dag.py
[2026-06-19T09:33:56.973+0000] {processor.py:914} INFO - Processing file /opt/airflow/dags/crypto_pipeline_dag.py for tasks to queue
[2026-06-19T09:33:56.974+0000] {logging_mixin.py:190} INFO - [2026-06-19T09:33:56.974+0000] {dagbag.py:588} INFO - Filling up the DagBag from /opt/airflow/dags/crypto_pipeline_dag.py
[2026-06-19T09:33:56.987+0000] {processor.py:925} INFO - DAG(s) 'crypto_pipeline_dag' retrieved from /opt/airflow/dags/crypto_pipeline_dag.py
[2026-06-19T09:33:57.006+0000] {logging_mixin.py:190} INFO - [2026-06-19T09:33:57.006+0000] {dag.py:3239} INFO - Sync 1 DAGs
[2026-06-19T09:33:57.025+0000] {logging_mixin.py:190} INFO - [2026-06-19T09:33:57.025+0000] {dag.py:4180} INFO - Setting next_dagrun for crypto_pipeline_dag to 2026-06-19 00:00:00+00:00, run_after=2026-06-20 00:00:00+00:00
[2026-06-19T09:33:57.041+0000] {processor.py:208} INFO - Processing /opt/airflow/dags/crypto_pipeline_dag.py took 0.074 seconds
[2026-06-19T09:34:27.273+0000] {processor.py:186} INFO - Started process (PID=942) to work on /opt/airflow/dags/crypto_pipeline_dag.py
[2026-06-19T09:34:27.274+0000] {processor.py:914} INFO - Processing file /opt/airflow/dags/crypto_pipeline_dag.py for tasks to queue
[2026-06-19T09:34:27.276+0000] {logging_mixin.py:190} INFO - [2026-06-19T09:34:27.276+0000] {dagbag.py:588} INFO - Filling up the DagBag from /opt/airflow/dags/crypto_pipeline_dag.py
[2026-06-19T09:34:27.289+0000] {processor.py:925} INFO - DAG(s) 'crypto_pipeline_dag' retrieved from /opt/airflow/dags/crypto_pipeline_dag.py
[2026-06-19T09:34:27.309+0000] {logging_mixin.py:190} INFO - [2026-06-19T09:34:27.309+0000] {dag.py:3239} INFO - Sync 1 DAGs
[2026-06-19T09:34:27.325+0000] {logging_mixin.py:190} INFO - [2026-06-19T09:34:27.325+0000] {dag.py:4180} INFO - Setting next_dagrun for crypto_pipeline_dag to 2026-06-19 00:00:00+00:00, run_after=2026-06-20 00:00:00+00:00
[2026-06-19T09:34:27.340+0000] {processor.py:208} INFO - Processing /opt/airflow/dags/crypto_pipeline_dag.py took 0.071 seconds
[2026-06-19T09:34:57.578+0000] {processor.py:186} INFO - Started process (PID=947) to work on /opt/airflow/dags/crypto_pipeline_dag.py
[2026-06-19T09:34:57.579+0000] {processor.py:914} INFO - Processing file /opt/airflow/dags/crypto_pipeline_dag.py for tasks to queue
[2026-06-19T09:34:57.581+0000] {logging_mixin.py:190} INFO - [2026-06-19T09:34:57.580+0000] {dagbag.py:588} INFO - Filling up the DagBag from /opt/airflow/dags/crypto_pipeline_dag.py
[2026-06-19T09:34:57.593+0000] {processor.py:925} INFO - DAG(s) 'crypto_pipeline_dag' retrieved from /opt/airflow/dags/crypto_pipeline_dag.py
[2026-06-19T09:34:57.612+0000] {logging_mixin.py:190} INFO - [2026-06-19T09:34:57.612+0000] {dag.py:3239} INFO - Sync 1 DAGs
[2026-06-19T09:34:57.629+0000] {logging_mixin.py:190} INFO - [2026-06-19T09:34:57.629+0000] {dag.py:4180} INFO - Setting next_dagrun for crypto_pipeline_dag to 2026-06-19 00:00:00+00:00, run_after=2026-06-20 00:00:00+00:00
[2026-06-19T09:34:57.642+0000] {processor.py:208} INFO - Processing /opt/airflow/dags/crypto_pipeline_dag.py took 0.068 seconds
[2026-06-19T09:35:27.906+0000] {processor.py:186} INFO - Started process (PID=952) to work on /opt/airflow/dags/crypto_pipeline_dag.py
[2026-06-19T09:35:27.907+0000] {processor.py:914} INFO - Processing file /opt/airflow/dags/crypto_pipeline_dag.py for tasks to queue
[2026-06-19T09:35:27.909+0000] {logging_mixin.py:190} INFO - [2026-06-19T09:35:27.909+0000] {dagbag.py:588} INFO - Filling up the DagBag from /opt/airflow/dags/crypto_pipeline_dag.py
[2026-06-19T09:35:27.922+0000] {processor.py:925} INFO - DAG(s) 'crypto_pipeline_dag' retrieved from /opt/airflow/dags/crypto_pipeline_dag.py
[2026-06-19T09:35:27.941+0000] {logging_mixin.py:190} INFO - [2026-06-19T09:35:27.941+0000] {dag.py:3239} INFO - Sync 1 DAGs
[2026-06-19T09:35:27.958+0000] {logging_mixin.py:190} INFO - [2026-06-19T09:35:27.958+0000] {dag.py:4180} INFO - Setting next_dagrun for crypto_pipeline_dag to 2026-06-19 00:00:00+00:00, run_after=2026-06-20 00:00:00+00:00
[2026-06-19T09:35:27.973+0000] {processor.py:208} INFO - Processing /opt/airflow/dags/crypto_pipeline_dag.py took 0.071 seconds
[2026-06-19T09:35:58.179+0000] {processor.py:186} INFO - Started process (PID=957) to work on /opt/airflow/dags/crypto_pipeline_dag.py
[2026-06-19T09:35:58.180+0000] {processor.py:914} INFO - Processing file /opt/airflow/dags/crypto_pipeline_dag.py for tasks to queue
[2026-06-19T09:35:58.181+0000] {logging_mixin.py:190} INFO - [2026-06-19T09:35:58.181+0000] {dagbag.py:588} INFO - Filling up the DagBag from /opt/airflow/dags/crypto_pipeline_dag.py
[2026-06-19T09:35:58.194+0000] {processor.py:925} INFO - DAG(s) 'crypto_pipeline_dag' retrieved from /opt/airflow/dags/crypto_pipeline_dag.py
[2026-06-19T09:35:58.214+0000] {logging_mixin.py:190} INFO - [2026-06-19T09:35:58.214+0000] {dag.py:3239} INFO - Sync 1 DAGs
[2026-06-19T09:35:58.230+0000] {logging_mixin.py:190} INFO - [2026-06-19T09:35:58.230+0000] {dag.py:4180} INFO - Setting next_dagrun for crypto_pipeline_dag to 2026-06-19 00:00:00+00:00, run_after=2026-06-20 00:00:00+00:00
[2026-06-19T09:35:58.242+0000] {processor.py:208} INFO - Processing /opt/airflow/dags/crypto_pipeline_dag.py took 0.067 seconds
[2026-06-19T09:36:28.496+0000] {processor.py:186} INFO - Started process (PID=962) to work on /opt/airflow/dags/crypto_pipeline_dag.py
[2026-06-19T09:36:28.497+0000] {processor.py:914} INFO - Processing file /opt/airflow/dags/crypto_pipeline_dag.py for tasks to queue
[2026-06-19T09:36:28.499+0000] {logging_mixin.py:190} INFO - [2026-06-19T09:36:28.499+0000] {dagbag.py:588} INFO - Filling up the DagBag from /opt/airflow/dags/crypto_pipeline_dag.py
[2026-06-19T09:36:28.511+0000] {processor.py:925} INFO - DAG(s) 'crypto_pipeline_dag' retrieved from /opt/airflow/dags/crypto_pipeline_dag.py
[2026-06-19T09:36:28.531+0000] {logging_mixin.py:190} INFO - [2026-06-19T09:36:28.531+0000] {dag.py:3239} INFO - Sync 1 DAGs
[2026-06-19T09:36:28.548+0000] {logging_mixin.py:190} INFO - [2026-06-19T09:36:28.548+0000] {dag.py:4180} INFO - Setting next_dagrun for crypto_pipeline_dag to 2026-06-19 00:00:00+00:00, run_after=2026-06-20 00:00:00+00:00
[2026-06-19T09:36:28.561+0000] {processor.py:208} INFO - Processing /opt/airflow/dags/crypto_pipeline_dag.py took 0.069 seconds
[2026-06-19T09:36:58.786+0000] {processor.py:186} INFO - Started process (PID=967) to work on /opt/airflow/dags/crypto_pipeline_dag.py
[2026-06-19T09:36:58.786+0000] {processor.py:914} INFO - Processing file /opt/airflow/dags/crypto_pipeline_dag.py for tasks to queue
[2026-06-19T09:36:58.789+0000] {logging_mixin.py:190} INFO - [2026-06-19T09:36:58.788+0000] {dagbag.py:588} INFO - Filling up the DagBag from /opt/airflow/dags/crypto_pipeline_dag.py
[2026-06-19T09:36:58.802+0000] {processor.py:925} INFO - DAG(s) 'crypto_pipeline_dag' retrieved from /opt/airflow/dags/crypto_pipeline_dag.py
[2026-06-19T09:36:58.821+0000] {logging_mixin.py:190} INFO - [2026-06-19T09:36:58.821+0000] {dag.py:3239} INFO - Sync 1 DAGs
[2026-06-19T09:36:58.838+0000] {logging_mixin.py:190} INFO - [2026-06-19T09:36:58.838+0000] {dag.py:4180} INFO - Setting next_dagrun for crypto_pipeline_dag to 2026-06-19 00:00:00+00:00, run_after=2026-06-20 00:00:00+00:00
[2026-06-19T09:36:58.852+0000] {processor.py:208} INFO - Processing /opt/airflow/dags/crypto_pipeline_dag.py took 0.071 seconds
[2026-06-19T09:37:29.065+0000] {processor.py:186} INFO - Started process (PID=972) to work on /opt/airflow/dags/crypto_pipeline_dag.py
[2026-06-19T09:37:29.066+0000] {processor.py:914} INFO - Processing file /opt/airflow/dags/crypto_pipeline_dag.py for tasks to queue
[2026-06-19T09:37:29.068+0000] {logging_mixin.py:190} INFO - [2026-06-19T09:37:29.068+0000] {dagbag.py:588} INFO - Filling up the DagBag from /opt/airflow/dags/crypto_pipeline_dag.py
[2026-06-19T09:37:29.080+0000] {processor.py:925} INFO - DAG(s) 'crypto_pipeline_dag' retrieved from /opt/airflow/dags/crypto_pipeline_dag.py
[2026-06-19T09:37:29.099+0000] {logging_mixin.py:190} INFO - [2026-06-19T09:37:29.099+0000] {dag.py:3239} INFO - Sync 1 DAGs
[2026-06-19T09:37:29.115+0000] {logging_mixin.py:190} INFO - [2026-06-19T09:37:29.115+0000] {dag.py:4180} INFO - Setting next_dagrun for crypto_pipeline_dag to 2026-06-19 00:00:00+00:00, run_after=2026-06-20 00:00:00+00:00
[2026-06-19T09:37:29.128+0000] {processor.py:208} INFO - Processing /opt/airflow/dags/crypto_pipeline_dag.py took 0.066 seconds
[2026-06-19T09:37:59.352+0000] {processor.py:186} INFO - Started process (PID=977) to work on /opt/airflow/dags/crypto_pipeline_dag.py
[2026-06-19T09:37:59.353+0000] {processor.py:914} INFO - Processing file /opt/airflow/dags/crypto_pipeline_dag.py for tasks to queue
[2026-06-19T09:37:59.355+0000] {logging_mixin.py:190} INFO - [2026-06-19T09:37:59.355+0000] {dagbag.py:588} INFO - Filling up the DagBag from /opt/airflow/dags/crypto_pipeline_dag.py
[2026-06-19T09:37:59.367+0000] {processor.py:925} INFO - DAG(s) 'crypto_pipeline_dag' retrieved from /opt/airflow/dags/crypto_pipeline_dag.py
[2026-06-19T09:37:59.387+0000] {logging_mixin.py:190} INFO - [2026-06-19T09:37:59.386+0000] {dag.py:3239} INFO - Sync 1 DAGs
[2026-06-19T09:37:59.403+0000] {logging_mixin.py:190} INFO - [2026-06-19T09:37:59.403+0000] {dag.py:4180} INFO - Setting next_dagrun for crypto_pipeline_dag to 2026-06-19 00:00:00+00:00, run_after=2026-06-20 00:00:00+00:00
[2026-06-19T09:37:59.416+0000] {processor.py:208} INFO - Processing /opt/airflow/dags/crypto_pipeline_dag.py took 0.068 seconds
[2026-06-19T09:38:29.632+0000] {processor.py:186} INFO - Started process (PID=982) to work on /opt/airflow/dags/crypto_pipeline_dag.py
[2026-06-19T09:38:29.632+0000] {processor.py:914} INFO - Processing file /opt/airflow/dags/crypto_pipeline_dag.py for tasks to queue
[2026-06-19T09:38:29.634+0000] {logging_mixin.py:190} INFO - [2026-06-19T09:38:29.634+0000] {dagbag.py:588} INFO - Filling up the DagBag from /opt/airflow/dags/crypto_pipeline_dag.py
[2026-06-19T09:38:29.646+0000] {processor.py:925} INFO - DAG(s) 'crypto_pipeline_dag' retrieved from /opt/airflow/dags/crypto_pipeline_dag.py
[2026-06-19T09:38:29.667+0000] {logging_mixin.py:190} INFO - [2026-06-19T09:38:29.667+0000] {dag.py:3239} INFO - Sync 1 DAGs
[2026-06-19T09:38:29.683+0000] {logging_mixin.py:190} INFO - [2026-06-19T09:38:29.683+0000] {dag.py:4180} INFO - Setting next_dagrun for crypto_pipeline_dag to 2026-06-19 00:00:00+00:00, run_after=2026-06-20 00:00:00+00:00
[2026-06-19T09:38:29.698+0000] {processor.py:208} INFO - Processing /opt/airflow/dags/crypto_pipeline_dag.py took 0.070 seconds
[2026-06-19T09:39:00.410+0000] {processor.py:186} INFO - Started process (PID=987) to work on /opt/airflow/dags/crypto_pipeline_dag.py
[2026-06-19T09:39:00.411+0000] {processor.py:914} INFO - Processing file /opt/airflow/dags/crypto_pipeline_dag.py for tasks to queue
[2026-06-19T09:39:00.413+0000] {logging_mixin.py:190} INFO - [2026-06-19T09:39:00.412+0000] {dagbag.py:588} INFO - Filling up the DagBag from /opt/airflow/dags/crypto_pipeline_dag.py
[2026-06-19T09:39:00.427+0000] {processor.py:925} INFO - DAG(s) 'crypto_pipeline_dag' retrieved from /opt/airflow/dags/crypto_pipeline_dag.py
[2026-06-19T09:39:00.446+0000] {logging_mixin.py:190} INFO - [2026-06-19T09:39:00.446+0000] {dag.py:3239} INFO - Sync 1 DAGs
[2026-06-19T09:39:00.462+0000] {logging_mixin.py:190} INFO - [2026-06-19T09:39:00.462+0000] {dag.py:4180} INFO - Setting next_dagrun for crypto_pipeline_dag to 2026-06-19 00:00:00+00:00, run_after=2026-06-20 00:00:00+00:00
[2026-06-19T09:39:00.474+0000] {processor.py:208} INFO - Processing /opt/airflow/dags/crypto_pipeline_dag.py took 0.068 seconds
[2026-06-19T09:39:30.561+0000] {processor.py:186} INFO - Started process (PID=992) to work on /opt/airflow/dags/crypto_pipeline_dag.py
[2026-06-19T09:39:30.562+0000] {processor.py:914} INFO - Processing file /opt/airflow/dags/crypto_pipeline_dag.py for tasks to queue
[2026-06-19T09:39:30.563+0000] {logging_mixin.py:190} INFO - [2026-06-19T09:39:30.563+0000] {dagbag.py:588} INFO - Filling up the DagBag from /opt/airflow/dags/crypto_pipeline_dag.py
[2026-06-19T09:39:30.576+0000] {processor.py:925} INFO - DAG(s) 'crypto_pipeline_dag' retrieved from /opt/airflow/dags/crypto_pipeline_dag.py
[2026-06-19T09:39:30.596+0000] {logging_mixin.py:190} INFO - [2026-06-19T09:39:30.596+0000] {dag.py:3239} INFO - Sync 1 DAGs
[2026-06-19T09:39:30.612+0000] {logging_mixin.py:190} INFO - [2026-06-19T09:39:30.612+0000] {dag.py:4180} INFO - Setting next_dagrun for crypto_pipeline_dag to 2026-06-19 00:00:00+00:00, run_after=2026-06-20 00:00:00+00:00
[2026-06-19T09:39:30.626+0000] {processor.py:208} INFO - Processing /opt/airflow/dags/crypto_pipeline_dag.py took 0.070 seconds
[2026-06-19T09:40:01.637+0000] {processor.py:186} INFO - Started process (PID=997) to work on /opt/airflow/dags/crypto_pipeline_dag.py
[2026-06-19T09:40:01.638+0000] {processor.py:914} INFO - Processing file /opt/airflow/dags/crypto_pipeline_dag.py for tasks to queue
[2026-06-19T09:40:01.641+0000] {logging_mixin.py:190} INFO - [2026-06-19T09:40:01.640+0000] {dagbag.py:588} INFO - Filling up the DagBag from /opt/airflow/dags/crypto_pipeline_dag.py
[2026-06-19T09:40:01.658+0000] {processor.py:925} INFO - DAG(s) 'crypto_pipeline_dag' retrieved from /opt/airflow/dags/crypto_pipeline_dag.py
[2026-06-19T09:40:01.679+0000] {logging_mixin.py:190} INFO - [2026-06-19T09:40:01.679+0000] {dag.py:3239} INFO - Sync 1 DAGs
[2026-06-19T09:40:01.695+0000] {logging_mixin.py:190} INFO - [2026-06-19T09:40:01.695+0000] {dag.py:4180} INFO - Setting next_dagrun for crypto_pipeline_dag to 2026-06-19 00:00:00+00:00, run_after=2026-06-20 00:00:00+00:00
[2026-06-19T09:40:01.707+0000] {processor.py:208} INFO - Processing /opt/airflow/dags/crypto_pipeline_dag.py took 0.075 seconds
[2026-06-19T09:40:32.652+0000] {processor.py:186} INFO - Started process (PID=1002) to work on /opt/airflow/dags/crypto_pipeline_dag.py
[2026-06-19T09:40:32.653+0000] {processor.py:914} INFO - Processing file /opt/airflow/dags/crypto_pipeline_dag.py for tasks to queue
[2026-06-19T09:40:32.655+0000] {logging_mixin.py:190} INFO - [2026-06-19T09:40:32.655+0000] {dagbag.py:588} INFO - Filling up the DagBag from /opt/airflow/dags/crypto_pipeline_dag.py
[2026-06-19T09:40:32.670+0000] {processor.py:925} INFO - DAG(s) 'crypto_pipeline_dag' retrieved from /opt/airflow/dags/crypto_pipeline_dag.py
[2026-06-19T09:40:32.690+0000] {logging_mixin.py:190} INFO - [2026-06-19T09:40:32.690+0000] {dag.py:3239} INFO - Sync 1 DAGs
[2026-06-19T09:40:32.706+0000] {logging_mixin.py:190} INFO - [2026-06-19T09:40:32.706+0000] {dag.py:4180} INFO - Setting next_dagrun for crypto_pipeline_dag to 2026-06-19 00:00:00+00:00, run_after=2026-06-20 00:00:00+00:00
[2026-06-19T09:40:32.719+0000] {processor.py:208} INFO - Processing /opt/airflow/dags/crypto_pipeline_dag.py took 0.071 seconds
[2026-06-19T09:41:03.716+0000] {processor.py:186} INFO - Started process (PID=1007) to work on /opt/airflow/dags/crypto_pipeline_dag.py
[2026-06-19T09:41:03.717+0000] {processor.py:914} INFO - Processing file /opt/airflow/dags/crypto_pipeline_dag.py for tasks to queue
[2026-06-19T09:41:03.719+0000] {logging_mixin.py:190} INFO - [2026-06-19T09:41:03.719+0000] {dagbag.py:588} INFO - Filling up the DagBag from /opt/airflow/dags/crypto_pipeline_dag.py
[2026-06-19T09:41:03.735+0000] {processor.py:925} INFO - DAG(s) 'crypto_pipeline_dag' retrieved from /opt/airflow/dags/crypto_pipeline_dag.py
[2026-06-19T09:41:03.758+0000] {logging_mixin.py:190} INFO - [2026-06-19T09:41:03.758+0000] {dag.py:3239} INFO - Sync 1 DAGs
[2026-06-19T09:41:03.779+0000] {logging_mixin.py:190} INFO - [2026-06-19T09:41:03.779+0000] {dag.py:4180} INFO - Setting next_dagrun for crypto_pipeline_dag to 2026-06-19 00:00:00+00:00, run_after=2026-06-20 00:00:00+00:00
[2026-06-19T09:41:03.796+0000] {processor.py:208} INFO - Processing /opt/airflow/dags/crypto_pipeline_dag.py took 0.085 seconds
[2026-06-19T09:41:33.850+0000] {processor.py:186} INFO - Started process (PID=1012) to work on /opt/airflow/dags/crypto_pipeline_dag.py
[2026-06-19T09:41:33.851+0000] {processor.py:914} INFO - Processing file /opt/airflow/dags/crypto_pipeline_dag.py for tasks to queue
[2026-06-19T09:41:33.854+0000] {logging_mixin.py:190} INFO - [2026-06-19T09:41:33.854+0000] {dagbag.py:588} INFO - Filling up the DagBag from /opt/airflow/dags/crypto_pipeline_dag.py
[2026-06-19T09:41:33.877+0000] {processor.py:925} INFO - DAG(s) 'crypto_pipeline_dag' retrieved from /opt/airflow/dags/crypto_pipeline_dag.py
[2026-06-19T09:41:33.907+0000] {logging_mixin.py:190} INFO - [2026-06-19T09:41:33.907+0000] {dag.py:3239} INFO - Sync 1 DAGs
[2026-06-19T09:41:33.928+0000] {logging_mixin.py:190} INFO - [2026-06-19T09:41:33.928+0000] {dag.py:4180} INFO - Setting next_dagrun for crypto_pipeline_dag to 2026-06-19 00:00:00+00:00, run_after=2026-06-20 00:00:00+00:00
[2026-06-19T09:41:33.944+0000] {processor.py:208} INFO - Processing /opt/airflow/dags/crypto_pipeline_dag.py took 0.100 seconds
[2026-06-19T09:42:03.990+0000] {processor.py:186} INFO - Started process (PID=1017) to work on /opt/airflow/dags/crypto_pipeline_dag.py
[2026-06-19T09:42:03.991+0000] {processor.py:914} INFO - Processing file /opt/airflow/dags/crypto_pipeline_dag.py for tasks to queue
[2026-06-19T09:42:03.994+0000] {logging_mixin.py:190} INFO - [2026-06-19T09:42:03.993+0000] {dagbag.py:588} INFO - Filling up the DagBag from /opt/airflow/dags/crypto_pipeline_dag.py
[2026-06-19T09:42:04.010+0000] {processor.py:925} INFO - DAG(s) 'crypto_pipeline_dag' retrieved from /opt/airflow/dags/crypto_pipeline_dag.py
[2026-06-19T09:42:04.031+0000] {logging_mixin.py:190} INFO - [2026-06-19T09:42:04.031+0000] {dag.py:3239} INFO - Sync 1 DAGs
[2026-06-19T09:42:04.046+0000] {logging_mixin.py:190} INFO - [2026-06-19T09:42:04.046+0000] {dag.py:4180} INFO - Setting next_dagrun for crypto_pipeline_dag to 2026-06-19 00:00:00+00:00, run_after=2026-06-20 00:00:00+00:00
[2026-06-19T09:42:04.060+0000] {processor.py:208} INFO - Processing /opt/airflow/dags/crypto_pipeline_dag.py took 0.074 seconds
[2026-06-19T09:42:35.022+0000] {processor.py:186} INFO - Started process (PID=1022) to work on /opt/airflow/dags/crypto_pipeline_dag.py
[2026-06-19T09:42:35.024+0000] {processor.py:914} INFO - Processing file /opt/airflow/dags/crypto_pipeline_dag.py for tasks to queue
[2026-06-19T09:42:35.026+0000] {logging_mixin.py:190} INFO - [2026-06-19T09:42:35.026+0000] {dagbag.py:588} INFO - Filling up the DagBag from /opt/airflow/dags/crypto_pipeline_dag.py
[2026-06-19T09:42:35.043+0000] {processor.py:925} INFO - DAG(s) 'crypto_pipeline_dag' retrieved from /opt/airflow/dags/crypto_pipeline_dag.py
[2026-06-19T09:42:35.069+0000] {logging_mixin.py:190} INFO - [2026-06-19T09:42:35.069+0000] {dag.py:3239} INFO - Sync 1 DAGs
[2026-06-19T09:42:35.090+0000] {logging_mixin.py:190} INFO - [2026-06-19T09:42:35.090+0000] {dag.py:4180} INFO - Setting next_dagrun for crypto_pipeline_dag to 2026-06-19 00:00:00+00:00, run_after=2026-06-20 00:00:00+00:00
[2026-06-19T09:42:35.107+0000] {processor.py:208} INFO - Processing /opt/airflow/dags/crypto_pipeline_dag.py took 0.090 seconds
[2026-06-19T09:43:06.089+0000] {processor.py:186} INFO - Started process (PID=1027) to work on /opt/airflow/dags/crypto_pipeline_dag.py
[2026-06-19T09:43:06.090+0000] {processor.py:914} INFO - Processing file /opt/airflow/dags/crypto_pipeline_dag.py for tasks to queue
[2026-06-19T09:43:06.092+0000] {logging_mixin.py:190} INFO - [2026-06-19T09:43:06.092+0000] {dagbag.py:588} INFO - Filling up the DagBag from /opt/airflow/dags/crypto_pipeline_dag.py
[2026-06-19T09:43:06.114+0000] {processor.py:925} INFO - DAG(s) 'crypto_pipeline_dag' retrieved from /opt/airflow/dags/crypto_pipeline_dag.py
[2026-06-19T09:43:06.137+0000] {logging_mixin.py:190} INFO - [2026-06-19T09:43:06.137+0000] {dag.py:3239} INFO - Sync 1 DAGs
[2026-06-19T09:43:06.154+0000] {logging_mixin.py:190} INFO - [2026-06-19T09:43:06.154+0000] {dag.py:4180} INFO - Setting next_dagrun for crypto_pipeline_dag to 2026-06-19 00:00:00+00:00, run_after=2026-06-20 00:00:00+00:00
[2026-06-19T09:43:06.169+0000] {processor.py:208} INFO - Processing /opt/airflow/dags/crypto_pipeline_dag.py took 0.084 seconds
[2026-06-19T09:43:37.193+0000] {processor.py:186} INFO - Started process (PID=1032) to work on /opt/airflow/dags/crypto_pipeline_dag.py
[2026-06-19T09:43:37.194+0000] {processor.py:914} INFO - Processing file /opt/airflow/dags/crypto_pipeline_dag.py for tasks to queue
[2026-06-19T09:43:37.195+0000] {logging_mixin.py:190} INFO - [2026-06-19T09:43:37.195+0000] {dagbag.py:588} INFO - Filling up the DagBag from /opt/airflow/dags/crypto_pipeline_dag.py
[2026-06-19T09:43:37.208+0000] {processor.py:925} INFO - DAG(s) 'crypto_pipeline_dag' retrieved from /opt/airflow/dags/crypto_pipeline_dag.py
[2026-06-19T09:43:37.227+0000] {logging_mixin.py:190} INFO - [2026-06-19T09:43:37.227+0000] {dag.py:3239} INFO - Sync 1 DAGs
[2026-06-19T09:43:37.244+0000] {logging_mixin.py:190} INFO - [2026-06-19T09:43:37.244+0000] {dag.py:4180} INFO - Setting next_dagrun for crypto_pipeline_dag to 2026-06-19 00:00:00+00:00, run_after=2026-06-20 00:00:00+00:00
[2026-06-19T09:43:37.256+0000] {processor.py:208} INFO - Processing /opt/airflow/dags/crypto_pipeline_dag.py took 0.068 seconds
[2026-06-19T09:44:08.232+0000] {processor.py:186} INFO - Started process (PID=1037) to work on /opt/airflow/dags/crypto_pipeline_dag.py
[2026-06-19T09:44:08.233+0000] {processor.py:914} INFO - Processing file /opt/airflow/dags/crypto_pipeline_dag.py for tasks to queue
[2026-06-19T09:44:08.235+0000] {logging_mixin.py:190} INFO - [2026-06-19T09:44:08.235+0000] {dagbag.py:588} INFO - Filling up the DagBag from /opt/airflow/dags/crypto_pipeline_dag.py
[2026-06-19T09:44:08.247+0000] {processor.py:925} INFO - DAG(s) 'crypto_pipeline_dag' retrieved from /opt/airflow/dags/crypto_pipeline_dag.py
[2026-06-19T09:44:08.267+0000] {logging_mixin.py:190} INFO - [2026-06-19T09:44:08.267+0000] {dag.py:3239} INFO - Sync 1 DAGs
[2026-06-19T09:44:08.283+0000] {logging_mixin.py:190} INFO - [2026-06-19T09:44:08.283+0000] {dag.py:4180} INFO - Setting next_dagrun for crypto_pipeline_dag to 2026-06-19 00:00:00+00:00, run_after=2026-06-20 00:00:00+00:00
[2026-06-19T09:44:08.296+0000] {processor.py:208} INFO - Processing /opt/airflow/dags/crypto_pipeline_dag.py took 0.067 seconds
[2026-06-19T09:44:38.323+0000] {processor.py:186} INFO - Started process (PID=1042) to work on /opt/airflow/dags/crypto_pipeline_dag.py
[2026-06-19T09:44:38.324+0000] {processor.py:914} INFO - Processing file /opt/airflow/dags/crypto_pipeline_dag.py for tasks to queue
[2026-06-19T09:44:38.326+0000] {logging_mixin.py:190} INFO - [2026-06-19T09:44:38.326+0000] {dagbag.py:588} INFO - Filling up the DagBag from /opt/airflow/dags/crypto_pipeline_dag.py
[2026-06-19T09:44:38.339+0000] {processor.py:925} INFO - DAG(s) 'crypto_pipeline_dag' retrieved from /opt/airflow/dags/crypto_pipeline_dag.py
[2026-06-19T09:44:38.359+0000] {logging_mixin.py:190} INFO - [2026-06-19T09:44:38.359+0000] {dag.py:3239} INFO - Sync 1 DAGs
[2026-06-19T09:44:38.375+0000] {logging_mixin.py:190} INFO - [2026-06-19T09:44:38.375+0000] {dag.py:4180} INFO - Setting next_dagrun for crypto_pipeline_dag to 2026-06-19 00:00:00+00:00, run_after=2026-06-20 00:00:00+00:00
[2026-06-19T09:44:38.388+0000] {processor.py:208} INFO - Processing /opt/airflow/dags/crypto_pipeline_dag.py took 0.069 seconds
[2026-06-19T09:45:09.347+0000] {processor.py:186} INFO - Started process (PID=1047) to work on /opt/airflow/dags/crypto_pipeline_dag.py
[2026-06-19T09:45:09.348+0000] {processor.py:914} INFO - Processing file /opt/airflow/dags/crypto_pipeline_dag.py for tasks to queue
[2026-06-19T09:45:09.351+0000] {logging_mixin.py:190} INFO - [2026-06-19T09:45:09.350+0000] {dagbag.py:588} INFO - Filling up the DagBag from /opt/airflow/dags/crypto_pipeline_dag.py
[2026-06-19T09:45:09.366+0000] {processor.py:925} INFO - DAG(s) 'crypto_pipeline_dag' retrieved from /opt/airflow/dags/crypto_pipeline_dag.py
[2026-06-19T09:45:09.387+0000] {logging_mixin.py:190} INFO - [2026-06-19T09:45:09.387+0000] {dag.py:3239} INFO - Sync 1 DAGs
[2026-06-19T09:45:09.405+0000] {logging_mixin.py:190} INFO - [2026-06-19T09:45:09.405+0000] {dag.py:4180} INFO - Setting next_dagrun for crypto_pipeline_dag to 2026-06-19 00:00:00+00:00, run_after=2026-06-20 00:00:00+00:00
[2026-06-19T09:45:09.418+0000] {processor.py:208} INFO - Processing /opt/airflow/dags/crypto_pipeline_dag.py took 0.076 seconds
[2026-06-19T09:45:40.389+0000] {processor.py:186} INFO - Started process (PID=1052) to work on /opt/airflow/dags/crypto_pipeline_dag.py
[2026-06-19T09:45:40.389+0000] {processor.py:914} INFO - Processing file /opt/airflow/dags/crypto_pipeline_dag.py for tasks to queue
[2026-06-19T09:45:40.391+0000] {logging_mixin.py:190} INFO - [2026-06-19T09:45:40.391+0000] {dagbag.py:588} INFO - Filling up the DagBag from /opt/airflow/dags/crypto_pipeline_dag.py
[2026-06-19T09:45:40.404+0000] {processor.py:925} INFO - DAG(s) 'crypto_pipeline_dag' retrieved from /opt/airflow/dags/crypto_pipeline_dag.py
[2026-06-19T09:45:40.423+0000] {logging_mixin.py:190} INFO - [2026-06-19T09:45:40.423+0000] {dag.py:3239} INFO - Sync 1 DAGs
[2026-06-19T09:45:40.439+0000] {logging_mixin.py:190} INFO - [2026-06-19T09:45:40.439+0000] {dag.py:4180} INFO - Setting next_dagrun for crypto_pipeline_dag to 2026-06-19 00:00:00+00:00, run_after=2026-06-20 00:00:00+00:00
[2026-06-19T09:45:40.452+0000] {processor.py:208} INFO - Processing /opt/airflow/dags/crypto_pipeline_dag.py took 0.068 seconds
[2026-06-19T09:46:11.407+0000] {processor.py:186} INFO - Started process (PID=1057) to work on /opt/airflow/dags/crypto_pipeline_dag.py
[2026-06-19T09:46:11.408+0000] {processor.py:914} INFO - Processing file /opt/airflow/dags/crypto_pipeline_dag.py for tasks to queue
[2026-06-19T09:46:11.410+0000] {logging_mixin.py:190} INFO - [2026-06-19T09:46:11.410+0000] {dagbag.py:588} INFO - Filling up the DagBag from /opt/airflow/dags/crypto_pipeline_dag.py
[2026-06-19T09:46:11.423+0000] {processor.py:925} INFO - DAG(s) 'crypto_pipeline_dag' retrieved from /opt/airflow/dags/crypto_pipeline_dag.py
[2026-06-19T09:46:11.448+0000] {logging_mixin.py:190} INFO - [2026-06-19T09:46:11.447+0000] {dag.py:3239} INFO - Sync 1 DAGs
[2026-06-19T09:46:11.467+0000] {logging_mixin.py:190} INFO - [2026-06-19T09:46:11.467+0000] {dag.py:4180} INFO - Setting next_dagrun for crypto_pipeline_dag to 2026-06-19 00:00:00+00:00, run_after=2026-06-20 00:00:00+00:00
[2026-06-19T09:46:11.484+0000] {processor.py:208} INFO - Processing /opt/airflow/dags/crypto_pipeline_dag.py took 0.082 seconds
[2026-06-19T09:46:41.519+0000] {processor.py:186} INFO - Started process (PID=1062) to work on /opt/airflow/dags/crypto_pipeline_dag.py
[2026-06-19T09:46:41.520+0000] {processor.py:914} INFO - Processing file /opt/airflow/dags/crypto_pipeline_dag.py for tasks to queue
[2026-06-19T09:46:41.522+0000] {logging_mixin.py:190} INFO - [2026-06-19T09:46:41.522+0000] {dagbag.py:588} INFO - Filling up the DagBag from /opt/airflow/dags/crypto_pipeline_dag.py
[2026-06-19T09:46:41.534+0000] {processor.py:925} INFO - DAG(s) 'crypto_pipeline_dag' retrieved from /opt/airflow/dags/crypto_pipeline_dag.py
[2026-06-19T09:46:41.553+0000] {logging_mixin.py:190} INFO - [2026-06-19T09:46:41.553+0000] {dag.py:3239} INFO - Sync 1 DAGs
[2026-06-19T09:46:41.570+0000] {logging_mixin.py:190} INFO - [2026-06-19T09:46:41.570+0000] {dag.py:4180} INFO - Setting next_dagrun for crypto_pipeline_dag to 2026-06-19 00:00:00+00:00, run_after=2026-06-20 00:00:00+00:00
[2026-06-19T09:46:41.583+0000] {processor.py:208} INFO - Processing /opt/airflow/dags/crypto_pipeline_dag.py took 0.068 seconds
[2026-06-19T09:47:12.396+0000] {processor.py:186} INFO - Started process (PID=1067) to work on /opt/airflow/dags/crypto_pipeline_dag.py
[2026-06-19T09:47:12.397+0000] {processor.py:914} INFO - Processing file /opt/airflow/dags/crypto_pipeline_dag.py for tasks to queue
[2026-06-19T09:47:12.400+0000] {logging_mixin.py:190} INFO - [2026-06-19T09:47:12.399+0000] {dagbag.py:588} INFO - Filling up the DagBag from /opt/airflow/dags/crypto_pipeline_dag.py
[2026-06-19T09:47:12.416+0000] {processor.py:925} INFO - DAG(s) 'crypto_pipeline_dag' retrieved from /opt/airflow/dags/crypto_pipeline_dag.py
[2026-06-19T09:47:12.441+0000] {logging_mixin.py:190} INFO - [2026-06-19T09:47:12.441+0000] {dag.py:3239} INFO - Sync 1 DAGs
[2026-06-19T09:47:12.460+0000] {logging_mixin.py:190} INFO - [2026-06-19T09:47:12.460+0000] {dag.py:4180} INFO - Setting next_dagrun for crypto_pipeline_dag to 2026-06-19 00:00:00+00:00, run_after=2026-06-20 00:00:00+00:00
[2026-06-19T09:47:12.474+0000] {processor.py:208} INFO - Processing /opt/airflow/dags/crypto_pipeline_dag.py took 0.083 seconds
[2026-06-19T09:47:42.628+0000] {processor.py:186} INFO - Started process (PID=1072) to work on /opt/airflow/dags/crypto_pipeline_dag.py
[2026-06-19T09:47:42.629+0000] {processor.py:914} INFO - Processing file /opt/airflow/dags/crypto_pipeline_dag.py for tasks to queue
[2026-06-19T09:47:42.631+0000] {logging_mixin.py:190} INFO - [2026-06-19T09:47:42.630+0000] {dagbag.py:588} INFO - Filling up the DagBag from /opt/airflow/dags/crypto_pipeline_dag.py
[2026-06-19T09:47:42.646+0000] {processor.py:925} INFO - DAG(s) 'crypto_pipeline_dag' retrieved from /opt/airflow/dags/crypto_pipeline_dag.py
[2026-06-19T09:47:42.668+0000] {logging_mixin.py:190} INFO - [2026-06-19T09:47:42.668+0000] {dag.py:3239} INFO - Sync 1 DAGs
[2026-06-19T09:47:42.685+0000] {logging_mixin.py:190} INFO - [2026-06-19T09:47:42.685+0000] {dag.py:4180} INFO - Setting next_dagrun for crypto_pipeline_dag to 2026-06-19 00:00:00+00:00, run_after=2026-06-20 00:00:00+00:00
[2026-06-19T09:47:42.699+0000] {processor.py:208} INFO - Processing /opt/airflow/dags/crypto_pipeline_dag.py took 0.076 seconds
[2026-06-19T09:48:12.954+0000] {processor.py:186} INFO - Started process (PID=1077) to work on /opt/airflow/dags/crypto_pipeline_dag.py
[2026-06-19T09:48:12.955+0000] {processor.py:914} INFO - Processing file /opt/airflow/dags/crypto_pipeline_dag.py for tasks to queue
[2026-06-19T09:48:12.957+0000] {logging_mixin.py:190} INFO - [2026-06-19T09:48:12.957+0000] {dagbag.py:588} INFO - Filling up the DagBag from /opt/airflow/dags/crypto_pipeline_dag.py
[2026-06-19T09:48:12.969+0000] {processor.py:925} INFO - DAG(s) 'crypto_pipeline_dag' retrieved from /opt/airflow/dags/crypto_pipeline_dag.py
[2026-06-19T09:48:12.989+0000] {logging_mixin.py:190} INFO - [2026-06-19T09:48:12.989+0000] {dag.py:3239} INFO - Sync 1 DAGs
[2026-06-19T09:48:13.005+0000] {logging_mixin.py:190} INFO - [2026-06-19T09:48:13.004+0000] {dag.py:4180} INFO - Setting next_dagrun for crypto_pipeline_dag to 2026-06-19 00:00:00+00:00, run_after=2026-06-20 00:00:00+00:00
[2026-06-19T09:48:13.017+0000] {processor.py:208} INFO - Processing /opt/airflow/dags/crypto_pipeline_dag.py took 0.067 seconds
[2026-06-19T09:48:43.189+0000] {processor.py:186} INFO - Started process (PID=1082) to work on /opt/airflow/dags/crypto_pipeline_dag.py
[2026-06-19T09:48:43.190+0000] {processor.py:914} INFO - Processing file /opt/airflow/dags/crypto_pipeline_dag.py for tasks to queue
[2026-06-19T09:48:43.192+0000] {logging_mixin.py:190} INFO - [2026-06-19T09:48:43.192+0000] {dagbag.py:588} INFO - Filling up the DagBag from /opt/airflow/dags/crypto_pipeline_dag.py
[2026-06-19T09:48:43.203+0000] {processor.py:925} INFO - DAG(s) 'crypto_pipeline_dag' retrieved from /opt/airflow/dags/crypto_pipeline_dag.py
[2026-06-19T09:48:43.223+0000] {logging_mixin.py:190} INFO - [2026-06-19T09:48:43.223+0000] {dag.py:3239} INFO - Sync 1 DAGs
[2026-06-19T09:48:43.239+0000] {logging_mixin.py:190} INFO - [2026-06-19T09:48:43.238+0000] {dag.py:4180} INFO - Setting next_dagrun for crypto_pipeline_dag to 2026-06-19 00:00:00+00:00, run_after=2026-06-20 00:00:00+00:00
[2026-06-19T09:48:43.251+0000] {processor.py:208} INFO - Processing /opt/airflow/dags/crypto_pipeline_dag.py took 0.066 seconds
[2026-06-19T09:49:13.641+0000] {processor.py:186} INFO - Started process (PID=1087) to work on /opt/airflow/dags/crypto_pipeline_dag.py
[2026-06-19T09:49:13.641+0000] {processor.py:914} INFO - Processing file /opt/airflow/dags/crypto_pipeline_dag.py for tasks to queue
[2026-06-19T09:49:13.643+0000] {logging_mixin.py:190} INFO - [2026-06-19T09:49:13.643+0000] {dagbag.py:588} INFO - Filling up the DagBag from /opt/airflow/dags/crypto_pipeline_dag.py
[2026-06-19T09:49:13.658+0000] {processor.py:925} INFO - DAG(s) 'crypto_pipeline_dag' retrieved from /opt/airflow/dags/crypto_pipeline_dag.py
[2026-06-19T09:49:13.680+0000] {logging_mixin.py:190} INFO - [2026-06-19T09:49:13.679+0000] {dag.py:3239} INFO - Sync 1 DAGs
[2026-06-19T09:49:13.697+0000] {logging_mixin.py:190} INFO - [2026-06-19T09:49:13.697+0000] {dag.py:4180} INFO - Setting next_dagrun for crypto_pipeline_dag to 2026-06-19 00:00:00+00:00, run_after=2026-06-20 00:00:00+00:00
[2026-06-19T09:49:13.713+0000] {processor.py:208} INFO - Processing /opt/airflow/dags/crypto_pipeline_dag.py took 0.076 seconds
[2026-06-19T09:49:45.140+0000] {processor.py:186} INFO - Started process (PID=1092) to work on /opt/airflow/dags/crypto_pipeline_dag.py
[2026-06-19T09:49:45.141+0000] {processor.py:914} INFO - Processing file /opt/airflow/dags/crypto_pipeline_dag.py for tasks to queue
[2026-06-19T09:49:45.143+0000] {logging_mixin.py:190} INFO - [2026-06-19T09:49:45.143+0000] {dagbag.py:588} INFO - Filling up the DagBag from /opt/airflow/dags/crypto_pipeline_dag.py
[2026-06-19T09:49:45.157+0000] {processor.py:925} INFO - DAG(s) 'crypto_pipeline_dag' retrieved from /opt/airflow/dags/crypto_pipeline_dag.py
[2026-06-19T09:49:45.180+0000] {logging_mixin.py:190} INFO - [2026-06-19T09:49:45.180+0000] {dag.py:3239} INFO - Sync 1 DAGs
[2026-06-19T09:49:45.198+0000] {logging_mixin.py:190} INFO - [2026-06-19T09:49:45.198+0000] {dag.py:4180} INFO - Setting next_dagrun for crypto_pipeline_dag to 2026-06-19 00:00:00+00:00, run_after=2026-06-20 00:00:00+00:00
[2026-06-19T09:49:45.211+0000] {processor.py:208} INFO - Processing /opt/airflow/dags/crypto_pipeline_dag.py took 0.075 seconds
[2026-06-19T09:50:16.281+0000] {processor.py:186} INFO - Started process (PID=1097) to work on /opt/airflow/dags/crypto_pipeline_dag.py
[2026-06-19T09:50:16.282+0000] {processor.py:914} INFO - Processing file /opt/airflow/dags/crypto_pipeline_dag.py for tasks to queue
[2026-06-19T09:50:16.284+0000] {logging_mixin.py:190} INFO - [2026-06-19T09:50:16.284+0000] {dagbag.py:588} INFO - Filling up the DagBag from /opt/airflow/dags/crypto_pipeline_dag.py
[2026-06-19T09:50:16.300+0000] {processor.py:925} INFO - DAG(s) 'crypto_pipeline_dag' retrieved from /opt/airflow/dags/crypto_pipeline_dag.py
[2026-06-19T09:50:16.322+0000] {logging_mixin.py:190} INFO - [2026-06-19T09:50:16.322+0000] {dag.py:3239} INFO - Sync 1 DAGs
[2026-06-19T09:50:16.339+0000] {logging_mixin.py:190} INFO - [2026-06-19T09:50:16.338+0000] {dag.py:4180} INFO - Setting next_dagrun for crypto_pipeline_dag to 2026-06-19 00:00:00+00:00, run_after=2026-06-20 00:00:00+00:00
[2026-06-19T09:50:16.351+0000] {processor.py:208} INFO - Processing /opt/airflow/dags/crypto_pipeline_dag.py took 0.075 seconds
[2026-06-19T09:50:46.499+0000] {processor.py:186} INFO - Started process (PID=1102) to work on /opt/airflow/dags/crypto_pipeline_dag.py
[2026-06-19T09:50:46.500+0000] {processor.py:914} INFO - Processing file /opt/airflow/dags/crypto_pipeline_dag.py for tasks to queue
[2026-06-19T09:50:46.502+0000] {logging_mixin.py:190} INFO - [2026-06-19T09:50:46.502+0000] {dagbag.py:588} INFO - Filling up the DagBag from /opt/airflow/dags/crypto_pipeline_dag.py
[2026-06-19T09:50:46.519+0000] {processor.py:925} INFO - DAG(s) 'crypto_pipeline_dag' retrieved from /opt/airflow/dags/crypto_pipeline_dag.py
[2026-06-19T09:50:46.540+0000] {logging_mixin.py:190} INFO - [2026-06-19T09:50:46.540+0000] {dag.py:3239} INFO - Sync 1 DAGs
[2026-06-19T09:50:46.557+0000] {logging_mixin.py:190} INFO - [2026-06-19T09:50:46.557+0000] {dag.py:4180} INFO - Setting next_dagrun for crypto_pipeline_dag to 2026-06-19 00:00:00+00:00, run_after=2026-06-20 00:00:00+00:00
[2026-06-19T09:50:46.569+0000] {processor.py:208} INFO - Processing /opt/airflow/dags/crypto_pipeline_dag.py took 0.074 seconds
[2026-06-19T09:51:17.815+0000] {processor.py:186} INFO - Started process (PID=1107) to work on /opt/airflow/dags/crypto_pipeline_dag.py
[2026-06-19T09:51:17.816+0000] {processor.py:914} INFO - Processing file /opt/airflow/dags/crypto_pipeline_dag.py for tasks to queue
[2026-06-19T09:51:17.818+0000] {logging_mixin.py:190} INFO - [2026-06-19T09:51:17.818+0000] {dagbag.py:588} INFO - Filling up the DagBag from /opt/airflow/dags/crypto_pipeline_dag.py
[2026-06-19T09:51:17.831+0000] {processor.py:925} INFO - DAG(s) 'crypto_pipeline_dag' retrieved from /opt/airflow/dags/crypto_pipeline_dag.py
[2026-06-19T09:51:17.852+0000] {logging_mixin.py:190} INFO - [2026-06-19T09:51:17.852+0000] {dag.py:3239} INFO - Sync 1 DAGs
[2026-06-19T09:51:17.869+0000] {logging_mixin.py:190} INFO - [2026-06-19T09:51:17.869+0000] {dag.py:4180} INFO - Setting next_dagrun for crypto_pipeline_dag to 2026-06-19 00:00:00+00:00, run_after=2026-06-20 00:00:00+00:00
[2026-06-19T09:51:17.899+0000] {processor.py:208} INFO - Processing /opt/airflow/dags/crypto_pipeline_dag.py took 0.088 seconds
[2026-06-19T09:51:49.048+0000] {processor.py:186} INFO - Started process (PID=1112) to work on /opt/airflow/dags/crypto_pipeline_dag.py
[2026-06-19T09:51:49.049+0000] {processor.py:914} INFO - Processing file /opt/airflow/dags/crypto_pipeline_dag.py for tasks to queue
[2026-06-19T09:51:49.051+0000] {logging_mixin.py:190} INFO - [2026-06-19T09:51:49.051+0000] {dagbag.py:588} INFO - Filling up the DagBag from /opt/airflow/dags/crypto_pipeline_dag.py
[2026-06-19T09:51:49.065+0000] {processor.py:925} INFO - DAG(s) 'crypto_pipeline_dag' retrieved from /opt/airflow/dags/crypto_pipeline_dag.py
[2026-06-19T09:51:49.085+0000] {logging_mixin.py:190} INFO - [2026-06-19T09:51:49.085+0000] {dag.py:3239} INFO - Sync 1 DAGs
[2026-06-19T09:51:49.102+0000] {logging_mixin.py:190} INFO - [2026-06-19T09:51:49.102+0000] {dag.py:4180} INFO - Setting next_dagrun for crypto_pipeline_dag to 2026-06-19 00:00:00+00:00, run_after=2026-06-20 00:00:00+00:00
[2026-06-19T09:51:49.115+0000] {processor.py:208} INFO - Processing /opt/airflow/dags/crypto_pipeline_dag.py took 0.072 seconds
[2026-06-19T09:52:20.359+0000] {processor.py:186} INFO - Started process (PID=1117) to work on /opt/airflow/dags/crypto_pipeline_dag.py
[2026-06-19T09:52:20.360+0000] {processor.py:914} INFO - Processing file /opt/airflow/dags/crypto_pipeline_dag.py for tasks to queue
[2026-06-19T09:52:20.362+0000] {logging_mixin.py:190} INFO - [2026-06-19T09:52:20.362+0000] {dagbag.py:588} INFO - Filling up the DagBag from /opt/airflow/dags/crypto_pipeline_dag.py
[2026-06-19T09:52:20.374+0000] {processor.py:925} INFO - DAG(s) 'crypto_pipeline_dag' retrieved from /opt/airflow/dags/crypto_pipeline_dag.py
[2026-06-19T09:52:20.392+0000] {logging_mixin.py:190} INFO - [2026-06-19T09:52:20.392+0000] {dag.py:3239} INFO - Sync 1 DAGs
[2026-06-19T09:52:20.409+0000] {logging_mixin.py:190} INFO - [2026-06-19T09:52:20.408+0000] {dag.py:4180} INFO - Setting next_dagrun for crypto_pipeline_dag to 2026-06-19 00:00:00+00:00, run_after=2026-06-20 00:00:00+00:00
[2026-06-19T09:52:20.427+0000] {processor.py:208} INFO - Processing /opt/airflow/dags/crypto_pipeline_dag.py took 0.072 seconds
[2026-06-19T09:52:50.634+0000] {processor.py:186} INFO - Started process (PID=1122) to work on /opt/airflow/dags/crypto_pipeline_dag.py
[2026-06-19T09:52:50.634+0000] {processor.py:914} INFO - Processing file /opt/airflow/dags/crypto_pipeline_dag.py for tasks to queue
[2026-06-19T09:52:50.636+0000] {logging_mixin.py:190} INFO - [2026-06-19T09:52:50.636+0000] {dagbag.py:588} INFO - Filling up the DagBag from /opt/airflow/dags/crypto_pipeline_dag.py
[2026-06-19T09:52:50.649+0000] {processor.py:925} INFO - DAG(s) 'crypto_pipeline_dag' retrieved from /opt/airflow/dags/crypto_pipeline_dag.py
[2026-06-19T09:52:50.668+0000] {logging_mixin.py:190} INFO - [2026-06-19T09:52:50.668+0000] {dag.py:3239} INFO - Sync 1 DAGs
[2026-06-19T09:52:50.683+0000] {logging_mixin.py:190} INFO - [2026-06-19T09:52:50.683+0000] {dag.py:4180} INFO - Setting next_dagrun for crypto_pipeline_dag to 2026-06-19 00:00:00+00:00, run_after=2026-06-20 00:00:00+00:00
[2026-06-19T09:52:50.695+0000] {processor.py:208} INFO - Processing /opt/airflow/dags/crypto_pipeline_dag.py took 0.066 seconds
[2026-06-19T09:53:21.991+0000] {processor.py:186} INFO - Started process (PID=1127) to work on /opt/airflow/dags/crypto_pipeline_dag.py
[2026-06-19T09:53:21.992+0000] {processor.py:914} INFO - Processing file /opt/airflow/dags/crypto_pipeline_dag.py for tasks to queue
[2026-06-19T09:53:21.994+0000] {logging_mixin.py:190} INFO - [2026-06-19T09:53:21.994+0000] {dagbag.py:588} INFO - Filling up the DagBag from /opt/airflow/dags/crypto_pipeline_dag.py
[2026-06-19T09:53:22.006+0000] {processor.py:925} INFO - DAG(s) 'crypto_pipeline_dag' retrieved from /opt/airflow/dags/crypto_pipeline_dag.py
[2026-06-19T09:53:22.025+0000] {logging_mixin.py:190} INFO - [2026-06-19T09:53:22.025+0000] {dag.py:3239} INFO - Sync 1 DAGs
[2026-06-19T09:53:22.040+0000] {logging_mixin.py:190} INFO - [2026-06-19T09:53:22.040+0000] {dag.py:4180} INFO - Setting next_dagrun for crypto_pipeline_dag to 2026-06-19 00:00:00+00:00, run_after=2026-06-20 00:00:00+00:00
[2026-06-19T09:53:22.052+0000] {processor.py:208} INFO - Processing /opt/airflow/dags/crypto_pipeline_dag.py took 0.065 seconds
[2026-06-19T09:53:53.319+0000] {processor.py:186} INFO - Started process (PID=1132) to work on /opt/airflow/dags/crypto_pipeline_dag.py
[2026-06-19T09:53:53.320+0000] {processor.py:914} INFO - Processing file /opt/airflow/dags/crypto_pipeline_dag.py for tasks to queue
[2026-06-19T09:53:53.322+0000] {logging_mixin.py:190} INFO - [2026-06-19T09:53:53.322+0000] {dagbag.py:588} INFO - Filling up the DagBag from /opt/airflow/dags/crypto_pipeline_dag.py
[2026-06-19T09:53:53.335+0000] {processor.py:925} INFO - DAG(s) 'crypto_pipeline_dag' retrieved from /opt/airflow/dags/crypto_pipeline_dag.py
[2026-06-19T09:53:53.356+0000] {logging_mixin.py:190} INFO - [2026-06-19T09:53:53.356+0000] {dag.py:3239} INFO - Sync 1 DAGs
[2026-06-19T09:53:53.373+0000] {logging_mixin.py:190} INFO - [2026-06-19T09:53:53.373+0000] {dag.py:4180} INFO - Setting next_dagrun for crypto_pipeline_dag to 2026-06-19 00:00:00+00:00, run_after=2026-06-20 00:00:00+00:00
[2026-06-19T09:53:53.387+0000] {processor.py:208} INFO - Processing /opt/airflow/dags/crypto_pipeline_dag.py took 0.072 seconds
[2026-06-19T09:54:23.657+0000] {processor.py:186} INFO - Started process (PID=1137) to work on /opt/airflow/dags/crypto_pipeline_dag.py
[2026-06-19T09:54:23.658+0000] {processor.py:914} INFO - Processing file /opt/airflow/dags/crypto_pipeline_dag.py for tasks to queue
[2026-06-19T09:54:23.659+0000] {logging_mixin.py:190} INFO - [2026-06-19T09:54:23.659+0000] {dagbag.py:588} INFO - Filling up the DagBag from /opt/airflow/dags/crypto_pipeline_dag.py
[2026-06-19T09:54:23.671+0000] {processor.py:925} INFO - DAG(s) 'crypto_pipeline_dag' retrieved from /opt/airflow/dags/crypto_pipeline_dag.py
[2026-06-19T09:54:23.689+0000] {logging_mixin.py:190} INFO - [2026-06-19T09:54:23.689+0000] {dag.py:3239} INFO - Sync 1 DAGs
[2026-06-19T09:54:23.704+0000] {logging_mixin.py:190} INFO - [2026-06-19T09:54:23.704+0000] {dag.py:4180} INFO - Setting next_dagrun for crypto_pipeline_dag to 2026-06-19 00:00:00+00:00, run_after=2026-06-20 00:00:00+00:00
[2026-06-19T09:54:23.754+0000] {processor.py:208} INFO - Processing /opt/airflow/dags/crypto_pipeline_dag.py took 0.101 seconds
[2026-06-19T09:54:54.915+0000] {processor.py:186} INFO - Started process (PID=1142) to work on /opt/airflow/dags/crypto_pipeline_dag.py
[2026-06-19T09:54:54.916+0000] {processor.py:914} INFO - Processing file /opt/airflow/dags/crypto_pipeline_dag.py for tasks to queue
[2026-06-19T09:54:54.917+0000] {logging_mixin.py:190} INFO - [2026-06-19T09:54:54.917+0000] {dagbag.py:588} INFO - Filling up the DagBag from /opt/airflow/dags/crypto_pipeline_dag.py
[2026-06-19T09:54:54.933+0000] {processor.py:925} INFO - DAG(s) 'crypto_pipeline_dag' retrieved from /opt/airflow/dags/crypto_pipeline_dag.py
[2026-06-19T09:54:54.953+0000] {logging_mixin.py:190} INFO - [2026-06-19T09:54:54.952+0000] {dag.py:3239} INFO - Sync 1 DAGs
[2026-06-19T09:54:54.969+0000] {logging_mixin.py:190} INFO - [2026-06-19T09:54:54.969+0000] {dag.py:4180} INFO - Setting next_dagrun for crypto_pipeline_dag to 2026-06-19 00:00:00+00:00, run_after=2026-06-20 00:00:00+00:00
[2026-06-19T09:54:54.983+0000] {processor.py:208} INFO - Processing /opt/airflow/dags/crypto_pipeline_dag.py took 0.072 seconds
[2026-06-19T09:55:26.234+0000] {processor.py:186} INFO - Started process (PID=1147) to work on /opt/airflow/dags/crypto_pipeline_dag.py
[2026-06-19T09:55:26.234+0000] {processor.py:914} INFO - Processing file /opt/airflow/dags/crypto_pipeline_dag.py for tasks to queue
[2026-06-19T09:55:26.236+0000] {logging_mixin.py:190} INFO - [2026-06-19T09:55:26.236+0000] {dagbag.py:588} INFO - Filling up the DagBag from /opt/airflow/dags/crypto_pipeline_dag.py
[2026-06-19T09:55:26.249+0000] {processor.py:925} INFO - DAG(s) 'crypto_pipeline_dag' retrieved from /opt/airflow/dags/crypto_pipeline_dag.py
[2026-06-19T09:55:26.270+0000] {logging_mixin.py:190} INFO - [2026-06-19T09:55:26.269+0000] {dag.py:3239} INFO - Sync 1 DAGs
[2026-06-19T09:55:26.287+0000] {logging_mixin.py:190} INFO - [2026-06-19T09:55:26.287+0000] {dag.py:4180} INFO - Setting next_dagrun for crypto_pipeline_dag to 2026-06-19 00:00:00+00:00, run_after=2026-06-20 00:00:00+00:00
[2026-06-19T09:55:26.305+0000] {processor.py:208} INFO - Processing /opt/airflow/dags/crypto_pipeline_dag.py took 0.075 seconds
[2026-06-19T09:55:57.506+0000] {processor.py:186} INFO - Started process (PID=1152) to work on /opt/airflow/dags/crypto_pipeline_dag.py
[2026-06-19T09:55:57.507+0000] {processor.py:914} INFO - Processing file /opt/airflow/dags/crypto_pipeline_dag.py for tasks to queue
[2026-06-19T09:55:57.509+0000] {logging_mixin.py:190} INFO - [2026-06-19T09:55:57.509+0000] {dagbag.py:588} INFO - Filling up the DagBag from /opt/airflow/dags/crypto_pipeline_dag.py
[2026-06-19T09:55:57.522+0000] {processor.py:925} INFO - DAG(s) 'crypto_pipeline_dag' retrieved from /opt/airflow/dags/crypto_pipeline_dag.py
[2026-06-19T09:55:57.542+0000] {logging_mixin.py:190} INFO - [2026-06-19T09:55:57.542+0000] {dag.py:3239} INFO - Sync 1 DAGs
[2026-06-19T09:55:57.559+0000] {logging_mixin.py:190} INFO - [2026-06-19T09:55:57.559+0000] {dag.py:4180} INFO - Setting next_dagrun for crypto_pipeline_dag to 2026-06-19 00:00:00+00:00, run_after=2026-06-20 00:00:00+00:00
[2026-06-19T09:55:57.588+0000] {processor.py:208} INFO - Processing /opt/airflow/dags/crypto_pipeline_dag.py took 0.086 seconds
[2026-06-19T09:56:27.787+0000] {processor.py:186} INFO - Started process (PID=1157) to work on /opt/airflow/dags/crypto_pipeline_dag.py
[2026-06-19T09:56:27.788+0000] {processor.py:914} INFO - Processing file /opt/airflow/dags/crypto_pipeline_dag.py for tasks to queue
[2026-06-19T09:56:27.790+0000] {logging_mixin.py:190} INFO - [2026-06-19T09:56:27.789+0000] {dagbag.py:588} INFO - Filling up the DagBag from /opt/airflow/dags/crypto_pipeline_dag.py
[2026-06-19T09:56:27.803+0000] {processor.py:925} INFO - DAG(s) 'crypto_pipeline_dag' retrieved from /opt/airflow/dags/crypto_pipeline_dag.py
[2026-06-19T09:56:27.822+0000] {logging_mixin.py:190} INFO - [2026-06-19T09:56:27.822+0000] {dag.py:3239} INFO - Sync 1 DAGs
[2026-06-19T09:56:27.838+0000] {logging_mixin.py:190} INFO - [2026-06-19T09:56:27.838+0000] {dag.py:4180} INFO - Setting next_dagrun for crypto_pipeline_dag to 2026-06-19 00:00:00+00:00, run_after=2026-06-20 00:00:00+00:00
[2026-06-19T09:56:27.894+0000] {processor.py:208} INFO - Processing /opt/airflow/dags/crypto_pipeline_dag.py took 0.111 seconds
[2026-06-19T09:56:59.068+0000] {processor.py:186} INFO - Started process (PID=1162) to work on /opt/airflow/dags/crypto_pipeline_dag.py
[2026-06-19T09:56:59.069+0000] {processor.py:914} INFO - Processing file /opt/airflow/dags/crypto_pipeline_dag.py for tasks to queue
[2026-06-19T09:56:59.071+0000] {logging_mixin.py:190} INFO - [2026-06-19T09:56:59.071+0000] {dagbag.py:588} INFO - Filling up the DagBag from /opt/airflow/dags/crypto_pipeline_dag.py
[2026-06-19T09:56:59.083+0000] {processor.py:925} INFO - DAG(s) 'crypto_pipeline_dag' retrieved from /opt/airflow/dags/crypto_pipeline_dag.py
[2026-06-19T09:56:59.103+0000] {logging_mixin.py:190} INFO - [2026-06-19T09:56:59.102+0000] {dag.py:3239} INFO - Sync 1 DAGs
[2026-06-19T09:56:59.119+0000] {logging_mixin.py:190} INFO - [2026-06-19T09:56:59.118+0000] {dag.py:4180} INFO - Setting next_dagrun for crypto_pipeline_dag to 2026-06-19 00:00:00+00:00, run_after=2026-06-20 00:00:00+00:00
[2026-06-19T09:56:59.131+0000] {processor.py:208} INFO - Processing /opt/airflow/dags/crypto_pipeline_dag.py took 0.067 seconds
[2026-06-19T09:57:29.664+0000] {processor.py:186} INFO - Started process (PID=1167) to work on /opt/airflow/dags/crypto_pipeline_dag.py
[2026-06-19T09:57:29.665+0000] {processor.py:914} INFO - Processing file /opt/airflow/dags/crypto_pipeline_dag.py for tasks to queue
[2026-06-19T09:57:29.667+0000] {logging_mixin.py:190} INFO - [2026-06-19T09:57:29.667+0000] {dagbag.py:588} INFO - Filling up the DagBag from /opt/airflow/dags/crypto_pipeline_dag.py
[2026-06-19T09:57:29.679+0000] {processor.py:925} INFO - DAG(s) 'crypto_pipeline_dag' retrieved from /opt/airflow/dags/crypto_pipeline_dag.py
[2026-06-19T09:57:29.699+0000] {logging_mixin.py:190} INFO - [2026-06-19T09:57:29.699+0000] {dag.py:3239} INFO - Sync 1 DAGs
[2026-06-19T09:57:29.715+0000] {logging_mixin.py:190} INFO - [2026-06-19T09:57:29.715+0000] {dag.py:4180} INFO - Setting next_dagrun for crypto_pipeline_dag to 2026-06-19 00:00:00+00:00, run_after=2026-06-20 00:00:00+00:00
[2026-06-19T09:57:29.729+0000] {processor.py:208} INFO - Processing /opt/airflow/dags/crypto_pipeline_dag.py took 0.069 seconds
[2026-06-19T09:58:00.822+0000] {processor.py:186} INFO - Started process (PID=1172) to work on /opt/airflow/dags/crypto_pipeline_dag.py
[2026-06-19T09:58:00.823+0000] {processor.py:914} INFO - Processing file /opt/airflow/dags/crypto_pipeline_dag.py for tasks to queue
[2026-06-19T09:58:00.825+0000] {logging_mixin.py:190} INFO - [2026-06-19T09:58:00.824+0000] {dagbag.py:588} INFO - Filling up the DagBag from /opt/airflow/dags/crypto_pipeline_dag.py
[2026-06-19T09:58:00.838+0000] {processor.py:925} INFO - DAG(s) 'crypto_pipeline_dag' retrieved from /opt/airflow/dags/crypto_pipeline_dag.py
[2026-06-19T09:58:00.859+0000] {logging_mixin.py:190} INFO - [2026-06-19T09:58:00.859+0000] {dag.py:3239} INFO - Sync 1 DAGs
[2026-06-19T09:58:00.875+0000] {logging_mixin.py:190} INFO - [2026-06-19T09:58:00.875+0000] {dag.py:4180} INFO - Setting next_dagrun for crypto_pipeline_dag to 2026-06-19 00:00:00+00:00, run_after=2026-06-20 00:00:00+00:00
[2026-06-19T09:58:00.889+0000] {processor.py:208} INFO - Processing /opt/airflow/dags/crypto_pipeline_dag.py took 0.072 seconds
[2026-06-19T09:58:31.564+0000] {processor.py:186} INFO - Started process (PID=1177) to work on /opt/airflow/dags/crypto_pipeline_dag.py
[2026-06-19T09:58:31.564+0000] {processor.py:914} INFO - Processing file /opt/airflow/dags/crypto_pipeline_dag.py for tasks to queue
[2026-06-19T09:58:31.566+0000] {logging_mixin.py:190} INFO - [2026-06-19T09:58:31.566+0000] {dagbag.py:588} INFO - Filling up the DagBag from /opt/airflow/dags/crypto_pipeline_dag.py
[2026-06-19T09:58:31.578+0000] {processor.py:925} INFO - DAG(s) 'crypto_pipeline_dag' retrieved from /opt/airflow/dags/crypto_pipeline_dag.py
[2026-06-19T09:58:31.598+0000] {logging_mixin.py:190} INFO - [2026-06-19T09:58:31.598+0000] {dag.py:3239} INFO - Sync 1 DAGs
[2026-06-19T09:58:31.616+0000] {logging_mixin.py:190} INFO - [2026-06-19T09:58:31.615+0000] {dag.py:4180} INFO - Setting next_dagrun for crypto_pipeline_dag to 2026-06-19 00:00:00+00:00, run_after=2026-06-20 00:00:00+00:00
[2026-06-19T09:58:31.628+0000] {processor.py:208} INFO - Processing /opt/airflow/dags/crypto_pipeline_dag.py took 0.069 seconds
[2026-06-19T09:59:02.329+0000] {processor.py:186} INFO - Started process (PID=1182) to work on /opt/airflow/dags/crypto_pipeline_dag.py
[2026-06-19T09:59:02.330+0000] {processor.py:914} INFO - Processing file /opt/airflow/dags/crypto_pipeline_dag.py for tasks to queue
[2026-06-19T09:59:02.332+0000] {logging_mixin.py:190} INFO - [2026-06-19T09:59:02.331+0000] {dagbag.py:588} INFO - Filling up the DagBag from /opt/airflow/dags/crypto_pipeline_dag.py
[2026-06-19T09:59:02.347+0000] {processor.py:925} INFO - DAG(s) 'crypto_pipeline_dag' retrieved from /opt/airflow/dags/crypto_pipeline_dag.py
[2026-06-19T09:59:02.367+0000] {logging_mixin.py:190} INFO - [2026-06-19T09:59:02.367+0000] {dag.py:3239} INFO - Sync 1 DAGs
[2026-06-19T09:59:02.384+0000] {logging_mixin.py:190} INFO - [2026-06-19T09:59:02.384+0000] {dag.py:4180} INFO - Setting next_dagrun for crypto_pipeline_dag to 2026-06-19 00:00:00+00:00, run_after=2026-06-20 00:00:00+00:00
[2026-06-19T09:59:02.398+0000] {processor.py:208} INFO - Processing /opt/airflow/dags/crypto_pipeline_dag.py took 0.074 seconds
[2026-06-19T09:59:32.764+0000] {processor.py:186} INFO - Started process (PID=1187) to work on /opt/airflow/dags/crypto_pipeline_dag.py
[2026-06-19T09:59:32.765+0000] {processor.py:914} INFO - Processing file /opt/airflow/dags/crypto_pipeline_dag.py for tasks to queue
[2026-06-19T09:59:32.766+0000] {logging_mixin.py:190} INFO - [2026-06-19T09:59:32.766+0000] {dagbag.py:588} INFO - Filling up the DagBag from /opt/airflow/dags/crypto_pipeline_dag.py
[2026-06-19T09:59:32.778+0000] {processor.py:925} INFO - DAG(s) 'crypto_pipeline_dag' retrieved from /opt/airflow/dags/crypto_pipeline_dag.py
[2026-06-19T09:59:32.798+0000] {logging_mixin.py:190} INFO - [2026-06-19T09:59:32.798+0000] {dag.py:3239} INFO - Sync 1 DAGs
[2026-06-19T09:59:32.817+0000] {logging_mixin.py:190} INFO - [2026-06-19T09:59:32.816+0000] {dag.py:4180} INFO - Setting next_dagrun for crypto_pipeline_dag to 2026-06-19 00:00:00+00:00, run_after=2026-06-20 00:00:00+00:00
[2026-06-19T09:59:32.847+0000] {processor.py:208} INFO - Processing /opt/airflow/dags/crypto_pipeline_dag.py took 0.087 seconds
[2026-06-19T10:00:03.037+0000] {processor.py:186} INFO - Started process (PID=1192) to work on /opt/airflow/dags/crypto_pipeline_dag.py
[2026-06-19T10:00:03.037+0000] {processor.py:914} INFO - Processing file /opt/airflow/dags/crypto_pipeline_dag.py for tasks to queue
[2026-06-19T10:00:03.039+0000] {logging_mixin.py:190} INFO - [2026-06-19T10:00:03.039+0000] {dagbag.py:588} INFO - Filling up the DagBag from /opt/airflow/dags/crypto_pipeline_dag.py
[2026-06-19T10:00:03.057+0000] {processor.py:925} INFO - DAG(s) 'crypto_pipeline_dag' retrieved from /opt/airflow/dags/crypto_pipeline_dag.py
[2026-06-19T10:00:03.079+0000] {logging_mixin.py:190} INFO - [2026-06-19T10:00:03.079+0000] {dag.py:3239} INFO - Sync 1 DAGs
[2026-06-19T10:00:03.096+0000] {logging_mixin.py:190} INFO - [2026-06-19T10:00:03.095+0000] {dag.py:4180} INFO - Setting next_dagrun for crypto_pipeline_dag to 2026-06-19 00:00:00+00:00, run_after=2026-06-20 00:00:00+00:00
[2026-06-19T10:00:03.131+0000] {processor.py:208} INFO - Processing /opt/airflow/dags/crypto_pipeline_dag.py took 0.099 seconds
[2026-06-19T10:00:33.762+0000] {processor.py:186} INFO - Started process (PID=1197) to work on /opt/airflow/dags/crypto_pipeline_dag.py
[2026-06-19T10:00:33.763+0000] {processor.py:914} INFO - Processing file /opt/airflow/dags/crypto_pipeline_dag.py for tasks to queue
[2026-06-19T10:00:33.765+0000] {logging_mixin.py:190} INFO - [2026-06-19T10:00:33.764+0000] {dagbag.py:588} INFO - Filling up the DagBag from /opt/airflow/dags/crypto_pipeline_dag.py
[2026-06-19T10:00:33.779+0000] {processor.py:925} INFO - DAG(s) 'crypto_pipeline_dag' retrieved from /opt/airflow/dags/crypto_pipeline_dag.py
[2026-06-19T10:00:33.798+0000] {logging_mixin.py:190} INFO - [2026-06-19T10:00:33.798+0000] {dag.py:3239} INFO - Sync 1 DAGs
[2026-06-19T10:00:33.813+0000] {logging_mixin.py:190} INFO - [2026-06-19T10:00:33.813+0000] {dag.py:4180} INFO - Setting next_dagrun for crypto_pipeline_dag to 2026-06-19 00:00:00+00:00, run_after=2026-06-20 00:00:00+00:00
[2026-06-19T10:00:33.826+0000] {processor.py:208} INFO - Processing /opt/airflow/dags/crypto_pipeline_dag.py took 0.069 seconds
[2026-06-19T10:01:04.433+0000] {processor.py:186} INFO - Started process (PID=1202) to work on /opt/airflow/dags/crypto_pipeline_dag.py
[2026-06-19T10:01:04.434+0000] {processor.py:914} INFO - Processing file /opt/airflow/dags/crypto_pipeline_dag.py for tasks to queue
[2026-06-19T10:01:04.436+0000] {logging_mixin.py:190} INFO - [2026-06-19T10:01:04.436+0000] {dagbag.py:588} INFO - Filling up the DagBag from /opt/airflow/dags/crypto_pipeline_dag.py
[2026-06-19T10:01:04.454+0000] {processor.py:925} INFO - DAG(s) 'crypto_pipeline_dag' retrieved from /opt/airflow/dags/crypto_pipeline_dag.py
[2026-06-19T10:01:04.476+0000] {logging_mixin.py:190} INFO - [2026-06-19T10:01:04.476+0000] {dag.py:3239} INFO - Sync 1 DAGs
[2026-06-19T10:01:04.494+0000] {logging_mixin.py:190} INFO - [2026-06-19T10:01:04.494+0000] {dag.py:4180} INFO - Setting next_dagrun for crypto_pipeline_dag to 2026-06-19 00:00:00+00:00, run_after=2026-06-20 00:00:00+00:00
[2026-06-19T10:01:04.509+0000] {processor.py:208} INFO - Processing /opt/airflow/dags/crypto_pipeline_dag.py took 0.080 seconds
[2026-06-19T10:01:34.708+0000] {processor.py:186} INFO - Started process (PID=1207) to work on /opt/airflow/dags/crypto_pipeline_dag.py
[2026-06-19T10:01:34.709+0000] {processor.py:914} INFO - Processing file /opt/airflow/dags/crypto_pipeline_dag.py for tasks to queue
[2026-06-19T10:01:34.712+0000] {logging_mixin.py:190} INFO - [2026-06-19T10:01:34.711+0000] {dagbag.py:588} INFO - Filling up the DagBag from /opt/airflow/dags/crypto_pipeline_dag.py
[2026-06-19T10:01:34.737+0000] {processor.py:925} INFO - DAG(s) 'crypto_pipeline_dag' retrieved from /opt/airflow/dags/crypto_pipeline_dag.py
[2026-06-19T10:01:34.755+0000] {logging_mixin.py:190} INFO - [2026-06-19T10:01:34.755+0000] {dag.py:3239} INFO - Sync 1 DAGs
[2026-06-19T10:01:34.770+0000] {logging_mixin.py:190} INFO - [2026-06-19T10:01:34.770+0000] {dag.py:4180} INFO - Setting next_dagrun for crypto_pipeline_dag to 2026-06-19 00:00:00+00:00, run_after=2026-06-20 00:00:00+00:00
[2026-06-19T10:01:34.783+0000] {processor.py:208} INFO - Processing /opt/airflow/dags/crypto_pipeline_dag.py took 0.079 seconds
[2026-06-19T10:02:04.916+0000] {processor.py:186} INFO - Started process (PID=1212) to work on /opt/airflow/dags/crypto_pipeline_dag.py
[2026-06-19T10:02:04.916+0000] {processor.py:914} INFO - Processing file /opt/airflow/dags/crypto_pipeline_dag.py for tasks to queue
[2026-06-19T10:02:04.918+0000] {logging_mixin.py:190} INFO - [2026-06-19T10:02:04.918+0000] {dagbag.py:588} INFO - Filling up the DagBag from /opt/airflow/dags/crypto_pipeline_dag.py
[2026-06-19T10:02:04.931+0000] {processor.py:925} INFO - DAG(s) 'crypto_pipeline_dag' retrieved from /opt/airflow/dags/crypto_pipeline_dag.py
[2026-06-19T10:02:04.950+0000] {logging_mixin.py:190} INFO - [2026-06-19T10:02:04.950+0000] {dag.py:3239} INFO - Sync 1 DAGs
[2026-06-19T10:02:04.967+0000] {logging_mixin.py:190} INFO - [2026-06-19T10:02:04.966+0000] {dag.py:4180} INFO - Setting next_dagrun for crypto_pipeline_dag to 2026-06-19 00:00:00+00:00, run_after=2026-06-20 00:00:00+00:00
[2026-06-19T10:02:04.981+0000] {processor.py:208} INFO - Processing /opt/airflow/dags/crypto_pipeline_dag.py took 0.069 seconds
[2026-06-19T10:02:35.833+0000] {processor.py:186} INFO - Started process (PID=1217) to work on /opt/airflow/dags/crypto_pipeline_dag.py
[2026-06-19T10:02:35.834+0000] {processor.py:914} INFO - Processing file /opt/airflow/dags/crypto_pipeline_dag.py for tasks to queue
[2026-06-19T10:02:35.836+0000] {logging_mixin.py:190} INFO - [2026-06-19T10:02:35.835+0000] {dagbag.py:588} INFO - Filling up the DagBag from /opt/airflow/dags/crypto_pipeline_dag.py
[2026-06-19T10:02:35.854+0000] {processor.py:925} INFO - DAG(s) 'crypto_pipeline_dag' retrieved from /opt/airflow/dags/crypto_pipeline_dag.py
[2026-06-19T10:02:35.875+0000] {logging_mixin.py:190} INFO - [2026-06-19T10:02:35.875+0000] {dag.py:3239} INFO - Sync 1 DAGs
[2026-06-19T10:02:35.892+0000] {logging_mixin.py:190} INFO - [2026-06-19T10:02:35.892+0000] {dag.py:4180} INFO - Setting next_dagrun for crypto_pipeline_dag to 2026-06-19 00:00:00+00:00, run_after=2026-06-20 00:00:00+00:00
[2026-06-19T10:02:35.906+0000] {processor.py:208} INFO - Processing /opt/airflow/dags/crypto_pipeline_dag.py took 0.078 seconds
[2026-06-19T10:03:06.589+0000] {processor.py:186} INFO - Started process (PID=1222) to work on /opt/airflow/dags/crypto_pipeline_dag.py
[2026-06-19T10:03:06.590+0000] {processor.py:914} INFO - Processing file /opt/airflow/dags/crypto_pipeline_dag.py for tasks to queue
[2026-06-19T10:03:06.592+0000] {logging_mixin.py:190} INFO - [2026-06-19T10:03:06.592+0000] {dagbag.py:588} INFO - Filling up the DagBag from /opt/airflow/dags/crypto_pipeline_dag.py
[2026-06-19T10:03:06.606+0000] {processor.py:925} INFO - DAG(s) 'crypto_pipeline_dag' retrieved from /opt/airflow/dags/crypto_pipeline_dag.py
[2026-06-19T10:03:06.629+0000] {logging_mixin.py:190} INFO - [2026-06-19T10:03:06.629+0000] {dag.py:3239} INFO - Sync 1 DAGs
[2026-06-19T10:03:06.647+0000] {logging_mixin.py:190} INFO - [2026-06-19T10:03:06.647+0000] {dag.py:4180} INFO - Setting next_dagrun for crypto_pipeline_dag to 2026-06-19 00:00:00+00:00, run_after=2026-06-20 00:00:00+00:00
[2026-06-19T10:03:06.662+0000] {processor.py:208} INFO - Processing /opt/airflow/dags/crypto_pipeline_dag.py took 0.078 seconds
[2026-06-19T10:03:37.007+0000] {processor.py:186} INFO - Started process (PID=1227) to work on /opt/airflow/dags/crypto_pipeline_dag.py
[2026-06-19T10:03:37.008+0000] {processor.py:914} INFO - Processing file /opt/airflow/dags/crypto_pipeline_dag.py for tasks to queue
[2026-06-19T10:03:37.010+0000] {logging_mixin.py:190} INFO - [2026-06-19T10:03:37.010+0000] {dagbag.py:588} INFO - Filling up the DagBag from /opt/airflow/dags/crypto_pipeline_dag.py
[2026-06-19T10:03:37.027+0000] {processor.py:925} INFO - DAG(s) 'crypto_pipeline_dag' retrieved from /opt/airflow/dags/crypto_pipeline_dag.py
[2026-06-19T10:03:37.057+0000] {logging_mixin.py:190} INFO - [2026-06-19T10:03:37.057+0000] {dag.py:3239} INFO - Sync 1 DAGs
[2026-06-19T10:03:37.076+0000] {logging_mixin.py:190} INFO - [2026-06-19T10:03:37.076+0000] {dag.py:4180} INFO - Setting next_dagrun for crypto_pipeline_dag to 2026-06-19 00:00:00+00:00, run_after=2026-06-20 00:00:00+00:00
[2026-06-19T10:03:37.089+0000] {processor.py:208} INFO - Processing /opt/airflow/dags/crypto_pipeline_dag.py took 0.088 seconds
[2026-06-19T10:04:07.549+0000] {processor.py:186} INFO - Started process (PID=1232) to work on /opt/airflow/dags/crypto_pipeline_dag.py
[2026-06-19T10:04:07.549+0000] {processor.py:914} INFO - Processing file /opt/airflow/dags/crypto_pipeline_dag.py for tasks to queue
[2026-06-19T10:04:07.551+0000] {logging_mixin.py:190} INFO - [2026-06-19T10:04:07.551+0000] {dagbag.py:588} INFO - Filling up the DagBag from /opt/airflow/dags/crypto_pipeline_dag.py
[2026-06-19T10:04:07.563+0000] {processor.py:925} INFO - DAG(s) 'crypto_pipeline_dag' retrieved from /opt/airflow/dags/crypto_pipeline_dag.py
[2026-06-19T10:04:07.584+0000] {logging_mixin.py:190} INFO - [2026-06-19T10:04:07.584+0000] {dag.py:3239} INFO - Sync 1 DAGs
[2026-06-19T10:04:07.601+0000] {logging_mixin.py:190} INFO - [2026-06-19T10:04:07.600+0000] {dag.py:4180} INFO - Setting next_dagrun for crypto_pipeline_dag to 2026-06-19 00:00:00+00:00, run_after=2026-06-20 00:00:00+00:00
[2026-06-19T10:04:07.616+0000] {processor.py:208} INFO - Processing /opt/airflow/dags/crypto_pipeline_dag.py took 0.072 seconds
[2026-06-19T10:04:38.487+0000] {processor.py:186} INFO - Started process (PID=1237) to work on /opt/airflow/dags/crypto_pipeline_dag.py
[2026-06-19T10:04:38.488+0000] {processor.py:914} INFO - Processing file /opt/airflow/dags/crypto_pipeline_dag.py for tasks to queue
[2026-06-19T10:04:38.489+0000] {logging_mixin.py:190} INFO - [2026-06-19T10:04:38.489+0000] {dagbag.py:588} INFO - Filling up the DagBag from /opt/airflow/dags/crypto_pipeline_dag.py
[2026-06-19T10:04:38.501+0000] {processor.py:925} INFO - DAG(s) 'crypto_pipeline_dag' retrieved from /opt/airflow/dags/crypto_pipeline_dag.py
[2026-06-19T10:04:38.521+0000] {logging_mixin.py:190} INFO - [2026-06-19T10:04:38.520+0000] {dag.py:3239} INFO - Sync 1 DAGs
[2026-06-19T10:04:38.536+0000] {logging_mixin.py:190} INFO - [2026-06-19T10:04:38.536+0000] {dag.py:4180} INFO - Setting next_dagrun for crypto_pipeline_dag to 2026-06-19 00:00:00+00:00, run_after=2026-06-20 00:00:00+00:00
[2026-06-19T10:04:38.550+0000] {processor.py:208} INFO - Processing /opt/airflow/dags/crypto_pipeline_dag.py took 0.067 seconds
[2026-06-19T10:05:09.140+0000] {processor.py:186} INFO - Started process (PID=1242) to work on /opt/airflow/dags/crypto_pipeline_dag.py
[2026-06-19T10:05:09.140+0000] {processor.py:914} INFO - Processing file /opt/airflow/dags/crypto_pipeline_dag.py for tasks to queue
[2026-06-19T10:05:09.142+0000] {logging_mixin.py:190} INFO - [2026-06-19T10:05:09.142+0000] {dagbag.py:588} INFO - Filling up the DagBag from /opt/airflow/dags/crypto_pipeline_dag.py
[2026-06-19T10:05:09.155+0000] {processor.py:925} INFO - DAG(s) 'crypto_pipeline_dag' retrieved from /opt/airflow/dags/crypto_pipeline_dag.py
[2026-06-19T10:05:09.174+0000] {logging_mixin.py:190} INFO - [2026-06-19T10:05:09.174+0000] {dag.py:3239} INFO - Sync 1 DAGs
[2026-06-19T10:05:09.190+0000] {logging_mixin.py:190} INFO - [2026-06-19T10:05:09.190+0000] {dag.py:4180} INFO - Setting next_dagrun for crypto_pipeline_dag to 2026-06-19 00:00:00+00:00, run_after=2026-06-20 00:00:00+00:00
[2026-06-19T10:05:09.203+0000] {processor.py:208} INFO - Processing /opt/airflow/dags/crypto_pipeline_dag.py took 0.067 seconds
[2026-06-19T10:05:39.656+0000] {processor.py:186} INFO - Started process (PID=1247) to work on /opt/airflow/dags/crypto_pipeline_dag.py
[2026-06-19T10:05:39.657+0000] {processor.py:914} INFO - Processing file /opt/airflow/dags/crypto_pipeline_dag.py for tasks to queue
[2026-06-19T10:05:39.659+0000] {logging_mixin.py:190} INFO - [2026-06-19T10:05:39.658+0000] {dagbag.py:588} INFO - Filling up the DagBag from /opt/airflow/dags/crypto_pipeline_dag.py
[2026-06-19T10:05:39.676+0000] {processor.py:925} INFO - DAG(s) 'crypto_pipeline_dag' retrieved from /opt/airflow/dags/crypto_pipeline_dag.py
[2026-06-19T10:05:39.696+0000] {logging_mixin.py:190} INFO - [2026-06-19T10:05:39.696+0000] {dag.py:3239} INFO - Sync 1 DAGs
[2026-06-19T10:05:39.714+0000] {logging_mixin.py:190} INFO - [2026-06-19T10:05:39.714+0000] {dag.py:4180} INFO - Setting next_dagrun for crypto_pipeline_dag to 2026-06-19 00:00:00+00:00, run_after=2026-06-20 00:00:00+00:00
[2026-06-19T10:05:39.727+0000] {processor.py:208} INFO - Processing /opt/airflow/dags/crypto_pipeline_dag.py took 0.074 seconds
[2026-06-19T10:06:10.192+0000] {processor.py:186} INFO - Started process (PID=1252) to work on /opt/airflow/dags/crypto_pipeline_dag.py
[2026-06-19T10:06:10.192+0000] {processor.py:914} INFO - Processing file /opt/airflow/dags/crypto_pipeline_dag.py for tasks to queue
[2026-06-19T10:06:10.194+0000] {logging_mixin.py:190} INFO - [2026-06-19T10:06:10.194+0000] {dagbag.py:588} INFO - Filling up the DagBag from /opt/airflow/dags/crypto_pipeline_dag.py
[2026-06-19T10:06:10.206+0000] {processor.py:925} INFO - DAG(s) 'crypto_pipeline_dag' retrieved from /opt/airflow/dags/crypto_pipeline_dag.py
[2026-06-19T10:06:10.225+0000] {logging_mixin.py:190} INFO - [2026-06-19T10:06:10.225+0000] {dag.py:3239} INFO - Sync 1 DAGs
[2026-06-19T10:06:10.241+0000] {logging_mixin.py:190} INFO - [2026-06-19T10:06:10.241+0000] {dag.py:4180} INFO - Setting next_dagrun for crypto_pipeline_dag to 2026-06-19 00:00:00+00:00, run_after=2026-06-20 00:00:00+00:00
[2026-06-19T10:06:10.252+0000] {processor.py:208} INFO - Processing /opt/airflow/dags/crypto_pipeline_dag.py took 0.064 seconds
[2026-06-19T10:06:40.794+0000] {processor.py:186} INFO - Started process (PID=1257) to work on /opt/airflow/dags/crypto_pipeline_dag.py
[2026-06-19T10:06:40.795+0000] {processor.py:914} INFO - Processing file /opt/airflow/dags/crypto_pipeline_dag.py for tasks to queue
[2026-06-19T10:06:40.798+0000] {logging_mixin.py:190} INFO - [2026-06-19T10:06:40.797+0000] {dagbag.py:588} INFO - Filling up the DagBag from /opt/airflow/dags/crypto_pipeline_dag.py
[2026-06-19T10:06:40.817+0000] {processor.py:925} INFO - DAG(s) 'crypto_pipeline_dag' retrieved from /opt/airflow/dags/crypto_pipeline_dag.py
[2026-06-19T10:06:40.838+0000] {logging_mixin.py:190} INFO - [2026-06-19T10:06:40.837+0000] {dag.py:3239} INFO - Sync 1 DAGs
[2026-06-19T10:06:40.854+0000] {logging_mixin.py:190} INFO - [2026-06-19T10:06:40.854+0000] {dag.py:4180} INFO - Setting next_dagrun for crypto_pipeline_dag to 2026-06-19 00:00:00+00:00, run_after=2026-06-20 00:00:00+00:00
[2026-06-19T10:06:40.869+0000] {processor.py:208} INFO - Processing /opt/airflow/dags/crypto_pipeline_dag.py took 0.078 seconds
[2026-06-19T10:07:11.367+0000] {processor.py:186} INFO - Started process (PID=1262) to work on /opt/airflow/dags/crypto_pipeline_dag.py
[2026-06-19T10:07:11.367+0000] {processor.py:914} INFO - Processing file /opt/airflow/dags/crypto_pipeline_dag.py for tasks to queue
[2026-06-19T10:07:11.369+0000] {logging_mixin.py:190} INFO - [2026-06-19T10:07:11.369+0000] {dagbag.py:588} INFO - Filling up the DagBag from /opt/airflow/dags/crypto_pipeline_dag.py
[2026-06-19T10:07:11.381+0000] {processor.py:925} INFO - DAG(s) 'crypto_pipeline_dag' retrieved from /opt/airflow/dags/crypto_pipeline_dag.py
[2026-06-19T10:07:11.401+0000] {logging_mixin.py:190} INFO - [2026-06-19T10:07:11.400+0000] {dag.py:3239} INFO - Sync 1 DAGs
[2026-06-19T10:07:11.417+0000] {logging_mixin.py:190} INFO - [2026-06-19T10:07:11.416+0000] {dag.py:4180} INFO - Setting next_dagrun for crypto_pipeline_dag to 2026-06-19 00:00:00+00:00, run_after=2026-06-20 00:00:00+00:00
[2026-06-19T10:07:11.430+0000] {processor.py:208} INFO - Processing /opt/airflow/dags/crypto_pipeline_dag.py took 0.067 seconds
[2026-06-19T10:07:41.955+0000] {processor.py:186} INFO - Started process (PID=1267) to work on /opt/airflow/dags/crypto_pipeline_dag.py
[2026-06-19T10:07:41.955+0000] {processor.py:914} INFO - Processing file /opt/airflow/dags/crypto_pipeline_dag.py for tasks to queue
[2026-06-19T10:07:41.957+0000] {logging_mixin.py:190} INFO - [2026-06-19T10:07:41.956+0000] {dagbag.py:588} INFO - Filling up the DagBag from /opt/airflow/dags/crypto_pipeline_dag.py
[2026-06-19T10:07:41.970+0000] {processor.py:925} INFO - DAG(s) 'crypto_pipeline_dag' retrieved from /opt/airflow/dags/crypto_pipeline_dag.py
[2026-06-19T10:07:41.990+0000] {logging_mixin.py:190} INFO - [2026-06-19T10:07:41.989+0000] {dag.py:3239} INFO - Sync 1 DAGs
[2026-06-19T10:07:42.006+0000] {logging_mixin.py:190} INFO - [2026-06-19T10:07:42.005+0000] {dag.py:4180} INFO - Setting next_dagrun for crypto_pipeline_dag to 2026-06-19 00:00:00+00:00, run_after=2026-06-20 00:00:00+00:00
[2026-06-19T10:07:42.019+0000] {processor.py:208} INFO - Processing /opt/airflow/dags/crypto_pipeline_dag.py took 0.068 seconds
[2026-06-19T10:08:12.463+0000] {processor.py:186} INFO - Started process (PID=1272) to work on /opt/airflow/dags/crypto_pipeline_dag.py
[2026-06-19T10:08:12.464+0000] {processor.py:914} INFO - Processing file /opt/airflow/dags/crypto_pipeline_dag.py for tasks to queue
[2026-06-19T10:08:12.466+0000] {logging_mixin.py:190} INFO - [2026-06-19T10:08:12.466+0000] {dagbag.py:588} INFO - Filling up the DagBag from /opt/airflow/dags/crypto_pipeline_dag.py
[2026-06-19T10:08:12.480+0000] {processor.py:925} INFO - DAG(s) 'crypto_pipeline_dag' retrieved from /opt/airflow/dags/crypto_pipeline_dag.py
[2026-06-19T10:08:12.503+0000] {logging_mixin.py:190} INFO - [2026-06-19T10:08:12.503+0000] {dag.py:3239} INFO - Sync 1 DAGs
[2026-06-19T10:08:12.519+0000] {logging_mixin.py:190} INFO - [2026-06-19T10:08:12.519+0000] {dag.py:4180} INFO - Setting next_dagrun for crypto_pipeline_dag to 2026-06-19 00:00:00+00:00, run_after=2026-06-20 00:00:00+00:00
[2026-06-19T10:08:12.531+0000] {processor.py:208} INFO - Processing /opt/airflow/dags/crypto_pipeline_dag.py took 0.074 seconds
[2026-06-19T10:08:42.807+0000] {processor.py:186} INFO - Started process (PID=1277) to work on /opt/airflow/dags/crypto_pipeline_dag.py
[2026-06-19T10:08:42.808+0000] {processor.py:914} INFO - Processing file /opt/airflow/dags/crypto_pipeline_dag.py for tasks to queue
[2026-06-19T10:08:42.810+0000] {logging_mixin.py:190} INFO - [2026-06-19T10:08:42.810+0000] {dagbag.py:588} INFO - Filling up the DagBag from /opt/airflow/dags/crypto_pipeline_dag.py
[2026-06-19T10:08:42.822+0000] {processor.py:925} INFO - DAG(s) 'crypto_pipeline_dag' retrieved from /opt/airflow/dags/crypto_pipeline_dag.py
[2026-06-19T10:08:42.842+0000] {logging_mixin.py:190} INFO - [2026-06-19T10:08:42.842+0000] {dag.py:3239} INFO - Sync 1 DAGs
[2026-06-19T10:08:42.858+0000] {logging_mixin.py:190} INFO - [2026-06-19T10:08:42.858+0000] {dag.py:4180} INFO - Setting next_dagrun for crypto_pipeline_dag to 2026-06-19 00:00:00+00:00, run_after=2026-06-20 00:00:00+00:00
[2026-06-19T10:08:42.871+0000] {processor.py:208} INFO - Processing /opt/airflow/dags/crypto_pipeline_dag.py took 0.069 seconds
[2026-06-19T10:09:13.235+0000] {processor.py:186} INFO - Started process (PID=1282) to work on /opt/airflow/dags/crypto_pipeline_dag.py
[2026-06-19T10:09:13.236+0000] {processor.py:914} INFO - Processing file /opt/airflow/dags/crypto_pipeline_dag.py for tasks to queue
[2026-06-19T10:09:13.238+0000] {logging_mixin.py:190} INFO - [2026-06-19T10:09:13.238+0000] {dagbag.py:588} INFO - Filling up the DagBag from /opt/airflow/dags/crypto_pipeline_dag.py
[2026-06-19T10:09:13.252+0000] {processor.py:925} INFO - DAG(s) 'crypto_pipeline_dag' retrieved from /opt/airflow/dags/crypto_pipeline_dag.py
[2026-06-19T10:09:13.270+0000] {logging_mixin.py:190} INFO - [2026-06-19T10:09:13.270+0000] {dag.py:3239} INFO - Sync 1 DAGs
[2026-06-19T10:09:13.286+0000] {logging_mixin.py:190} INFO - [2026-06-19T10:09:13.286+0000] {dag.py:4180} INFO - Setting next_dagrun for crypto_pipeline_dag to 2026-06-19 00:00:00+00:00, run_after=2026-06-20 00:00:00+00:00
[2026-06-19T10:09:13.298+0000] {processor.py:208} INFO - Processing /opt/airflow/dags/crypto_pipeline_dag.py took 0.067 seconds
[2026-06-19T10:09:43.681+0000] {processor.py:186} INFO - Started process (PID=1287) to work on /opt/airflow/dags/crypto_pipeline_dag.py
[2026-06-19T10:09:43.682+0000] {processor.py:914} INFO - Processing file /opt/airflow/dags/crypto_pipeline_dag.py for tasks to queue
[2026-06-19T10:09:43.683+0000] {logging_mixin.py:190} INFO - [2026-06-19T10:09:43.683+0000] {dagbag.py:588} INFO - Filling up the DagBag from /opt/airflow/dags/crypto_pipeline_dag.py
[2026-06-19T10:09:43.696+0000] {processor.py:925} INFO - DAG(s) 'crypto_pipeline_dag' retrieved from /opt/airflow/dags/crypto_pipeline_dag.py
[2026-06-19T10:09:43.716+0000] {logging_mixin.py:190} INFO - [2026-06-19T10:09:43.716+0000] {dag.py:3239} INFO - Sync 1 DAGs
[2026-06-19T10:09:43.732+0000] {logging_mixin.py:190} INFO - [2026-06-19T10:09:43.732+0000] {dag.py:4180} INFO - Setting next_dagrun for crypto_pipeline_dag to 2026-06-19 00:00:00+00:00, run_after=2026-06-20 00:00:00+00:00
[2026-06-19T10:09:43.744+0000] {processor.py:208} INFO - Processing /opt/airflow/dags/crypto_pipeline_dag.py took 0.067 seconds
[2026-06-19T10:10:14.175+0000] {processor.py:186} INFO - Started process (PID=1292) to work on /opt/airflow/dags/crypto_pipeline_dag.py
[2026-06-19T10:10:14.175+0000] {processor.py:914} INFO - Processing file /opt/airflow/dags/crypto_pipeline_dag.py for tasks to queue
[2026-06-19T10:10:14.178+0000] {logging_mixin.py:190} INFO - [2026-06-19T10:10:14.177+0000] {dagbag.py:588} INFO - Filling up the DagBag from /opt/airflow/dags/crypto_pipeline_dag.py
[2026-06-19T10:10:14.189+0000] {processor.py:925} INFO - DAG(s) 'crypto_pipeline_dag' retrieved from /opt/airflow/dags/crypto_pipeline_dag.py
[2026-06-19T10:10:14.211+0000] {logging_mixin.py:190} INFO - [2026-06-19T10:10:14.211+0000] {dag.py:3239} INFO - Sync 1 DAGs
[2026-06-19T10:10:14.229+0000] {logging_mixin.py:190} INFO - [2026-06-19T10:10:14.229+0000] {dag.py:4180} INFO - Setting next_dagrun for crypto_pipeline_dag to 2026-06-19 00:00:00+00:00, run_after=2026-06-20 00:00:00+00:00
[2026-06-19T10:10:14.246+0000] {processor.py:208} INFO - Processing /opt/airflow/dags/crypto_pipeline_dag.py took 0.075 seconds
[2026-06-19T10:10:44.530+0000] {processor.py:186} INFO - Started process (PID=1297) to work on /opt/airflow/dags/crypto_pipeline_dag.py
[2026-06-19T10:10:44.531+0000] {processor.py:914} INFO - Processing file /opt/airflow/dags/crypto_pipeline_dag.py for tasks to queue
[2026-06-19T10:10:44.533+0000] {logging_mixin.py:190} INFO - [2026-06-19T10:10:44.532+0000] {dagbag.py:588} INFO - Filling up the DagBag from /opt/airflow/dags/crypto_pipeline_dag.py
[2026-06-19T10:10:44.551+0000] {processor.py:925} INFO - DAG(s) 'crypto_pipeline_dag' retrieved from /opt/airflow/dags/crypto_pipeline_dag.py
[2026-06-19T10:10:44.572+0000] {logging_mixin.py:190} INFO - [2026-06-19T10:10:44.572+0000] {dag.py:3239} INFO - Sync 1 DAGs
[2026-06-19T10:10:44.588+0000] {logging_mixin.py:190} INFO - [2026-06-19T10:10:44.588+0000] {dag.py:4180} INFO - Setting next_dagrun for crypto_pipeline_dag to 2026-06-19 00:00:00+00:00, run_after=2026-06-20 00:00:00+00:00
[2026-06-19T10:10:44.601+0000] {processor.py:208} INFO - Processing /opt/airflow/dags/crypto_pipeline_dag.py took 0.075 seconds
[2026-06-19T10:11:15.036+0000] {processor.py:186} INFO - Started process (PID=1302) to work on /opt/airflow/dags/crypto_pipeline_dag.py
[2026-06-19T10:11:15.037+0000] {processor.py:914} INFO - Processing file /opt/airflow/dags/crypto_pipeline_dag.py for tasks to queue
[2026-06-19T10:11:15.038+0000] {logging_mixin.py:190} INFO - [2026-06-19T10:11:15.038+0000] {dagbag.py:588} INFO - Filling up the DagBag from /opt/airflow/dags/crypto_pipeline_dag.py
[2026-06-19T10:11:15.053+0000] {processor.py:925} INFO - DAG(s) 'crypto_pipeline_dag' retrieved from /opt/airflow/dags/crypto_pipeline_dag.py
[2026-06-19T10:11:15.076+0000] {logging_mixin.py:190} INFO - [2026-06-19T10:11:15.076+0000] {dag.py:3239} INFO - Sync 1 DAGs
[2026-06-19T10:11:15.093+0000] {logging_mixin.py:190} INFO - [2026-06-19T10:11:15.092+0000] {dag.py:4180} INFO - Setting next_dagrun for crypto_pipeline_dag to 2026-06-19 00:00:00+00:00, run_after=2026-06-20 00:00:00+00:00
[2026-06-19T10:11:15.106+0000] {processor.py:208} INFO - Processing /opt/airflow/dags/crypto_pipeline_dag.py took 0.075 seconds
[2026-06-19T10:11:45.476+0000] {processor.py:186} INFO - Started process (PID=1307) to work on /opt/airflow/dags/crypto_pipeline_dag.py
[2026-06-19T10:11:45.477+0000] {processor.py:914} INFO - Processing file /opt/airflow/dags/crypto_pipeline_dag.py for tasks to queue
[2026-06-19T10:11:45.478+0000] {logging_mixin.py:190} INFO - [2026-06-19T10:11:45.478+0000] {dagbag.py:588} INFO - Filling up the DagBag from /opt/airflow/dags/crypto_pipeline_dag.py
[2026-06-19T10:11:45.497+0000] {processor.py:925} INFO - DAG(s) 'crypto_pipeline_dag' retrieved from /opt/airflow/dags/crypto_pipeline_dag.py
[2026-06-19T10:11:45.518+0000] {logging_mixin.py:190} INFO - [2026-06-19T10:11:45.518+0000] {dag.py:3239} INFO - Sync 1 DAGs
[2026-06-19T10:11:45.534+0000] {logging_mixin.py:190} INFO - [2026-06-19T10:11:45.534+0000] {dag.py:4180} INFO - Setting next_dagrun for crypto_pipeline_dag to 2026-06-19 00:00:00+00:00, run_after=2026-06-20 00:00:00+00:00
[2026-06-19T10:11:45.547+0000] {processor.py:208} INFO - Processing /opt/airflow/dags/crypto_pipeline_dag.py took 0.075 seconds
[2026-06-19T10:12:15.989+0000] {processor.py:186} INFO - Started process (PID=1312) to work on /opt/airflow/dags/crypto_pipeline_dag.py
[2026-06-19T10:12:15.989+0000] {processor.py:914} INFO - Processing file /opt/airflow/dags/crypto_pipeline_dag.py for tasks to queue
[2026-06-19T10:12:15.991+0000] {logging_mixin.py:190} INFO - [2026-06-19T10:12:15.991+0000] {dagbag.py:588} INFO - Filling up the DagBag from /opt/airflow/dags/crypto_pipeline_dag.py
[2026-06-19T10:12:16.005+0000] {processor.py:925} INFO - DAG(s) 'crypto_pipeline_dag' retrieved from /opt/airflow/dags/crypto_pipeline_dag.py
[2026-06-19T10:12:16.027+0000] {logging_mixin.py:190} INFO - [2026-06-19T10:12:16.027+0000] {dag.py:3239} INFO - Sync 1 DAGs
[2026-06-19T10:12:16.042+0000] {logging_mixin.py:190} INFO - [2026-06-19T10:12:16.042+0000] {dag.py:4180} INFO - Setting next_dagrun for crypto_pipeline_dag to 2026-06-19 00:00:00+00:00, run_after=2026-06-20 00:00:00+00:00
[2026-06-19T10:12:16.054+0000] {processor.py:208} INFO - Processing /opt/airflow/dags/crypto_pipeline_dag.py took 0.072 seconds
[2026-06-19T10:12:46.390+0000] {processor.py:186} INFO - Started process (PID=1317) to work on /opt/airflow/dags/crypto_pipeline_dag.py
[2026-06-19T10:12:46.391+0000] {processor.py:914} INFO - Processing file /opt/airflow/dags/crypto_pipeline_dag.py for tasks to queue
[2026-06-19T10:12:46.392+0000] {logging_mixin.py:190} INFO - [2026-06-19T10:12:46.392+0000] {dagbag.py:588} INFO - Filling up the DagBag from /opt/airflow/dags/crypto_pipeline_dag.py
[2026-06-19T10:12:46.408+0000] {processor.py:925} INFO - DAG(s) 'crypto_pipeline_dag' retrieved from /opt/airflow/dags/crypto_pipeline_dag.py
[2026-06-19T10:12:46.430+0000] {logging_mixin.py:190} INFO - [2026-06-19T10:12:46.430+0000] {dag.py:3239} INFO - Sync 1 DAGs
[2026-06-19T10:12:46.446+0000] {logging_mixin.py:190} INFO - [2026-06-19T10:12:46.446+0000] {dag.py:4180} INFO - Setting next_dagrun for crypto_pipeline_dag to 2026-06-19 00:00:00+00:00, run_after=2026-06-20 00:00:00+00:00
[2026-06-19T10:12:46.460+0000] {processor.py:208} INFO - Processing /opt/airflow/dags/crypto_pipeline_dag.py took 0.074 seconds
[2026-06-19T10:13:16.828+0000] {processor.py:186} INFO - Started process (PID=1322) to work on /opt/airflow/dags/crypto_pipeline_dag.py
[2026-06-19T10:13:16.829+0000] {processor.py:914} INFO - Processing file /opt/airflow/dags/crypto_pipeline_dag.py for tasks to queue
[2026-06-19T10:13:16.831+0000] {logging_mixin.py:190} INFO - [2026-06-19T10:13:16.830+0000] {dagbag.py:588} INFO - Filling up the DagBag from /opt/airflow/dags/crypto_pipeline_dag.py
[2026-06-19T10:13:16.850+0000] {processor.py:925} INFO - DAG(s) 'crypto_pipeline_dag' retrieved from /opt/airflow/dags/crypto_pipeline_dag.py
[2026-06-19T10:13:16.874+0000] {logging_mixin.py:190} INFO - [2026-06-19T10:13:16.873+0000] {dag.py:3239} INFO - Sync 1 DAGs
[2026-06-19T10:13:16.890+0000] {logging_mixin.py:190} INFO - [2026-06-19T10:13:16.889+0000] {dag.py:4180} INFO - Setting next_dagrun for crypto_pipeline_dag to 2026-06-19 00:00:00+00:00, run_after=2026-06-20 00:00:00+00:00
[2026-06-19T10:13:16.902+0000] {processor.py:208} INFO - Processing /opt/airflow/dags/crypto_pipeline_dag.py took 0.078 seconds
[2026-06-19T10:13:47.264+0000] {processor.py:186} INFO - Started process (PID=1327) to work on /opt/airflow/dags/crypto_pipeline_dag.py
[2026-06-19T10:13:47.265+0000] {processor.py:914} INFO - Processing file /opt/airflow/dags/crypto_pipeline_dag.py for tasks to queue
[2026-06-19T10:13:47.266+0000] {logging_mixin.py:190} INFO - [2026-06-19T10:13:47.266+0000] {dagbag.py:588} INFO - Filling up the DagBag from /opt/airflow/dags/crypto_pipeline_dag.py
[2026-06-19T10:13:47.280+0000] {processor.py:925} INFO - DAG(s) 'crypto_pipeline_dag' retrieved from /opt/airflow/dags/crypto_pipeline_dag.py
[2026-06-19T10:13:47.300+0000] {logging_mixin.py:190} INFO - [2026-06-19T10:13:47.300+0000] {dag.py:3239} INFO - Sync 1 DAGs
[2026-06-19T10:13:47.318+0000] {logging_mixin.py:190} INFO - [2026-06-19T10:13:47.317+0000] {dag.py:4180} INFO - Setting next_dagrun for crypto_pipeline_dag to 2026-06-19 00:00:00+00:00, run_after=2026-06-20 00:00:00+00:00
[2026-06-19T10:13:47.331+0000] {processor.py:208} INFO - Processing /opt/airflow/dags/crypto_pipeline_dag.py took 0.071 seconds
[2026-06-19T10:14:17.746+0000] {processor.py:186} INFO - Started process (PID=1332) to work on /opt/airflow/dags/crypto_pipeline_dag.py
[2026-06-19T10:14:17.747+0000] {processor.py:914} INFO - Processing file /opt/airflow/dags/crypto_pipeline_dag.py for tasks to queue
[2026-06-19T10:14:17.749+0000] {logging_mixin.py:190} INFO - [2026-06-19T10:14:17.748+0000] {dagbag.py:588} INFO - Filling up the DagBag from /opt/airflow/dags/crypto_pipeline_dag.py
[2026-06-19T10:14:17.761+0000] {processor.py:925} INFO - DAG(s) 'crypto_pipeline_dag' retrieved from /opt/airflow/dags/crypto_pipeline_dag.py
[2026-06-19T10:14:17.780+0000] {logging_mixin.py:190} INFO - [2026-06-19T10:14:17.780+0000] {dag.py:3239} INFO - Sync 1 DAGs
[2026-06-19T10:14:17.795+0000] {logging_mixin.py:190} INFO - [2026-06-19T10:14:17.795+0000] {dag.py:4180} INFO - Setting next_dagrun for crypto_pipeline_dag to 2026-06-19 00:00:00+00:00, run_after=2026-06-20 00:00:00+00:00
[2026-06-19T10:14:17.807+0000] {processor.py:208} INFO - Processing /opt/airflow/dags/crypto_pipeline_dag.py took 0.065 seconds
[2026-06-19T10:14:48.139+0000] {processor.py:186} INFO - Started process (PID=1337) to work on /opt/airflow/dags/crypto_pipeline_dag.py
[2026-06-19T10:14:48.140+0000] {processor.py:914} INFO - Processing file /opt/airflow/dags/crypto_pipeline_dag.py for tasks to queue
[2026-06-19T10:14:48.142+0000] {logging_mixin.py:190} INFO - [2026-06-19T10:14:48.141+0000] {dagbag.py:588} INFO - Filling up the DagBag from /opt/airflow/dags/crypto_pipeline_dag.py
[2026-06-19T10:14:48.154+0000] {processor.py:925} INFO - DAG(s) 'crypto_pipeline_dag' retrieved from /opt/airflow/dags/crypto_pipeline_dag.py
[2026-06-19T10:14:48.174+0000] {logging_mixin.py:190} INFO - [2026-06-19T10:14:48.174+0000] {dag.py:3239} INFO - Sync 1 DAGs
[2026-06-19T10:14:48.191+0000] {logging_mixin.py:190} INFO - [2026-06-19T10:14:48.191+0000] {dag.py:4180} INFO - Setting next_dagrun for crypto_pipeline_dag to 2026-06-19 00:00:00+00:00, run_after=2026-06-20 00:00:00+00:00
[2026-06-19T10:14:48.204+0000] {processor.py:208} INFO - Processing /opt/airflow/dags/crypto_pipeline_dag.py took 0.069 seconds
[2026-06-19T10:15:18.601+0000] {processor.py:186} INFO - Started process (PID=1342) to work on /opt/airflow/dags/crypto_pipeline_dag.py
[2026-06-19T10:15:18.601+0000] {processor.py:914} INFO - Processing file /opt/airflow/dags/crypto_pipeline_dag.py for tasks to queue
[2026-06-19T10:15:18.603+0000] {logging_mixin.py:190} INFO - [2026-06-19T10:15:18.603+0000] {dagbag.py:588} INFO - Filling up the DagBag from /opt/airflow/dags/crypto_pipeline_dag.py
[2026-06-19T10:15:18.615+0000] {processor.py:925} INFO - DAG(s) 'crypto_pipeline_dag' retrieved from /opt/airflow/dags/crypto_pipeline_dag.py
[2026-06-19T10:15:18.636+0000] {logging_mixin.py:190} INFO - [2026-06-19T10:15:18.636+0000] {dag.py:3239} INFO - Sync 1 DAGs
[2026-06-19T10:15:18.652+0000] {logging_mixin.py:190} INFO - [2026-06-19T10:15:18.652+0000] {dag.py:4180} INFO - Setting next_dagrun for crypto_pipeline_dag to 2026-06-19 00:00:00+00:00, run_after=2026-06-20 00:00:00+00:00
[2026-06-19T10:15:18.664+0000] {processor.py:208} INFO - Processing /opt/airflow/dags/crypto_pipeline_dag.py took 0.068 seconds
[2026-06-19T10:15:49.010+0000] {processor.py:186} INFO - Started process (PID=1347) to work on /opt/airflow/dags/crypto_pipeline_dag.py
[2026-06-19T10:15:49.011+0000] {processor.py:914} INFO - Processing file /opt/airflow/dags/crypto_pipeline_dag.py for tasks to queue
[2026-06-19T10:15:49.012+0000] {logging_mixin.py:190} INFO - [2026-06-19T10:15:49.012+0000] {dagbag.py:588} INFO - Filling up the DagBag from /opt/airflow/dags/crypto_pipeline_dag.py
[2026-06-19T10:15:49.024+0000] {processor.py:925} INFO - DAG(s) 'crypto_pipeline_dag' retrieved from /opt/airflow/dags/crypto_pipeline_dag.py
[2026-06-19T10:15:49.044+0000] {logging_mixin.py:190} INFO - [2026-06-19T10:15:49.044+0000] {dag.py:3239} INFO - Sync 1 DAGs
[2026-06-19T10:15:49.061+0000] {logging_mixin.py:190} INFO - [2026-06-19T10:15:49.060+0000] {dag.py:4180} INFO - Setting next_dagrun for crypto_pipeline_dag to 2026-06-19 00:00:00+00:00, run_after=2026-06-20 00:00:00+00:00
[2026-06-19T10:15:49.073+0000] {processor.py:208} INFO - Processing /opt/airflow/dags/crypto_pipeline_dag.py took 0.068 seconds
[2026-06-19T10:16:19.405+0000] {processor.py:186} INFO - Started process (PID=1352) to work on /opt/airflow/dags/crypto_pipeline_dag.py
[2026-06-19T10:16:19.406+0000] {processor.py:914} INFO - Processing file /opt/airflow/dags/crypto_pipeline_dag.py for tasks to queue
[2026-06-19T10:16:19.408+0000] {logging_mixin.py:190} INFO - [2026-06-19T10:16:19.408+0000] {dagbag.py:588} INFO - Filling up the DagBag from /opt/airflow/dags/crypto_pipeline_dag.py
[2026-06-19T10:16:19.423+0000] {processor.py:925} INFO - DAG(s) 'crypto_pipeline_dag' retrieved from /opt/airflow/dags/crypto_pipeline_dag.py
[2026-06-19T10:16:19.445+0000] {logging_mixin.py:190} INFO - [2026-06-19T10:16:19.445+0000] {dag.py:3239} INFO - Sync 1 DAGs
[2026-06-19T10:16:19.462+0000] {logging_mixin.py:190} INFO - [2026-06-19T10:16:19.462+0000] {dag.py:4180} INFO - Setting next_dagrun for crypto_pipeline_dag to 2026-06-19 00:00:00+00:00, run_after=2026-06-20 00:00:00+00:00
[2026-06-19T10:16:19.476+0000] {processor.py:208} INFO - Processing /opt/airflow/dags/crypto_pipeline_dag.py took 0.075 seconds
[2026-06-19T10:16:50.041+0000] {processor.py:186} INFO - Started process (PID=1357) to work on /opt/airflow/dags/crypto_pipeline_dag.py
[2026-06-19T10:16:50.042+0000] {processor.py:914} INFO - Processing file /opt/airflow/dags/crypto_pipeline_dag.py for tasks to queue
[2026-06-19T10:16:50.044+0000] {logging_mixin.py:190} INFO - [2026-06-19T10:16:50.044+0000] {dagbag.py:588} INFO - Filling up the DagBag from /opt/airflow/dags/crypto_pipeline_dag.py
[2026-06-19T10:16:50.056+0000] {processor.py:925} INFO - DAG(s) 'crypto_pipeline_dag' retrieved from /opt/airflow/dags/crypto_pipeline_dag.py
[2026-06-19T10:16:50.075+0000] {logging_mixin.py:190} INFO - [2026-06-19T10:16:50.075+0000] {dag.py:3239} INFO - Sync 1 DAGs
[2026-06-19T10:16:50.091+0000] {logging_mixin.py:190} INFO - [2026-06-19T10:16:50.091+0000] {dag.py:4180} INFO - Setting next_dagrun for crypto_pipeline_dag to 2026-06-19 00:00:00+00:00, run_after=2026-06-20 00:00:00+00:00
[2026-06-19T10:16:50.105+0000] {processor.py:208} INFO - Processing /opt/airflow/dags/crypto_pipeline_dag.py took 0.067 seconds
[2026-06-19T10:17:20.412+0000] {processor.py:186} INFO - Started process (PID=1362) to work on /opt/airflow/dags/crypto_pipeline_dag.py
[2026-06-19T10:17:20.413+0000] {processor.py:914} INFO - Processing file /opt/airflow/dags/crypto_pipeline_dag.py for tasks to queue
[2026-06-19T10:17:20.415+0000] {logging_mixin.py:190} INFO - [2026-06-19T10:17:20.415+0000] {dagbag.py:588} INFO - Filling up the DagBag from /opt/airflow/dags/crypto_pipeline_dag.py
[2026-06-19T10:17:20.427+0000] {processor.py:925} INFO - DAG(s) 'crypto_pipeline_dag' retrieved from /opt/airflow/dags/crypto_pipeline_dag.py
[2026-06-19T10:17:20.447+0000] {logging_mixin.py:190} INFO - [2026-06-19T10:17:20.447+0000] {dag.py:3239} INFO - Sync 1 DAGs
[2026-06-19T10:17:20.463+0000] {logging_mixin.py:190} INFO - [2026-06-19T10:17:20.463+0000] {dag.py:4180} INFO - Setting next_dagrun for crypto_pipeline_dag to 2026-06-19 00:00:00+00:00, run_after=2026-06-20 00:00:00+00:00
[2026-06-19T10:17:20.475+0000] {processor.py:208} INFO - Processing /opt/airflow/dags/crypto_pipeline_dag.py took 0.067 seconds
[2026-06-19T10:17:50.882+0000] {processor.py:186} INFO - Started process (PID=1367) to work on /opt/airflow/dags/crypto_pipeline_dag.py
[2026-06-19T10:17:50.883+0000] {processor.py:914} INFO - Processing file /opt/airflow/dags/crypto_pipeline_dag.py for tasks to queue
[2026-06-19T10:17:50.885+0000] {logging_mixin.py:190} INFO - [2026-06-19T10:17:50.885+0000] {dagbag.py:588} INFO - Filling up the DagBag from /opt/airflow/dags/crypto_pipeline_dag.py
[2026-06-19T10:17:50.897+0000] {processor.py:925} INFO - DAG(s) 'crypto_pipeline_dag' retrieved from /opt/airflow/dags/crypto_pipeline_dag.py
[2026-06-19T10:17:50.916+0000] {logging_mixin.py:190} INFO - [2026-06-19T10:17:50.916+0000] {dag.py:3239} INFO - Sync 1 DAGs
[2026-06-19T10:17:50.932+0000] {logging_mixin.py:190} INFO - [2026-06-19T10:17:50.932+0000] {dag.py:4180} INFO - Setting next_dagrun for crypto_pipeline_dag to 2026-06-19 00:00:00+00:00, run_after=2026-06-20 00:00:00+00:00
[2026-06-19T10:17:50.946+0000] {processor.py:208} INFO - Processing /opt/airflow/dags/crypto_pipeline_dag.py took 0.068 seconds
[2026-06-19T10:18:21.322+0000] {processor.py:186} INFO - Started process (PID=1372) to work on /opt/airflow/dags/crypto_pipeline_dag.py
[2026-06-19T10:18:21.323+0000] {processor.py:914} INFO - Processing file /opt/airflow/dags/crypto_pipeline_dag.py for tasks to queue
[2026-06-19T10:18:21.325+0000] {logging_mixin.py:190} INFO - [2026-06-19T10:18:21.324+0000] {dagbag.py:588} INFO - Filling up the DagBag from /opt/airflow/dags/crypto_pipeline_dag.py
[2026-06-19T10:18:21.337+0000] {processor.py:925} INFO - DAG(s) 'crypto_pipeline_dag' retrieved from /opt/airflow/dags/crypto_pipeline_dag.py
[2026-06-19T10:18:21.356+0000] {logging_mixin.py:190} INFO - [2026-06-19T10:18:21.356+0000] {dag.py:3239} INFO - Sync 1 DAGs
[2026-06-19T10:18:21.372+0000] {logging_mixin.py:190} INFO - [2026-06-19T10:18:21.372+0000] {dag.py:4180} INFO - Setting next_dagrun for crypto_pipeline_dag to 2026-06-19 00:00:00+00:00, run_after=2026-06-20 00:00:00+00:00
[2026-06-19T10:18:21.385+0000] {processor.py:208} INFO - Processing /opt/airflow/dags/crypto_pipeline_dag.py took 0.068 seconds
[2026-06-19T10:18:51.830+0000] {processor.py:186} INFO - Started process (PID=1377) to work on /opt/airflow/dags/crypto_pipeline_dag.py
[2026-06-19T10:18:51.830+0000] {processor.py:914} INFO - Processing file /opt/airflow/dags/crypto_pipeline_dag.py for tasks to queue
[2026-06-19T10:18:51.833+0000] {logging_mixin.py:190} INFO - [2026-06-19T10:18:51.832+0000] {dagbag.py:588} INFO - Filling up the DagBag from /opt/airflow/dags/crypto_pipeline_dag.py
[2026-06-19T10:18:51.845+0000] {processor.py:925} INFO - DAG(s) 'crypto_pipeline_dag' retrieved from /opt/airflow/dags/crypto_pipeline_dag.py
[2026-06-19T10:18:51.863+0000] {logging_mixin.py:190} INFO - [2026-06-19T10:18:51.863+0000] {dag.py:3239} INFO - Sync 1 DAGs
[2026-06-19T10:18:51.880+0000] {logging_mixin.py:190} INFO - [2026-06-19T10:18:51.880+0000] {dag.py:4180} INFO - Setting next_dagrun for crypto_pipeline_dag to 2026-06-19 00:00:00+00:00, run_after=2026-06-20 00:00:00+00:00
[2026-06-19T10:18:51.893+0000] {processor.py:208} INFO - Processing /opt/airflow/dags/crypto_pipeline_dag.py took 0.068 seconds
[2026-06-19T10:19:22.278+0000] {processor.py:186} INFO - Started process (PID=1382) to work on /opt/airflow/dags/crypto_pipeline_dag.py
[2026-06-19T10:19:22.279+0000] {processor.py:914} INFO - Processing file /opt/airflow/dags/crypto_pipeline_dag.py for tasks to queue
[2026-06-19T10:19:22.281+0000] {logging_mixin.py:190} INFO - [2026-06-19T10:19:22.280+0000] {dagbag.py:588} INFO - Filling up the DagBag from /opt/airflow/dags/crypto_pipeline_dag.py
[2026-06-19T10:19:22.294+0000] {processor.py:925} INFO - DAG(s) 'crypto_pipeline_dag' retrieved from /opt/airflow/dags/crypto_pipeline_dag.py
[2026-06-19T10:19:22.314+0000] {logging_mixin.py:190} INFO - [2026-06-19T10:19:22.314+0000] {dag.py:3239} INFO - Sync 1 DAGs
[2026-06-19T10:19:22.331+0000] {logging_mixin.py:190} INFO - [2026-06-19T10:19:22.331+0000] {dag.py:4180} INFO - Setting next_dagrun for crypto_pipeline_dag to 2026-06-19 00:00:00+00:00, run_after=2026-06-20 00:00:00+00:00
[2026-06-19T10:19:22.343+0000] {processor.py:208} INFO - Processing /opt/airflow/dags/crypto_pipeline_dag.py took 0.069 seconds
[2026-06-19T10:19:52.742+0000] {processor.py:186} INFO - Started process (PID=1387) to work on /opt/airflow/dags/crypto_pipeline_dag.py
[2026-06-19T10:19:52.743+0000] {processor.py:914} INFO - Processing file /opt/airflow/dags/crypto_pipeline_dag.py for tasks to queue
[2026-06-19T10:19:52.745+0000] {logging_mixin.py:190} INFO - [2026-06-19T10:19:52.745+0000] {dagbag.py:588} INFO - Filling up the DagBag from /opt/airflow/dags/crypto_pipeline_dag.py
[2026-06-19T10:19:52.758+0000] {processor.py:925} INFO - DAG(s) 'crypto_pipeline_dag' retrieved from /opt/airflow/dags/crypto_pipeline_dag.py
[2026-06-19T10:19:52.779+0000] {logging_mixin.py:190} INFO - [2026-06-19T10:19:52.778+0000] {dag.py:3239} INFO - Sync 1 DAGs
[2026-06-19T10:19:52.795+0000] {logging_mixin.py:190} INFO - [2026-06-19T10:19:52.795+0000] {dag.py:4180} INFO - Setting next_dagrun for crypto_pipeline_dag to 2026-06-19 00:00:00+00:00, run_after=2026-06-20 00:00:00+00:00
[2026-06-19T10:19:52.809+0000] {processor.py:208} INFO - Processing /opt/airflow/dags/crypto_pipeline_dag.py took 0.071 seconds
[2026-06-19T10:20:23.254+0000] {processor.py:186} INFO - Started process (PID=1392) to work on /opt/airflow/dags/crypto_pipeline_dag.py
[2026-06-19T10:20:23.255+0000] {processor.py:914} INFO - Processing file /opt/airflow/dags/crypto_pipeline_dag.py for tasks to queue
[2026-06-19T10:20:23.257+0000] {logging_mixin.py:190} INFO - [2026-06-19T10:20:23.256+0000] {dagbag.py:588} INFO - Filling up the DagBag from /opt/airflow/dags/crypto_pipeline_dag.py
[2026-06-19T10:20:23.274+0000] {processor.py:925} INFO - DAG(s) 'crypto_pipeline_dag' retrieved from /opt/airflow/dags/crypto_pipeline_dag.py
[2026-06-19T10:20:23.293+0000] {logging_mixin.py:190} INFO - [2026-06-19T10:20:23.293+0000] {dag.py:3239} INFO - Sync 1 DAGs
[2026-06-19T10:20:23.310+0000] {logging_mixin.py:190} INFO - [2026-06-19T10:20:23.310+0000] {dag.py:4180} INFO - Setting next_dagrun for crypto_pipeline_dag to 2026-06-19 00:00:00+00:00, run_after=2026-06-20 00:00:00+00:00
[2026-06-19T10:20:23.322+0000] {processor.py:208} INFO - Processing /opt/airflow/dags/crypto_pipeline_dag.py took 0.071 seconds
[2026-06-19T10:20:53.697+0000] {processor.py:186} INFO - Started process (PID=1397) to work on /opt/airflow/dags/crypto_pipeline_dag.py
[2026-06-19T10:20:53.697+0000] {processor.py:914} INFO - Processing file /opt/airflow/dags/crypto_pipeline_dag.py for tasks to queue
[2026-06-19T10:20:53.699+0000] {logging_mixin.py:190} INFO - [2026-06-19T10:20:53.699+0000] {dagbag.py:588} INFO - Filling up the DagBag from /opt/airflow/dags/crypto_pipeline_dag.py
[2026-06-19T10:20:53.712+0000] {processor.py:925} INFO - DAG(s) 'crypto_pipeline_dag' retrieved from /opt/airflow/dags/crypto_pipeline_dag.py
[2026-06-19T10:20:53.733+0000] {logging_mixin.py:190} INFO - [2026-06-19T10:20:53.733+0000] {dag.py:3239} INFO - Sync 1 DAGs
[2026-06-19T10:20:53.749+0000] {logging_mixin.py:190} INFO - [2026-06-19T10:20:53.749+0000] {dag.py:4180} INFO - Setting next_dagrun for crypto_pipeline_dag to 2026-06-19 00:00:00+00:00, run_after=2026-06-20 00:00:00+00:00
[2026-06-19T10:20:53.762+0000] {processor.py:208} INFO - Processing /opt/airflow/dags/crypto_pipeline_dag.py took 0.070 seconds
[2026-06-19T10:21:24.161+0000] {processor.py:186} INFO - Started process (PID=1402) to work on /opt/airflow/dags/crypto_pipeline_dag.py
[2026-06-19T10:21:24.162+0000] {processor.py:914} INFO - Processing file /opt/airflow/dags/crypto_pipeline_dag.py for tasks to queue
[2026-06-19T10:21:24.164+0000] {logging_mixin.py:190} INFO - [2026-06-19T10:21:24.164+0000] {dagbag.py:588} INFO - Filling up the DagBag from /opt/airflow/dags/crypto_pipeline_dag.py
[2026-06-19T10:21:24.177+0000] {processor.py:925} INFO - DAG(s) 'crypto_pipeline_dag' retrieved from /opt/airflow/dags/crypto_pipeline_dag.py
[2026-06-19T10:21:24.198+0000] {logging_mixin.py:190} INFO - [2026-06-19T10:21:24.198+0000] {dag.py:3239} INFO - Sync 1 DAGs
[2026-06-19T10:21:24.216+0000] {logging_mixin.py:190} INFO - [2026-06-19T10:21:24.215+0000] {dag.py:4180} INFO - Setting next_dagrun for crypto_pipeline_dag to 2026-06-19 00:00:00+00:00, run_after=2026-06-20 00:00:00+00:00
[2026-06-19T10:21:24.231+0000] {processor.py:208} INFO - Processing /opt/airflow/dags/crypto_pipeline_dag.py took 0.074 seconds
[2026-06-19T10:21:54.656+0000] {processor.py:186} INFO - Started process (PID=1407) to work on /opt/airflow/dags/crypto_pipeline_dag.py
[2026-06-19T10:21:54.657+0000] {processor.py:914} INFO - Processing file /opt/airflow/dags/crypto_pipeline_dag.py for tasks to queue
[2026-06-19T10:21:54.659+0000] {logging_mixin.py:190} INFO - [2026-06-19T10:21:54.659+0000] {dagbag.py:588} INFO - Filling up the DagBag from /opt/airflow/dags/crypto_pipeline_dag.py
[2026-06-19T10:21:54.674+0000] {processor.py:925} INFO - DAG(s) 'crypto_pipeline_dag' retrieved from /opt/airflow/dags/crypto_pipeline_dag.py
[2026-06-19T10:21:54.694+0000] {logging_mixin.py:190} INFO - [2026-06-19T10:21:54.693+0000] {dag.py:3239} INFO - Sync 1 DAGs
[2026-06-19T10:21:54.709+0000] {logging_mixin.py:190} INFO - [2026-06-19T10:21:54.709+0000] {dag.py:4180} INFO - Setting next_dagrun for crypto_pipeline_dag to 2026-06-19 00:00:00+00:00, run_after=2026-06-20 00:00:00+00:00
[2026-06-19T10:21:54.723+0000] {processor.py:208} INFO - Processing /opt/airflow/dags/crypto_pipeline_dag.py took 0.071 seconds
[2026-06-19T10:22:25.153+0000] {processor.py:186} INFO - Started process (PID=1412) to work on /opt/airflow/dags/crypto_pipeline_dag.py
[2026-06-19T10:22:25.154+0000] {processor.py:914} INFO - Processing file /opt/airflow/dags/crypto_pipeline_dag.py for tasks to queue
[2026-06-19T10:22:25.156+0000] {logging_mixin.py:190} INFO - [2026-06-19T10:22:25.155+0000] {dagbag.py:588} INFO - Filling up the DagBag from /opt/airflow/dags/crypto_pipeline_dag.py
[2026-06-19T10:22:25.169+0000] {processor.py:925} INFO - DAG(s) 'crypto_pipeline_dag' retrieved from /opt/airflow/dags/crypto_pipeline_dag.py
[2026-06-19T10:22:25.189+0000] {logging_mixin.py:190} INFO - [2026-06-19T10:22:25.189+0000] {dag.py:3239} INFO - Sync 1 DAGs
[2026-06-19T10:22:25.205+0000] {logging_mixin.py:190} INFO - [2026-06-19T10:22:25.205+0000] {dag.py:4180} INFO - Setting next_dagrun for crypto_pipeline_dag to 2026-06-19 00:00:00+00:00, run_after=2026-06-20 00:00:00+00:00
[2026-06-19T10:22:25.219+0000] {processor.py:208} INFO - Processing /opt/airflow/dags/crypto_pipeline_dag.py took 0.070 seconds
[2026-06-19T10:22:55.650+0000] {processor.py:186} INFO - Started process (PID=1417) to work on /opt/airflow/dags/crypto_pipeline_dag.py
[2026-06-19T10:22:55.651+0000] {processor.py:914} INFO - Processing file /opt/airflow/dags/crypto_pipeline_dag.py for tasks to queue
[2026-06-19T10:22:55.653+0000] {logging_mixin.py:190} INFO - [2026-06-19T10:22:55.652+0000] {dagbag.py:588} INFO - Filling up the DagBag from /opt/airflow/dags/crypto_pipeline_dag.py
[2026-06-19T10:22:55.669+0000] {processor.py:925} INFO - DAG(s) 'crypto_pipeline_dag' retrieved from /opt/airflow/dags/crypto_pipeline_dag.py
[2026-06-19T10:22:55.690+0000] {logging_mixin.py:190} INFO - [2026-06-19T10:22:55.690+0000] {dag.py:3239} INFO - Sync 1 DAGs
[2026-06-19T10:22:55.708+0000] {logging_mixin.py:190} INFO - [2026-06-19T10:22:55.707+0000] {dag.py:4180} INFO - Setting next_dagrun for crypto_pipeline_dag to 2026-06-19 00:00:00+00:00, run_after=2026-06-20 00:00:00+00:00
[2026-06-19T10:22:55.723+0000] {processor.py:208} INFO - Processing /opt/airflow/dags/crypto_pipeline_dag.py took 0.078 seconds
[2026-06-19T10:23:26.137+0000] {processor.py:186} INFO - Started process (PID=1422) to work on /opt/airflow/dags/crypto_pipeline_dag.py
[2026-06-19T10:23:26.138+0000] {processor.py:914} INFO - Processing file /opt/airflow/dags/crypto_pipeline_dag.py for tasks to queue
[2026-06-19T10:23:26.139+0000] {logging_mixin.py:190} INFO - [2026-06-19T10:23:26.139+0000] {dagbag.py:588} INFO - Filling up the DagBag from /opt/airflow/dags/crypto_pipeline_dag.py
[2026-06-19T10:23:26.153+0000] {processor.py:925} INFO - DAG(s) 'crypto_pipeline_dag' retrieved from /opt/airflow/dags/crypto_pipeline_dag.py
[2026-06-19T10:23:26.174+0000] {logging_mixin.py:190} INFO - [2026-06-19T10:23:26.174+0000] {dag.py:3239} INFO - Sync 1 DAGs
[2026-06-19T10:23:26.190+0000] {logging_mixin.py:190} INFO - [2026-06-19T10:23:26.190+0000] {dag.py:4180} INFO - Setting next_dagrun for crypto_pipeline_dag to 2026-06-19 00:00:00+00:00, run_after=2026-06-20 00:00:00+00:00
[2026-06-19T10:23:26.202+0000] {processor.py:208} INFO - Processing /opt/airflow/dags/crypto_pipeline_dag.py took 0.070 seconds
[2026-06-19T10:23:56.668+0000] {processor.py:186} INFO - Started process (PID=1427) to work on /opt/airflow/dags/crypto_pipeline_dag.py
[2026-06-19T10:23:56.669+0000] {processor.py:914} INFO - Processing file /opt/airflow/dags/crypto_pipeline_dag.py for tasks to queue
[2026-06-19T10:23:56.671+0000] {logging_mixin.py:190} INFO - [2026-06-19T10:23:56.670+0000] {dagbag.py:588} INFO - Filling up the DagBag from /opt/airflow/dags/crypto_pipeline_dag.py
[2026-06-19T10:23:56.688+0000] {processor.py:925} INFO - DAG(s) 'crypto_pipeline_dag' retrieved from /opt/airflow/dags/crypto_pipeline_dag.py
[2026-06-19T10:23:56.709+0000] {logging_mixin.py:190} INFO - [2026-06-19T10:23:56.709+0000] {dag.py:3239} INFO - Sync 1 DAGs
[2026-06-19T10:23:56.725+0000] {logging_mixin.py:190} INFO - [2026-06-19T10:23:56.725+0000] {dag.py:4180} INFO - Setting next_dagrun for crypto_pipeline_dag to 2026-06-19 00:00:00+00:00, run_after=2026-06-20 00:00:00+00:00
[2026-06-19T10:23:56.740+0000] {processor.py:208} INFO - Processing /opt/airflow/dags/crypto_pipeline_dag.py took 0.076 seconds
[2026-06-19T10:24:27.190+0000] {processor.py:186} INFO - Started process (PID=1432) to work on /opt/airflow/dags/crypto_pipeline_dag.py
[2026-06-19T10:24:27.191+0000] {processor.py:914} INFO - Processing file /opt/airflow/dags/crypto_pipeline_dag.py for tasks to queue
[2026-06-19T10:24:27.193+0000] {logging_mixin.py:190} INFO - [2026-06-19T10:24:27.192+0000] {dagbag.py:588} INFO - Filling up the DagBag from /opt/airflow/dags/crypto_pipeline_dag.py
[2026-06-19T10:24:27.205+0000] {processor.py:925} INFO - DAG(s) 'crypto_pipeline_dag' retrieved from /opt/airflow/dags/crypto_pipeline_dag.py
[2026-06-19T10:24:27.225+0000] {logging_mixin.py:190} INFO - [2026-06-19T10:24:27.225+0000] {dag.py:3239} INFO - Sync 1 DAGs
[2026-06-19T10:24:27.241+0000] {logging_mixin.py:190} INFO - [2026-06-19T10:24:27.241+0000] {dag.py:4180} INFO - Setting next_dagrun for crypto_pipeline_dag to 2026-06-19 00:00:00+00:00, run_after=2026-06-20 00:00:00+00:00
[2026-06-19T10:24:27.256+0000] {processor.py:208} INFO - Processing /opt/airflow/dags/crypto_pipeline_dag.py took 0.069 seconds
[2026-06-19T10:24:58.742+0000] {processor.py:186} INFO - Started process (PID=1437) to work on /opt/airflow/dags/crypto_pipeline_dag.py
[2026-06-19T10:24:58.743+0000] {processor.py:914} INFO - Processing file /opt/airflow/dags/crypto_pipeline_dag.py for tasks to queue
[2026-06-19T10:24:58.745+0000] {logging_mixin.py:190} INFO - [2026-06-19T10:24:58.744+0000] {dagbag.py:588} INFO - Filling up the DagBag from /opt/airflow/dags/crypto_pipeline_dag.py
[2026-06-19T10:24:58.758+0000] {processor.py:925} INFO - DAG(s) 'crypto_pipeline_dag' retrieved from /opt/airflow/dags/crypto_pipeline_dag.py
[2026-06-19T10:24:58.781+0000] {logging_mixin.py:190} INFO - [2026-06-19T10:24:58.781+0000] {dag.py:3239} INFO - Sync 1 DAGs
[2026-06-19T10:24:58.798+0000] {logging_mixin.py:190} INFO - [2026-06-19T10:24:58.798+0000] {dag.py:4180} INFO - Setting next_dagrun for crypto_pipeline_dag to 2026-06-19 00:00:00+00:00, run_after=2026-06-20 00:00:00+00:00
[2026-06-19T10:24:58.811+0000] {processor.py:208} INFO - Processing /opt/airflow/dags/crypto_pipeline_dag.py took 0.075 seconds
[2026-06-19T10:25:30.246+0000] {processor.py:186} INFO - Started process (PID=1442) to work on /opt/airflow/dags/crypto_pipeline_dag.py
[2026-06-19T10:25:30.247+0000] {processor.py:914} INFO - Processing file /opt/airflow/dags/crypto_pipeline_dag.py for tasks to queue
[2026-06-19T10:25:30.249+0000] {logging_mixin.py:190} INFO - [2026-06-19T10:25:30.249+0000] {dagbag.py:588} INFO - Filling up the DagBag from /opt/airflow/dags/crypto_pipeline_dag.py
[2026-06-19T10:25:30.262+0000] {processor.py:925} INFO - DAG(s) 'crypto_pipeline_dag' retrieved from /opt/airflow/dags/crypto_pipeline_dag.py
[2026-06-19T10:25:30.283+0000] {logging_mixin.py:190} INFO - [2026-06-19T10:25:30.282+0000] {dag.py:3239} INFO - Sync 1 DAGs
[2026-06-19T10:25:30.301+0000] {logging_mixin.py:190} INFO - [2026-06-19T10:25:30.301+0000] {dag.py:4180} INFO - Setting next_dagrun for crypto_pipeline_dag to 2026-06-19 00:00:00+00:00, run_after=2026-06-20 00:00:00+00:00
[2026-06-19T10:25:30.314+0000] {processor.py:208} INFO - Processing /opt/airflow/dags/crypto_pipeline_dag.py took 0.071 seconds
[2026-06-19T10:26:00.776+0000] {processor.py:186} INFO - Started process (PID=1447) to work on /opt/airflow/dags/crypto_pipeline_dag.py
[2026-06-19T10:26:00.777+0000] {processor.py:914} INFO - Processing file /opt/airflow/dags/crypto_pipeline_dag.py for tasks to queue
[2026-06-19T10:26:00.779+0000] {logging_mixin.py:190} INFO - [2026-06-19T10:26:00.779+0000] {dagbag.py:588} INFO - Filling up the DagBag from /opt/airflow/dags/crypto_pipeline_dag.py
[2026-06-19T10:26:00.794+0000] {processor.py:925} INFO - DAG(s) 'crypto_pipeline_dag' retrieved from /opt/airflow/dags/crypto_pipeline_dag.py
[2026-06-19T10:26:00.814+0000] {logging_mixin.py:190} INFO - [2026-06-19T10:26:00.814+0000] {dag.py:3239} INFO - Sync 1 DAGs
[2026-06-19T10:26:00.831+0000] {logging_mixin.py:190} INFO - [2026-06-19T10:26:00.831+0000] {dag.py:4180} INFO - Setting next_dagrun for crypto_pipeline_dag to 2026-06-19 00:00:00+00:00, run_after=2026-06-20 00:00:00+00:00
[2026-06-19T10:26:00.843+0000] {processor.py:208} INFO - Processing /opt/airflow/dags/crypto_pipeline_dag.py took 0.072 seconds
[2026-06-19T10:26:32.347+0000] {processor.py:186} INFO - Started process (PID=1452) to work on /opt/airflow/dags/crypto_pipeline_dag.py
[2026-06-19T10:26:32.348+0000] {processor.py:914} INFO - Processing file /opt/airflow/dags/crypto_pipeline_dag.py for tasks to queue
[2026-06-19T10:26:32.350+0000] {logging_mixin.py:190} INFO - [2026-06-19T10:26:32.350+0000] {dagbag.py:588} INFO - Filling up the DagBag from /opt/airflow/dags/crypto_pipeline_dag.py
[2026-06-19T10:26:32.365+0000] {processor.py:925} INFO - DAG(s) 'crypto_pipeline_dag' retrieved from /opt/airflow/dags/crypto_pipeline_dag.py
[2026-06-19T10:26:32.385+0000] {logging_mixin.py:190} INFO - [2026-06-19T10:26:32.385+0000] {dag.py:3239} INFO - Sync 1 DAGs
[2026-06-19T10:26:32.402+0000] {logging_mixin.py:190} INFO - [2026-06-19T10:26:32.402+0000] {dag.py:4180} INFO - Setting next_dagrun for crypto_pipeline_dag to 2026-06-19 00:00:00+00:00, run_after=2026-06-20 00:00:00+00:00
[2026-06-19T10:26:32.419+0000] {processor.py:208} INFO - Processing /opt/airflow/dags/crypto_pipeline_dag.py took 0.076 seconds
[2026-06-19T10:27:03.830+0000] {processor.py:186} INFO - Started process (PID=1457) to work on /opt/airflow/dags/crypto_pipeline_dag.py
[2026-06-19T10:27:03.831+0000] {processor.py:914} INFO - Processing file /opt/airflow/dags/crypto_pipeline_dag.py for tasks to queue
[2026-06-19T10:27:03.833+0000] {logging_mixin.py:190} INFO - [2026-06-19T10:27:03.833+0000] {dagbag.py:588} INFO - Filling up the DagBag from /opt/airflow/dags/crypto_pipeline_dag.py
[2026-06-19T10:27:03.851+0000] {processor.py:925} INFO - DAG(s) 'crypto_pipeline_dag' retrieved from /opt/airflow/dags/crypto_pipeline_dag.py
[2026-06-19T10:27:03.873+0000] {logging_mixin.py:190} INFO - [2026-06-19T10:27:03.873+0000] {dag.py:3239} INFO - Sync 1 DAGs
[2026-06-19T10:27:03.893+0000] {logging_mixin.py:190} INFO - [2026-06-19T10:27:03.893+0000] {dag.py:4180} INFO - Setting next_dagrun for crypto_pipeline_dag to 2026-06-19 00:00:00+00:00, run_after=2026-06-20 00:00:00+00:00
[2026-06-19T10:27:03.910+0000] {processor.py:208} INFO - Processing /opt/airflow/dags/crypto_pipeline_dag.py took 0.084 seconds
[2026-06-19T10:27:34.345+0000] {processor.py:186} INFO - Started process (PID=1462) to work on /opt/airflow/dags/crypto_pipeline_dag.py
[2026-06-19T10:27:34.346+0000] {processor.py:914} INFO - Processing file /opt/airflow/dags/crypto_pipeline_dag.py for tasks to queue
[2026-06-19T10:27:34.347+0000] {logging_mixin.py:190} INFO - [2026-06-19T10:27:34.347+0000] {dagbag.py:588} INFO - Filling up the DagBag from /opt/airflow/dags/crypto_pipeline_dag.py
[2026-06-19T10:27:34.362+0000] {processor.py:925} INFO - DAG(s) 'crypto_pipeline_dag' retrieved from /opt/airflow/dags/crypto_pipeline_dag.py
[2026-06-19T10:27:34.382+0000] {logging_mixin.py:190} INFO - [2026-06-19T10:27:34.381+0000] {dag.py:3239} INFO - Sync 1 DAGs
[2026-06-19T10:27:34.399+0000] {logging_mixin.py:190} INFO - [2026-06-19T10:27:34.399+0000] {dag.py:4180} INFO - Setting next_dagrun for crypto_pipeline_dag to 2026-06-19 00:00:00+00:00, run_after=2026-06-20 00:00:00+00:00
[2026-06-19T10:27:34.414+0000] {processor.py:208} INFO - Processing /opt/airflow/dags/crypto_pipeline_dag.py took 0.073 seconds
[2026-06-19T10:28:05.842+0000] {processor.py:186} INFO - Started process (PID=1467) to work on /opt/airflow/dags/crypto_pipeline_dag.py
[2026-06-19T10:28:05.843+0000] {processor.py:914} INFO - Processing file /opt/airflow/dags/crypto_pipeline_dag.py for tasks to queue
[2026-06-19T10:28:05.845+0000] {logging_mixin.py:190} INFO - [2026-06-19T10:28:05.845+0000] {dagbag.py:588} INFO - Filling up the DagBag from /opt/airflow/dags/crypto_pipeline_dag.py
[2026-06-19T10:28:05.864+0000] {processor.py:925} INFO - DAG(s) 'crypto_pipeline_dag' retrieved from /opt/airflow/dags/crypto_pipeline_dag.py
[2026-06-19T10:28:05.893+0000] {logging_mixin.py:190} INFO - [2026-06-19T10:28:05.893+0000] {dag.py:3239} INFO - Sync 1 DAGs
[2026-06-19T10:28:05.917+0000] {logging_mixin.py:190} INFO - [2026-06-19T10:28:05.917+0000] {dag.py:4180} INFO - Setting next_dagrun for crypto_pipeline_dag to 2026-06-19 00:00:00+00:00, run_after=2026-06-20 00:00:00+00:00
[2026-06-19T10:28:05.937+0000] {processor.py:208} INFO - Processing /opt/airflow/dags/crypto_pipeline_dag.py took 0.099 seconds
[2026-06-19T10:28:37.359+0000] {processor.py:186} INFO - Started process (PID=1472) to work on /opt/airflow/dags/crypto_pipeline_dag.py
[2026-06-19T10:28:37.360+0000] {processor.py:914} INFO - Processing file /opt/airflow/dags/crypto_pipeline_dag.py for tasks to queue
[2026-06-19T10:28:37.362+0000] {logging_mixin.py:190} INFO - [2026-06-19T10:28:37.361+0000] {dagbag.py:588} INFO - Filling up the DagBag from /opt/airflow/dags/crypto_pipeline_dag.py
[2026-06-19T10:28:37.376+0000] {processor.py:925} INFO - DAG(s) 'crypto_pipeline_dag' retrieved from /opt/airflow/dags/crypto_pipeline_dag.py
[2026-06-19T10:28:37.402+0000] {logging_mixin.py:190} INFO - [2026-06-19T10:28:37.402+0000] {dag.py:3239} INFO - Sync 1 DAGs
[2026-06-19T10:28:37.417+0000] {logging_mixin.py:190} INFO - [2026-06-19T10:28:37.417+0000] {dag.py:4180} INFO - Setting next_dagrun for crypto_pipeline_dag to 2026-06-19 00:00:00+00:00, run_after=2026-06-20 00:00:00+00:00
[2026-06-19T10:28:37.428+0000] {processor.py:208} INFO - Processing /opt/airflow/dags/crypto_pipeline_dag.py took 0.074 seconds
[2026-06-19T10:29:08.911+0000] {processor.py:186} INFO - Started process (PID=1477) to work on /opt/airflow/dags/crypto_pipeline_dag.py
[2026-06-19T10:29:08.912+0000] {processor.py:914} INFO - Processing file /opt/airflow/dags/crypto_pipeline_dag.py for tasks to queue
[2026-06-19T10:29:08.914+0000] {logging_mixin.py:190} INFO - [2026-06-19T10:29:08.914+0000] {dagbag.py:588} INFO - Filling up the DagBag from /opt/airflow/dags/crypto_pipeline_dag.py
[2026-06-19T10:29:08.926+0000] {processor.py:925} INFO - DAG(s) 'crypto_pipeline_dag' retrieved from /opt/airflow/dags/crypto_pipeline_dag.py
[2026-06-19T10:29:08.944+0000] {logging_mixin.py:190} INFO - [2026-06-19T10:29:08.944+0000] {dag.py:3239} INFO - Sync 1 DAGs
[2026-06-19T10:29:08.960+0000] {logging_mixin.py:190} INFO - [2026-06-19T10:29:08.960+0000] {dag.py:4180} INFO - Setting next_dagrun for crypto_pipeline_dag to 2026-06-19 00:00:00+00:00, run_after=2026-06-20 00:00:00+00:00
[2026-06-19T10:29:08.973+0000] {processor.py:208} INFO - Processing /opt/airflow/dags/crypto_pipeline_dag.py took 0.066 seconds
[2026-06-19T10:29:39.378+0000] {processor.py:186} INFO - Started process (PID=1482) to work on /opt/airflow/dags/crypto_pipeline_dag.py
[2026-06-19T10:29:39.379+0000] {processor.py:914} INFO - Processing file /opt/airflow/dags/crypto_pipeline_dag.py for tasks to queue
[2026-06-19T10:29:39.381+0000] {logging_mixin.py:190} INFO - [2026-06-19T10:29:39.381+0000] {dagbag.py:588} INFO - Filling up the DagBag from /opt/airflow/dags/crypto_pipeline_dag.py
[2026-06-19T10:29:39.395+0000] {processor.py:925} INFO - DAG(s) 'crypto_pipeline_dag' retrieved from /opt/airflow/dags/crypto_pipeline_dag.py
[2026-06-19T10:29:39.420+0000] {logging_mixin.py:190} INFO - [2026-06-19T10:29:39.419+0000] {dag.py:3239} INFO - Sync 1 DAGs
[2026-06-19T10:29:39.435+0000] {logging_mixin.py:190} INFO - [2026-06-19T10:29:39.435+0000] {dag.py:4180} INFO - Setting next_dagrun for crypto_pipeline_dag to 2026-06-19 00:00:00+00:00, run_after=2026-06-20 00:00:00+00:00
[2026-06-19T10:29:39.447+0000] {processor.py:208} INFO - Processing /opt/airflow/dags/crypto_pipeline_dag.py took 0.073 seconds
[2026-06-19T10:30:10.995+0000] {processor.py:186} INFO - Started process (PID=1487) to work on /opt/airflow/dags/crypto_pipeline_dag.py
[2026-06-19T10:30:10.996+0000] {processor.py:914} INFO - Processing file /opt/airflow/dags/crypto_pipeline_dag.py for tasks to queue
[2026-06-19T10:30:10.998+0000] {logging_mixin.py:190} INFO - [2026-06-19T10:30:10.998+0000] {dagbag.py:588} INFO - Filling up the DagBag from /opt/airflow/dags/crypto_pipeline_dag.py
[2026-06-19T10:30:11.011+0000] {processor.py:925} INFO - DAG(s) 'crypto_pipeline_dag' retrieved from /opt/airflow/dags/crypto_pipeline_dag.py
[2026-06-19T10:30:11.030+0000] {logging_mixin.py:190} INFO - [2026-06-19T10:30:11.029+0000] {dag.py:3239} INFO - Sync 1 DAGs
[2026-06-19T10:30:11.045+0000] {logging_mixin.py:190} INFO - [2026-06-19T10:30:11.045+0000] {dag.py:4180} INFO - Setting next_dagrun for crypto_pipeline_dag to 2026-06-19 00:00:00+00:00, run_after=2026-06-20 00:00:00+00:00
[2026-06-19T10:30:11.058+0000] {processor.py:208} INFO - Processing /opt/airflow/dags/crypto_pipeline_dag.py took 0.066 seconds
[2026-06-19T10:30:42.511+0000] {processor.py:186} INFO - Started process (PID=1492) to work on /opt/airflow/dags/crypto_pipeline_dag.py
[2026-06-19T10:30:42.512+0000] {processor.py:914} INFO - Processing file /opt/airflow/dags/crypto_pipeline_dag.py for tasks to queue
[2026-06-19T10:30:42.514+0000] {logging_mixin.py:190} INFO - [2026-06-19T10:30:42.514+0000] {dagbag.py:588} INFO - Filling up the DagBag from /opt/airflow/dags/crypto_pipeline_dag.py
[2026-06-19T10:30:42.526+0000] {processor.py:925} INFO - DAG(s) 'crypto_pipeline_dag' retrieved from /opt/airflow/dags/crypto_pipeline_dag.py
[2026-06-19T10:30:42.546+0000] {logging_mixin.py:190} INFO - [2026-06-19T10:30:42.546+0000] {dag.py:3239} INFO - Sync 1 DAGs
[2026-06-19T10:30:42.562+0000] {logging_mixin.py:190} INFO - [2026-06-19T10:30:42.562+0000] {dag.py:4180} INFO - Setting next_dagrun for crypto_pipeline_dag to 2026-06-19 00:00:00+00:00, run_after=2026-06-20 00:00:00+00:00
[2026-06-19T10:30:42.576+0000] {processor.py:208} INFO - Processing /opt/airflow/dags/crypto_pipeline_dag.py took 0.069 seconds
[2026-06-19T10:31:13.026+0000] {processor.py:186} INFO - Started process (PID=1497) to work on /opt/airflow/dags/crypto_pipeline_dag.py
[2026-06-19T10:31:13.028+0000] {processor.py:914} INFO - Processing file /opt/airflow/dags/crypto_pipeline_dag.py for tasks to queue
[2026-06-19T10:31:13.030+0000] {logging_mixin.py:190} INFO - [2026-06-19T10:31:13.030+0000] {dagbag.py:588} INFO - Filling up the DagBag from /opt/airflow/dags/crypto_pipeline_dag.py
[2026-06-19T10:31:13.045+0000] {processor.py:925} INFO - DAG(s) 'crypto_pipeline_dag' retrieved from /opt/airflow/dags/crypto_pipeline_dag.py
[2026-06-19T10:31:13.068+0000] {logging_mixin.py:190} INFO - [2026-06-19T10:31:13.068+0000] {dag.py:3239} INFO - Sync 1 DAGs
[2026-06-19T10:31:13.090+0000] {logging_mixin.py:190} INFO - [2026-06-19T10:31:13.090+0000] {dag.py:4180} INFO - Setting next_dagrun for crypto_pipeline_dag to 2026-06-19 00:00:00+00:00, run_after=2026-06-20 00:00:00+00:00
[2026-06-19T10:31:13.108+0000] {processor.py:208} INFO - Processing /opt/airflow/dags/crypto_pipeline_dag.py took 0.086 seconds
[2026-06-19T10:31:44.536+0000] {processor.py:186} INFO - Started process (PID=1502) to work on /opt/airflow/dags/crypto_pipeline_dag.py
[2026-06-19T10:31:44.536+0000] {processor.py:914} INFO - Processing file /opt/airflow/dags/crypto_pipeline_dag.py for tasks to queue
[2026-06-19T10:31:44.538+0000] {logging_mixin.py:190} INFO - [2026-06-19T10:31:44.538+0000] {dagbag.py:588} INFO - Filling up the DagBag from /opt/airflow/dags/crypto_pipeline_dag.py
[2026-06-19T10:31:44.550+0000] {processor.py:925} INFO - DAG(s) 'crypto_pipeline_dag' retrieved from /opt/airflow/dags/crypto_pipeline_dag.py
[2026-06-19T10:31:44.571+0000] {logging_mixin.py:190} INFO - [2026-06-19T10:31:44.571+0000] {dag.py:3239} INFO - Sync 1 DAGs
[2026-06-19T10:31:44.587+0000] {logging_mixin.py:190} INFO - [2026-06-19T10:31:44.587+0000] {dag.py:4180} INFO - Setting next_dagrun for crypto_pipeline_dag to 2026-06-19 00:00:00+00:00, run_after=2026-06-20 00:00:00+00:00
[2026-06-19T10:31:44.600+0000] {processor.py:208} INFO - Processing /opt/airflow/dags/crypto_pipeline_dag.py took 0.069 seconds
[2026-06-19T10:32:16.114+0000] {processor.py:186} INFO - Started process (PID=1507) to work on /opt/airflow/dags/crypto_pipeline_dag.py
[2026-06-19T10:32:16.116+0000] {processor.py:914} INFO - Processing file /opt/airflow/dags/crypto_pipeline_dag.py for tasks to queue
[2026-06-19T10:32:16.118+0000] {logging_mixin.py:190} INFO - [2026-06-19T10:32:16.117+0000] {dagbag.py:588} INFO - Filling up the DagBag from /opt/airflow/dags/crypto_pipeline_dag.py
[2026-06-19T10:32:16.136+0000] {processor.py:925} INFO - DAG(s) 'crypto_pipeline_dag' retrieved from /opt/airflow/dags/crypto_pipeline_dag.py
[2026-06-19T10:32:16.158+0000] {logging_mixin.py:190} INFO - [2026-06-19T10:32:16.158+0000] {dag.py:3239} INFO - Sync 1 DAGs
[2026-06-19T10:32:16.177+0000] {logging_mixin.py:190} INFO - [2026-06-19T10:32:16.177+0000] {dag.py:4180} INFO - Setting next_dagrun for crypto_pipeline_dag to 2026-06-19 00:00:00+00:00, run_after=2026-06-20 00:00:00+00:00
[2026-06-19T10:32:16.192+0000] {processor.py:208} INFO - Processing /opt/airflow/dags/crypto_pipeline_dag.py took 0.083 seconds
[2026-06-19T10:32:47.572+0000] {processor.py:186} INFO - Started process (PID=1512) to work on /opt/airflow/dags/crypto_pipeline_dag.py
[2026-06-19T10:32:47.573+0000] {processor.py:914} INFO - Processing file /opt/airflow/dags/crypto_pipeline_dag.py for tasks to queue
[2026-06-19T10:32:47.574+0000] {logging_mixin.py:190} INFO - [2026-06-19T10:32:47.574+0000] {dagbag.py:588} INFO - Filling up the DagBag from /opt/airflow/dags/crypto_pipeline_dag.py
[2026-06-19T10:32:47.588+0000] {processor.py:925} INFO - DAG(s) 'crypto_pipeline_dag' retrieved from /opt/airflow/dags/crypto_pipeline_dag.py
[2026-06-19T10:32:47.608+0000] {logging_mixin.py:190} INFO - [2026-06-19T10:32:47.608+0000] {dag.py:3239} INFO - Sync 1 DAGs
[2026-06-19T10:32:47.623+0000] {logging_mixin.py:190} INFO - [2026-06-19T10:32:47.623+0000] {dag.py:4180} INFO - Setting next_dagrun for crypto_pipeline_dag to 2026-06-19 00:00:00+00:00, run_after=2026-06-20 00:00:00+00:00
[2026-06-19T10:32:47.636+0000] {processor.py:208} INFO - Processing /opt/airflow/dags/crypto_pipeline_dag.py took 0.068 seconds
[2026-06-19T10:33:18.103+0000] {processor.py:186} INFO - Started process (PID=1517) to work on /opt/airflow/dags/crypto_pipeline_dag.py
[2026-06-19T10:33:18.104+0000] {processor.py:914} INFO - Processing file /opt/airflow/dags/crypto_pipeline_dag.py for tasks to queue
[2026-06-19T10:33:18.105+0000] {logging_mixin.py:190} INFO - [2026-06-19T10:33:18.105+0000] {dagbag.py:588} INFO - Filling up the DagBag from /opt/airflow/dags/crypto_pipeline_dag.py
[2026-06-19T10:33:18.119+0000] {processor.py:925} INFO - DAG(s) 'crypto_pipeline_dag' retrieved from /opt/airflow/dags/crypto_pipeline_dag.py
[2026-06-19T10:33:18.146+0000] {logging_mixin.py:190} INFO - [2026-06-19T10:33:18.145+0000] {dag.py:3239} INFO - Sync 1 DAGs
[2026-06-19T10:33:18.173+0000] {logging_mixin.py:190} INFO - [2026-06-19T10:33:18.173+0000] {dag.py:4180} INFO - Setting next_dagrun for crypto_pipeline_dag to 2026-06-19 00:00:00+00:00, run_after=2026-06-20 00:00:00+00:00
[2026-06-19T10:33:18.200+0000] {processor.py:208} INFO - Processing /opt/airflow/dags/crypto_pipeline_dag.py took 0.101 seconds
[2026-06-19T10:33:49.660+0000] {processor.py:186} INFO - Started process (PID=1522) to work on /opt/airflow/dags/crypto_pipeline_dag.py
[2026-06-19T10:33:49.660+0000] {processor.py:914} INFO - Processing file /opt/airflow/dags/crypto_pipeline_dag.py for tasks to queue
[2026-06-19T10:33:49.662+0000] {logging_mixin.py:190} INFO - [2026-06-19T10:33:49.662+0000] {dagbag.py:588} INFO - Filling up the DagBag from /opt/airflow/dags/crypto_pipeline_dag.py
[2026-06-19T10:33:49.676+0000] {processor.py:925} INFO - DAG(s) 'crypto_pipeline_dag' retrieved from /opt/airflow/dags/crypto_pipeline_dag.py
[2026-06-19T10:33:49.698+0000] {logging_mixin.py:190} INFO - [2026-06-19T10:33:49.697+0000] {dag.py:3239} INFO - Sync 1 DAGs
[2026-06-19T10:33:49.715+0000] {logging_mixin.py:190} INFO - [2026-06-19T10:33:49.715+0000] {dag.py:4180} INFO - Setting next_dagrun for crypto_pipeline_dag to 2026-06-19 00:00:00+00:00, run_after=2026-06-20 00:00:00+00:00
[2026-06-19T10:33:49.728+0000] {processor.py:208} INFO - Processing /opt/airflow/dags/crypto_pipeline_dag.py took 0.072 seconds
[2026-06-19T10:34:21.334+0000] {processor.py:186} INFO - Started process (PID=1527) to work on /opt/airflow/dags/crypto_pipeline_dag.py
[2026-06-19T10:34:21.334+0000] {processor.py:914} INFO - Processing file /opt/airflow/dags/crypto_pipeline_dag.py for tasks to queue
[2026-06-19T10:34:21.336+0000] {logging_mixin.py:190} INFO - [2026-06-19T10:34:21.336+0000] {dagbag.py:588} INFO - Filling up the DagBag from /opt/airflow/dags/crypto_pipeline_dag.py
[2026-06-19T10:34:21.348+0000] {processor.py:925} INFO - DAG(s) 'crypto_pipeline_dag' retrieved from /opt/airflow/dags/crypto_pipeline_dag.py
[2026-06-19T10:34:21.366+0000] {logging_mixin.py:190} INFO - [2026-06-19T10:34:21.366+0000] {dag.py:3239} INFO - Sync 1 DAGs
[2026-06-19T10:34:21.381+0000] {logging_mixin.py:190} INFO - [2026-06-19T10:34:21.381+0000] {dag.py:4180} INFO - Setting next_dagrun for crypto_pipeline_dag to 2026-06-19 00:00:00+00:00, run_after=2026-06-20 00:00:00+00:00
[2026-06-19T10:34:21.393+0000] {processor.py:208} INFO - Processing /opt/airflow/dags/crypto_pipeline_dag.py took 0.063 seconds
[2026-06-19T10:34:51.863+0000] {processor.py:186} INFO - Started process (PID=1532) to work on /opt/airflow/dags/crypto_pipeline_dag.py
[2026-06-19T10:34:51.863+0000] {processor.py:914} INFO - Processing file /opt/airflow/dags/crypto_pipeline_dag.py for tasks to queue
[2026-06-19T10:34:51.865+0000] {logging_mixin.py:190} INFO - [2026-06-19T10:34:51.865+0000] {dagbag.py:588} INFO - Filling up the DagBag from /opt/airflow/dags/crypto_pipeline_dag.py
[2026-06-19T10:34:51.877+0000] {processor.py:925} INFO - DAG(s) 'crypto_pipeline_dag' retrieved from /opt/airflow/dags/crypto_pipeline_dag.py
[2026-06-19T10:34:51.896+0000] {logging_mixin.py:190} INFO - [2026-06-19T10:34:51.895+0000] {dag.py:3239} INFO - Sync 1 DAGs
[2026-06-19T10:34:51.911+0000] {logging_mixin.py:190} INFO - [2026-06-19T10:34:51.911+0000] {dag.py:4180} INFO - Setting next_dagrun for crypto_pipeline_dag to 2026-06-19 00:00:00+00:00, run_after=2026-06-20 00:00:00+00:00
[2026-06-19T10:34:51.923+0000] {processor.py:208} INFO - Processing /opt/airflow/dags/crypto_pipeline_dag.py took 0.064 seconds
[2026-06-19T10:35:23.462+0000] {processor.py:186} INFO - Started process (PID=1537) to work on /opt/airflow/dags/crypto_pipeline_dag.py
[2026-06-19T10:35:23.462+0000] {processor.py:914} INFO - Processing file /opt/airflow/dags/crypto_pipeline_dag.py for tasks to queue
[2026-06-19T10:35:23.464+0000] {logging_mixin.py:190} INFO - [2026-06-19T10:35:23.464+0000] {dagbag.py:588} INFO - Filling up the DagBag from /opt/airflow/dags/crypto_pipeline_dag.py
[2026-06-19T10:35:23.477+0000] {processor.py:925} INFO - DAG(s) 'crypto_pipeline_dag' retrieved from /opt/airflow/dags/crypto_pipeline_dag.py
[2026-06-19T10:35:23.495+0000] {logging_mixin.py:190} INFO - [2026-06-19T10:35:23.494+0000] {dag.py:3239} INFO - Sync 1 DAGs
[2026-06-19T10:35:23.510+0000] {logging_mixin.py:190} INFO - [2026-06-19T10:35:23.510+0000] {dag.py:4180} INFO - Setting next_dagrun for crypto_pipeline_dag to 2026-06-19 00:00:00+00:00, run_after=2026-06-20 00:00:00+00:00
[2026-06-19T10:35:23.522+0000] {processor.py:208} INFO - Processing /opt/airflow/dags/crypto_pipeline_dag.py took 0.064 seconds
[2026-06-19T10:35:55.031+0000] {processor.py:186} INFO - Started process (PID=1542) to work on /opt/airflow/dags/crypto_pipeline_dag.py
[2026-06-19T10:35:55.032+0000] {processor.py:914} INFO - Processing file /opt/airflow/dags/crypto_pipeline_dag.py for tasks to queue
[2026-06-19T10:35:55.034+0000] {logging_mixin.py:190} INFO - [2026-06-19T10:35:55.034+0000] {dagbag.py:588} INFO - Filling up the DagBag from /opt/airflow/dags/crypto_pipeline_dag.py
[2026-06-19T10:35:55.047+0000] {processor.py:925} INFO - DAG(s) 'crypto_pipeline_dag' retrieved from /opt/airflow/dags/crypto_pipeline_dag.py
[2026-06-19T10:35:55.066+0000] {logging_mixin.py:190} INFO - [2026-06-19T10:35:55.066+0000] {dag.py:3239} INFO - Sync 1 DAGs
[2026-06-19T10:35:55.083+0000] {logging_mixin.py:190} INFO - [2026-06-19T10:35:55.083+0000] {dag.py:4180} INFO - Setting next_dagrun for crypto_pipeline_dag to 2026-06-19 00:00:00+00:00, run_after=2026-06-20 00:00:00+00:00
[2026-06-19T10:35:55.094+0000] {processor.py:208} INFO - Processing /opt/airflow/dags/crypto_pipeline_dag.py took 0.067 seconds
[2026-06-19T10:36:25.657+0000] {processor.py:186} INFO - Started process (PID=1547) to work on /opt/airflow/dags/crypto_pipeline_dag.py
[2026-06-19T10:36:25.658+0000] {processor.py:914} INFO - Processing file /opt/airflow/dags/crypto_pipeline_dag.py for tasks to queue
[2026-06-19T10:36:25.660+0000] {logging_mixin.py:190} INFO - [2026-06-19T10:36:25.660+0000] {dagbag.py:588} INFO - Filling up the DagBag from /opt/airflow/dags/crypto_pipeline_dag.py
[2026-06-19T10:36:25.672+0000] {processor.py:925} INFO - DAG(s) 'crypto_pipeline_dag' retrieved from /opt/airflow/dags/crypto_pipeline_dag.py
[2026-06-19T10:36:25.690+0000] {logging_mixin.py:190} INFO - [2026-06-19T10:36:25.690+0000] {dag.py:3239} INFO - Sync 1 DAGs
[2026-06-19T10:36:25.706+0000] {logging_mixin.py:190} INFO - [2026-06-19T10:36:25.706+0000] {dag.py:4180} INFO - Setting next_dagrun for crypto_pipeline_dag to 2026-06-19 00:00:00+00:00, run_after=2026-06-20 00:00:00+00:00
[2026-06-19T10:36:25.719+0000] {processor.py:208} INFO - Processing /opt/airflow/dags/crypto_pipeline_dag.py took 0.065 seconds
[2026-06-19T10:36:57.237+0000] {processor.py:186} INFO - Started process (PID=1552) to work on /opt/airflow/dags/crypto_pipeline_dag.py
[2026-06-19T10:36:57.239+0000] {processor.py:914} INFO - Processing file /opt/airflow/dags/crypto_pipeline_dag.py for tasks to queue
[2026-06-19T10:36:57.242+0000] {logging_mixin.py:190} INFO - [2026-06-19T10:36:57.241+0000] {dagbag.py:588} INFO - Filling up the DagBag from /opt/airflow/dags/crypto_pipeline_dag.py
[2026-06-19T10:36:57.258+0000] {processor.py:925} INFO - DAG(s) 'crypto_pipeline_dag' retrieved from /opt/airflow/dags/crypto_pipeline_dag.py
[2026-06-19T10:36:57.281+0000] {logging_mixin.py:190} INFO - [2026-06-19T10:36:57.281+0000] {dag.py:3239} INFO - Sync 1 DAGs
[2026-06-19T10:36:57.295+0000] {logging_mixin.py:190} INFO - [2026-06-19T10:36:57.295+0000] {dag.py:4180} INFO - Setting next_dagrun for crypto_pipeline_dag to 2026-06-19 00:00:00+00:00, run_after=2026-06-20 00:00:00+00:00
[2026-06-19T10:36:57.306+0000] {processor.py:208} INFO - Processing /opt/airflow/dags/crypto_pipeline_dag.py took 0.074 seconds
[2026-06-19T10:37:28.795+0000] {processor.py:186} INFO - Started process (PID=1557) to work on /opt/airflow/dags/crypto_pipeline_dag.py
[2026-06-19T10:37:28.796+0000] {processor.py:914} INFO - Processing file /opt/airflow/dags/crypto_pipeline_dag.py for tasks to queue
[2026-06-19T10:37:28.797+0000] {logging_mixin.py:190} INFO - [2026-06-19T10:37:28.797+0000] {dagbag.py:588} INFO - Filling up the DagBag from /opt/airflow/dags/crypto_pipeline_dag.py
[2026-06-19T10:37:28.808+0000] {processor.py:925} INFO - DAG(s) 'crypto_pipeline_dag' retrieved from /opt/airflow/dags/crypto_pipeline_dag.py
[2026-06-19T10:37:28.825+0000] {logging_mixin.py:190} INFO - [2026-06-19T10:37:28.825+0000] {dag.py:3239} INFO - Sync 1 DAGs
[2026-06-19T10:37:28.840+0000] {logging_mixin.py:190} INFO - [2026-06-19T10:37:28.840+0000] {dag.py:4180} INFO - Setting next_dagrun for crypto_pipeline_dag to 2026-06-19 00:00:00+00:00, run_after=2026-06-20 00:00:00+00:00
[2026-06-19T10:37:28.853+0000] {processor.py:208} INFO - Processing /opt/airflow/dags/crypto_pipeline_dag.py took 0.062 seconds
[2026-06-19T10:38:00.419+0000] {processor.py:186} INFO - Started process (PID=1562) to work on /opt/airflow/dags/crypto_pipeline_dag.py
[2026-06-19T10:38:00.420+0000] {processor.py:914} INFO - Processing file /opt/airflow/dags/crypto_pipeline_dag.py for tasks to queue
[2026-06-19T10:38:00.422+0000] {logging_mixin.py:190} INFO - [2026-06-19T10:38:00.422+0000] {dagbag.py:588} INFO - Filling up the DagBag from /opt/airflow/dags/crypto_pipeline_dag.py
[2026-06-19T10:38:00.434+0000] {processor.py:925} INFO - DAG(s) 'crypto_pipeline_dag' retrieved from /opt/airflow/dags/crypto_pipeline_dag.py
[2026-06-19T10:38:00.455+0000] {logging_mixin.py:190} INFO - [2026-06-19T10:38:00.455+0000] {dag.py:3239} INFO - Sync 1 DAGs
[2026-06-19T10:38:00.470+0000] {logging_mixin.py:190} INFO - [2026-06-19T10:38:00.470+0000] {dag.py:4180} INFO - Setting next_dagrun for crypto_pipeline_dag to 2026-06-19 00:00:00+00:00, run_after=2026-06-20 00:00:00+00:00
[2026-06-19T10:38:00.482+0000] {processor.py:208} INFO - Processing /opt/airflow/dags/crypto_pipeline_dag.py took 0.068 seconds
[2026-06-19T10:38:31.041+0000] {processor.py:186} INFO - Started process (PID=1567) to work on /opt/airflow/dags/crypto_pipeline_dag.py
[2026-06-19T10:38:31.042+0000] {processor.py:914} INFO - Processing file /opt/airflow/dags/crypto_pipeline_dag.py for tasks to queue
[2026-06-19T10:38:31.044+0000] {logging_mixin.py:190} INFO - [2026-06-19T10:38:31.043+0000] {dagbag.py:588} INFO - Filling up the DagBag from /opt/airflow/dags/crypto_pipeline_dag.py
[2026-06-19T10:38:31.056+0000] {processor.py:925} INFO - DAG(s) 'crypto_pipeline_dag' retrieved from /opt/airflow/dags/crypto_pipeline_dag.py
[2026-06-19T10:38:31.073+0000] {logging_mixin.py:190} INFO - [2026-06-19T10:38:31.073+0000] {dag.py:3239} INFO - Sync 1 DAGs
[2026-06-19T10:38:31.088+0000] {logging_mixin.py:190} INFO - [2026-06-19T10:38:31.088+0000] {dag.py:4180} INFO - Setting next_dagrun for crypto_pipeline_dag to 2026-06-19 00:00:00+00:00, run_after=2026-06-20 00:00:00+00:00
[2026-06-19T10:38:31.100+0000] {processor.py:208} INFO - Processing /opt/airflow/dags/crypto_pipeline_dag.py took 0.063 seconds
[2026-06-19T10:39:02.638+0000] {processor.py:186} INFO - Started process (PID=1572) to work on /opt/airflow/dags/crypto_pipeline_dag.py
[2026-06-19T10:39:02.639+0000] {processor.py:914} INFO - Processing file /opt/airflow/dags/crypto_pipeline_dag.py for tasks to queue
[2026-06-19T10:39:02.640+0000] {logging_mixin.py:190} INFO - [2026-06-19T10:39:02.640+0000] {dagbag.py:588} INFO - Filling up the DagBag from /opt/airflow/dags/crypto_pipeline_dag.py
[2026-06-19T10:39:02.655+0000] {processor.py:925} INFO - DAG(s) 'crypto_pipeline_dag' retrieved from /opt/airflow/dags/crypto_pipeline_dag.py
[2026-06-19T10:39:02.677+0000] {logging_mixin.py:190} INFO - [2026-06-19T10:39:02.676+0000] {dag.py:3239} INFO - Sync 1 DAGs
[2026-06-19T10:39:02.692+0000] {logging_mixin.py:190} INFO - [2026-06-19T10:39:02.692+0000] {dag.py:4180} INFO - Setting next_dagrun for crypto_pipeline_dag to 2026-06-19 00:00:00+00:00, run_after=2026-06-20 00:00:00+00:00
[2026-06-19T10:39:02.703+0000] {processor.py:208} INFO - Processing /opt/airflow/dags/crypto_pipeline_dag.py took 0.069 seconds
[2026-06-19T10:42:59.050+0000] {processor.py:186} INFO - Started process (PID=1577) to work on /opt/airflow/dags/crypto_pipeline_dag.py
[2026-06-19T10:42:59.051+0000] {processor.py:914} INFO - Processing file /opt/airflow/dags/crypto_pipeline_dag.py for tasks to queue
[2026-06-19T10:42:59.053+0000] {logging_mixin.py:190} INFO - [2026-06-19T10:42:59.052+0000] {dagbag.py:588} INFO - Filling up the DagBag from /opt/airflow/dags/crypto_pipeline_dag.py
[2026-06-19T10:42:59.069+0000] {processor.py:925} INFO - DAG(s) 'crypto_pipeline_dag' retrieved from /opt/airflow/dags/crypto_pipeline_dag.py
[2026-06-19T10:42:59.092+0000] {logging_mixin.py:190} INFO - [2026-06-19T10:42:59.092+0000] {dag.py:3239} INFO - Sync 1 DAGs
[2026-06-19T10:42:59.110+0000] {logging_mixin.py:190} INFO - [2026-06-19T10:42:59.110+0000] {dag.py:4180} INFO - Setting next_dagrun for crypto_pipeline_dag to 2026-06-19 00:00:00+00:00, run_after=2026-06-20 00:00:00+00:00
[2026-06-19T10:42:59.124+0000] {processor.py:208} INFO - Processing /opt/airflow/dags/crypto_pipeline_dag.py took 0.078 seconds
[2026-06-19T10:43:30.041+0000] {processor.py:186} INFO - Started process (PID=1582) to work on /opt/airflow/dags/crypto_pipeline_dag.py
[2026-06-19T10:43:30.042+0000] {processor.py:914} INFO - Processing file /opt/airflow/dags/crypto_pipeline_dag.py for tasks to queue
[2026-06-19T10:43:30.044+0000] {logging_mixin.py:190} INFO - [2026-06-19T10:43:30.044+0000] {dagbag.py:588} INFO - Filling up the DagBag from /opt/airflow/dags/crypto_pipeline_dag.py
[2026-06-19T10:43:30.066+0000] {processor.py:925} INFO - DAG(s) 'crypto_pipeline_dag' retrieved from /opt/airflow/dags/crypto_pipeline_dag.py
[2026-06-19T10:43:30.085+0000] {logging_mixin.py:190} INFO - [2026-06-19T10:43:30.085+0000] {dag.py:3239} INFO - Sync 1 DAGs
[2026-06-19T10:43:30.102+0000] {logging_mixin.py:190} INFO - [2026-06-19T10:43:30.102+0000] {dag.py:4180} INFO - Setting next_dagrun for crypto_pipeline_dag to 2026-06-19 00:00:00+00:00, run_after=2026-06-20 00:00:00+00:00
[2026-06-19T10:43:30.115+0000] {processor.py:208} INFO - Processing /opt/airflow/dags/crypto_pipeline_dag.py took 0.078 seconds
[2026-06-19T10:44:00.204+0000] {processor.py:186} INFO - Started process (PID=1587) to work on /opt/airflow/dags/crypto_pipeline_dag.py
[2026-06-19T10:44:00.205+0000] {processor.py:914} INFO - Processing file /opt/airflow/dags/crypto_pipeline_dag.py for tasks to queue
[2026-06-19T10:44:00.207+0000] {logging_mixin.py:190} INFO - [2026-06-19T10:44:00.206+0000] {dagbag.py:588} INFO - Filling up the DagBag from /opt/airflow/dags/crypto_pipeline_dag.py
[2026-06-19T10:44:00.220+0000] {processor.py:925} INFO - DAG(s) 'crypto_pipeline_dag' retrieved from /opt/airflow/dags/crypto_pipeline_dag.py
[2026-06-19T10:44:00.243+0000] {logging_mixin.py:190} INFO - [2026-06-19T10:44:00.243+0000] {dag.py:3239} INFO - Sync 1 DAGs
[2026-06-19T10:44:00.259+0000] {logging_mixin.py:190} INFO - [2026-06-19T10:44:00.259+0000] {dag.py:4180} INFO - Setting next_dagrun for crypto_pipeline_dag to 2026-06-19 00:00:00+00:00, run_after=2026-06-20 00:00:00+00:00
[2026-06-19T10:44:00.270+0000] {processor.py:208} INFO - Processing /opt/airflow/dags/crypto_pipeline_dag.py took 0.072 seconds
[2026-06-19T10:44:30.353+0000] {processor.py:186} INFO - Started process (PID=1592) to work on /opt/airflow/dags/crypto_pipeline_dag.py
[2026-06-19T10:44:30.354+0000] {processor.py:914} INFO - Processing file /opt/airflow/dags/crypto_pipeline_dag.py for tasks to queue
[2026-06-19T10:44:30.356+0000] {logging_mixin.py:190} INFO - [2026-06-19T10:44:30.356+0000] {dagbag.py:588} INFO - Filling up the DagBag from /opt/airflow/dags/crypto_pipeline_dag.py
[2026-06-19T10:44:30.368+0000] {processor.py:925} INFO - DAG(s) 'crypto_pipeline_dag' retrieved from /opt/airflow/dags/crypto_pipeline_dag.py
[2026-06-19T10:44:30.387+0000] {logging_mixin.py:190} INFO - [2026-06-19T10:44:30.387+0000] {dag.py:3239} INFO - Sync 1 DAGs
[2026-06-19T10:44:30.403+0000] {logging_mixin.py:190} INFO - [2026-06-19T10:44:30.403+0000] {dag.py:4180} INFO - Setting next_dagrun for crypto_pipeline_dag to 2026-06-19 00:00:00+00:00, run_after=2026-06-20 00:00:00+00:00
[2026-06-19T10:44:30.416+0000] {processor.py:208} INFO - Processing /opt/airflow/dags/crypto_pipeline_dag.py took 0.067 seconds
[2026-06-19T10:45:00.490+0000] {processor.py:186} INFO - Started process (PID=1597) to work on /opt/airflow/dags/crypto_pipeline_dag.py
[2026-06-19T10:45:00.490+0000] {processor.py:914} INFO - Processing file /opt/airflow/dags/crypto_pipeline_dag.py for tasks to queue
[2026-06-19T10:45:00.492+0000] {logging_mixin.py:190} INFO - [2026-06-19T10:45:00.492+0000] {dagbag.py:588} INFO - Filling up the DagBag from /opt/airflow/dags/crypto_pipeline_dag.py
[2026-06-19T10:45:00.503+0000] {processor.py:925} INFO - DAG(s) 'crypto_pipeline_dag' retrieved from /opt/airflow/dags/crypto_pipeline_dag.py
[2026-06-19T10:45:00.522+0000] {logging_mixin.py:190} INFO - [2026-06-19T10:45:00.522+0000] {dag.py:3239} INFO - Sync 1 DAGs
[2026-06-19T10:45:00.538+0000] {logging_mixin.py:190} INFO - [2026-06-19T10:45:00.538+0000] {dag.py:4180} INFO - Setting next_dagrun for crypto_pipeline_dag to 2026-06-19 00:00:00+00:00, run_after=2026-06-20 00:00:00+00:00
[2026-06-19T10:45:00.550+0000] {processor.py:208} INFO - Processing /opt/airflow/dags/crypto_pipeline_dag.py took 0.064 seconds
[2026-06-19T10:45:30.640+0000] {processor.py:186} INFO - Started process (PID=1602) to work on /opt/airflow/dags/crypto_pipeline_dag.py
[2026-06-19T10:45:30.641+0000] {processor.py:914} INFO - Processing file /opt/airflow/dags/crypto_pipeline_dag.py for tasks to queue
[2026-06-19T10:45:30.643+0000] {logging_mixin.py:190} INFO - [2026-06-19T10:45:30.643+0000] {dagbag.py:588} INFO - Filling up the DagBag from /opt/airflow/dags/crypto_pipeline_dag.py
[2026-06-19T10:45:30.655+0000] {processor.py:925} INFO - DAG(s) 'crypto_pipeline_dag' retrieved from /opt/airflow/dags/crypto_pipeline_dag.py
[2026-06-19T10:45:30.674+0000] {logging_mixin.py:190} INFO - [2026-06-19T10:45:30.674+0000] {dag.py:3239} INFO - Sync 1 DAGs
[2026-06-19T10:45:30.689+0000] {logging_mixin.py:190} INFO - [2026-06-19T10:45:30.689+0000] {dag.py:4180} INFO - Setting next_dagrun for crypto_pipeline_dag to 2026-06-19 00:00:00+00:00, run_after=2026-06-20 00:00:00+00:00
[2026-06-19T10:45:30.704+0000] {processor.py:208} INFO - Processing /opt/airflow/dags/crypto_pipeline_dag.py took 0.069 seconds
[2026-06-19T10:46:00.862+0000] {processor.py:186} INFO - Started process (PID=1607) to work on /opt/airflow/dags/crypto_pipeline_dag.py
[2026-06-19T10:46:00.862+0000] {processor.py:914} INFO - Processing file /opt/airflow/dags/crypto_pipeline_dag.py for tasks to queue
[2026-06-19T10:46:00.864+0000] {logging_mixin.py:190} INFO - [2026-06-19T10:46:00.864+0000] {dagbag.py:588} INFO - Filling up the DagBag from /opt/airflow/dags/crypto_pipeline_dag.py
[2026-06-19T10:46:00.877+0000] {processor.py:925} INFO - DAG(s) 'crypto_pipeline_dag' retrieved from /opt/airflow/dags/crypto_pipeline_dag.py
[2026-06-19T10:46:00.896+0000] {logging_mixin.py:190} INFO - [2026-06-19T10:46:00.896+0000] {dag.py:3239} INFO - Sync 1 DAGs
[2026-06-19T10:46:00.913+0000] {logging_mixin.py:190} INFO - [2026-06-19T10:46:00.913+0000] {dag.py:4180} INFO - Setting next_dagrun for crypto_pipeline_dag to 2026-06-19 00:00:00+00:00, run_after=2026-06-20 00:00:00+00:00
[2026-06-19T10:46:00.927+0000] {processor.py:208} INFO - Processing /opt/airflow/dags/crypto_pipeline_dag.py took 0.069 seconds
[2026-06-19T10:46:31.019+0000] {processor.py:186} INFO - Started process (PID=1612) to work on /opt/airflow/dags/crypto_pipeline_dag.py
[2026-06-19T10:46:31.019+0000] {processor.py:914} INFO - Processing file /opt/airflow/dags/crypto_pipeline_dag.py for tasks to queue
[2026-06-19T10:46:31.021+0000] {logging_mixin.py:190} INFO - [2026-06-19T10:46:31.021+0000] {dagbag.py:588} INFO - Filling up the DagBag from /opt/airflow/dags/crypto_pipeline_dag.py
[2026-06-19T10:46:31.034+0000] {processor.py:925} INFO - DAG(s) 'crypto_pipeline_dag' retrieved from /opt/airflow/dags/crypto_pipeline_dag.py
[2026-06-19T10:46:31.055+0000] {logging_mixin.py:190} INFO - [2026-06-19T10:46:31.055+0000] {dag.py:3239} INFO - Sync 1 DAGs
[2026-06-19T10:46:31.073+0000] {logging_mixin.py:190} INFO - [2026-06-19T10:46:31.072+0000] {dag.py:4180} INFO - Setting next_dagrun for crypto_pipeline_dag to 2026-06-19 00:00:00+00:00, run_after=2026-06-20 00:00:00+00:00
[2026-06-19T10:46:31.087+0000] {processor.py:208} INFO - Processing /opt/airflow/dags/crypto_pipeline_dag.py took 0.073 seconds
[2026-06-19T10:47:01.234+0000] {processor.py:186} INFO - Started process (PID=1617) to work on /opt/airflow/dags/crypto_pipeline_dag.py
[2026-06-19T10:47:01.235+0000] {processor.py:914} INFO - Processing file /opt/airflow/dags/crypto_pipeline_dag.py for tasks to queue
[2026-06-19T10:47:01.236+0000] {logging_mixin.py:190} INFO - [2026-06-19T10:47:01.236+0000] {dagbag.py:588} INFO - Filling up the DagBag from /opt/airflow/dags/crypto_pipeline_dag.py
[2026-06-19T10:47:01.249+0000] {processor.py:925} INFO - DAG(s) 'crypto_pipeline_dag' retrieved from /opt/airflow/dags/crypto_pipeline_dag.py
[2026-06-19T10:47:01.270+0000] {logging_mixin.py:190} INFO - [2026-06-19T10:47:01.270+0000] {dag.py:3239} INFO - Sync 1 DAGs
[2026-06-19T10:47:01.284+0000] {logging_mixin.py:190} INFO - [2026-06-19T10:47:01.284+0000] {dag.py:4180} INFO - Setting next_dagrun for crypto_pipeline_dag to 2026-06-19 00:00:00+00:00, run_after=2026-06-20 00:00:00+00:00
[2026-06-19T10:47:01.295+0000] {processor.py:208} INFO - Processing /opt/airflow/dags/crypto_pipeline_dag.py took 0.067 seconds
[2026-06-19T10:47:31.387+0000] {processor.py:186} INFO - Started process (PID=1622) to work on /opt/airflow/dags/crypto_pipeline_dag.py
[2026-06-19T10:47:31.388+0000] {processor.py:914} INFO - Processing file /opt/airflow/dags/crypto_pipeline_dag.py for tasks to queue
[2026-06-19T10:47:31.389+0000] {logging_mixin.py:190} INFO - [2026-06-19T10:47:31.389+0000] {dagbag.py:588} INFO - Filling up the DagBag from /opt/airflow/dags/crypto_pipeline_dag.py
[2026-06-19T10:47:31.402+0000] {processor.py:925} INFO - DAG(s) 'crypto_pipeline_dag' retrieved from /opt/airflow/dags/crypto_pipeline_dag.py
[2026-06-19T10:47:31.421+0000] {logging_mixin.py:190} INFO - [2026-06-19T10:47:31.421+0000] {dag.py:3239} INFO - Sync 1 DAGs
[2026-06-19T10:47:31.439+0000] {logging_mixin.py:190} INFO - [2026-06-19T10:47:31.439+0000] {dag.py:4180} INFO - Setting next_dagrun for crypto_pipeline_dag to 2026-06-19 00:00:00+00:00, run_after=2026-06-20 00:00:00+00:00
[2026-06-19T10:47:31.452+0000] {processor.py:208} INFO - Processing /opt/airflow/dags/crypto_pipeline_dag.py took 0.069 seconds
[2026-06-19T10:48:01.507+0000] {processor.py:186} INFO - Started process (PID=1627) to work on /opt/airflow/dags/crypto_pipeline_dag.py
[2026-06-19T10:48:01.508+0000] {processor.py:914} INFO - Processing file /opt/airflow/dags/crypto_pipeline_dag.py for tasks to queue
[2026-06-19T10:48:01.509+0000] {logging_mixin.py:190} INFO - [2026-06-19T10:48:01.509+0000] {dagbag.py:588} INFO - Filling up the DagBag from /opt/airflow/dags/crypto_pipeline_dag.py
[2026-06-19T10:48:01.526+0000] {processor.py:925} INFO - DAG(s) 'crypto_pipeline_dag' retrieved from /opt/airflow/dags/crypto_pipeline_dag.py
[2026-06-19T10:48:01.546+0000] {logging_mixin.py:190} INFO - [2026-06-19T10:48:01.546+0000] {dag.py:3239} INFO - Sync 1 DAGs
[2026-06-19T10:48:01.562+0000] {logging_mixin.py:190} INFO - [2026-06-19T10:48:01.562+0000] {dag.py:4180} INFO - Setting next_dagrun for crypto_pipeline_dag to 2026-06-19 00:00:00+00:00, run_after=2026-06-20 00:00:00+00:00
[2026-06-19T10:48:01.574+0000] {processor.py:208} INFO - Processing /opt/airflow/dags/crypto_pipeline_dag.py took 0.071 seconds
[2026-06-19T10:48:31.691+0000] {processor.py:186} INFO - Started process (PID=1632) to work on /opt/airflow/dags/crypto_pipeline_dag.py
[2026-06-19T10:48:31.692+0000] {processor.py:914} INFO - Processing file /opt/airflow/dags/crypto_pipeline_dag.py for tasks to queue
[2026-06-19T10:48:31.694+0000] {logging_mixin.py:190} INFO - [2026-06-19T10:48:31.694+0000] {dagbag.py:588} INFO - Filling up the DagBag from /opt/airflow/dags/crypto_pipeline_dag.py
[2026-06-19T10:48:31.713+0000] {processor.py:925} INFO - DAG(s) 'crypto_pipeline_dag' retrieved from /opt/airflow/dags/crypto_pipeline_dag.py
[2026-06-19T10:48:31.737+0000] {logging_mixin.py:190} INFO - [2026-06-19T10:48:31.737+0000] {dag.py:3239} INFO - Sync 1 DAGs
[2026-06-19T10:48:31.756+0000] {logging_mixin.py:190} INFO - [2026-06-19T10:48:31.756+0000] {dag.py:4180} INFO - Setting next_dagrun for crypto_pipeline_dag to 2026-06-19 00:00:00+00:00, run_after=2026-06-20 00:00:00+00:00
[2026-06-19T10:48:31.771+0000] {processor.py:208} INFO - Processing /opt/airflow/dags/crypto_pipeline_dag.py took 0.085 seconds
[2026-06-19T10:49:01.935+0000] {processor.py:186} INFO - Started process (PID=1637) to work on /opt/airflow/dags/crypto_pipeline_dag.py
[2026-06-19T10:49:01.936+0000] {processor.py:914} INFO - Processing file /opt/airflow/dags/crypto_pipeline_dag.py for tasks to queue
[2026-06-19T10:49:01.938+0000] {logging_mixin.py:190} INFO - [2026-06-19T10:49:01.938+0000] {dagbag.py:588} INFO - Filling up the DagBag from /opt/airflow/dags/crypto_pipeline_dag.py
[2026-06-19T10:49:01.959+0000] {processor.py:925} INFO - DAG(s) 'crypto_pipeline_dag' retrieved from /opt/airflow/dags/crypto_pipeline_dag.py
[2026-06-19T10:49:01.985+0000] {logging_mixin.py:190} INFO - [2026-06-19T10:49:01.984+0000] {dag.py:3239} INFO - Sync 1 DAGs
[2026-06-19T10:49:02.002+0000] {logging_mixin.py:190} INFO - [2026-06-19T10:49:02.002+0000] {dag.py:4180} INFO - Setting next_dagrun for crypto_pipeline_dag to 2026-06-19 00:00:00+00:00, run_after=2026-06-20 00:00:00+00:00
[2026-06-19T10:49:02.015+0000] {processor.py:208} INFO - Processing /opt/airflow/dags/crypto_pipeline_dag.py took 0.086 seconds
[2026-06-19T10:49:32.975+0000] {processor.py:186} INFO - Started process (PID=1642) to work on /opt/airflow/dags/crypto_pipeline_dag.py
[2026-06-19T10:49:32.976+0000] {processor.py:914} INFO - Processing file /opt/airflow/dags/crypto_pipeline_dag.py for tasks to queue
[2026-06-19T10:49:32.978+0000] {logging_mixin.py:190} INFO - [2026-06-19T10:49:32.978+0000] {dagbag.py:588} INFO - Filling up the DagBag from /opt/airflow/dags/crypto_pipeline_dag.py
[2026-06-19T10:49:32.994+0000] {processor.py:925} INFO - DAG(s) 'crypto_pipeline_dag' retrieved from /opt/airflow/dags/crypto_pipeline_dag.py
[2026-06-19T10:49:33.016+0000] {logging_mixin.py:190} INFO - [2026-06-19T10:49:33.016+0000] {dag.py:3239} INFO - Sync 1 DAGs
[2026-06-19T10:49:33.035+0000] {logging_mixin.py:190} INFO - [2026-06-19T10:49:33.034+0000] {dag.py:4180} INFO - Setting next_dagrun for crypto_pipeline_dag to 2026-06-19 00:00:00+00:00, run_after=2026-06-20 00:00:00+00:00
[2026-06-19T10:49:33.051+0000] {processor.py:208} INFO - Processing /opt/airflow/dags/crypto_pipeline_dag.py took 0.080 seconds
[2026-06-19T10:50:03.169+0000] {processor.py:186} INFO - Started process (PID=1647) to work on /opt/airflow/dags/crypto_pipeline_dag.py
[2026-06-19T10:50:03.170+0000] {processor.py:914} INFO - Processing file /opt/airflow/dags/crypto_pipeline_dag.py for tasks to queue
[2026-06-19T10:50:03.171+0000] {logging_mixin.py:190} INFO - [2026-06-19T10:50:03.171+0000] {dagbag.py:588} INFO - Filling up the DagBag from /opt/airflow/dags/crypto_pipeline_dag.py
[2026-06-19T10:50:03.183+0000] {processor.py:925} INFO - DAG(s) 'crypto_pipeline_dag' retrieved from /opt/airflow/dags/crypto_pipeline_dag.py
[2026-06-19T10:50:03.201+0000] {logging_mixin.py:190} INFO - [2026-06-19T10:50:03.201+0000] {dag.py:3239} INFO - Sync 1 DAGs
[2026-06-19T10:50:03.215+0000] {logging_mixin.py:190} INFO - [2026-06-19T10:50:03.215+0000] {dag.py:4180} INFO - Setting next_dagrun for crypto_pipeline_dag to 2026-06-19 00:00:00+00:00, run_after=2026-06-20 00:00:00+00:00
[2026-06-19T10:50:03.227+0000] {processor.py:208} INFO - Processing /opt/airflow/dags/crypto_pipeline_dag.py took 0.062 seconds
[2026-06-19T10:50:33.538+0000] {processor.py:186} INFO - Started process (PID=1652) to work on /opt/airflow/dags/crypto_pipeline_dag.py
[2026-06-19T10:50:33.539+0000] {processor.py:914} INFO - Processing file /opt/airflow/dags/crypto_pipeline_dag.py for tasks to queue
[2026-06-19T10:50:33.541+0000] {logging_mixin.py:190} INFO - [2026-06-19T10:50:33.540+0000] {dagbag.py:588} INFO - Filling up the DagBag from /opt/airflow/dags/crypto_pipeline_dag.py
[2026-06-19T10:50:33.553+0000] {processor.py:925} INFO - DAG(s) 'crypto_pipeline_dag' retrieved from /opt/airflow/dags/crypto_pipeline_dag.py
[2026-06-19T10:50:33.572+0000] {logging_mixin.py:190} INFO - [2026-06-19T10:50:33.572+0000] {dag.py:3239} INFO - Sync 1 DAGs
[2026-06-19T10:50:33.587+0000] {logging_mixin.py:190} INFO - [2026-06-19T10:50:33.587+0000] {dag.py:4180} INFO - Setting next_dagrun for crypto_pipeline_dag to 2026-06-19 00:00:00+00:00, run_after=2026-06-20 00:00:00+00:00
[2026-06-19T10:50:33.599+0000] {processor.py:208} INFO - Processing /opt/airflow/dags/crypto_pipeline_dag.py took 0.065 seconds
[2026-06-19T10:51:03.718+0000] {processor.py:186} INFO - Started process (PID=1657) to work on /opt/airflow/dags/crypto_pipeline_dag.py
[2026-06-19T10:51:03.719+0000] {processor.py:914} INFO - Processing file /opt/airflow/dags/crypto_pipeline_dag.py for tasks to queue
[2026-06-19T10:51:03.721+0000] {logging_mixin.py:190} INFO - [2026-06-19T10:51:03.720+0000] {dagbag.py:588} INFO - Filling up the DagBag from /opt/airflow/dags/crypto_pipeline_dag.py
[2026-06-19T10:51:03.736+0000] {processor.py:925} INFO - DAG(s) 'crypto_pipeline_dag' retrieved from /opt/airflow/dags/crypto_pipeline_dag.py
[2026-06-19T10:51:03.755+0000] {logging_mixin.py:190} INFO - [2026-06-19T10:51:03.755+0000] {dag.py:3239} INFO - Sync 1 DAGs
[2026-06-19T10:51:03.772+0000] {logging_mixin.py:190} INFO - [2026-06-19T10:51:03.771+0000] {dag.py:4180} INFO - Setting next_dagrun for crypto_pipeline_dag to 2026-06-19 00:00:00+00:00, run_after=2026-06-20 00:00:00+00:00
[2026-06-19T10:51:03.785+0000] {processor.py:208} INFO - Processing /opt/airflow/dags/crypto_pipeline_dag.py took 0.072 seconds
[2026-06-19T10:51:33.854+0000] {processor.py:186} INFO - Started process (PID=1662) to work on /opt/airflow/dags/crypto_pipeline_dag.py
[2026-06-19T10:51:33.854+0000] {processor.py:914} INFO - Processing file /opt/airflow/dags/crypto_pipeline_dag.py for tasks to queue
[2026-06-19T10:51:33.856+0000] {logging_mixin.py:190} INFO - [2026-06-19T10:51:33.856+0000] {dagbag.py:588} INFO - Filling up the DagBag from /opt/airflow/dags/crypto_pipeline_dag.py
[2026-06-19T10:51:33.869+0000] {processor.py:925} INFO - DAG(s) 'crypto_pipeline_dag' retrieved from /opt/airflow/dags/crypto_pipeline_dag.py
[2026-06-19T10:51:33.889+0000] {logging_mixin.py:190} INFO - [2026-06-19T10:51:33.889+0000] {dag.py:3239} INFO - Sync 1 DAGs
[2026-06-19T10:51:33.905+0000] {logging_mixin.py:190} INFO - [2026-06-19T10:51:33.905+0000] {dag.py:4180} INFO - Setting next_dagrun for crypto_pipeline_dag to 2026-06-19 00:00:00+00:00, run_after=2026-06-20 00:00:00+00:00
[2026-06-19T10:51:33.919+0000] {processor.py:208} INFO - Processing /opt/airflow/dags/crypto_pipeline_dag.py took 0.069 seconds
[2026-06-19T10:52:04.144+0000] {processor.py:186} INFO - Started process (PID=1667) to work on /opt/airflow/dags/crypto_pipeline_dag.py
[2026-06-19T10:52:04.145+0000] {processor.py:914} INFO - Processing file /opt/airflow/dags/crypto_pipeline_dag.py for tasks to queue
[2026-06-19T10:52:04.147+0000] {logging_mixin.py:190} INFO - [2026-06-19T10:52:04.146+0000] {dagbag.py:588} INFO - Filling up the DagBag from /opt/airflow/dags/crypto_pipeline_dag.py
[2026-06-19T10:52:04.159+0000] {processor.py:925} INFO - DAG(s) 'crypto_pipeline_dag' retrieved from /opt/airflow/dags/crypto_pipeline_dag.py
[2026-06-19T10:52:04.179+0000] {logging_mixin.py:190} INFO - [2026-06-19T10:52:04.179+0000] {dag.py:3239} INFO - Sync 1 DAGs
[2026-06-19T10:52:04.196+0000] {logging_mixin.py:190} INFO - [2026-06-19T10:52:04.195+0000] {dag.py:4180} INFO - Setting next_dagrun for crypto_pipeline_dag to 2026-06-19 00:00:00+00:00, run_after=2026-06-20 00:00:00+00:00
[2026-06-19T10:52:04.211+0000] {processor.py:208} INFO - Processing /opt/airflow/dags/crypto_pipeline_dag.py took 0.072 seconds
[2026-06-19T10:52:35.447+0000] {processor.py:186} INFO - Started process (PID=1672) to work on /opt/airflow/dags/crypto_pipeline_dag.py
[2026-06-19T10:52:35.448+0000] {processor.py:914} INFO - Processing file /opt/airflow/dags/crypto_pipeline_dag.py for tasks to queue
[2026-06-19T10:52:35.449+0000] {logging_mixin.py:190} INFO - [2026-06-19T10:52:35.449+0000] {dagbag.py:588} INFO - Filling up the DagBag from /opt/airflow/dags/crypto_pipeline_dag.py
[2026-06-19T10:52:35.462+0000] {processor.py:925} INFO - DAG(s) 'crypto_pipeline_dag' retrieved from /opt/airflow/dags/crypto_pipeline_dag.py
[2026-06-19T10:52:35.483+0000] {logging_mixin.py:190} INFO - [2026-06-19T10:52:35.482+0000] {dag.py:3239} INFO - Sync 1 DAGs
[2026-06-19T10:52:35.500+0000] {logging_mixin.py:190} INFO - [2026-06-19T10:52:35.500+0000] {dag.py:4180} INFO - Setting next_dagrun for crypto_pipeline_dag to 2026-06-19 00:00:00+00:00, run_after=2026-06-20 00:00:00+00:00
[2026-06-19T10:52:35.513+0000] {processor.py:208} INFO - Processing /opt/airflow/dags/crypto_pipeline_dag.py took 0.071 seconds
[2026-06-19T10:53:05.670+0000] {processor.py:186} INFO - Started process (PID=1677) to work on /opt/airflow/dags/crypto_pipeline_dag.py
[2026-06-19T10:53:05.670+0000] {processor.py:914} INFO - Processing file /opt/airflow/dags/crypto_pipeline_dag.py for tasks to queue
[2026-06-19T10:53:05.672+0000] {logging_mixin.py:190} INFO - [2026-06-19T10:53:05.672+0000] {dagbag.py:588} INFO - Filling up the DagBag from /opt/airflow/dags/crypto_pipeline_dag.py
[2026-06-19T10:53:05.686+0000] {processor.py:925} INFO - DAG(s) 'crypto_pipeline_dag' retrieved from /opt/airflow/dags/crypto_pipeline_dag.py
[2026-06-19T10:53:05.705+0000] {logging_mixin.py:190} INFO - [2026-06-19T10:53:05.704+0000] {dag.py:3239} INFO - Sync 1 DAGs
[2026-06-19T10:53:05.720+0000] {logging_mixin.py:190} INFO - [2026-06-19T10:53:05.720+0000] {dag.py:4180} INFO - Setting next_dagrun for crypto_pipeline_dag to 2026-06-19 00:00:00+00:00, run_after=2026-06-20 00:00:00+00:00
[2026-06-19T10:53:05.733+0000] {processor.py:208} INFO - Processing /opt/airflow/dags/crypto_pipeline_dag.py took 0.067 seconds
[2026-06-19T10:53:36.807+0000] {processor.py:186} INFO - Started process (PID=1682) to work on /opt/airflow/dags/crypto_pipeline_dag.py
[2026-06-19T10:53:36.807+0000] {processor.py:914} INFO - Processing file /opt/airflow/dags/crypto_pipeline_dag.py for tasks to queue
[2026-06-19T10:53:36.809+0000] {logging_mixin.py:190} INFO - [2026-06-19T10:53:36.809+0000] {dagbag.py:588} INFO - Filling up the DagBag from /opt/airflow/dags/crypto_pipeline_dag.py
[2026-06-19T10:53:36.822+0000] {processor.py:925} INFO - DAG(s) 'crypto_pipeline_dag' retrieved from /opt/airflow/dags/crypto_pipeline_dag.py
[2026-06-19T10:53:36.842+0000] {logging_mixin.py:190} INFO - [2026-06-19T10:53:36.842+0000] {dag.py:3239} INFO - Sync 1 DAGs
[2026-06-19T10:53:36.857+0000] {logging_mixin.py:190} INFO - [2026-06-19T10:53:36.857+0000] {dag.py:4180} INFO - Setting next_dagrun for crypto_pipeline_dag to 2026-06-19 00:00:00+00:00, run_after=2026-06-20 00:00:00+00:00
[2026-06-19T10:53:36.872+0000] {processor.py:208} INFO - Processing /opt/airflow/dags/crypto_pipeline_dag.py took 0.069 seconds
[2026-06-19T10:54:08.163+0000] {processor.py:186} INFO - Started process (PID=1687) to work on /opt/airflow/dags/crypto_pipeline_dag.py
[2026-06-19T10:54:08.164+0000] {processor.py:914} INFO - Processing file /opt/airflow/dags/crypto_pipeline_dag.py for tasks to queue
[2026-06-19T10:54:08.166+0000] {logging_mixin.py:190} INFO - [2026-06-19T10:54:08.166+0000] {dagbag.py:588} INFO - Filling up the DagBag from /opt/airflow/dags/crypto_pipeline_dag.py
[2026-06-19T10:54:08.177+0000] {processor.py:925} INFO - DAG(s) 'crypto_pipeline_dag' retrieved from /opt/airflow/dags/crypto_pipeline_dag.py
[2026-06-19T10:54:08.196+0000] {logging_mixin.py:190} INFO - [2026-06-19T10:54:08.196+0000] {dag.py:3239} INFO - Sync 1 DAGs
[2026-06-19T10:54:08.212+0000] {logging_mixin.py:190} INFO - [2026-06-19T10:54:08.212+0000] {dag.py:4180} INFO - Setting next_dagrun for crypto_pipeline_dag to 2026-06-19 00:00:00+00:00, run_after=2026-06-20 00:00:00+00:00
[2026-06-19T10:54:08.226+0000] {processor.py:208} INFO - Processing /opt/airflow/dags/crypto_pipeline_dag.py took 0.067 seconds
[2026-06-19T10:54:38.460+0000] {processor.py:186} INFO - Started process (PID=1692) to work on /opt/airflow/dags/crypto_pipeline_dag.py
[2026-06-19T10:54:38.461+0000] {processor.py:914} INFO - Processing file /opt/airflow/dags/crypto_pipeline_dag.py for tasks to queue
[2026-06-19T10:54:38.462+0000] {logging_mixin.py:190} INFO - [2026-06-19T10:54:38.462+0000] {dagbag.py:588} INFO - Filling up the DagBag from /opt/airflow/dags/crypto_pipeline_dag.py
[2026-06-19T10:54:38.476+0000] {processor.py:925} INFO - DAG(s) 'crypto_pipeline_dag' retrieved from /opt/airflow/dags/crypto_pipeline_dag.py
[2026-06-19T10:54:38.495+0000] {logging_mixin.py:190} INFO - [2026-06-19T10:54:38.495+0000] {dag.py:3239} INFO - Sync 1 DAGs
[2026-06-19T10:54:38.511+0000] {logging_mixin.py:190} INFO - [2026-06-19T10:54:38.511+0000] {dag.py:4180} INFO - Setting next_dagrun for crypto_pipeline_dag to 2026-06-19 00:00:00+00:00, run_after=2026-06-20 00:00:00+00:00
[2026-06-19T10:54:38.525+0000] {processor.py:208} INFO - Processing /opt/airflow/dags/crypto_pipeline_dag.py took 0.070 seconds
[2026-06-19T10:55:09.693+0000] {processor.py:186} INFO - Started process (PID=1697) to work on /opt/airflow/dags/crypto_pipeline_dag.py
[2026-06-19T10:55:09.694+0000] {processor.py:914} INFO - Processing file /opt/airflow/dags/crypto_pipeline_dag.py for tasks to queue
[2026-06-19T10:55:09.695+0000] {logging_mixin.py:190} INFO - [2026-06-19T10:55:09.695+0000] {dagbag.py:588} INFO - Filling up the DagBag from /opt/airflow/dags/crypto_pipeline_dag.py
[2026-06-19T10:55:09.709+0000] {processor.py:925} INFO - DAG(s) 'crypto_pipeline_dag' retrieved from /opt/airflow/dags/crypto_pipeline_dag.py
[2026-06-19T10:55:09.727+0000] {logging_mixin.py:190} INFO - [2026-06-19T10:55:09.727+0000] {dag.py:3239} INFO - Sync 1 DAGs
[2026-06-19T10:55:09.743+0000] {logging_mixin.py:190} INFO - [2026-06-19T10:55:09.743+0000] {dag.py:4180} INFO - Setting next_dagrun for crypto_pipeline_dag to 2026-06-19 00:00:00+00:00, run_after=2026-06-20 00:00:00+00:00
[2026-06-19T10:55:09.757+0000] {processor.py:208} INFO - Processing /opt/airflow/dags/crypto_pipeline_dag.py took 0.068 seconds
[2026-06-19T10:55:40.936+0000] {processor.py:186} INFO - Started process (PID=1702) to work on /opt/airflow/dags/crypto_pipeline_dag.py
[2026-06-19T10:55:40.937+0000] {processor.py:914} INFO - Processing file /opt/airflow/dags/crypto_pipeline_dag.py for tasks to queue
[2026-06-19T10:55:40.939+0000] {logging_mixin.py:190} INFO - [2026-06-19T10:55:40.938+0000] {dagbag.py:588} INFO - Filling up the DagBag from /opt/airflow/dags/crypto_pipeline_dag.py
[2026-06-19T10:55:40.951+0000] {processor.py:925} INFO - DAG(s) 'crypto_pipeline_dag' retrieved from /opt/airflow/dags/crypto_pipeline_dag.py
[2026-06-19T10:55:40.971+0000] {logging_mixin.py:190} INFO - [2026-06-19T10:55:40.971+0000] {dag.py:3239} INFO - Sync 1 DAGs
[2026-06-19T10:55:40.989+0000] {logging_mixin.py:190} INFO - [2026-06-19T10:55:40.989+0000] {dag.py:4180} INFO - Setting next_dagrun for crypto_pipeline_dag to 2026-06-19 00:00:00+00:00, run_after=2026-06-20 00:00:00+00:00
[2026-06-19T10:55:41.004+0000] {processor.py:208} INFO - Processing /opt/airflow/dags/crypto_pipeline_dag.py took 0.072 seconds
[2026-06-19T10:56:12.201+0000] {processor.py:186} INFO - Started process (PID=1707) to work on /opt/airflow/dags/crypto_pipeline_dag.py
[2026-06-19T10:56:12.202+0000] {processor.py:914} INFO - Processing file /opt/airflow/dags/crypto_pipeline_dag.py for tasks to queue
[2026-06-19T10:56:12.203+0000] {logging_mixin.py:190} INFO - [2026-06-19T10:56:12.203+0000] {dagbag.py:588} INFO - Filling up the DagBag from /opt/airflow/dags/crypto_pipeline_dag.py
[2026-06-19T10:56:12.217+0000] {processor.py:925} INFO - DAG(s) 'crypto_pipeline_dag' retrieved from /opt/airflow/dags/crypto_pipeline_dag.py
[2026-06-19T10:56:12.236+0000] {logging_mixin.py:190} INFO - [2026-06-19T10:56:12.236+0000] {dag.py:3239} INFO - Sync 1 DAGs
[2026-06-19T10:56:12.252+0000] {logging_mixin.py:190} INFO - [2026-06-19T10:56:12.251+0000] {dag.py:4180} INFO - Setting next_dagrun for crypto_pipeline_dag to 2026-06-19 00:00:00+00:00, run_after=2026-06-20 00:00:00+00:00
[2026-06-19T10:56:12.266+0000] {processor.py:208} INFO - Processing /opt/airflow/dags/crypto_pipeline_dag.py took 0.069 seconds
[2026-06-19T10:56:42.645+0000] {processor.py:186} INFO - Started process (PID=1712) to work on /opt/airflow/dags/crypto_pipeline_dag.py
[2026-06-19T10:56:42.646+0000] {processor.py:914} INFO - Processing file /opt/airflow/dags/crypto_pipeline_dag.py for tasks to queue
[2026-06-19T10:56:42.647+0000] {logging_mixin.py:190} INFO - [2026-06-19T10:56:42.647+0000] {dagbag.py:588} INFO - Filling up the DagBag from /opt/airflow/dags/crypto_pipeline_dag.py
[2026-06-19T10:56:42.662+0000] {processor.py:925} INFO - DAG(s) 'crypto_pipeline_dag' retrieved from /opt/airflow/dags/crypto_pipeline_dag.py
[2026-06-19T10:56:42.682+0000] {logging_mixin.py:190} INFO - [2026-06-19T10:56:42.682+0000] {dag.py:3239} INFO - Sync 1 DAGs
[2026-06-19T10:56:42.700+0000] {logging_mixin.py:190} INFO - [2026-06-19T10:56:42.699+0000] {dag.py:4180} INFO - Setting next_dagrun for crypto_pipeline_dag to 2026-06-19 00:00:00+00:00, run_after=2026-06-20 00:00:00+00:00
[2026-06-19T10:56:42.713+0000] {processor.py:208} INFO - Processing /opt/airflow/dags/crypto_pipeline_dag.py took 0.072 seconds
[2026-06-19T10:57:13.911+0000] {processor.py:186} INFO - Started process (PID=1717) to work on /opt/airflow/dags/crypto_pipeline_dag.py
[2026-06-19T10:57:13.912+0000] {processor.py:914} INFO - Processing file /opt/airflow/dags/crypto_pipeline_dag.py for tasks to queue
[2026-06-19T10:57:13.913+0000] {logging_mixin.py:190} INFO - [2026-06-19T10:57:13.913+0000] {dagbag.py:588} INFO - Filling up the DagBag from /opt/airflow/dags/crypto_pipeline_dag.py
[2026-06-19T10:57:13.926+0000] {processor.py:925} INFO - DAG(s) 'crypto_pipeline_dag' retrieved from /opt/airflow/dags/crypto_pipeline_dag.py
[2026-06-19T10:57:13.945+0000] {logging_mixin.py:190} INFO - [2026-06-19T10:57:13.945+0000] {dag.py:3239} INFO - Sync 1 DAGs
[2026-06-19T10:57:13.960+0000] {logging_mixin.py:190} INFO - [2026-06-19T10:57:13.960+0000] {dag.py:4180} INFO - Setting next_dagrun for crypto_pipeline_dag to 2026-06-19 00:00:00+00:00, run_after=2026-06-20 00:00:00+00:00
[2026-06-19T10:57:13.974+0000] {processor.py:208} INFO - Processing /opt/airflow/dags/crypto_pipeline_dag.py took 0.067 seconds
[2026-06-19T10:57:45.208+0000] {processor.py:186} INFO - Started process (PID=1722) to work on /opt/airflow/dags/crypto_pipeline_dag.py
[2026-06-19T10:57:45.209+0000] {processor.py:914} INFO - Processing file /opt/airflow/dags/crypto_pipeline_dag.py for tasks to queue
[2026-06-19T10:57:45.211+0000] {logging_mixin.py:190} INFO - [2026-06-19T10:57:45.210+0000] {dagbag.py:588} INFO - Filling up the DagBag from /opt/airflow/dags/crypto_pipeline_dag.py
[2026-06-19T10:57:45.224+0000] {processor.py:925} INFO - DAG(s) 'crypto_pipeline_dag' retrieved from /opt/airflow/dags/crypto_pipeline_dag.py
[2026-06-19T10:57:45.245+0000] {logging_mixin.py:190} INFO - [2026-06-19T10:57:45.244+0000] {dag.py:3239} INFO - Sync 1 DAGs
[2026-06-19T10:57:45.261+0000] {logging_mixin.py:190} INFO - [2026-06-19T10:57:45.261+0000] {dag.py:4180} INFO - Setting next_dagrun for crypto_pipeline_dag to 2026-06-19 00:00:00+00:00, run_after=2026-06-20 00:00:00+00:00
[2026-06-19T10:57:45.275+0000] {processor.py:208} INFO - Processing /opt/airflow/dags/crypto_pipeline_dag.py took 0.072 seconds
[2026-06-19T10:58:15.484+0000] {processor.py:186} INFO - Started process (PID=1727) to work on /opt/airflow/dags/crypto_pipeline_dag.py
[2026-06-19T10:58:15.485+0000] {processor.py:914} INFO - Processing file /opt/airflow/dags/crypto_pipeline_dag.py for tasks to queue
[2026-06-19T10:58:15.487+0000] {logging_mixin.py:190} INFO - [2026-06-19T10:58:15.486+0000] {dagbag.py:588} INFO - Filling up the DagBag from /opt/airflow/dags/crypto_pipeline_dag.py
[2026-06-19T10:58:15.499+0000] {processor.py:925} INFO - DAG(s) 'crypto_pipeline_dag' retrieved from /opt/airflow/dags/crypto_pipeline_dag.py
[2026-06-19T10:58:15.519+0000] {logging_mixin.py:190} INFO - [2026-06-19T10:58:15.518+0000] {dag.py:3239} INFO - Sync 1 DAGs
[2026-06-19T10:58:15.536+0000] {logging_mixin.py:190} INFO - [2026-06-19T10:58:15.535+0000] {dag.py:4180} INFO - Setting next_dagrun for crypto_pipeline_dag to 2026-06-19 00:00:00+00:00, run_after=2026-06-20 00:00:00+00:00
[2026-06-19T10:58:15.548+0000] {processor.py:208} INFO - Processing /opt/airflow/dags/crypto_pipeline_dag.py took 0.068 seconds
[2026-06-19T10:58:46.803+0000] {processor.py:186} INFO - Started process (PID=1732) to work on /opt/airflow/dags/crypto_pipeline_dag.py
[2026-06-19T10:58:46.804+0000] {processor.py:914} INFO - Processing file /opt/airflow/dags/crypto_pipeline_dag.py for tasks to queue
[2026-06-19T10:58:46.806+0000] {logging_mixin.py:190} INFO - [2026-06-19T10:58:46.805+0000] {dagbag.py:588} INFO - Filling up the DagBag from /opt/airflow/dags/crypto_pipeline_dag.py
[2026-06-19T10:58:46.817+0000] {processor.py:925} INFO - DAG(s) 'crypto_pipeline_dag' retrieved from /opt/airflow/dags/crypto_pipeline_dag.py
[2026-06-19T10:58:46.835+0000] {logging_mixin.py:190} INFO - [2026-06-19T10:58:46.835+0000] {dag.py:3239} INFO - Sync 1 DAGs
[2026-06-19T10:58:46.852+0000] {logging_mixin.py:190} INFO - [2026-06-19T10:58:46.852+0000] {dag.py:4180} INFO - Setting next_dagrun for crypto_pipeline_dag to 2026-06-19 00:00:00+00:00, run_after=2026-06-20 00:00:00+00:00
[2026-06-19T10:58:46.863+0000] {processor.py:208} INFO - Processing /opt/airflow/dags/crypto_pipeline_dag.py took 0.063 seconds
[2026-06-19T10:59:18.047+0000] {processor.py:186} INFO - Started process (PID=1737) to work on /opt/airflow/dags/crypto_pipeline_dag.py
[2026-06-19T10:59:18.048+0000] {processor.py:914} INFO - Processing file /opt/airflow/dags/crypto_pipeline_dag.py for tasks to queue
[2026-06-19T10:59:18.049+0000] {logging_mixin.py:190} INFO - [2026-06-19T10:59:18.049+0000] {dagbag.py:588} INFO - Filling up the DagBag from /opt/airflow/dags/crypto_pipeline_dag.py
[2026-06-19T10:59:18.063+0000] {processor.py:925} INFO - DAG(s) 'crypto_pipeline_dag' retrieved from /opt/airflow/dags/crypto_pipeline_dag.py
[2026-06-19T10:59:18.083+0000] {logging_mixin.py:190} INFO - [2026-06-19T10:59:18.083+0000] {dag.py:3239} INFO - Sync 1 DAGs
[2026-06-19T10:59:18.099+0000] {logging_mixin.py:190} INFO - [2026-06-19T10:59:18.099+0000] {dag.py:4180} INFO - Setting next_dagrun for crypto_pipeline_dag to 2026-06-19 00:00:00+00:00, run_after=2026-06-20 00:00:00+00:00
[2026-06-19T10:59:18.113+0000] {processor.py:208} INFO - Processing /opt/airflow/dags/crypto_pipeline_dag.py took 0.070 seconds
[2026-06-19T10:59:49.315+0000] {processor.py:186} INFO - Started process (PID=1742) to work on /opt/airflow/dags/crypto_pipeline_dag.py
[2026-06-19T10:59:49.316+0000] {processor.py:914} INFO - Processing file /opt/airflow/dags/crypto_pipeline_dag.py for tasks to queue
[2026-06-19T10:59:49.318+0000] {logging_mixin.py:190} INFO - [2026-06-19T10:59:49.317+0000] {dagbag.py:588} INFO - Filling up the DagBag from /opt/airflow/dags/crypto_pipeline_dag.py
[2026-06-19T10:59:49.332+0000] {processor.py:925} INFO - DAG(s) 'crypto_pipeline_dag' retrieved from /opt/airflow/dags/crypto_pipeline_dag.py
[2026-06-19T10:59:49.356+0000] {logging_mixin.py:190} INFO - [2026-06-19T10:59:49.355+0000] {dag.py:3239} INFO - Sync 1 DAGs
[2026-06-19T10:59:49.372+0000] {logging_mixin.py:190} INFO - [2026-06-19T10:59:49.372+0000] {dag.py:4180} INFO - Setting next_dagrun for crypto_pipeline_dag to 2026-06-19 00:00:00+00:00, run_after=2026-06-20 00:00:00+00:00
[2026-06-19T10:59:49.383+0000] {processor.py:208} INFO - Processing /opt/airflow/dags/crypto_pipeline_dag.py took 0.074 seconds
[2026-06-19T11:00:19.678+0000] {processor.py:186} INFO - Started process (PID=1747) to work on /opt/airflow/dags/crypto_pipeline_dag.py
[2026-06-19T11:00:19.679+0000] {processor.py:914} INFO - Processing file /opt/airflow/dags/crypto_pipeline_dag.py for tasks to queue
[2026-06-19T11:00:19.681+0000] {logging_mixin.py:190} INFO - [2026-06-19T11:00:19.680+0000] {dagbag.py:588} INFO - Filling up the DagBag from /opt/airflow/dags/crypto_pipeline_dag.py
[2026-06-19T11:00:19.695+0000] {processor.py:925} INFO - DAG(s) 'crypto_pipeline_dag' retrieved from /opt/airflow/dags/crypto_pipeline_dag.py
[2026-06-19T11:00:19.716+0000] {logging_mixin.py:190} INFO - [2026-06-19T11:00:19.716+0000] {dag.py:3239} INFO - Sync 1 DAGs
[2026-06-19T11:00:19.733+0000] {logging_mixin.py:190} INFO - [2026-06-19T11:00:19.733+0000] {dag.py:4180} INFO - Setting next_dagrun for crypto_pipeline_dag to 2026-06-19 00:00:00+00:00, run_after=2026-06-20 00:00:00+00:00
[2026-06-19T11:00:19.746+0000] {processor.py:208} INFO - Processing /opt/airflow/dags/crypto_pipeline_dag.py took 0.073 seconds
[2026-06-19T11:00:50.893+0000] {processor.py:186} INFO - Started process (PID=1752) to work on /opt/airflow/dags/crypto_pipeline_dag.py
[2026-06-19T11:00:50.894+0000] {processor.py:914} INFO - Processing file /opt/airflow/dags/crypto_pipeline_dag.py for tasks to queue
[2026-06-19T11:00:50.896+0000] {logging_mixin.py:190} INFO - [2026-06-19T11:00:50.896+0000] {dagbag.py:588} INFO - Filling up the DagBag from /opt/airflow/dags/crypto_pipeline_dag.py
[2026-06-19T11:00:50.910+0000] {processor.py:925} INFO - DAG(s) 'crypto_pipeline_dag' retrieved from /opt/airflow/dags/crypto_pipeline_dag.py
[2026-06-19T11:00:50.932+0000] {logging_mixin.py:190} INFO - [2026-06-19T11:00:50.932+0000] {dag.py:3239} INFO - Sync 1 DAGs
[2026-06-19T11:00:50.950+0000] {logging_mixin.py:190} INFO - [2026-06-19T11:00:50.949+0000] {dag.py:4180} INFO - Setting next_dagrun for crypto_pipeline_dag to 2026-06-19 00:00:00+00:00, run_after=2026-06-20 00:00:00+00:00
[2026-06-19T11:00:50.964+0000] {processor.py:208} INFO - Processing /opt/airflow/dags/crypto_pipeline_dag.py took 0.075 seconds
[2026-06-19T11:01:22.369+0000] {processor.py:186} INFO - Started process (PID=1757) to work on /opt/airflow/dags/crypto_pipeline_dag.py
[2026-06-19T11:01:22.369+0000] {processor.py:914} INFO - Processing file /opt/airflow/dags/crypto_pipeline_dag.py for tasks to queue
[2026-06-19T11:01:22.371+0000] {logging_mixin.py:190} INFO - [2026-06-19T11:01:22.371+0000] {dagbag.py:588} INFO - Filling up the DagBag from /opt/airflow/dags/crypto_pipeline_dag.py
[2026-06-19T11:01:22.384+0000] {processor.py:925} INFO - DAG(s) 'crypto_pipeline_dag' retrieved from /opt/airflow/dags/crypto_pipeline_dag.py
[2026-06-19T11:01:22.403+0000] {logging_mixin.py:190} INFO - [2026-06-19T11:01:22.402+0000] {dag.py:3239} INFO - Sync 1 DAGs
[2026-06-19T11:01:22.419+0000] {logging_mixin.py:190} INFO - [2026-06-19T11:01:22.419+0000] {dag.py:4180} INFO - Setting next_dagrun for crypto_pipeline_dag to 2026-06-19 00:00:00+00:00, run_after=2026-06-20 00:00:00+00:00
[2026-06-19T11:01:22.433+0000] {processor.py:208} INFO - Processing /opt/airflow/dags/crypto_pipeline_dag.py took 0.068 seconds
[2026-06-19T11:01:53.599+0000] {processor.py:186} INFO - Started process (PID=1762) to work on /opt/airflow/dags/crypto_pipeline_dag.py
[2026-06-19T11:01:53.600+0000] {processor.py:914} INFO - Processing file /opt/airflow/dags/crypto_pipeline_dag.py for tasks to queue
[2026-06-19T11:01:53.602+0000] {logging_mixin.py:190} INFO - [2026-06-19T11:01:53.602+0000] {dagbag.py:588} INFO - Filling up the DagBag from /opt/airflow/dags/crypto_pipeline_dag.py
[2026-06-19T11:01:53.617+0000] {processor.py:925} INFO - DAG(s) 'crypto_pipeline_dag' retrieved from /opt/airflow/dags/crypto_pipeline_dag.py
[2026-06-19T11:01:53.637+0000] {logging_mixin.py:190} INFO - [2026-06-19T11:01:53.637+0000] {dag.py:3239} INFO - Sync 1 DAGs
[2026-06-19T11:01:53.654+0000] {logging_mixin.py:190} INFO - [2026-06-19T11:01:53.654+0000] {dag.py:4180} INFO - Setting next_dagrun for crypto_pipeline_dag to 2026-06-19 00:00:00+00:00, run_after=2026-06-20 00:00:00+00:00
[2026-06-19T11:01:53.667+0000] {processor.py:208} INFO - Processing /opt/airflow/dags/crypto_pipeline_dag.py took 0.073 seconds
[2026-06-19T11:02:23.931+0000] {processor.py:186} INFO - Started process (PID=1767) to work on /opt/airflow/dags/crypto_pipeline_dag.py
[2026-06-19T11:02:23.932+0000] {processor.py:914} INFO - Processing file /opt/airflow/dags/crypto_pipeline_dag.py for tasks to queue
[2026-06-19T11:02:23.934+0000] {logging_mixin.py:190} INFO - [2026-06-19T11:02:23.934+0000] {dagbag.py:588} INFO - Filling up the DagBag from /opt/airflow/dags/crypto_pipeline_dag.py
[2026-06-19T11:02:23.946+0000] {processor.py:925} INFO - DAG(s) 'crypto_pipeline_dag' retrieved from /opt/airflow/dags/crypto_pipeline_dag.py
[2026-06-19T11:02:23.965+0000] {logging_mixin.py:190} INFO - [2026-06-19T11:02:23.965+0000] {dag.py:3239} INFO - Sync 1 DAGs
[2026-06-19T11:02:23.981+0000] {logging_mixin.py:190} INFO - [2026-06-19T11:02:23.981+0000] {dag.py:4180} INFO - Setting next_dagrun for crypto_pipeline_dag to 2026-06-19 00:00:00+00:00, run_after=2026-06-20 00:00:00+00:00
[2026-06-19T11:02:23.993+0000] {processor.py:208} INFO - Processing /opt/airflow/dags/crypto_pipeline_dag.py took 0.066 seconds
[2026-06-19T11:02:55.227+0000] {processor.py:186} INFO - Started process (PID=1772) to work on /opt/airflow/dags/crypto_pipeline_dag.py
[2026-06-19T11:02:55.228+0000] {processor.py:914} INFO - Processing file /opt/airflow/dags/crypto_pipeline_dag.py for tasks to queue
[2026-06-19T11:02:55.231+0000] {logging_mixin.py:190} INFO - [2026-06-19T11:02:55.231+0000] {dagbag.py:588} INFO - Filling up the DagBag from /opt/airflow/dags/crypto_pipeline_dag.py
[2026-06-19T11:02:55.259+0000] {processor.py:925} INFO - DAG(s) 'crypto_pipeline_dag' retrieved from /opt/airflow/dags/crypto_pipeline_dag.py
[2026-06-19T11:02:55.287+0000] {logging_mixin.py:190} INFO - [2026-06-19T11:02:55.287+0000] {dag.py:3239} INFO - Sync 1 DAGs
[2026-06-19T11:02:55.312+0000] {logging_mixin.py:190} INFO - [2026-06-19T11:02:55.311+0000] {dag.py:4180} INFO - Setting next_dagrun for crypto_pipeline_dag to 2026-06-19 00:00:00+00:00, run_after=2026-06-20 00:00:00+00:00
[2026-06-19T11:02:55.328+0000] {processor.py:208} INFO - Processing /opt/airflow/dags/crypto_pipeline_dag.py took 0.107 seconds
[2026-06-19T11:03:26.577+0000] {processor.py:186} INFO - Started process (PID=1777) to work on /opt/airflow/dags/crypto_pipeline_dag.py
[2026-06-19T11:03:26.578+0000] {processor.py:914} INFO - Processing file /opt/airflow/dags/crypto_pipeline_dag.py for tasks to queue
[2026-06-19T11:03:26.580+0000] {logging_mixin.py:190} INFO - [2026-06-19T11:03:26.580+0000] {dagbag.py:588} INFO - Filling up the DagBag from /opt/airflow/dags/crypto_pipeline_dag.py
[2026-06-19T11:03:26.592+0000] {processor.py:925} INFO - DAG(s) 'crypto_pipeline_dag' retrieved from /opt/airflow/dags/crypto_pipeline_dag.py
[2026-06-19T11:03:26.611+0000] {logging_mixin.py:190} INFO - [2026-06-19T11:03:26.611+0000] {dag.py:3239} INFO - Sync 1 DAGs
[2026-06-19T11:03:26.626+0000] {logging_mixin.py:190} INFO - [2026-06-19T11:03:26.626+0000] {dag.py:4180} INFO - Setting next_dagrun for crypto_pipeline_dag to 2026-06-19 00:00:00+00:00, run_after=2026-06-20 00:00:00+00:00
[2026-06-19T11:03:26.640+0000] {processor.py:208} INFO - Processing /opt/airflow/dags/crypto_pipeline_dag.py took 0.066 seconds
[2026-06-19T11:03:57.898+0000] {processor.py:186} INFO - Started process (PID=1782) to work on /opt/airflow/dags/crypto_pipeline_dag.py
[2026-06-19T11:03:57.899+0000] {processor.py:914} INFO - Processing file /opt/airflow/dags/crypto_pipeline_dag.py for tasks to queue
[2026-06-19T11:03:57.901+0000] {logging_mixin.py:190} INFO - [2026-06-19T11:03:57.901+0000] {dagbag.py:588} INFO - Filling up the DagBag from /opt/airflow/dags/crypto_pipeline_dag.py
[2026-06-19T11:03:57.915+0000] {processor.py:925} INFO - DAG(s) 'crypto_pipeline_dag' retrieved from /opt/airflow/dags/crypto_pipeline_dag.py
[2026-06-19T11:03:57.936+0000] {logging_mixin.py:190} INFO - [2026-06-19T11:03:57.936+0000] {dag.py:3239} INFO - Sync 1 DAGs
[2026-06-19T11:03:57.955+0000] {logging_mixin.py:190} INFO - [2026-06-19T11:03:57.954+0000] {dag.py:4180} INFO - Setting next_dagrun for crypto_pipeline_dag to 2026-06-19 00:00:00+00:00, run_after=2026-06-20 00:00:00+00:00
[2026-06-19T11:03:57.968+0000] {processor.py:208} INFO - Processing /opt/airflow/dags/crypto_pipeline_dag.py took 0.074 seconds
[2026-06-19T11:04:28.254+0000] {processor.py:186} INFO - Started process (PID=1787) to work on /opt/airflow/dags/crypto_pipeline_dag.py
[2026-06-19T11:04:28.255+0000] {processor.py:914} INFO - Processing file /opt/airflow/dags/crypto_pipeline_dag.py for tasks to queue
[2026-06-19T11:04:28.256+0000] {logging_mixin.py:190} INFO - [2026-06-19T11:04:28.256+0000] {dagbag.py:588} INFO - Filling up the DagBag from /opt/airflow/dags/crypto_pipeline_dag.py
[2026-06-19T11:04:28.270+0000] {processor.py:925} INFO - DAG(s) 'crypto_pipeline_dag' retrieved from /opt/airflow/dags/crypto_pipeline_dag.py
[2026-06-19T11:04:28.290+0000] {logging_mixin.py:190} INFO - [2026-06-19T11:04:28.290+0000] {dag.py:3239} INFO - Sync 1 DAGs
[2026-06-19T11:04:28.306+0000] {logging_mixin.py:190} INFO - [2026-06-19T11:04:28.306+0000] {dag.py:4180} INFO - Setting next_dagrun for crypto_pipeline_dag to 2026-06-19 00:00:00+00:00, run_after=2026-06-20 00:00:00+00:00
[2026-06-19T11:04:28.319+0000] {processor.py:208} INFO - Processing /opt/airflow/dags/crypto_pipeline_dag.py took 0.070 seconds
[2026-06-19T11:04:59.578+0000] {processor.py:186} INFO - Started process (PID=1792) to work on /opt/airflow/dags/crypto_pipeline_dag.py
[2026-06-19T11:04:59.579+0000] {processor.py:914} INFO - Processing file /opt/airflow/dags/crypto_pipeline_dag.py for tasks to queue
[2026-06-19T11:04:59.581+0000] {logging_mixin.py:190} INFO - [2026-06-19T11:04:59.580+0000] {dagbag.py:588} INFO - Filling up the DagBag from /opt/airflow/dags/crypto_pipeline_dag.py
[2026-06-19T11:04:59.595+0000] {processor.py:925} INFO - DAG(s) 'crypto_pipeline_dag' retrieved from /opt/airflow/dags/crypto_pipeline_dag.py
[2026-06-19T11:04:59.615+0000] {logging_mixin.py:190} INFO - [2026-06-19T11:04:59.614+0000] {dag.py:3239} INFO - Sync 1 DAGs
[2026-06-19T11:04:59.630+0000] {logging_mixin.py:190} INFO - [2026-06-19T11:04:59.630+0000] {dag.py:4180} INFO - Setting next_dagrun for crypto_pipeline_dag to 2026-06-19 00:00:00+00:00, run_after=2026-06-20 00:00:00+00:00
[2026-06-19T11:04:59.643+0000] {processor.py:208} INFO - Processing /opt/airflow/dags/crypto_pipeline_dag.py took 0.069 seconds
[2026-06-19T11:05:30.964+0000] {processor.py:186} INFO - Started process (PID=1797) to work on /opt/airflow/dags/crypto_pipeline_dag.py
[2026-06-19T11:05:30.964+0000] {processor.py:914} INFO - Processing file /opt/airflow/dags/crypto_pipeline_dag.py for tasks to queue
[2026-06-19T11:05:30.966+0000] {logging_mixin.py:190} INFO - [2026-06-19T11:05:30.966+0000] {dagbag.py:588} INFO - Filling up the DagBag from /opt/airflow/dags/crypto_pipeline_dag.py
[2026-06-19T11:05:30.978+0000] {processor.py:925} INFO - DAG(s) 'crypto_pipeline_dag' retrieved from /opt/airflow/dags/crypto_pipeline_dag.py
[2026-06-19T11:05:30.998+0000] {logging_mixin.py:190} INFO - [2026-06-19T11:05:30.998+0000] {dag.py:3239} INFO - Sync 1 DAGs
[2026-06-19T11:05:31.014+0000] {logging_mixin.py:190} INFO - [2026-06-19T11:05:31.014+0000] {dag.py:4180} INFO - Setting next_dagrun for crypto_pipeline_dag to 2026-06-19 00:00:00+00:00, run_after=2026-06-20 00:00:00+00:00
[2026-06-19T11:05:31.027+0000] {processor.py:208} INFO - Processing /opt/airflow/dags/crypto_pipeline_dag.py took 0.067 seconds
[2026-06-19T11:06:02.213+0000] {processor.py:186} INFO - Started process (PID=1802) to work on /opt/airflow/dags/crypto_pipeline_dag.py
[2026-06-19T11:06:02.214+0000] {processor.py:914} INFO - Processing file /opt/airflow/dags/crypto_pipeline_dag.py for tasks to queue
[2026-06-19T11:06:02.216+0000] {logging_mixin.py:190} INFO - [2026-06-19T11:06:02.215+0000] {dagbag.py:588} INFO - Filling up the DagBag from /opt/airflow/dags/crypto_pipeline_dag.py
[2026-06-19T11:06:02.228+0000] {processor.py:925} INFO - DAG(s) 'crypto_pipeline_dag' retrieved from /opt/airflow/dags/crypto_pipeline_dag.py
[2026-06-19T11:06:02.247+0000] {logging_mixin.py:190} INFO - [2026-06-19T11:06:02.247+0000] {dag.py:3239} INFO - Sync 1 DAGs
[2026-06-19T11:06:02.263+0000] {logging_mixin.py:190} INFO - [2026-06-19T11:06:02.262+0000] {dag.py:4180} INFO - Setting next_dagrun for crypto_pipeline_dag to 2026-06-19 00:00:00+00:00, run_after=2026-06-20 00:00:00+00:00
[2026-06-19T11:06:02.275+0000] {processor.py:208} INFO - Processing /opt/airflow/dags/crypto_pipeline_dag.py took 0.067 seconds
[2026-06-19T11:06:32.649+0000] {processor.py:186} INFO - Started process (PID=1807) to work on /opt/airflow/dags/crypto_pipeline_dag.py
[2026-06-19T11:06:32.650+0000] {processor.py:914} INFO - Processing file /opt/airflow/dags/crypto_pipeline_dag.py for tasks to queue
[2026-06-19T11:06:32.651+0000] {logging_mixin.py:190} INFO - [2026-06-19T11:06:32.651+0000] {dagbag.py:588} INFO - Filling up the DagBag from /opt/airflow/dags/crypto_pipeline_dag.py
[2026-06-19T11:06:32.664+0000] {processor.py:925} INFO - DAG(s) 'crypto_pipeline_dag' retrieved from /opt/airflow/dags/crypto_pipeline_dag.py
[2026-06-19T11:06:32.683+0000] {logging_mixin.py:190} INFO - [2026-06-19T11:06:32.683+0000] {dag.py:3239} INFO - Sync 1 DAGs
[2026-06-19T11:06:32.699+0000] {logging_mixin.py:190} INFO - [2026-06-19T11:06:32.699+0000] {dag.py:4180} INFO - Setting next_dagrun for crypto_pipeline_dag to 2026-06-19 00:00:00+00:00, run_after=2026-06-20 00:00:00+00:00
[2026-06-19T11:06:32.714+0000] {processor.py:208} INFO - Processing /opt/airflow/dags/crypto_pipeline_dag.py took 0.070 seconds
[2026-06-19T11:07:03.980+0000] {processor.py:186} INFO - Started process (PID=1812) to work on /opt/airflow/dags/crypto_pipeline_dag.py
[2026-06-19T11:07:03.981+0000] {processor.py:914} INFO - Processing file /opt/airflow/dags/crypto_pipeline_dag.py for tasks to queue
[2026-06-19T11:07:03.983+0000] {logging_mixin.py:190} INFO - [2026-06-19T11:07:03.983+0000] {dagbag.py:588} INFO - Filling up the DagBag from /opt/airflow/dags/crypto_pipeline_dag.py
[2026-06-19T11:07:03.996+0000] {processor.py:925} INFO - DAG(s) 'crypto_pipeline_dag' retrieved from /opt/airflow/dags/crypto_pipeline_dag.py
[2026-06-19T11:07:04.017+0000] {logging_mixin.py:190} INFO - [2026-06-19T11:07:04.016+0000] {dag.py:3239} INFO - Sync 1 DAGs
[2026-06-19T11:07:04.034+0000] {logging_mixin.py:190} INFO - [2026-06-19T11:07:04.034+0000] {dag.py:4180} INFO - Setting next_dagrun for crypto_pipeline_dag to 2026-06-19 00:00:00+00:00, run_after=2026-06-20 00:00:00+00:00
[2026-06-19T11:07:04.049+0000] {processor.py:208} INFO - Processing /opt/airflow/dags/crypto_pipeline_dag.py took 0.073 seconds
[2026-06-19T11:07:35.389+0000] {processor.py:186} INFO - Started process (PID=1817) to work on /opt/airflow/dags/crypto_pipeline_dag.py
[2026-06-19T11:07:35.390+0000] {processor.py:914} INFO - Processing file /opt/airflow/dags/crypto_pipeline_dag.py for tasks to queue
[2026-06-19T11:07:35.392+0000] {logging_mixin.py:190} INFO - [2026-06-19T11:07:35.392+0000] {dagbag.py:588} INFO - Filling up the DagBag from /opt/airflow/dags/crypto_pipeline_dag.py
[2026-06-19T11:07:35.415+0000] {processor.py:925} INFO - DAG(s) 'crypto_pipeline_dag' retrieved from /opt/airflow/dags/crypto_pipeline_dag.py
[2026-06-19T11:07:35.443+0000] {logging_mixin.py:190} INFO - [2026-06-19T11:07:35.443+0000] {dag.py:3239} INFO - Sync 1 DAGs
[2026-06-19T11:07:35.468+0000] {logging_mixin.py:190} INFO - [2026-06-19T11:07:35.468+0000] {dag.py:4180} INFO - Setting next_dagrun for crypto_pipeline_dag to 2026-06-19 00:00:00+00:00, run_after=2026-06-20 00:00:00+00:00
[2026-06-19T11:07:35.486+0000] {processor.py:208} INFO - Processing /opt/airflow/dags/crypto_pipeline_dag.py took 0.102 seconds
[2026-06-19T11:08:06.698+0000] {processor.py:186} INFO - Started process (PID=1822) to work on /opt/airflow/dags/crypto_pipeline_dag.py
[2026-06-19T11:08:06.699+0000] {processor.py:914} INFO - Processing file /opt/airflow/dags/crypto_pipeline_dag.py for tasks to queue
[2026-06-19T11:08:06.701+0000] {logging_mixin.py:190} INFO - [2026-06-19T11:08:06.701+0000] {dagbag.py:588} INFO - Filling up the DagBag from /opt/airflow/dags/crypto_pipeline_dag.py
[2026-06-19T11:08:06.716+0000] {processor.py:925} INFO - DAG(s) 'crypto_pipeline_dag' retrieved from /opt/airflow/dags/crypto_pipeline_dag.py
[2026-06-19T11:08:06.739+0000] {logging_mixin.py:190} INFO - [2026-06-19T11:08:06.738+0000] {dag.py:3239} INFO - Sync 1 DAGs
[2026-06-19T11:08:06.757+0000] {logging_mixin.py:190} INFO - [2026-06-19T11:08:06.757+0000] {dag.py:4180} INFO - Setting next_dagrun for crypto_pipeline_dag to 2026-06-19 00:00:00+00:00, run_after=2026-06-20 00:00:00+00:00
[2026-06-19T11:08:06.771+0000] {processor.py:208} INFO - Processing /opt/airflow/dags/crypto_pipeline_dag.py took 0.077 seconds
[2026-06-19T11:08:37.247+0000] {processor.py:186} INFO - Started process (PID=1827) to work on /opt/airflow/dags/crypto_pipeline_dag.py
[2026-06-19T11:08:37.248+0000] {processor.py:914} INFO - Processing file /opt/airflow/dags/crypto_pipeline_dag.py for tasks to queue
[2026-06-19T11:08:37.250+0000] {logging_mixin.py:190} INFO - [2026-06-19T11:08:37.250+0000] {dagbag.py:588} INFO - Filling up the DagBag from /opt/airflow/dags/crypto_pipeline_dag.py
[2026-06-19T11:08:37.263+0000] {processor.py:925} INFO - DAG(s) 'crypto_pipeline_dag' retrieved from /opt/airflow/dags/crypto_pipeline_dag.py
[2026-06-19T11:08:37.282+0000] {logging_mixin.py:190} INFO - [2026-06-19T11:08:37.282+0000] {dag.py:3239} INFO - Sync 1 DAGs
[2026-06-19T11:08:37.298+0000] {logging_mixin.py:190} INFO - [2026-06-19T11:08:37.298+0000] {dag.py:4180} INFO - Setting next_dagrun for crypto_pipeline_dag to 2026-06-19 00:00:00+00:00, run_after=2026-06-20 00:00:00+00:00
[2026-06-19T11:08:37.313+0000] {processor.py:208} INFO - Processing /opt/airflow/dags/crypto_pipeline_dag.py took 0.069 seconds
[2026-06-19T11:09:08.607+0000] {processor.py:186} INFO - Started process (PID=1832) to work on /opt/airflow/dags/crypto_pipeline_dag.py
[2026-06-19T11:09:08.608+0000] {processor.py:914} INFO - Processing file /opt/airflow/dags/crypto_pipeline_dag.py for tasks to queue
[2026-06-19T11:09:08.609+0000] {logging_mixin.py:190} INFO - [2026-06-19T11:09:08.609+0000] {dagbag.py:588} INFO - Filling up the DagBag from /opt/airflow/dags/crypto_pipeline_dag.py
[2026-06-19T11:09:08.626+0000] {processor.py:925} INFO - DAG(s) 'crypto_pipeline_dag' retrieved from /opt/airflow/dags/crypto_pipeline_dag.py
[2026-06-19T11:09:08.646+0000] {logging_mixin.py:190} INFO - [2026-06-19T11:09:08.646+0000] {dag.py:3239} INFO - Sync 1 DAGs
[2026-06-19T11:09:08.662+0000] {logging_mixin.py:190} INFO - [2026-06-19T11:09:08.662+0000] {dag.py:4180} INFO - Setting next_dagrun for crypto_pipeline_dag to 2026-06-19 00:00:00+00:00, run_after=2026-06-20 00:00:00+00:00
[2026-06-19T11:09:08.674+0000] {processor.py:208} INFO - Processing /opt/airflow/dags/crypto_pipeline_dag.py took 0.071 seconds
[2026-06-19T11:09:40.054+0000] {processor.py:186} INFO - Started process (PID=1837) to work on /opt/airflow/dags/crypto_pipeline_dag.py
[2026-06-19T11:09:40.055+0000] {processor.py:914} INFO - Processing file /opt/airflow/dags/crypto_pipeline_dag.py for tasks to queue
[2026-06-19T11:09:40.057+0000] {logging_mixin.py:190} INFO - [2026-06-19T11:09:40.057+0000] {dagbag.py:588} INFO - Filling up the DagBag from /opt/airflow/dags/crypto_pipeline_dag.py
[2026-06-19T11:09:40.070+0000] {processor.py:925} INFO - DAG(s) 'crypto_pipeline_dag' retrieved from /opt/airflow/dags/crypto_pipeline_dag.py
[2026-06-19T11:09:40.089+0000] {logging_mixin.py:190} INFO - [2026-06-19T11:09:40.088+0000] {dag.py:3239} INFO - Sync 1 DAGs
[2026-06-19T11:09:40.104+0000] {logging_mixin.py:190} INFO - [2026-06-19T11:09:40.104+0000] {dag.py:4180} INFO - Setting next_dagrun for crypto_pipeline_dag to 2026-06-19 00:00:00+00:00, run_after=2026-06-20 00:00:00+00:00
[2026-06-19T11:09:40.117+0000] {processor.py:208} INFO - Processing /opt/airflow/dags/crypto_pipeline_dag.py took 0.068 seconds
[2026-06-19T11:10:10.453+0000] {processor.py:186} INFO - Started process (PID=1842) to work on /opt/airflow/dags/crypto_pipeline_dag.py
[2026-06-19T11:10:10.454+0000] {processor.py:914} INFO - Processing file /opt/airflow/dags/crypto_pipeline_dag.py for tasks to queue
[2026-06-19T11:10:10.456+0000] {logging_mixin.py:190} INFO - [2026-06-19T11:10:10.455+0000] {dagbag.py:588} INFO - Filling up the DagBag from /opt/airflow/dags/crypto_pipeline_dag.py
[2026-06-19T11:10:10.467+0000] {processor.py:925} INFO - DAG(s) 'crypto_pipeline_dag' retrieved from /opt/airflow/dags/crypto_pipeline_dag.py
[2026-06-19T11:10:10.487+0000] {logging_mixin.py:190} INFO - [2026-06-19T11:10:10.486+0000] {dag.py:3239} INFO - Sync 1 DAGs
[2026-06-19T11:10:10.503+0000] {logging_mixin.py:190} INFO - [2026-06-19T11:10:10.503+0000] {dag.py:4180} INFO - Setting next_dagrun for crypto_pipeline_dag to 2026-06-19 00:00:00+00:00, run_after=2026-06-20 00:00:00+00:00
[2026-06-19T11:10:10.514+0000] {processor.py:208} INFO - Processing /opt/airflow/dags/crypto_pipeline_dag.py took 0.065 seconds
[2026-06-19T11:10:41.907+0000] {processor.py:186} INFO - Started process (PID=1847) to work on /opt/airflow/dags/crypto_pipeline_dag.py
[2026-06-19T11:10:41.907+0000] {processor.py:914} INFO - Processing file /opt/airflow/dags/crypto_pipeline_dag.py for tasks to queue
[2026-06-19T11:10:41.909+0000] {logging_mixin.py:190} INFO - [2026-06-19T11:10:41.909+0000] {dagbag.py:588} INFO - Filling up the DagBag from /opt/airflow/dags/crypto_pipeline_dag.py
[2026-06-19T11:10:41.923+0000] {processor.py:925} INFO - DAG(s) 'crypto_pipeline_dag' retrieved from /opt/airflow/dags/crypto_pipeline_dag.py
[2026-06-19T11:10:41.943+0000] {logging_mixin.py:190} INFO - [2026-06-19T11:10:41.943+0000] {dag.py:3239} INFO - Sync 1 DAGs
[2026-06-19T11:10:41.961+0000] {logging_mixin.py:190} INFO - [2026-06-19T11:10:41.961+0000] {dag.py:4180} INFO - Setting next_dagrun for crypto_pipeline_dag to 2026-06-19 00:00:00+00:00, run_after=2026-06-20 00:00:00+00:00
[2026-06-19T11:10:41.975+0000] {processor.py:208} INFO - Processing /opt/airflow/dags/crypto_pipeline_dag.py took 0.072 seconds
[2026-06-19T11:11:13.237+0000] {processor.py:186} INFO - Started process (PID=1852) to work on /opt/airflow/dags/crypto_pipeline_dag.py
[2026-06-19T11:11:13.238+0000] {processor.py:914} INFO - Processing file /opt/airflow/dags/crypto_pipeline_dag.py for tasks to queue
[2026-06-19T11:11:13.239+0000] {logging_mixin.py:190} INFO - [2026-06-19T11:11:13.239+0000] {dagbag.py:588} INFO - Filling up the DagBag from /opt/airflow/dags/crypto_pipeline_dag.py
[2026-06-19T11:11:13.254+0000] {processor.py:925} INFO - DAG(s) 'crypto_pipeline_dag' retrieved from /opt/airflow/dags/crypto_pipeline_dag.py
[2026-06-19T11:11:13.275+0000] {logging_mixin.py:190} INFO - [2026-06-19T11:11:13.275+0000] {dag.py:3239} INFO - Sync 1 DAGs
[2026-06-19T11:11:13.291+0000] {logging_mixin.py:190} INFO - [2026-06-19T11:11:13.291+0000] {dag.py:4180} INFO - Setting next_dagrun for crypto_pipeline_dag to 2026-06-19 00:00:00+00:00, run_after=2026-06-20 00:00:00+00:00
[2026-06-19T11:11:13.305+0000] {processor.py:208} INFO - Processing /opt/airflow/dags/crypto_pipeline_dag.py took 0.072 seconds
[2026-06-19T11:11:44.621+0000] {processor.py:186} INFO - Started process (PID=1857) to work on /opt/airflow/dags/crypto_pipeline_dag.py
[2026-06-19T11:11:44.622+0000] {processor.py:914} INFO - Processing file /opt/airflow/dags/crypto_pipeline_dag.py for tasks to queue
[2026-06-19T11:11:44.624+0000] {logging_mixin.py:190} INFO - [2026-06-19T11:11:44.624+0000] {dagbag.py:588} INFO - Filling up the DagBag from /opt/airflow/dags/crypto_pipeline_dag.py
[2026-06-19T11:11:44.639+0000] {processor.py:925} INFO - DAG(s) 'crypto_pipeline_dag' retrieved from /opt/airflow/dags/crypto_pipeline_dag.py
[2026-06-19T11:11:44.664+0000] {logging_mixin.py:190} INFO - [2026-06-19T11:11:44.663+0000] {dag.py:3239} INFO - Sync 1 DAGs
[2026-06-19T11:11:44.682+0000] {logging_mixin.py:190} INFO - [2026-06-19T11:11:44.682+0000] {dag.py:4180} INFO - Setting next_dagrun for crypto_pipeline_dag to 2026-06-19 00:00:00+00:00, run_after=2026-06-20 00:00:00+00:00
[2026-06-19T11:11:44.697+0000] {processor.py:208} INFO - Processing /opt/airflow/dags/crypto_pipeline_dag.py took 0.079 seconds
[2026-06-19T11:12:16.158+0000] {processor.py:186} INFO - Started process (PID=1862) to work on /opt/airflow/dags/crypto_pipeline_dag.py
[2026-06-19T11:12:16.159+0000] {processor.py:914} INFO - Processing file /opt/airflow/dags/crypto_pipeline_dag.py for tasks to queue
[2026-06-19T11:12:16.161+0000] {logging_mixin.py:190} INFO - [2026-06-19T11:12:16.161+0000] {dagbag.py:588} INFO - Filling up the DagBag from /opt/airflow/dags/crypto_pipeline_dag.py
[2026-06-19T11:12:16.193+0000] {processor.py:925} INFO - DAG(s) 'crypto_pipeline_dag' retrieved from /opt/airflow/dags/crypto_pipeline_dag.py
[2026-06-19T11:12:16.214+0000] {logging_mixin.py:190} INFO - [2026-06-19T11:12:16.214+0000] {dag.py:3239} INFO - Sync 1 DAGs
[2026-06-19T11:12:16.232+0000] {logging_mixin.py:190} INFO - [2026-06-19T11:12:16.232+0000] {dag.py:4180} INFO - Setting next_dagrun for crypto_pipeline_dag to 2026-06-19 00:00:00+00:00, run_after=2026-06-20 00:00:00+00:00
[2026-06-19T11:12:16.249+0000] {processor.py:208} INFO - Processing /opt/airflow/dags/crypto_pipeline_dag.py took 0.098 seconds
[2026-06-19T11:12:46.569+0000] {processor.py:186} INFO - Started process (PID=1867) to work on /opt/airflow/dags/crypto_pipeline_dag.py
[2026-06-19T11:12:46.570+0000] {processor.py:914} INFO - Processing file /opt/airflow/dags/crypto_pipeline_dag.py for tasks to queue
[2026-06-19T11:12:46.572+0000] {logging_mixin.py:190} INFO - [2026-06-19T11:12:46.572+0000] {dagbag.py:588} INFO - Filling up the DagBag from /opt/airflow/dags/crypto_pipeline_dag.py
[2026-06-19T11:12:46.585+0000] {processor.py:925} INFO - DAG(s) 'crypto_pipeline_dag' retrieved from /opt/airflow/dags/crypto_pipeline_dag.py
[2026-06-19T11:12:46.605+0000] {logging_mixin.py:190} INFO - [2026-06-19T11:12:46.605+0000] {dag.py:3239} INFO - Sync 1 DAGs
[2026-06-19T11:12:46.622+0000] {logging_mixin.py:190} INFO - [2026-06-19T11:12:46.622+0000] {dag.py:4180} INFO - Setting next_dagrun for crypto_pipeline_dag to 2026-06-19 00:00:00+00:00, run_after=2026-06-20 00:00:00+00:00
[2026-06-19T11:12:46.636+0000] {processor.py:208} INFO - Processing /opt/airflow/dags/crypto_pipeline_dag.py took 0.071 seconds
[2026-06-19T11:13:17.984+0000] {processor.py:186} INFO - Started process (PID=1872) to work on /opt/airflow/dags/crypto_pipeline_dag.py
[2026-06-19T11:13:17.984+0000] {processor.py:914} INFO - Processing file /opt/airflow/dags/crypto_pipeline_dag.py for tasks to queue
[2026-06-19T11:13:17.986+0000] {logging_mixin.py:190} INFO - [2026-06-19T11:13:17.986+0000] {dagbag.py:588} INFO - Filling up the DagBag from /opt/airflow/dags/crypto_pipeline_dag.py
[2026-06-19T11:13:18.002+0000] {processor.py:925} INFO - DAG(s) 'crypto_pipeline_dag' retrieved from /opt/airflow/dags/crypto_pipeline_dag.py
[2026-06-19T11:13:18.022+0000] {logging_mixin.py:190} INFO - [2026-06-19T11:13:18.022+0000] {dag.py:3239} INFO - Sync 1 DAGs
[2026-06-19T11:13:18.038+0000] {logging_mixin.py:190} INFO - [2026-06-19T11:13:18.037+0000] {dag.py:4180} INFO - Setting next_dagrun for crypto_pipeline_dag to 2026-06-19 00:00:00+00:00, run_after=2026-06-20 00:00:00+00:00
[2026-06-19T11:13:18.051+0000] {processor.py:208} INFO - Processing /opt/airflow/dags/crypto_pipeline_dag.py took 0.071 seconds
[2026-06-19T11:13:49.348+0000] {processor.py:186} INFO - Started process (PID=1877) to work on /opt/airflow/dags/crypto_pipeline_dag.py
[2026-06-19T11:13:49.349+0000] {processor.py:914} INFO - Processing file /opt/airflow/dags/crypto_pipeline_dag.py for tasks to queue
[2026-06-19T11:13:49.351+0000] {logging_mixin.py:190} INFO - [2026-06-19T11:13:49.350+0000] {dagbag.py:588} INFO - Filling up the DagBag from /opt/airflow/dags/crypto_pipeline_dag.py
[2026-06-19T11:13:49.364+0000] {processor.py:925} INFO - DAG(s) 'crypto_pipeline_dag' retrieved from /opt/airflow/dags/crypto_pipeline_dag.py
[2026-06-19T11:13:49.385+0000] {logging_mixin.py:190} INFO - [2026-06-19T11:13:49.384+0000] {dag.py:3239} INFO - Sync 1 DAGs
[2026-06-19T11:13:49.401+0000] {logging_mixin.py:190} INFO - [2026-06-19T11:13:49.401+0000] {dag.py:4180} INFO - Setting next_dagrun for crypto_pipeline_dag to 2026-06-19 00:00:00+00:00, run_after=2026-06-20 00:00:00+00:00
[2026-06-19T11:13:49.415+0000] {processor.py:208} INFO - Processing /opt/airflow/dags/crypto_pipeline_dag.py took 0.070 seconds
[2026-06-19T11:14:20.807+0000] {processor.py:186} INFO - Started process (PID=1882) to work on /opt/airflow/dags/crypto_pipeline_dag.py
[2026-06-19T11:14:20.808+0000] {processor.py:914} INFO - Processing file /opt/airflow/dags/crypto_pipeline_dag.py for tasks to queue
[2026-06-19T11:14:20.810+0000] {logging_mixin.py:190} INFO - [2026-06-19T11:14:20.810+0000] {dagbag.py:588} INFO - Filling up the DagBag from /opt/airflow/dags/crypto_pipeline_dag.py
[2026-06-19T11:14:20.824+0000] {processor.py:925} INFO - DAG(s) 'crypto_pipeline_dag' retrieved from /opt/airflow/dags/crypto_pipeline_dag.py
[2026-06-19T11:14:20.845+0000] {logging_mixin.py:190} INFO - [2026-06-19T11:14:20.844+0000] {dag.py:3239} INFO - Sync 1 DAGs
[2026-06-19T11:14:20.862+0000] {logging_mixin.py:190} INFO - [2026-06-19T11:14:20.862+0000] {dag.py:4180} INFO - Setting next_dagrun for crypto_pipeline_dag to 2026-06-19 00:00:00+00:00, run_after=2026-06-20 00:00:00+00:00
[2026-06-19T11:14:20.884+0000] {processor.py:208} INFO - Processing /opt/airflow/dags/crypto_pipeline_dag.py took 0.081 seconds
[2026-06-19T11:14:51.180+0000] {processor.py:186} INFO - Started process (PID=1887) to work on /opt/airflow/dags/crypto_pipeline_dag.py
[2026-06-19T11:14:51.181+0000] {processor.py:914} INFO - Processing file /opt/airflow/dags/crypto_pipeline_dag.py for tasks to queue
[2026-06-19T11:14:51.183+0000] {logging_mixin.py:190} INFO - [2026-06-19T11:14:51.182+0000] {dagbag.py:588} INFO - Filling up the DagBag from /opt/airflow/dags/crypto_pipeline_dag.py
[2026-06-19T11:14:51.195+0000] {processor.py:925} INFO - DAG(s) 'crypto_pipeline_dag' retrieved from /opt/airflow/dags/crypto_pipeline_dag.py
[2026-06-19T11:14:51.215+0000] {logging_mixin.py:190} INFO - [2026-06-19T11:14:51.215+0000] {dag.py:3239} INFO - Sync 1 DAGs
[2026-06-19T11:14:51.232+0000] {logging_mixin.py:190} INFO - [2026-06-19T11:14:51.232+0000] {dag.py:4180} INFO - Setting next_dagrun for crypto_pipeline_dag to 2026-06-19 00:00:00+00:00, run_after=2026-06-20 00:00:00+00:00
[2026-06-19T11:14:51.245+0000] {processor.py:208} INFO - Processing /opt/airflow/dags/crypto_pipeline_dag.py took 0.069 seconds
[2026-06-19T11:15:22.613+0000] {processor.py:186} INFO - Started process (PID=1892) to work on /opt/airflow/dags/crypto_pipeline_dag.py
[2026-06-19T11:15:22.614+0000] {processor.py:914} INFO - Processing file /opt/airflow/dags/crypto_pipeline_dag.py for tasks to queue
[2026-06-19T11:15:22.615+0000] {logging_mixin.py:190} INFO - [2026-06-19T11:15:22.615+0000] {dagbag.py:588} INFO - Filling up the DagBag from /opt/airflow/dags/crypto_pipeline_dag.py
[2026-06-19T11:15:22.628+0000] {processor.py:925} INFO - DAG(s) 'crypto_pipeline_dag' retrieved from /opt/airflow/dags/crypto_pipeline_dag.py
[2026-06-19T11:15:22.647+0000] {logging_mixin.py:190} INFO - [2026-06-19T11:15:22.647+0000] {dag.py:3239} INFO - Sync 1 DAGs
[2026-06-19T11:15:22.663+0000] {logging_mixin.py:190} INFO - [2026-06-19T11:15:22.663+0000] {dag.py:4180} INFO - Setting next_dagrun for crypto_pipeline_dag to 2026-06-19 00:00:00+00:00, run_after=2026-06-20 00:00:00+00:00
[2026-06-19T11:15:22.678+0000] {processor.py:208} INFO - Processing /opt/airflow/dags/crypto_pipeline_dag.py took 0.068 seconds
[2026-06-19T11:15:53.987+0000] {processor.py:186} INFO - Started process (PID=1897) to work on /opt/airflow/dags/crypto_pipeline_dag.py
[2026-06-19T11:15:53.988+0000] {processor.py:914} INFO - Processing file /opt/airflow/dags/crypto_pipeline_dag.py for tasks to queue
[2026-06-19T11:15:53.989+0000] {logging_mixin.py:190} INFO - [2026-06-19T11:15:53.989+0000] {dagbag.py:588} INFO - Filling up the DagBag from /opt/airflow/dags/crypto_pipeline_dag.py
[2026-06-19T11:15:54.001+0000] {processor.py:925} INFO - DAG(s) 'crypto_pipeline_dag' retrieved from /opt/airflow/dags/crypto_pipeline_dag.py
[2026-06-19T11:15:54.019+0000] {logging_mixin.py:190} INFO - [2026-06-19T11:15:54.019+0000] {dag.py:3239} INFO - Sync 1 DAGs
[2026-06-19T11:15:54.034+0000] {logging_mixin.py:190} INFO - [2026-06-19T11:15:54.033+0000] {dag.py:4180} INFO - Setting next_dagrun for crypto_pipeline_dag to 2026-06-19 00:00:00+00:00, run_after=2026-06-20 00:00:00+00:00
[2026-06-19T11:15:54.046+0000] {processor.py:208} INFO - Processing /opt/airflow/dags/crypto_pipeline_dag.py took 0.064 seconds
[2026-06-19T11:16:25.473+0000] {processor.py:186} INFO - Started process (PID=1902) to work on /opt/airflow/dags/crypto_pipeline_dag.py
[2026-06-19T11:16:25.474+0000] {processor.py:914} INFO - Processing file /opt/airflow/dags/crypto_pipeline_dag.py for tasks to queue
[2026-06-19T11:16:25.476+0000] {logging_mixin.py:190} INFO - [2026-06-19T11:16:25.475+0000] {dagbag.py:588} INFO - Filling up the DagBag from /opt/airflow/dags/crypto_pipeline_dag.py
[2026-06-19T11:16:25.489+0000] {processor.py:925} INFO - DAG(s) 'crypto_pipeline_dag' retrieved from /opt/airflow/dags/crypto_pipeline_dag.py
[2026-06-19T11:16:25.508+0000] {logging_mixin.py:190} INFO - [2026-06-19T11:16:25.507+0000] {dag.py:3239} INFO - Sync 1 DAGs
[2026-06-19T11:16:25.523+0000] {logging_mixin.py:190} INFO - [2026-06-19T11:16:25.523+0000] {dag.py:4180} INFO - Setting next_dagrun for crypto_pipeline_dag to 2026-06-19 00:00:00+00:00, run_after=2026-06-20 00:00:00+00:00
[2026-06-19T11:16:25.536+0000] {processor.py:208} INFO - Processing /opt/airflow/dags/crypto_pipeline_dag.py took 0.067 seconds
[2026-06-19T11:16:55.997+0000] {processor.py:186} INFO - Started process (PID=1907) to work on /opt/airflow/dags/crypto_pipeline_dag.py
[2026-06-19T11:16:55.997+0000] {processor.py:914} INFO - Processing file /opt/airflow/dags/crypto_pipeline_dag.py for tasks to queue
[2026-06-19T11:16:56.000+0000] {logging_mixin.py:190} INFO - [2026-06-19T11:16:55.999+0000] {dagbag.py:588} INFO - Filling up the DagBag from /opt/airflow/dags/crypto_pipeline_dag.py
[2026-06-19T11:16:56.021+0000] {processor.py:925} INFO - DAG(s) 'crypto_pipeline_dag' retrieved from /opt/airflow/dags/crypto_pipeline_dag.py
[2026-06-19T11:16:56.047+0000] {logging_mixin.py:190} INFO - [2026-06-19T11:16:56.047+0000] {dag.py:3239} INFO - Sync 1 DAGs
[2026-06-19T11:16:56.069+0000] {logging_mixin.py:190} INFO - [2026-06-19T11:16:56.068+0000] {dag.py:4180} INFO - Setting next_dagrun for crypto_pipeline_dag to 2026-06-19 00:00:00+00:00, run_after=2026-06-20 00:00:00+00:00
[2026-06-19T11:16:56.088+0000] {processor.py:208} INFO - Processing /opt/airflow/dags/crypto_pipeline_dag.py took 0.098 seconds
[2026-06-19T11:17:27.375+0000] {processor.py:186} INFO - Started process (PID=1912) to work on /opt/airflow/dags/crypto_pipeline_dag.py
[2026-06-19T11:17:27.375+0000] {processor.py:914} INFO - Processing file /opt/airflow/dags/crypto_pipeline_dag.py for tasks to queue
[2026-06-19T11:17:27.377+0000] {logging_mixin.py:190} INFO - [2026-06-19T11:17:27.377+0000] {dagbag.py:588} INFO - Filling up the DagBag from /opt/airflow/dags/crypto_pipeline_dag.py
[2026-06-19T11:17:27.390+0000] {processor.py:925} INFO - DAG(s) 'crypto_pipeline_dag' retrieved from /opt/airflow/dags/crypto_pipeline_dag.py
[2026-06-19T11:17:27.412+0000] {logging_mixin.py:190} INFO - [2026-06-19T11:17:27.412+0000] {dag.py:3239} INFO - Sync 1 DAGs
[2026-06-19T11:17:27.429+0000] {logging_mixin.py:190} INFO - [2026-06-19T11:17:27.429+0000] {dag.py:4180} INFO - Setting next_dagrun for crypto_pipeline_dag to 2026-06-19 00:00:00+00:00, run_after=2026-06-20 00:00:00+00:00
[2026-06-19T11:17:27.443+0000] {processor.py:208} INFO - Processing /opt/airflow/dags/crypto_pipeline_dag.py took 0.073 seconds
[2026-06-19T11:17:58.770+0000] {processor.py:186} INFO - Started process (PID=1917) to work on /opt/airflow/dags/crypto_pipeline_dag.py
[2026-06-19T11:17:58.771+0000] {processor.py:914} INFO - Processing file /opt/airflow/dags/crypto_pipeline_dag.py for tasks to queue
[2026-06-19T11:17:58.772+0000] {logging_mixin.py:190} INFO - [2026-06-19T11:17:58.772+0000] {dagbag.py:588} INFO - Filling up the DagBag from /opt/airflow/dags/crypto_pipeline_dag.py
[2026-06-19T11:17:58.785+0000] {processor.py:925} INFO - DAG(s) 'crypto_pipeline_dag' retrieved from /opt/airflow/dags/crypto_pipeline_dag.py
[2026-06-19T11:17:58.805+0000] {logging_mixin.py:190} INFO - [2026-06-19T11:17:58.805+0000] {dag.py:3239} INFO - Sync 1 DAGs
[2026-06-19T11:17:58.821+0000] {logging_mixin.py:190} INFO - [2026-06-19T11:17:58.821+0000] {dag.py:4180} INFO - Setting next_dagrun for crypto_pipeline_dag to 2026-06-19 00:00:00+00:00, run_after=2026-06-20 00:00:00+00:00
[2026-06-19T11:17:58.834+0000] {processor.py:208} INFO - Processing /opt/airflow/dags/crypto_pipeline_dag.py took 0.068 seconds
[2026-06-19T11:18:30.192+0000] {processor.py:186} INFO - Started process (PID=1922) to work on /opt/airflow/dags/crypto_pipeline_dag.py
[2026-06-19T11:18:30.193+0000] {processor.py:914} INFO - Processing file /opt/airflow/dags/crypto_pipeline_dag.py for tasks to queue
[2026-06-19T11:18:30.195+0000] {logging_mixin.py:190} INFO - [2026-06-19T11:18:30.194+0000] {dagbag.py:588} INFO - Filling up the DagBag from /opt/airflow/dags/crypto_pipeline_dag.py
[2026-06-19T11:18:30.207+0000] {processor.py:925} INFO - DAG(s) 'crypto_pipeline_dag' retrieved from /opt/airflow/dags/crypto_pipeline_dag.py
[2026-06-19T11:18:30.226+0000] {logging_mixin.py:190} INFO - [2026-06-19T11:18:30.226+0000] {dag.py:3239} INFO - Sync 1 DAGs
[2026-06-19T11:18:30.242+0000] {logging_mixin.py:190} INFO - [2026-06-19T11:18:30.242+0000] {dag.py:4180} INFO - Setting next_dagrun for crypto_pipeline_dag to 2026-06-19 00:00:00+00:00, run_after=2026-06-20 00:00:00+00:00
[2026-06-19T11:18:30.255+0000] {processor.py:208} INFO - Processing /opt/airflow/dags/crypto_pipeline_dag.py took 0.068 seconds
[2026-06-19T11:19:00.642+0000] {processor.py:186} INFO - Started process (PID=1927) to work on /opt/airflow/dags/crypto_pipeline_dag.py
[2026-06-19T11:19:00.642+0000] {processor.py:914} INFO - Processing file /opt/airflow/dags/crypto_pipeline_dag.py for tasks to queue
[2026-06-19T11:19:00.644+0000] {logging_mixin.py:190} INFO - [2026-06-19T11:19:00.644+0000] {dagbag.py:588} INFO - Filling up the DagBag from /opt/airflow/dags/crypto_pipeline_dag.py
[2026-06-19T11:19:00.656+0000] {processor.py:925} INFO - DAG(s) 'crypto_pipeline_dag' retrieved from /opt/airflow/dags/crypto_pipeline_dag.py
[2026-06-19T11:19:00.676+0000] {logging_mixin.py:190} INFO - [2026-06-19T11:19:00.675+0000] {dag.py:3239} INFO - Sync 1 DAGs
[2026-06-19T11:19:00.692+0000] {logging_mixin.py:190} INFO - [2026-06-19T11:19:00.692+0000] {dag.py:4180} INFO - Setting next_dagrun for crypto_pipeline_dag to 2026-06-19 00:00:00+00:00, run_after=2026-06-20 00:00:00+00:00
[2026-06-19T11:19:00.704+0000] {processor.py:208} INFO - Processing /opt/airflow/dags/crypto_pipeline_dag.py took 0.067 seconds
[2026-06-19T11:19:32.088+0000] {processor.py:186} INFO - Started process (PID=1932) to work on /opt/airflow/dags/crypto_pipeline_dag.py
[2026-06-19T11:19:32.089+0000] {processor.py:914} INFO - Processing file /opt/airflow/dags/crypto_pipeline_dag.py for tasks to queue
[2026-06-19T11:19:32.090+0000] {logging_mixin.py:190} INFO - [2026-06-19T11:19:32.090+0000] {dagbag.py:588} INFO - Filling up the DagBag from /opt/airflow/dags/crypto_pipeline_dag.py
[2026-06-19T11:19:32.102+0000] {processor.py:925} INFO - DAG(s) 'crypto_pipeline_dag' retrieved from /opt/airflow/dags/crypto_pipeline_dag.py
[2026-06-19T11:19:32.121+0000] {logging_mixin.py:190} INFO - [2026-06-19T11:19:32.121+0000] {dag.py:3239} INFO - Sync 1 DAGs
[2026-06-19T11:19:32.137+0000] {logging_mixin.py:190} INFO - [2026-06-19T11:19:32.137+0000] {dag.py:4180} INFO - Setting next_dagrun for crypto_pipeline_dag to 2026-06-19 00:00:00+00:00, run_after=2026-06-20 00:00:00+00:00
[2026-06-19T11:19:32.150+0000] {processor.py:208} INFO - Processing /opt/airflow/dags/crypto_pipeline_dag.py took 0.067 seconds
[2026-06-19T11:20:03.457+0000] {processor.py:186} INFO - Started process (PID=1937) to work on /opt/airflow/dags/crypto_pipeline_dag.py
[2026-06-19T11:20:03.458+0000] {processor.py:914} INFO - Processing file /opt/airflow/dags/crypto_pipeline_dag.py for tasks to queue
[2026-06-19T11:20:03.460+0000] {logging_mixin.py:190} INFO - [2026-06-19T11:20:03.460+0000] {dagbag.py:588} INFO - Filling up the DagBag from /opt/airflow/dags/crypto_pipeline_dag.py
[2026-06-19T11:20:03.472+0000] {processor.py:925} INFO - DAG(s) 'crypto_pipeline_dag' retrieved from /opt/airflow/dags/crypto_pipeline_dag.py
[2026-06-19T11:20:03.493+0000] {logging_mixin.py:190} INFO - [2026-06-19T11:20:03.492+0000] {dag.py:3239} INFO - Sync 1 DAGs
[2026-06-19T11:20:03.509+0000] {logging_mixin.py:190} INFO - [2026-06-19T11:20:03.509+0000] {dag.py:4180} INFO - Setting next_dagrun for crypto_pipeline_dag to 2026-06-19 00:00:00+00:00, run_after=2026-06-20 00:00:00+00:00
[2026-06-19T11:20:03.522+0000] {processor.py:208} INFO - Processing /opt/airflow/dags/crypto_pipeline_dag.py took 0.069 seconds
[2026-06-19T11:20:34.945+0000] {processor.py:186} INFO - Started process (PID=1942) to work on /opt/airflow/dags/crypto_pipeline_dag.py
[2026-06-19T11:20:34.946+0000] {processor.py:914} INFO - Processing file /opt/airflow/dags/crypto_pipeline_dag.py for tasks to queue
[2026-06-19T11:20:34.947+0000] {logging_mixin.py:190} INFO - [2026-06-19T11:20:34.947+0000] {dagbag.py:588} INFO - Filling up the DagBag from /opt/airflow/dags/crypto_pipeline_dag.py
[2026-06-19T11:20:34.959+0000] {processor.py:925} INFO - DAG(s) 'crypto_pipeline_dag' retrieved from /opt/airflow/dags/crypto_pipeline_dag.py
[2026-06-19T11:20:34.979+0000] {logging_mixin.py:190} INFO - [2026-06-19T11:20:34.978+0000] {dag.py:3239} INFO - Sync 1 DAGs
[2026-06-19T11:20:34.994+0000] {logging_mixin.py:190} INFO - [2026-06-19T11:20:34.994+0000] {dag.py:4180} INFO - Setting next_dagrun for crypto_pipeline_dag to 2026-06-19 00:00:00+00:00, run_after=2026-06-20 00:00:00+00:00
[2026-06-19T11:20:35.007+0000] {processor.py:208} INFO - Processing /opt/airflow/dags/crypto_pipeline_dag.py took 0.066 seconds
[2026-06-19T11:21:05.364+0000] {processor.py:186} INFO - Started process (PID=1947) to work on /opt/airflow/dags/crypto_pipeline_dag.py
[2026-06-19T11:21:05.364+0000] {processor.py:914} INFO - Processing file /opt/airflow/dags/crypto_pipeline_dag.py for tasks to queue
[2026-06-19T11:21:05.366+0000] {logging_mixin.py:190} INFO - [2026-06-19T11:21:05.366+0000] {dagbag.py:588} INFO - Filling up the DagBag from /opt/airflow/dags/crypto_pipeline_dag.py
[2026-06-19T11:21:05.379+0000] {processor.py:925} INFO - DAG(s) 'crypto_pipeline_dag' retrieved from /opt/airflow/dags/crypto_pipeline_dag.py
[2026-06-19T11:21:05.398+0000] {logging_mixin.py:190} INFO - [2026-06-19T11:21:05.398+0000] {dag.py:3239} INFO - Sync 1 DAGs
[2026-06-19T11:21:05.415+0000] {logging_mixin.py:190} INFO - [2026-06-19T11:21:05.414+0000] {dag.py:4180} INFO - Setting next_dagrun for crypto_pipeline_dag to 2026-06-19 00:00:00+00:00, run_after=2026-06-20 00:00:00+00:00
[2026-06-19T11:21:05.428+0000] {processor.py:208} INFO - Processing /opt/airflow/dags/crypto_pipeline_dag.py took 0.068 seconds
[2026-06-19T11:21:36.789+0000] {processor.py:186} INFO - Started process (PID=1952) to work on /opt/airflow/dags/crypto_pipeline_dag.py
[2026-06-19T11:21:36.789+0000] {processor.py:914} INFO - Processing file /opt/airflow/dags/crypto_pipeline_dag.py for tasks to queue
[2026-06-19T11:21:36.791+0000] {logging_mixin.py:190} INFO - [2026-06-19T11:21:36.791+0000] {dagbag.py:588} INFO - Filling up the DagBag from /opt/airflow/dags/crypto_pipeline_dag.py
[2026-06-19T11:21:36.803+0000] {processor.py:925} INFO - DAG(s) 'crypto_pipeline_dag' retrieved from /opt/airflow/dags/crypto_pipeline_dag.py
[2026-06-19T11:21:36.822+0000] {logging_mixin.py:190} INFO - [2026-06-19T11:21:36.822+0000] {dag.py:3239} INFO - Sync 1 DAGs
[2026-06-19T11:21:36.839+0000] {logging_mixin.py:190} INFO - [2026-06-19T11:21:36.839+0000] {dag.py:4180} INFO - Setting next_dagrun for crypto_pipeline_dag to 2026-06-19 00:00:00+00:00, run_after=2026-06-20 00:00:00+00:00
[2026-06-19T11:21:36.851+0000] {processor.py:208} INFO - Processing /opt/airflow/dags/crypto_pipeline_dag.py took 0.067 seconds
[2026-06-19T11:22:08.271+0000] {processor.py:186} INFO - Started process (PID=1957) to work on /opt/airflow/dags/crypto_pipeline_dag.py
[2026-06-19T11:22:08.272+0000] {processor.py:914} INFO - Processing file /opt/airflow/dags/crypto_pipeline_dag.py for tasks to queue
[2026-06-19T11:22:08.275+0000] {logging_mixin.py:190} INFO - [2026-06-19T11:22:08.275+0000] {dagbag.py:588} INFO - Filling up the DagBag from /opt/airflow/dags/crypto_pipeline_dag.py
[2026-06-19T11:22:08.291+0000] {processor.py:925} INFO - DAG(s) 'crypto_pipeline_dag' retrieved from /opt/airflow/dags/crypto_pipeline_dag.py
[2026-06-19T11:22:08.312+0000] {logging_mixin.py:190} INFO - [2026-06-19T11:22:08.312+0000] {dag.py:3239} INFO - Sync 1 DAGs
[2026-06-19T11:22:08.329+0000] {logging_mixin.py:190} INFO - [2026-06-19T11:22:08.329+0000] {dag.py:4180} INFO - Setting next_dagrun for crypto_pipeline_dag to 2026-06-19 00:00:00+00:00, run_after=2026-06-20 00:00:00+00:00
[2026-06-19T11:22:08.345+0000] {processor.py:208} INFO - Processing /opt/airflow/dags/crypto_pipeline_dag.py took 0.079 seconds
[2026-06-19T11:22:39.710+0000] {processor.py:186} INFO - Started process (PID=1962) to work on /opt/airflow/dags/crypto_pipeline_dag.py
[2026-06-19T11:22:39.711+0000] {processor.py:914} INFO - Processing file /opt/airflow/dags/crypto_pipeline_dag.py for tasks to queue
[2026-06-19T11:22:39.713+0000] {logging_mixin.py:190} INFO - [2026-06-19T11:22:39.713+0000] {dagbag.py:588} INFO - Filling up the DagBag from /opt/airflow/dags/crypto_pipeline_dag.py
[2026-06-19T11:22:39.726+0000] {processor.py:925} INFO - DAG(s) 'crypto_pipeline_dag' retrieved from /opt/airflow/dags/crypto_pipeline_dag.py
[2026-06-19T11:22:39.746+0000] {logging_mixin.py:190} INFO - [2026-06-19T11:22:39.746+0000] {dag.py:3239} INFO - Sync 1 DAGs
[2026-06-19T11:22:39.763+0000] {logging_mixin.py:190} INFO - [2026-06-19T11:22:39.763+0000] {dag.py:4180} INFO - Setting next_dagrun for crypto_pipeline_dag to 2026-06-19 00:00:00+00:00, run_after=2026-06-20 00:00:00+00:00
[2026-06-19T11:22:39.775+0000] {processor.py:208} INFO - Processing /opt/airflow/dags/crypto_pipeline_dag.py took 0.069 seconds
[2026-06-19T11:23:10.254+0000] {processor.py:186} INFO - Started process (PID=1967) to work on /opt/airflow/dags/crypto_pipeline_dag.py
[2026-06-19T11:23:10.254+0000] {processor.py:914} INFO - Processing file /opt/airflow/dags/crypto_pipeline_dag.py for tasks to queue
[2026-06-19T11:23:10.256+0000] {logging_mixin.py:190} INFO - [2026-06-19T11:23:10.256+0000] {dagbag.py:588} INFO - Filling up the DagBag from /opt/airflow/dags/crypto_pipeline_dag.py
[2026-06-19T11:23:10.269+0000] {processor.py:925} INFO - DAG(s) 'crypto_pipeline_dag' retrieved from /opt/airflow/dags/crypto_pipeline_dag.py
[2026-06-19T11:23:10.288+0000] {logging_mixin.py:190} INFO - [2026-06-19T11:23:10.288+0000] {dag.py:3239} INFO - Sync 1 DAGs
[2026-06-19T11:23:10.304+0000] {logging_mixin.py:190} INFO - [2026-06-19T11:23:10.304+0000] {dag.py:4180} INFO - Setting next_dagrun for crypto_pipeline_dag to 2026-06-19 00:00:00+00:00, run_after=2026-06-20 00:00:00+00:00
[2026-06-19T11:23:10.318+0000] {processor.py:208} INFO - Processing /opt/airflow/dags/crypto_pipeline_dag.py took 0.069 seconds
[2026-06-19T11:23:41.645+0000] {processor.py:186} INFO - Started process (PID=1972) to work on /opt/airflow/dags/crypto_pipeline_dag.py
[2026-06-19T11:23:41.646+0000] {processor.py:914} INFO - Processing file /opt/airflow/dags/crypto_pipeline_dag.py for tasks to queue
[2026-06-19T11:23:41.647+0000] {logging_mixin.py:190} INFO - [2026-06-19T11:23:41.647+0000] {dagbag.py:588} INFO - Filling up the DagBag from /opt/airflow/dags/crypto_pipeline_dag.py
[2026-06-19T11:23:41.660+0000] {processor.py:925} INFO - DAG(s) 'crypto_pipeline_dag' retrieved from /opt/airflow/dags/crypto_pipeline_dag.py
[2026-06-19T11:23:41.681+0000] {logging_mixin.py:190} INFO - [2026-06-19T11:23:41.681+0000] {dag.py:3239} INFO - Sync 1 DAGs
[2026-06-19T11:23:41.697+0000] {logging_mixin.py:190} INFO - [2026-06-19T11:23:41.697+0000] {dag.py:4180} INFO - Setting next_dagrun for crypto_pipeline_dag to 2026-06-19 00:00:00+00:00, run_after=2026-06-20 00:00:00+00:00
[2026-06-19T11:23:41.712+0000] {processor.py:208} INFO - Processing /opt/airflow/dags/crypto_pipeline_dag.py took 0.071 seconds
[2026-06-19T11:24:13.107+0000] {processor.py:186} INFO - Started process (PID=1977) to work on /opt/airflow/dags/crypto_pipeline_dag.py
[2026-06-19T11:24:13.108+0000] {processor.py:914} INFO - Processing file /opt/airflow/dags/crypto_pipeline_dag.py for tasks to queue
[2026-06-19T11:24:13.110+0000] {logging_mixin.py:190} INFO - [2026-06-19T11:24:13.110+0000] {dagbag.py:588} INFO - Filling up the DagBag from /opt/airflow/dags/crypto_pipeline_dag.py
[2026-06-19T11:24:13.127+0000] {processor.py:925} INFO - DAG(s) 'crypto_pipeline_dag' retrieved from /opt/airflow/dags/crypto_pipeline_dag.py
[2026-06-19T11:24:13.148+0000] {logging_mixin.py:190} INFO - [2026-06-19T11:24:13.148+0000] {dag.py:3239} INFO - Sync 1 DAGs
[2026-06-19T11:24:13.165+0000] {logging_mixin.py:190} INFO - [2026-06-19T11:24:13.165+0000] {dag.py:4180} INFO - Setting next_dagrun for crypto_pipeline_dag to 2026-06-19 00:00:00+00:00, run_after=2026-06-20 00:00:00+00:00
[2026-06-19T11:24:13.178+0000] {processor.py:208} INFO - Processing /opt/airflow/dags/crypto_pipeline_dag.py took 0.076 seconds
[2026-06-19T11:24:44.517+0000] {processor.py:186} INFO - Started process (PID=1982) to work on /opt/airflow/dags/crypto_pipeline_dag.py
[2026-06-19T11:24:44.518+0000] {processor.py:914} INFO - Processing file /opt/airflow/dags/crypto_pipeline_dag.py for tasks to queue
[2026-06-19T11:24:44.520+0000] {logging_mixin.py:190} INFO - [2026-06-19T11:24:44.520+0000] {dagbag.py:588} INFO - Filling up the DagBag from /opt/airflow/dags/crypto_pipeline_dag.py
[2026-06-19T11:24:44.534+0000] {processor.py:925} INFO - DAG(s) 'crypto_pipeline_dag' retrieved from /opt/airflow/dags/crypto_pipeline_dag.py
[2026-06-19T11:24:44.554+0000] {logging_mixin.py:190} INFO - [2026-06-19T11:24:44.554+0000] {dag.py:3239} INFO - Sync 1 DAGs
[2026-06-19T11:24:44.571+0000] {logging_mixin.py:190} INFO - [2026-06-19T11:24:44.571+0000] {dag.py:4180} INFO - Setting next_dagrun for crypto_pipeline_dag to 2026-06-19 00:00:00+00:00, run_after=2026-06-20 00:00:00+00:00
[2026-06-19T11:24:44.587+0000] {processor.py:208} INFO - Processing /opt/airflow/dags/crypto_pipeline_dag.py took 0.074 seconds
[2026-06-19T11:25:14.975+0000] {processor.py:186} INFO - Started process (PID=1987) to work on /opt/airflow/dags/crypto_pipeline_dag.py
[2026-06-19T11:25:14.976+0000] {processor.py:914} INFO - Processing file /opt/airflow/dags/crypto_pipeline_dag.py for tasks to queue
[2026-06-19T11:25:14.978+0000] {logging_mixin.py:190} INFO - [2026-06-19T11:25:14.978+0000] {dagbag.py:588} INFO - Filling up the DagBag from /opt/airflow/dags/crypto_pipeline_dag.py
[2026-06-19T11:25:14.991+0000] {processor.py:925} INFO - DAG(s) 'crypto_pipeline_dag' retrieved from /opt/airflow/dags/crypto_pipeline_dag.py
[2026-06-19T11:25:15.010+0000] {logging_mixin.py:190} INFO - [2026-06-19T11:25:15.010+0000] {dag.py:3239} INFO - Sync 1 DAGs
[2026-06-19T11:25:15.027+0000] {logging_mixin.py:190} INFO - [2026-06-19T11:25:15.027+0000] {dag.py:4180} INFO - Setting next_dagrun for crypto_pipeline_dag to 2026-06-19 00:00:00+00:00, run_after=2026-06-20 00:00:00+00:00
[2026-06-19T11:25:15.039+0000] {processor.py:208} INFO - Processing /opt/airflow/dags/crypto_pipeline_dag.py took 0.067 seconds
[2026-06-19T11:25:46.419+0000] {processor.py:186} INFO - Started process (PID=1992) to work on /opt/airflow/dags/crypto_pipeline_dag.py
[2026-06-19T11:25:46.420+0000] {processor.py:914} INFO - Processing file /opt/airflow/dags/crypto_pipeline_dag.py for tasks to queue
[2026-06-19T11:25:46.422+0000] {logging_mixin.py:190} INFO - [2026-06-19T11:25:46.421+0000] {dagbag.py:588} INFO - Filling up the DagBag from /opt/airflow/dags/crypto_pipeline_dag.py
[2026-06-19T11:25:46.437+0000] {processor.py:925} INFO - DAG(s) 'crypto_pipeline_dag' retrieved from /opt/airflow/dags/crypto_pipeline_dag.py
[2026-06-19T11:25:46.457+0000] {logging_mixin.py:190} INFO - [2026-06-19T11:25:46.457+0000] {dag.py:3239} INFO - Sync 1 DAGs
[2026-06-19T11:25:46.473+0000] {logging_mixin.py:190} INFO - [2026-06-19T11:25:46.473+0000] {dag.py:4180} INFO - Setting next_dagrun for crypto_pipeline_dag to 2026-06-19 00:00:00+00:00, run_after=2026-06-20 00:00:00+00:00
[2026-06-19T11:25:46.485+0000] {processor.py:208} INFO - Processing /opt/airflow/dags/crypto_pipeline_dag.py took 0.071 seconds
[2026-06-19T11:26:17.925+0000] {processor.py:186} INFO - Started process (PID=1997) to work on /opt/airflow/dags/crypto_pipeline_dag.py
[2026-06-19T11:26:17.925+0000] {processor.py:914} INFO - Processing file /opt/airflow/dags/crypto_pipeline_dag.py for tasks to queue
[2026-06-19T11:26:17.927+0000] {logging_mixin.py:190} INFO - [2026-06-19T11:26:17.927+0000] {dagbag.py:588} INFO - Filling up the DagBag from /opt/airflow/dags/crypto_pipeline_dag.py
[2026-06-19T11:26:17.939+0000] {processor.py:925} INFO - DAG(s) 'crypto_pipeline_dag' retrieved from /opt/airflow/dags/crypto_pipeline_dag.py
[2026-06-19T11:26:17.959+0000] {logging_mixin.py:190} INFO - [2026-06-19T11:26:17.959+0000] {dag.py:3239} INFO - Sync 1 DAGs
[2026-06-19T11:26:17.976+0000] {logging_mixin.py:190} INFO - [2026-06-19T11:26:17.975+0000] {dag.py:4180} INFO - Setting next_dagrun for crypto_pipeline_dag to 2026-06-19 00:00:00+00:00, run_after=2026-06-20 00:00:00+00:00
[2026-06-19T11:26:17.988+0000] {processor.py:208} INFO - Processing /opt/airflow/dags/crypto_pipeline_dag.py took 0.067 seconds
[2026-06-19T11:26:49.385+0000] {processor.py:186} INFO - Started process (PID=2002) to work on /opt/airflow/dags/crypto_pipeline_dag.py
[2026-06-19T11:26:49.385+0000] {processor.py:914} INFO - Processing file /opt/airflow/dags/crypto_pipeline_dag.py for tasks to queue
[2026-06-19T11:26:49.388+0000] {logging_mixin.py:190} INFO - [2026-06-19T11:26:49.388+0000] {dagbag.py:588} INFO - Filling up the DagBag from /opt/airflow/dags/crypto_pipeline_dag.py
[2026-06-19T11:26:49.401+0000] {processor.py:925} INFO - DAG(s) 'crypto_pipeline_dag' retrieved from /opt/airflow/dags/crypto_pipeline_dag.py
[2026-06-19T11:26:49.420+0000] {logging_mixin.py:190} INFO - [2026-06-19T11:26:49.420+0000] {dag.py:3239} INFO - Sync 1 DAGs
[2026-06-19T11:26:49.436+0000] {logging_mixin.py:190} INFO - [2026-06-19T11:26:49.436+0000] {dag.py:4180} INFO - Setting next_dagrun for crypto_pipeline_dag to 2026-06-19 00:00:00+00:00, run_after=2026-06-20 00:00:00+00:00
[2026-06-19T11:26:49.448+0000] {processor.py:208} INFO - Processing /opt/airflow/dags/crypto_pipeline_dag.py took 0.068 seconds
[2026-06-19T11:27:19.828+0000] {processor.py:186} INFO - Started process (PID=2007) to work on /opt/airflow/dags/crypto_pipeline_dag.py
[2026-06-19T11:27:19.829+0000] {processor.py:914} INFO - Processing file /opt/airflow/dags/crypto_pipeline_dag.py for tasks to queue
[2026-06-19T11:27:19.831+0000] {logging_mixin.py:190} INFO - [2026-06-19T11:27:19.831+0000] {dagbag.py:588} INFO - Filling up the DagBag from /opt/airflow/dags/crypto_pipeline_dag.py
[2026-06-19T11:27:19.844+0000] {processor.py:925} INFO - DAG(s) 'crypto_pipeline_dag' retrieved from /opt/airflow/dags/crypto_pipeline_dag.py
[2026-06-19T11:27:19.864+0000] {logging_mixin.py:190} INFO - [2026-06-19T11:27:19.864+0000] {dag.py:3239} INFO - Sync 1 DAGs
[2026-06-19T11:27:19.880+0000] {logging_mixin.py:190} INFO - [2026-06-19T11:27:19.880+0000] {dag.py:4180} INFO - Setting next_dagrun for crypto_pipeline_dag to 2026-06-19 00:00:00+00:00, run_after=2026-06-20 00:00:00+00:00
[2026-06-19T11:27:19.911+0000] {processor.py:208} INFO - Processing /opt/airflow/dags/crypto_pipeline_dag.py took 0.087 seconds
[2026-06-19T11:27:51.294+0000] {processor.py:186} INFO - Started process (PID=2012) to work on /opt/airflow/dags/crypto_pipeline_dag.py
[2026-06-19T11:27:51.295+0000] {processor.py:914} INFO - Processing file /opt/airflow/dags/crypto_pipeline_dag.py for tasks to queue
[2026-06-19T11:27:51.297+0000] {logging_mixin.py:190} INFO - [2026-06-19T11:27:51.297+0000] {dagbag.py:588} INFO - Filling up the DagBag from /opt/airflow/dags/crypto_pipeline_dag.py
[2026-06-19T11:27:51.311+0000] {processor.py:925} INFO - DAG(s) 'crypto_pipeline_dag' retrieved from /opt/airflow/dags/crypto_pipeline_dag.py
[2026-06-19T11:27:51.329+0000] {logging_mixin.py:190} INFO - [2026-06-19T11:27:51.329+0000] {dag.py:3239} INFO - Sync 1 DAGs
[2026-06-19T11:27:51.345+0000] {logging_mixin.py:190} INFO - [2026-06-19T11:27:51.345+0000] {dag.py:4180} INFO - Setting next_dagrun for crypto_pipeline_dag to 2026-06-19 00:00:00+00:00, run_after=2026-06-20 00:00:00+00:00
[2026-06-19T11:27:51.358+0000] {processor.py:208} INFO - Processing /opt/airflow/dags/crypto_pipeline_dag.py took 0.067 seconds
[2026-06-19T11:28:22.748+0000] {processor.py:186} INFO - Started process (PID=2017) to work on /opt/airflow/dags/crypto_pipeline_dag.py
[2026-06-19T11:28:22.748+0000] {processor.py:914} INFO - Processing file /opt/airflow/dags/crypto_pipeline_dag.py for tasks to queue
[2026-06-19T11:28:22.750+0000] {logging_mixin.py:190} INFO - [2026-06-19T11:28:22.750+0000] {dagbag.py:588} INFO - Filling up the DagBag from /opt/airflow/dags/crypto_pipeline_dag.py
[2026-06-19T11:28:22.765+0000] {processor.py:925} INFO - DAG(s) 'crypto_pipeline_dag' retrieved from /opt/airflow/dags/crypto_pipeline_dag.py
[2026-06-19T11:28:22.784+0000] {logging_mixin.py:190} INFO - [2026-06-19T11:28:22.784+0000] {dag.py:3239} INFO - Sync 1 DAGs
[2026-06-19T11:28:22.800+0000] {logging_mixin.py:190} INFO - [2026-06-19T11:28:22.800+0000] {dag.py:4180} INFO - Setting next_dagrun for crypto_pipeline_dag to 2026-06-19 00:00:00+00:00, run_after=2026-06-20 00:00:00+00:00
[2026-06-19T11:28:22.814+0000] {processor.py:208} INFO - Processing /opt/airflow/dags/crypto_pipeline_dag.py took 0.071 seconds
[2026-06-19T11:28:54.206+0000] {processor.py:186} INFO - Started process (PID=2022) to work on /opt/airflow/dags/crypto_pipeline_dag.py
[2026-06-19T11:28:54.207+0000] {processor.py:914} INFO - Processing file /opt/airflow/dags/crypto_pipeline_dag.py for tasks to queue
[2026-06-19T11:28:54.209+0000] {logging_mixin.py:190} INFO - [2026-06-19T11:28:54.209+0000] {dagbag.py:588} INFO - Filling up the DagBag from /opt/airflow/dags/crypto_pipeline_dag.py
[2026-06-19T11:28:54.224+0000] {processor.py:925} INFO - DAG(s) 'crypto_pipeline_dag' retrieved from /opt/airflow/dags/crypto_pipeline_dag.py
[2026-06-19T11:28:54.243+0000] {logging_mixin.py:190} INFO - [2026-06-19T11:28:54.242+0000] {dag.py:3239} INFO - Sync 1 DAGs
[2026-06-19T11:28:54.260+0000] {logging_mixin.py:190} INFO - [2026-06-19T11:28:54.260+0000] {dag.py:4180} INFO - Setting next_dagrun for crypto_pipeline_dag to 2026-06-19 00:00:00+00:00, run_after=2026-06-20 00:00:00+00:00
[2026-06-19T11:28:54.275+0000] {processor.py:208} INFO - Processing /opt/airflow/dags/crypto_pipeline_dag.py took 0.073 seconds
[2026-06-19T11:29:24.689+0000] {processor.py:186} INFO - Started process (PID=2027) to work on /opt/airflow/dags/crypto_pipeline_dag.py
[2026-06-19T11:29:24.690+0000] {processor.py:914} INFO - Processing file /opt/airflow/dags/crypto_pipeline_dag.py for tasks to queue
[2026-06-19T11:29:24.692+0000] {logging_mixin.py:190} INFO - [2026-06-19T11:29:24.692+0000] {dagbag.py:588} INFO - Filling up the DagBag from /opt/airflow/dags/crypto_pipeline_dag.py
[2026-06-19T11:29:24.705+0000] {processor.py:925} INFO - DAG(s) 'crypto_pipeline_dag' retrieved from /opt/airflow/dags/crypto_pipeline_dag.py
[2026-06-19T11:29:24.724+0000] {logging_mixin.py:190} INFO - [2026-06-19T11:29:24.724+0000] {dag.py:3239} INFO - Sync 1 DAGs
[2026-06-19T11:29:24.740+0000] {logging_mixin.py:190} INFO - [2026-06-19T11:29:24.740+0000] {dag.py:4180} INFO - Setting next_dagrun for crypto_pipeline_dag to 2026-06-19 00:00:00+00:00, run_after=2026-06-20 00:00:00+00:00
[2026-06-19T11:29:24.753+0000] {processor.py:208} INFO - Processing /opt/airflow/dags/crypto_pipeline_dag.py took 0.068 seconds
[2026-06-19T11:29:56.151+0000] {processor.py:186} INFO - Started process (PID=2032) to work on /opt/airflow/dags/crypto_pipeline_dag.py
[2026-06-19T11:29:56.152+0000] {processor.py:914} INFO - Processing file /opt/airflow/dags/crypto_pipeline_dag.py for tasks to queue
[2026-06-19T11:29:56.153+0000] {logging_mixin.py:190} INFO - [2026-06-19T11:29:56.153+0000] {dagbag.py:588} INFO - Filling up the DagBag from /opt/airflow/dags/crypto_pipeline_dag.py
[2026-06-19T11:29:56.165+0000] {processor.py:925} INFO - DAG(s) 'crypto_pipeline_dag' retrieved from /opt/airflow/dags/crypto_pipeline_dag.py
[2026-06-19T11:29:56.185+0000] {logging_mixin.py:190} INFO - [2026-06-19T11:29:56.184+0000] {dag.py:3239} INFO - Sync 1 DAGs
[2026-06-19T11:29:56.201+0000] {logging_mixin.py:190} INFO - [2026-06-19T11:29:56.201+0000] {dag.py:4180} INFO - Setting next_dagrun for crypto_pipeline_dag to 2026-06-19 00:00:00+00:00, run_after=2026-06-20 00:00:00+00:00
[2026-06-19T11:29:56.218+0000] {processor.py:208} INFO - Processing /opt/airflow/dags/crypto_pipeline_dag.py took 0.071 seconds
[2026-06-19T11:30:27.588+0000] {processor.py:186} INFO - Started process (PID=2037) to work on /opt/airflow/dags/crypto_pipeline_dag.py
[2026-06-19T11:30:27.589+0000] {processor.py:914} INFO - Processing file /opt/airflow/dags/crypto_pipeline_dag.py for tasks to queue
[2026-06-19T11:30:27.591+0000] {logging_mixin.py:190} INFO - [2026-06-19T11:30:27.591+0000] {dagbag.py:588} INFO - Filling up the DagBag from /opt/airflow/dags/crypto_pipeline_dag.py
[2026-06-19T11:30:27.605+0000] {processor.py:925} INFO - DAG(s) 'crypto_pipeline_dag' retrieved from /opt/airflow/dags/crypto_pipeline_dag.py
[2026-06-19T11:30:27.625+0000] {logging_mixin.py:190} INFO - [2026-06-19T11:30:27.625+0000] {dag.py:3239} INFO - Sync 1 DAGs
[2026-06-19T11:30:27.642+0000] {logging_mixin.py:190} INFO - [2026-06-19T11:30:27.642+0000] {dag.py:4180} INFO - Setting next_dagrun for crypto_pipeline_dag to 2026-06-19 00:00:00+00:00, run_after=2026-06-20 00:00:00+00:00
[2026-06-19T11:30:27.654+0000] {processor.py:208} INFO - Processing /opt/airflow/dags/crypto_pipeline_dag.py took 0.070 seconds
[2026-06-19T11:30:59.026+0000] {processor.py:186} INFO - Started process (PID=2042) to work on /opt/airflow/dags/crypto_pipeline_dag.py
[2026-06-19T11:30:59.027+0000] {processor.py:914} INFO - Processing file /opt/airflow/dags/crypto_pipeline_dag.py for tasks to queue
[2026-06-19T11:30:59.029+0000] {logging_mixin.py:190} INFO - [2026-06-19T11:30:59.029+0000] {dagbag.py:588} INFO - Filling up the DagBag from /opt/airflow/dags/crypto_pipeline_dag.py
[2026-06-19T11:30:59.041+0000] {processor.py:925} INFO - DAG(s) 'crypto_pipeline_dag' retrieved from /opt/airflow/dags/crypto_pipeline_dag.py
[2026-06-19T11:30:59.060+0000] {logging_mixin.py:190} INFO - [2026-06-19T11:30:59.060+0000] {dag.py:3239} INFO - Sync 1 DAGs
[2026-06-19T11:30:59.077+0000] {logging_mixin.py:190} INFO - [2026-06-19T11:30:59.076+0000] {dag.py:4180} INFO - Setting next_dagrun for crypto_pipeline_dag to 2026-06-19 00:00:00+00:00, run_after=2026-06-20 00:00:00+00:00
[2026-06-19T11:30:59.089+0000] {processor.py:208} INFO - Processing /opt/airflow/dags/crypto_pipeline_dag.py took 0.066 seconds
[2026-06-19T11:31:30.527+0000] {processor.py:186} INFO - Started process (PID=2047) to work on /opt/airflow/dags/crypto_pipeline_dag.py
[2026-06-19T11:31:30.527+0000] {processor.py:914} INFO - Processing file /opt/airflow/dags/crypto_pipeline_dag.py for tasks to queue
[2026-06-19T11:31:30.529+0000] {logging_mixin.py:190} INFO - [2026-06-19T11:31:30.529+0000] {dagbag.py:588} INFO - Filling up the DagBag from /opt/airflow/dags/crypto_pipeline_dag.py
[2026-06-19T11:31:30.541+0000] {processor.py:925} INFO - DAG(s) 'crypto_pipeline_dag' retrieved from /opt/airflow/dags/crypto_pipeline_dag.py
[2026-06-19T11:31:30.560+0000] {logging_mixin.py:190} INFO - [2026-06-19T11:31:30.560+0000] {dag.py:3239} INFO - Sync 1 DAGs
[2026-06-19T11:31:30.576+0000] {logging_mixin.py:190} INFO - [2026-06-19T11:31:30.575+0000] {dag.py:4180} INFO - Setting next_dagrun for crypto_pipeline_dag to 2026-06-19 00:00:00+00:00, run_after=2026-06-20 00:00:00+00:00
[2026-06-19T11:31:30.589+0000] {processor.py:208} INFO - Processing /opt/airflow/dags/crypto_pipeline_dag.py took 0.066 seconds
[2026-06-19T11:32:00.971+0000] {processor.py:186} INFO - Started process (PID=2052) to work on /opt/airflow/dags/crypto_pipeline_dag.py
[2026-06-19T11:32:00.972+0000] {processor.py:914} INFO - Processing file /opt/airflow/dags/crypto_pipeline_dag.py for tasks to queue
[2026-06-19T11:32:00.974+0000] {logging_mixin.py:190} INFO - [2026-06-19T11:32:00.973+0000] {dagbag.py:588} INFO - Filling up the DagBag from /opt/airflow/dags/crypto_pipeline_dag.py
[2026-06-19T11:32:00.991+0000] {processor.py:925} INFO - DAG(s) 'crypto_pipeline_dag' retrieved from /opt/airflow/dags/crypto_pipeline_dag.py
[2026-06-19T11:32:01.013+0000] {logging_mixin.py:190} INFO - [2026-06-19T11:32:01.013+0000] {dag.py:3239} INFO - Sync 1 DAGs
[2026-06-19T11:32:01.031+0000] {logging_mixin.py:190} INFO - [2026-06-19T11:32:01.031+0000] {dag.py:4180} INFO - Setting next_dagrun for crypto_pipeline_dag to 2026-06-19 00:00:00+00:00, run_after=2026-06-20 00:00:00+00:00
[2026-06-19T11:32:01.047+0000] {processor.py:208} INFO - Processing /opt/airflow/dags/crypto_pipeline_dag.py took 0.082 seconds
[2026-06-19T11:32:32.492+0000] {processor.py:186} INFO - Started process (PID=2057) to work on /opt/airflow/dags/crypto_pipeline_dag.py
[2026-06-19T11:32:32.493+0000] {processor.py:914} INFO - Processing file /opt/airflow/dags/crypto_pipeline_dag.py for tasks to queue
[2026-06-19T11:32:32.495+0000] {logging_mixin.py:190} INFO - [2026-06-19T11:32:32.495+0000] {dagbag.py:588} INFO - Filling up the DagBag from /opt/airflow/dags/crypto_pipeline_dag.py
[2026-06-19T11:32:32.506+0000] {processor.py:925} INFO - DAG(s) 'crypto_pipeline_dag' retrieved from /opt/airflow/dags/crypto_pipeline_dag.py
[2026-06-19T11:32:32.524+0000] {logging_mixin.py:190} INFO - [2026-06-19T11:32:32.524+0000] {dag.py:3239} INFO - Sync 1 DAGs
[2026-06-19T11:32:32.540+0000] {logging_mixin.py:190} INFO - [2026-06-19T11:32:32.540+0000] {dag.py:4180} INFO - Setting next_dagrun for crypto_pipeline_dag to 2026-06-19 00:00:00+00:00, run_after=2026-06-20 00:00:00+00:00
[2026-06-19T11:32:32.553+0000] {processor.py:208} INFO - Processing /opt/airflow/dags/crypto_pipeline_dag.py took 0.065 seconds
[2026-06-19T11:33:03.908+0000] {processor.py:186} INFO - Started process (PID=2062) to work on /opt/airflow/dags/crypto_pipeline_dag.py
[2026-06-19T11:33:03.909+0000] {processor.py:914} INFO - Processing file /opt/airflow/dags/crypto_pipeline_dag.py for tasks to queue
[2026-06-19T11:33:03.911+0000] {logging_mixin.py:190} INFO - [2026-06-19T11:33:03.910+0000] {dagbag.py:588} INFO - Filling up the DagBag from /opt/airflow/dags/crypto_pipeline_dag.py
[2026-06-19T11:33:03.925+0000] {processor.py:925} INFO - DAG(s) 'crypto_pipeline_dag' retrieved from /opt/airflow/dags/crypto_pipeline_dag.py
[2026-06-19T11:33:03.945+0000] {logging_mixin.py:190} INFO - [2026-06-19T11:33:03.945+0000] {dag.py:3239} INFO - Sync 1 DAGs
[2026-06-19T11:33:03.961+0000] {logging_mixin.py:190} INFO - [2026-06-19T11:33:03.961+0000] {dag.py:4180} INFO - Setting next_dagrun for crypto_pipeline_dag to 2026-06-19 00:00:00+00:00, run_after=2026-06-20 00:00:00+00:00
[2026-06-19T11:33:03.973+0000] {processor.py:208} INFO - Processing /opt/airflow/dags/crypto_pipeline_dag.py took 0.069 seconds
[2026-06-19T11:33:35.395+0000] {processor.py:186} INFO - Started process (PID=2067) to work on /opt/airflow/dags/crypto_pipeline_dag.py
[2026-06-19T11:33:35.395+0000] {processor.py:914} INFO - Processing file /opt/airflow/dags/crypto_pipeline_dag.py for tasks to queue
[2026-06-19T11:33:35.397+0000] {logging_mixin.py:190} INFO - [2026-06-19T11:33:35.397+0000] {dagbag.py:588} INFO - Filling up the DagBag from /opt/airflow/dags/crypto_pipeline_dag.py
[2026-06-19T11:33:35.411+0000] {processor.py:925} INFO - DAG(s) 'crypto_pipeline_dag' retrieved from /opt/airflow/dags/crypto_pipeline_dag.py
[2026-06-19T11:33:35.430+0000] {logging_mixin.py:190} INFO - [2026-06-19T11:33:35.429+0000] {dag.py:3239} INFO - Sync 1 DAGs
[2026-06-19T11:33:35.446+0000] {logging_mixin.py:190} INFO - [2026-06-19T11:33:35.446+0000] {dag.py:4180} INFO - Setting next_dagrun for crypto_pipeline_dag to 2026-06-19 00:00:00+00:00, run_after=2026-06-20 00:00:00+00:00
[2026-06-19T11:33:35.458+0000] {processor.py:208} INFO - Processing /opt/airflow/dags/crypto_pipeline_dag.py took 0.068 seconds
[2026-06-19T11:34:05.849+0000] {processor.py:186} INFO - Started process (PID=2072) to work on /opt/airflow/dags/crypto_pipeline_dag.py
[2026-06-19T11:34:05.850+0000] {processor.py:914} INFO - Processing file /opt/airflow/dags/crypto_pipeline_dag.py for tasks to queue
[2026-06-19T11:34:05.851+0000] {logging_mixin.py:190} INFO - [2026-06-19T11:34:05.851+0000] {dagbag.py:588} INFO - Filling up the DagBag from /opt/airflow/dags/crypto_pipeline_dag.py
[2026-06-19T11:34:05.865+0000] {processor.py:925} INFO - DAG(s) 'crypto_pipeline_dag' retrieved from /opt/airflow/dags/crypto_pipeline_dag.py
[2026-06-19T11:34:05.885+0000] {logging_mixin.py:190} INFO - [2026-06-19T11:34:05.884+0000] {dag.py:3239} INFO - Sync 1 DAGs
[2026-06-19T11:34:05.902+0000] {logging_mixin.py:190} INFO - [2026-06-19T11:34:05.902+0000] {dag.py:4180} INFO - Setting next_dagrun for crypto_pipeline_dag to 2026-06-19 00:00:00+00:00, run_after=2026-06-20 00:00:00+00:00
[2026-06-19T11:34:05.915+0000] {processor.py:208} INFO - Processing /opt/airflow/dags/crypto_pipeline_dag.py took 0.070 seconds
[2026-06-19T11:34:37.329+0000] {processor.py:186} INFO - Started process (PID=2077) to work on /opt/airflow/dags/crypto_pipeline_dag.py
[2026-06-19T11:34:37.330+0000] {processor.py:914} INFO - Processing file /opt/airflow/dags/crypto_pipeline_dag.py for tasks to queue
[2026-06-19T11:34:37.331+0000] {logging_mixin.py:190} INFO - [2026-06-19T11:34:37.331+0000] {dagbag.py:588} INFO - Filling up the DagBag from /opt/airflow/dags/crypto_pipeline_dag.py
[2026-06-19T11:34:37.344+0000] {processor.py:925} INFO - DAG(s) 'crypto_pipeline_dag' retrieved from /opt/airflow/dags/crypto_pipeline_dag.py
[2026-06-19T11:34:37.365+0000] {logging_mixin.py:190} INFO - [2026-06-19T11:34:37.365+0000] {dag.py:3239} INFO - Sync 1 DAGs
[2026-06-19T11:34:37.381+0000] {logging_mixin.py:190} INFO - [2026-06-19T11:34:37.381+0000] {dag.py:4180} INFO - Setting next_dagrun for crypto_pipeline_dag to 2026-06-19 00:00:00+00:00, run_after=2026-06-20 00:00:00+00:00
[2026-06-19T11:34:37.395+0000] {processor.py:208} INFO - Processing /opt/airflow/dags/crypto_pipeline_dag.py took 0.070 seconds
[2026-06-19T11:35:08.765+0000] {processor.py:186} INFO - Started process (PID=2082) to work on /opt/airflow/dags/crypto_pipeline_dag.py
[2026-06-19T11:35:08.766+0000] {processor.py:914} INFO - Processing file /opt/airflow/dags/crypto_pipeline_dag.py for tasks to queue
[2026-06-19T11:35:08.768+0000] {logging_mixin.py:190} INFO - [2026-06-19T11:35:08.768+0000] {dagbag.py:588} INFO - Filling up the DagBag from /opt/airflow/dags/crypto_pipeline_dag.py
[2026-06-19T11:35:08.780+0000] {processor.py:925} INFO - DAG(s) 'crypto_pipeline_dag' retrieved from /opt/airflow/dags/crypto_pipeline_dag.py
[2026-06-19T11:35:08.801+0000] {logging_mixin.py:190} INFO - [2026-06-19T11:35:08.801+0000] {dag.py:3239} INFO - Sync 1 DAGs
[2026-06-19T11:35:08.818+0000] {logging_mixin.py:190} INFO - [2026-06-19T11:35:08.818+0000] {dag.py:4180} INFO - Setting next_dagrun for crypto_pipeline_dag to 2026-06-19 00:00:00+00:00, run_after=2026-06-20 00:00:00+00:00
[2026-06-19T11:35:08.831+0000] {processor.py:208} INFO - Processing /opt/airflow/dags/crypto_pipeline_dag.py took 0.070 seconds
[2026-06-19T11:35:40.276+0000] {processor.py:186} INFO - Started process (PID=2087) to work on /opt/airflow/dags/crypto_pipeline_dag.py
[2026-06-19T11:35:40.277+0000] {processor.py:914} INFO - Processing file /opt/airflow/dags/crypto_pipeline_dag.py for tasks to queue
[2026-06-19T11:35:40.279+0000] {logging_mixin.py:190} INFO - [2026-06-19T11:35:40.279+0000] {dagbag.py:588} INFO - Filling up the DagBag from /opt/airflow/dags/crypto_pipeline_dag.py
[2026-06-19T11:35:40.293+0000] {processor.py:925} INFO - DAG(s) 'crypto_pipeline_dag' retrieved from /opt/airflow/dags/crypto_pipeline_dag.py
[2026-06-19T11:35:40.314+0000] {logging_mixin.py:190} INFO - [2026-06-19T11:35:40.314+0000] {dag.py:3239} INFO - Sync 1 DAGs
[2026-06-19T11:35:40.331+0000] {logging_mixin.py:190} INFO - [2026-06-19T11:35:40.331+0000] {dag.py:4180} INFO - Setting next_dagrun for crypto_pipeline_dag to 2026-06-19 00:00:00+00:00, run_after=2026-06-20 00:00:00+00:00
[2026-06-19T11:35:40.347+0000] {processor.py:208} INFO - Processing /opt/airflow/dags/crypto_pipeline_dag.py took 0.075 seconds
[2026-06-19T11:36:10.732+0000] {processor.py:186} INFO - Started process (PID=2092) to work on /opt/airflow/dags/crypto_pipeline_dag.py
[2026-06-19T11:36:10.733+0000] {processor.py:914} INFO - Processing file /opt/airflow/dags/crypto_pipeline_dag.py for tasks to queue
[2026-06-19T11:36:10.735+0000] {logging_mixin.py:190} INFO - [2026-06-19T11:36:10.735+0000] {dagbag.py:588} INFO - Filling up the DagBag from /opt/airflow/dags/crypto_pipeline_dag.py
[2026-06-19T11:36:10.748+0000] {processor.py:925} INFO - DAG(s) 'crypto_pipeline_dag' retrieved from /opt/airflow/dags/crypto_pipeline_dag.py
[2026-06-19T11:36:10.768+0000] {logging_mixin.py:190} INFO - [2026-06-19T11:36:10.768+0000] {dag.py:3239} INFO - Sync 1 DAGs
[2026-06-19T11:36:10.785+0000] {logging_mixin.py:190} INFO - [2026-06-19T11:36:10.785+0000] {dag.py:4180} INFO - Setting next_dagrun for crypto_pipeline_dag to 2026-06-19 00:00:00+00:00, run_after=2026-06-20 00:00:00+00:00
[2026-06-19T11:36:10.799+0000] {processor.py:208} INFO - Processing /opt/airflow/dags/crypto_pipeline_dag.py took 0.070 seconds
[2026-06-19T11:36:42.265+0000] {processor.py:186} INFO - Started process (PID=2097) to work on /opt/airflow/dags/crypto_pipeline_dag.py
[2026-06-19T11:36:42.266+0000] {processor.py:914} INFO - Processing file /opt/airflow/dags/crypto_pipeline_dag.py for tasks to queue
[2026-06-19T11:36:42.268+0000] {logging_mixin.py:190} INFO - [2026-06-19T11:36:42.268+0000] {dagbag.py:588} INFO - Filling up the DagBag from /opt/airflow/dags/crypto_pipeline_dag.py
[2026-06-19T11:36:42.284+0000] {processor.py:925} INFO - DAG(s) 'crypto_pipeline_dag' retrieved from /opt/airflow/dags/crypto_pipeline_dag.py
[2026-06-19T11:36:42.305+0000] {logging_mixin.py:190} INFO - [2026-06-19T11:36:42.305+0000] {dag.py:3239} INFO - Sync 1 DAGs
[2026-06-19T11:36:42.322+0000] {logging_mixin.py:190} INFO - [2026-06-19T11:36:42.322+0000] {dag.py:4180} INFO - Setting next_dagrun for crypto_pipeline_dag to 2026-06-19 00:00:00+00:00, run_after=2026-06-20 00:00:00+00:00
[2026-06-19T11:36:42.335+0000] {processor.py:208} INFO - Processing /opt/airflow/dags/crypto_pipeline_dag.py took 0.075 seconds
[2026-06-19T11:37:13.745+0000] {processor.py:186} INFO - Started process (PID=2102) to work on /opt/airflow/dags/crypto_pipeline_dag.py
[2026-06-19T11:37:13.745+0000] {processor.py:914} INFO - Processing file /opt/airflow/dags/crypto_pipeline_dag.py for tasks to queue
[2026-06-19T11:37:13.747+0000] {logging_mixin.py:190} INFO - [2026-06-19T11:37:13.747+0000] {dagbag.py:588} INFO - Filling up the DagBag from /opt/airflow/dags/crypto_pipeline_dag.py
[2026-06-19T11:37:13.762+0000] {processor.py:925} INFO - DAG(s) 'crypto_pipeline_dag' retrieved from /opt/airflow/dags/crypto_pipeline_dag.py
[2026-06-19T11:37:13.781+0000] {logging_mixin.py:190} INFO - [2026-06-19T11:37:13.781+0000] {dag.py:3239} INFO - Sync 1 DAGs
[2026-06-19T11:37:13.797+0000] {logging_mixin.py:190} INFO - [2026-06-19T11:37:13.797+0000] {dag.py:4180} INFO - Setting next_dagrun for crypto_pipeline_dag to 2026-06-19 00:00:00+00:00, run_after=2026-06-20 00:00:00+00:00
[2026-06-19T11:37:13.813+0000] {processor.py:208} INFO - Processing /opt/airflow/dags/crypto_pipeline_dag.py took 0.073 seconds
[2026-06-19T11:37:44.268+0000] {processor.py:186} INFO - Started process (PID=2107) to work on /opt/airflow/dags/crypto_pipeline_dag.py
[2026-06-19T11:37:44.268+0000] {processor.py:914} INFO - Processing file /opt/airflow/dags/crypto_pipeline_dag.py for tasks to queue
[2026-06-19T11:37:44.270+0000] {logging_mixin.py:190} INFO - [2026-06-19T11:37:44.270+0000] {dagbag.py:588} INFO - Filling up the DagBag from /opt/airflow/dags/crypto_pipeline_dag.py
[2026-06-19T11:37:44.287+0000] {processor.py:925} INFO - DAG(s) 'crypto_pipeline_dag' retrieved from /opt/airflow/dags/crypto_pipeline_dag.py
[2026-06-19T11:37:44.307+0000] {logging_mixin.py:190} INFO - [2026-06-19T11:37:44.307+0000] {dag.py:3239} INFO - Sync 1 DAGs
[2026-06-19T11:37:44.323+0000] {logging_mixin.py:190} INFO - [2026-06-19T11:37:44.323+0000] {dag.py:4180} INFO - Setting next_dagrun for crypto_pipeline_dag to 2026-06-19 00:00:00+00:00, run_after=2026-06-20 00:00:00+00:00
[2026-06-19T11:37:44.337+0000] {processor.py:208} INFO - Processing /opt/airflow/dags/crypto_pipeline_dag.py took 0.074 seconds
[2026-06-19T11:38:15.834+0000] {processor.py:186} INFO - Started process (PID=2112) to work on /opt/airflow/dags/crypto_pipeline_dag.py
[2026-06-19T11:38:15.838+0000] {processor.py:914} INFO - Processing file /opt/airflow/dags/crypto_pipeline_dag.py for tasks to queue
[2026-06-19T11:38:15.839+0000] {logging_mixin.py:190} INFO - [2026-06-19T11:38:15.839+0000] {dagbag.py:588} INFO - Filling up the DagBag from /opt/airflow/dags/crypto_pipeline_dag.py
[2026-06-19T11:38:15.852+0000] {processor.py:925} INFO - DAG(s) 'crypto_pipeline_dag' retrieved from /opt/airflow/dags/crypto_pipeline_dag.py
[2026-06-19T11:38:15.871+0000] {logging_mixin.py:190} INFO - [2026-06-19T11:38:15.871+0000] {dag.py:3239} INFO - Sync 1 DAGs
[2026-06-19T11:38:15.887+0000] {logging_mixin.py:190} INFO - [2026-06-19T11:38:15.886+0000] {dag.py:4180} INFO - Setting next_dagrun for crypto_pipeline_dag to 2026-06-19 00:00:00+00:00, run_after=2026-06-20 00:00:00+00:00
[2026-06-19T11:38:15.901+0000] {processor.py:208} INFO - Processing /opt/airflow/dags/crypto_pipeline_dag.py took 0.071 seconds
[2026-06-19T11:38:47.277+0000] {processor.py:186} INFO - Started process (PID=2117) to work on /opt/airflow/dags/crypto_pipeline_dag.py
[2026-06-19T11:38:47.278+0000] {processor.py:914} INFO - Processing file /opt/airflow/dags/crypto_pipeline_dag.py for tasks to queue
[2026-06-19T11:38:47.280+0000] {logging_mixin.py:190} INFO - [2026-06-19T11:38:47.280+0000] {dagbag.py:588} INFO - Filling up the DagBag from /opt/airflow/dags/crypto_pipeline_dag.py
[2026-06-19T11:38:47.297+0000] {processor.py:925} INFO - DAG(s) 'crypto_pipeline_dag' retrieved from /opt/airflow/dags/crypto_pipeline_dag.py
[2026-06-19T11:38:47.317+0000] {logging_mixin.py:190} INFO - [2026-06-19T11:38:47.317+0000] {dag.py:3239} INFO - Sync 1 DAGs
[2026-06-19T11:38:47.334+0000] {logging_mixin.py:190} INFO - [2026-06-19T11:38:47.333+0000] {dag.py:4180} INFO - Setting next_dagrun for crypto_pipeline_dag to 2026-06-19 00:00:00+00:00, run_after=2026-06-20 00:00:00+00:00
[2026-06-19T11:38:47.348+0000] {processor.py:208} INFO - Processing /opt/airflow/dags/crypto_pipeline_dag.py took 0.076 seconds
[2026-06-19T11:39:18.706+0000] {processor.py:186} INFO - Started process (PID=2122) to work on /opt/airflow/dags/crypto_pipeline_dag.py
[2026-06-19T11:39:18.707+0000] {processor.py:914} INFO - Processing file /opt/airflow/dags/crypto_pipeline_dag.py for tasks to queue
[2026-06-19T11:39:18.709+0000] {logging_mixin.py:190} INFO - [2026-06-19T11:39:18.709+0000] {dagbag.py:588} INFO - Filling up the DagBag from /opt/airflow/dags/crypto_pipeline_dag.py
[2026-06-19T11:39:18.722+0000] {processor.py:925} INFO - DAG(s) 'crypto_pipeline_dag' retrieved from /opt/airflow/dags/crypto_pipeline_dag.py
[2026-06-19T11:39:18.742+0000] {logging_mixin.py:190} INFO - [2026-06-19T11:39:18.742+0000] {dag.py:3239} INFO - Sync 1 DAGs
[2026-06-19T11:39:18.758+0000] {logging_mixin.py:190} INFO - [2026-06-19T11:39:18.758+0000] {dag.py:4180} INFO - Setting next_dagrun for crypto_pipeline_dag to 2026-06-19 00:00:00+00:00, run_after=2026-06-20 00:00:00+00:00
[2026-06-19T11:39:18.771+0000] {processor.py:208} INFO - Processing /opt/airflow/dags/crypto_pipeline_dag.py took 0.070 seconds
[2026-06-19T11:39:50.208+0000] {processor.py:186} INFO - Started process (PID=2127) to work on /opt/airflow/dags/crypto_pipeline_dag.py
[2026-06-19T11:39:50.209+0000] {processor.py:914} INFO - Processing file /opt/airflow/dags/crypto_pipeline_dag.py for tasks to queue
[2026-06-19T11:39:50.211+0000] {logging_mixin.py:190} INFO - [2026-06-19T11:39:50.211+0000] {dagbag.py:588} INFO - Filling up the DagBag from /opt/airflow/dags/crypto_pipeline_dag.py
[2026-06-19T11:39:50.225+0000] {processor.py:925} INFO - DAG(s) 'crypto_pipeline_dag' retrieved from /opt/airflow/dags/crypto_pipeline_dag.py
[2026-06-19T11:39:50.244+0000] {logging_mixin.py:190} INFO - [2026-06-19T11:39:50.243+0000] {dag.py:3239} INFO - Sync 1 DAGs
[2026-06-19T11:39:50.259+0000] {logging_mixin.py:190} INFO - [2026-06-19T11:39:50.259+0000] {dag.py:4180} INFO - Setting next_dagrun for crypto_pipeline_dag to 2026-06-19 00:00:00+00:00, run_after=2026-06-20 00:00:00+00:00
[2026-06-19T11:39:50.272+0000] {processor.py:208} INFO - Processing /opt/airflow/dags/crypto_pipeline_dag.py took 0.068 seconds
[2026-06-19T11:40:20.660+0000] {processor.py:186} INFO - Started process (PID=2132) to work on /opt/airflow/dags/crypto_pipeline_dag.py
[2026-06-19T11:40:20.661+0000] {processor.py:914} INFO - Processing file /opt/airflow/dags/crypto_pipeline_dag.py for tasks to queue
[2026-06-19T11:40:20.663+0000] {logging_mixin.py:190} INFO - [2026-06-19T11:40:20.663+0000] {dagbag.py:588} INFO - Filling up the DagBag from /opt/airflow/dags/crypto_pipeline_dag.py
[2026-06-19T11:40:20.680+0000] {processor.py:925} INFO - DAG(s) 'crypto_pipeline_dag' retrieved from /opt/airflow/dags/crypto_pipeline_dag.py
[2026-06-19T11:40:20.706+0000] {logging_mixin.py:190} INFO - [2026-06-19T11:40:20.706+0000] {dag.py:3239} INFO - Sync 1 DAGs
[2026-06-19T11:40:20.726+0000] {logging_mixin.py:190} INFO - [2026-06-19T11:40:20.726+0000] {dag.py:4180} INFO - Setting next_dagrun for crypto_pipeline_dag to 2026-06-19 00:00:00+00:00, run_after=2026-06-20 00:00:00+00:00
[2026-06-19T11:40:20.744+0000] {processor.py:208} INFO - Processing /opt/airflow/dags/crypto_pipeline_dag.py took 0.089 seconds
[2026-06-19T11:40:52.212+0000] {processor.py:186} INFO - Started process (PID=2137) to work on /opt/airflow/dags/crypto_pipeline_dag.py
[2026-06-19T11:40:52.213+0000] {processor.py:914} INFO - Processing file /opt/airflow/dags/crypto_pipeline_dag.py for tasks to queue
[2026-06-19T11:40:52.215+0000] {logging_mixin.py:190} INFO - [2026-06-19T11:40:52.215+0000] {dagbag.py:588} INFO - Filling up the DagBag from /opt/airflow/dags/crypto_pipeline_dag.py
[2026-06-19T11:40:52.234+0000] {processor.py:925} INFO - DAG(s) 'crypto_pipeline_dag' retrieved from /opt/airflow/dags/crypto_pipeline_dag.py
[2026-06-19T11:40:52.258+0000] {logging_mixin.py:190} INFO - [2026-06-19T11:40:52.258+0000] {dag.py:3239} INFO - Sync 1 DAGs
[2026-06-19T11:40:52.275+0000] {logging_mixin.py:190} INFO - [2026-06-19T11:40:52.275+0000] {dag.py:4180} INFO - Setting next_dagrun for crypto_pipeline_dag to 2026-06-19 00:00:00+00:00, run_after=2026-06-20 00:00:00+00:00
[2026-06-19T11:40:52.286+0000] {processor.py:208} INFO - Processing /opt/airflow/dags/crypto_pipeline_dag.py took 0.082 seconds
[2026-06-19T11:41:23.712+0000] {processor.py:186} INFO - Started process (PID=2142) to work on /opt/airflow/dags/crypto_pipeline_dag.py
[2026-06-19T11:41:23.713+0000] {processor.py:914} INFO - Processing file /opt/airflow/dags/crypto_pipeline_dag.py for tasks to queue
[2026-06-19T11:41:23.715+0000] {logging_mixin.py:190} INFO - [2026-06-19T11:41:23.715+0000] {dagbag.py:588} INFO - Filling up the DagBag from /opt/airflow/dags/crypto_pipeline_dag.py
[2026-06-19T11:41:23.734+0000] {processor.py:925} INFO - DAG(s) 'crypto_pipeline_dag' retrieved from /opt/airflow/dags/crypto_pipeline_dag.py
[2026-06-19T11:41:23.756+0000] {logging_mixin.py:190} INFO - [2026-06-19T11:41:23.756+0000] {dag.py:3239} INFO - Sync 1 DAGs
[2026-06-19T11:41:23.776+0000] {logging_mixin.py:190} INFO - [2026-06-19T11:41:23.776+0000] {dag.py:4180} INFO - Setting next_dagrun for crypto_pipeline_dag to 2026-06-19 00:00:00+00:00, run_after=2026-06-20 00:00:00+00:00
[2026-06-19T11:41:23.792+0000] {processor.py:208} INFO - Processing /opt/airflow/dags/crypto_pipeline_dag.py took 0.084 seconds
[2026-06-19T11:41:54.266+0000] {processor.py:186} INFO - Started process (PID=2147) to work on /opt/airflow/dags/crypto_pipeline_dag.py
[2026-06-19T11:41:54.267+0000] {processor.py:914} INFO - Processing file /opt/airflow/dags/crypto_pipeline_dag.py for tasks to queue
[2026-06-19T11:41:54.268+0000] {logging_mixin.py:190} INFO - [2026-06-19T11:41:54.268+0000] {dagbag.py:588} INFO - Filling up the DagBag from /opt/airflow/dags/crypto_pipeline_dag.py
[2026-06-19T11:41:54.279+0000] {processor.py:925} INFO - DAG(s) 'crypto_pipeline_dag' retrieved from /opt/airflow/dags/crypto_pipeline_dag.py
[2026-06-19T11:41:54.296+0000] {logging_mixin.py:190} INFO - [2026-06-19T11:41:54.296+0000] {dag.py:3239} INFO - Sync 1 DAGs
[2026-06-19T11:41:54.312+0000] {logging_mixin.py:190} INFO - [2026-06-19T11:41:54.311+0000] {dag.py:4180} INFO - Setting next_dagrun for crypto_pipeline_dag to 2026-06-19 00:00:00+00:00, run_after=2026-06-20 00:00:00+00:00
[2026-06-19T11:41:54.324+0000] {processor.py:208} INFO - Processing /opt/airflow/dags/crypto_pipeline_dag.py took 0.062 seconds
[2026-06-19T11:42:25.785+0000] {processor.py:186} INFO - Started process (PID=2152) to work on /opt/airflow/dags/crypto_pipeline_dag.py
[2026-06-19T11:42:25.786+0000] {processor.py:914} INFO - Processing file /opt/airflow/dags/crypto_pipeline_dag.py for tasks to queue
[2026-06-19T11:42:25.788+0000] {logging_mixin.py:190} INFO - [2026-06-19T11:42:25.788+0000] {dagbag.py:588} INFO - Filling up the DagBag from /opt/airflow/dags/crypto_pipeline_dag.py
[2026-06-19T11:42:25.800+0000] {processor.py:925} INFO - DAG(s) 'crypto_pipeline_dag' retrieved from /opt/airflow/dags/crypto_pipeline_dag.py
[2026-06-19T11:42:25.818+0000] {logging_mixin.py:190} INFO - [2026-06-19T11:42:25.818+0000] {dag.py:3239} INFO - Sync 1 DAGs
[2026-06-19T11:42:25.834+0000] {logging_mixin.py:190} INFO - [2026-06-19T11:42:25.834+0000] {dag.py:4180} INFO - Setting next_dagrun for crypto_pipeline_dag to 2026-06-19 00:00:00+00:00, run_after=2026-06-20 00:00:00+00:00
[2026-06-19T11:42:25.845+0000] {processor.py:208} INFO - Processing /opt/airflow/dags/crypto_pipeline_dag.py took 0.064 seconds
[2026-06-19T11:42:57.290+0000] {processor.py:186} INFO - Started process (PID=2157) to work on /opt/airflow/dags/crypto_pipeline_dag.py
[2026-06-19T11:42:57.291+0000] {processor.py:914} INFO - Processing file /opt/airflow/dags/crypto_pipeline_dag.py for tasks to queue
[2026-06-19T11:42:57.292+0000] {logging_mixin.py:190} INFO - [2026-06-19T11:42:57.292+0000] {dagbag.py:588} INFO - Filling up the DagBag from /opt/airflow/dags/crypto_pipeline_dag.py
[2026-06-19T11:42:57.307+0000] {processor.py:925} INFO - DAG(s) 'crypto_pipeline_dag' retrieved from /opt/airflow/dags/crypto_pipeline_dag.py
[2026-06-19T11:42:57.324+0000] {logging_mixin.py:190} INFO - [2026-06-19T11:42:57.324+0000] {dag.py:3239} INFO - Sync 1 DAGs
[2026-06-19T11:42:57.340+0000] {logging_mixin.py:190} INFO - [2026-06-19T11:42:57.340+0000] {dag.py:4180} INFO - Setting next_dagrun for crypto_pipeline_dag to 2026-06-19 00:00:00+00:00, run_after=2026-06-20 00:00:00+00:00
[2026-06-19T11:42:57.354+0000] {processor.py:208} INFO - Processing /opt/airflow/dags/crypto_pipeline_dag.py took 0.068 seconds
[2026-06-19T11:43:28.813+0000] {processor.py:186} INFO - Started process (PID=2162) to work on /opt/airflow/dags/crypto_pipeline_dag.py
[2026-06-19T11:43:28.813+0000] {processor.py:914} INFO - Processing file /opt/airflow/dags/crypto_pipeline_dag.py for tasks to queue
[2026-06-19T11:43:28.816+0000] {logging_mixin.py:190} INFO - [2026-06-19T11:43:28.815+0000] {dagbag.py:588} INFO - Filling up the DagBag from /opt/airflow/dags/crypto_pipeline_dag.py
[2026-06-19T11:43:28.828+0000] {processor.py:925} INFO - DAG(s) 'crypto_pipeline_dag' retrieved from /opt/airflow/dags/crypto_pipeline_dag.py
[2026-06-19T11:43:28.849+0000] {logging_mixin.py:190} INFO - [2026-06-19T11:43:28.849+0000] {dag.py:3239} INFO - Sync 1 DAGs
[2026-06-19T11:43:28.867+0000] {logging_mixin.py:190} INFO - [2026-06-19T11:43:28.867+0000] {dag.py:4180} INFO - Setting next_dagrun for crypto_pipeline_dag to 2026-06-19 00:00:00+00:00, run_after=2026-06-20 00:00:00+00:00
[2026-06-19T11:43:28.882+0000] {processor.py:208} INFO - Processing /opt/airflow/dags/crypto_pipeline_dag.py took 0.074 seconds
[2026-06-19T11:43:59.348+0000] {processor.py:186} INFO - Started process (PID=2167) to work on /opt/airflow/dags/crypto_pipeline_dag.py
[2026-06-19T11:43:59.349+0000] {processor.py:914} INFO - Processing file /opt/airflow/dags/crypto_pipeline_dag.py for tasks to queue
[2026-06-19T11:43:59.351+0000] {logging_mixin.py:190} INFO - [2026-06-19T11:43:59.351+0000] {dagbag.py:588} INFO - Filling up the DagBag from /opt/airflow/dags/crypto_pipeline_dag.py
[2026-06-19T11:43:59.368+0000] {processor.py:925} INFO - DAG(s) 'crypto_pipeline_dag' retrieved from /opt/airflow/dags/crypto_pipeline_dag.py
[2026-06-19T11:43:59.389+0000] {logging_mixin.py:190} INFO - [2026-06-19T11:43:59.389+0000] {dag.py:3239} INFO - Sync 1 DAGs
[2026-06-19T11:43:59.406+0000] {logging_mixin.py:190} INFO - [2026-06-19T11:43:59.406+0000] {dag.py:4180} INFO - Setting next_dagrun for crypto_pipeline_dag to 2026-06-19 00:00:00+00:00, run_after=2026-06-20 00:00:00+00:00
[2026-06-19T11:43:59.421+0000] {processor.py:208} INFO - Processing /opt/airflow/dags/crypto_pipeline_dag.py took 0.078 seconds
[2026-06-19T11:44:30.843+0000] {processor.py:186} INFO - Started process (PID=2172) to work on /opt/airflow/dags/crypto_pipeline_dag.py
[2026-06-19T11:44:30.844+0000] {processor.py:914} INFO - Processing file /opt/airflow/dags/crypto_pipeline_dag.py for tasks to queue
[2026-06-19T11:44:30.846+0000] {logging_mixin.py:190} INFO - [2026-06-19T11:44:30.845+0000] {dagbag.py:588} INFO - Filling up the DagBag from /opt/airflow/dags/crypto_pipeline_dag.py
[2026-06-19T11:44:30.862+0000] {processor.py:925} INFO - DAG(s) 'crypto_pipeline_dag' retrieved from /opt/airflow/dags/crypto_pipeline_dag.py
[2026-06-19T11:44:30.881+0000] {logging_mixin.py:190} INFO - [2026-06-19T11:44:30.881+0000] {dag.py:3239} INFO - Sync 1 DAGs
[2026-06-19T11:44:30.897+0000] {logging_mixin.py:190} INFO - [2026-06-19T11:44:30.896+0000] {dag.py:4180} INFO - Setting next_dagrun for crypto_pipeline_dag to 2026-06-19 00:00:00+00:00, run_after=2026-06-20 00:00:00+00:00
[2026-06-19T11:44:30.911+0000] {processor.py:208} INFO - Processing /opt/airflow/dags/crypto_pipeline_dag.py took 0.072 seconds
[2026-06-19T11:45:02.316+0000] {processor.py:186} INFO - Started process (PID=2177) to work on /opt/airflow/dags/crypto_pipeline_dag.py
[2026-06-19T11:45:02.317+0000] {processor.py:914} INFO - Processing file /opt/airflow/dags/crypto_pipeline_dag.py for tasks to queue
[2026-06-19T11:45:02.319+0000] {logging_mixin.py:190} INFO - [2026-06-19T11:45:02.318+0000] {dagbag.py:588} INFO - Filling up the DagBag from /opt/airflow/dags/crypto_pipeline_dag.py
[2026-06-19T11:45:02.331+0000] {processor.py:925} INFO - DAG(s) 'crypto_pipeline_dag' retrieved from /opt/airflow/dags/crypto_pipeline_dag.py
[2026-06-19T11:45:02.351+0000] {logging_mixin.py:190} INFO - [2026-06-19T11:45:02.350+0000] {dag.py:3239} INFO - Sync 1 DAGs
[2026-06-19T11:45:02.367+0000] {logging_mixin.py:190} INFO - [2026-06-19T11:45:02.367+0000] {dag.py:4180} INFO - Setting next_dagrun for crypto_pipeline_dag to 2026-06-19 00:00:00+00:00, run_after=2026-06-20 00:00:00+00:00
[2026-06-19T11:45:02.381+0000] {processor.py:208} INFO - Processing /opt/airflow/dags/crypto_pipeline_dag.py took 0.070 seconds
[2026-06-19T11:45:33.785+0000] {processor.py:186} INFO - Started process (PID=2182) to work on /opt/airflow/dags/crypto_pipeline_dag.py
[2026-06-19T11:45:33.786+0000] {processor.py:914} INFO - Processing file /opt/airflow/dags/crypto_pipeline_dag.py for tasks to queue
[2026-06-19T11:45:33.788+0000] {logging_mixin.py:190} INFO - [2026-06-19T11:45:33.788+0000] {dagbag.py:588} INFO - Filling up the DagBag from /opt/airflow/dags/crypto_pipeline_dag.py
[2026-06-19T11:45:33.801+0000] {processor.py:925} INFO - DAG(s) 'crypto_pipeline_dag' retrieved from /opt/airflow/dags/crypto_pipeline_dag.py
[2026-06-19T11:45:33.821+0000] {logging_mixin.py:190} INFO - [2026-06-19T11:45:33.821+0000] {dag.py:3239} INFO - Sync 1 DAGs
[2026-06-19T11:45:33.839+0000] {logging_mixin.py:190} INFO - [2026-06-19T11:45:33.839+0000] {dag.py:4180} INFO - Setting next_dagrun for crypto_pipeline_dag to 2026-06-19 00:00:00+00:00, run_after=2026-06-20 00:00:00+00:00
[2026-06-19T11:45:33.851+0000] {processor.py:208} INFO - Processing /opt/airflow/dags/crypto_pipeline_dag.py took 0.071 seconds
[2026-06-19T11:46:04.261+0000] {processor.py:186} INFO - Started process (PID=2187) to work on /opt/airflow/dags/crypto_pipeline_dag.py
[2026-06-19T11:46:04.262+0000] {processor.py:914} INFO - Processing file /opt/airflow/dags/crypto_pipeline_dag.py for tasks to queue
[2026-06-19T11:46:04.264+0000] {logging_mixin.py:190} INFO - [2026-06-19T11:46:04.264+0000] {dagbag.py:588} INFO - Filling up the DagBag from /opt/airflow/dags/crypto_pipeline_dag.py
[2026-06-19T11:46:04.276+0000] {processor.py:925} INFO - DAG(s) 'crypto_pipeline_dag' retrieved from /opt/airflow/dags/crypto_pipeline_dag.py
[2026-06-19T11:46:04.295+0000] {logging_mixin.py:190} INFO - [2026-06-19T11:46:04.295+0000] {dag.py:3239} INFO - Sync 1 DAGs
[2026-06-19T11:46:04.310+0000] {logging_mixin.py:190} INFO - [2026-06-19T11:46:04.310+0000] {dag.py:4180} INFO - Setting next_dagrun for crypto_pipeline_dag to 2026-06-19 00:00:00+00:00, run_after=2026-06-20 00:00:00+00:00
[2026-06-19T11:46:04.323+0000] {processor.py:208} INFO - Processing /opt/airflow/dags/crypto_pipeline_dag.py took 0.066 seconds
[2026-06-19T11:46:35.743+0000] {processor.py:186} INFO - Started process (PID=2192) to work on /opt/airflow/dags/crypto_pipeline_dag.py
[2026-06-19T11:46:35.744+0000] {processor.py:914} INFO - Processing file /opt/airflow/dags/crypto_pipeline_dag.py for tasks to queue
[2026-06-19T11:46:35.746+0000] {logging_mixin.py:190} INFO - [2026-06-19T11:46:35.746+0000] {dagbag.py:588} INFO - Filling up the DagBag from /opt/airflow/dags/crypto_pipeline_dag.py
[2026-06-19T11:46:35.759+0000] {processor.py:925} INFO - DAG(s) 'crypto_pipeline_dag' retrieved from /opt/airflow/dags/crypto_pipeline_dag.py
[2026-06-19T11:46:35.780+0000] {logging_mixin.py:190} INFO - [2026-06-19T11:46:35.779+0000] {dag.py:3239} INFO - Sync 1 DAGs
[2026-06-19T11:46:35.796+0000] {logging_mixin.py:190} INFO - [2026-06-19T11:46:35.796+0000] {dag.py:4180} INFO - Setting next_dagrun for crypto_pipeline_dag to 2026-06-19 00:00:00+00:00, run_after=2026-06-20 00:00:00+00:00
[2026-06-19T11:46:35.809+0000] {processor.py:208} INFO - Processing /opt/airflow/dags/crypto_pipeline_dag.py took 0.070 seconds
[2026-06-19T11:47:07.252+0000] {processor.py:186} INFO - Started process (PID=2197) to work on /opt/airflow/dags/crypto_pipeline_dag.py
[2026-06-19T11:47:07.253+0000] {processor.py:914} INFO - Processing file /opt/airflow/dags/crypto_pipeline_dag.py for tasks to queue
[2026-06-19T11:47:07.255+0000] {logging_mixin.py:190} INFO - [2026-06-19T11:47:07.255+0000] {dagbag.py:588} INFO - Filling up the DagBag from /opt/airflow/dags/crypto_pipeline_dag.py
[2026-06-19T11:47:07.274+0000] {processor.py:925} INFO - DAG(s) 'crypto_pipeline_dag' retrieved from /opt/airflow/dags/crypto_pipeline_dag.py
[2026-06-19T11:47:07.304+0000] {logging_mixin.py:190} INFO - [2026-06-19T11:47:07.303+0000] {dag.py:3239} INFO - Sync 1 DAGs
[2026-06-19T11:47:07.326+0000] {logging_mixin.py:190} INFO - [2026-06-19T11:47:07.326+0000] {dag.py:4180} INFO - Setting next_dagrun for crypto_pipeline_dag to 2026-06-19 00:00:00+00:00, run_after=2026-06-20 00:00:00+00:00
[2026-06-19T11:47:07.347+0000] {processor.py:208} INFO - Processing /opt/airflow/dags/crypto_pipeline_dag.py took 0.102 seconds
[2026-06-19T11:47:38.825+0000] {processor.py:186} INFO - Started process (PID=2202) to work on /opt/airflow/dags/crypto_pipeline_dag.py
[2026-06-19T11:47:38.826+0000] {processor.py:914} INFO - Processing file /opt/airflow/dags/crypto_pipeline_dag.py for tasks to queue
[2026-06-19T11:47:38.829+0000] {logging_mixin.py:190} INFO - [2026-06-19T11:47:38.828+0000] {dagbag.py:588} INFO - Filling up the DagBag from /opt/airflow/dags/crypto_pipeline_dag.py
[2026-06-19T11:47:38.845+0000] {processor.py:925} INFO - DAG(s) 'crypto_pipeline_dag' retrieved from /opt/airflow/dags/crypto_pipeline_dag.py
[2026-06-19T11:47:38.864+0000] {logging_mixin.py:190} INFO - [2026-06-19T11:47:38.864+0000] {dag.py:3239} INFO - Sync 1 DAGs
[2026-06-19T11:47:38.880+0000] {logging_mixin.py:190} INFO - [2026-06-19T11:47:38.880+0000] {dag.py:4180} INFO - Setting next_dagrun for crypto_pipeline_dag to 2026-06-19 00:00:00+00:00, run_after=2026-06-20 00:00:00+00:00
[2026-06-19T11:47:38.895+0000] {processor.py:208} INFO - Processing /opt/airflow/dags/crypto_pipeline_dag.py took 0.076 seconds
[2026-06-19T11:48:09.391+0000] {processor.py:186} INFO - Started process (PID=2207) to work on /opt/airflow/dags/crypto_pipeline_dag.py
[2026-06-19T11:48:09.392+0000] {processor.py:914} INFO - Processing file /opt/airflow/dags/crypto_pipeline_dag.py for tasks to queue
[2026-06-19T11:48:09.393+0000] {logging_mixin.py:190} INFO - [2026-06-19T11:48:09.393+0000] {dagbag.py:588} INFO - Filling up the DagBag from /opt/airflow/dags/crypto_pipeline_dag.py
[2026-06-19T11:48:09.404+0000] {processor.py:925} INFO - DAG(s) 'crypto_pipeline_dag' retrieved from /opt/airflow/dags/crypto_pipeline_dag.py
[2026-06-19T11:48:09.424+0000] {logging_mixin.py:190} INFO - [2026-06-19T11:48:09.424+0000] {dag.py:3239} INFO - Sync 1 DAGs
[2026-06-19T11:48:09.441+0000] {logging_mixin.py:190} INFO - [2026-06-19T11:48:09.441+0000] {dag.py:4180} INFO - Setting next_dagrun for crypto_pipeline_dag to 2026-06-19 00:00:00+00:00, run_after=2026-06-20 00:00:00+00:00
[2026-06-19T11:48:09.453+0000] {processor.py:208} INFO - Processing /opt/airflow/dags/crypto_pipeline_dag.py took 0.066 seconds
[2026-06-19T11:48:40.891+0000] {processor.py:186} INFO - Started process (PID=2212) to work on /opt/airflow/dags/crypto_pipeline_dag.py
[2026-06-19T11:48:40.891+0000] {processor.py:914} INFO - Processing file /opt/airflow/dags/crypto_pipeline_dag.py for tasks to queue
[2026-06-19T11:48:40.893+0000] {logging_mixin.py:190} INFO - [2026-06-19T11:48:40.893+0000] {dagbag.py:588} INFO - Filling up the DagBag from /opt/airflow/dags/crypto_pipeline_dag.py
[2026-06-19T11:48:40.908+0000] {processor.py:925} INFO - DAG(s) 'crypto_pipeline_dag' retrieved from /opt/airflow/dags/crypto_pipeline_dag.py
[2026-06-19T11:48:40.927+0000] {logging_mixin.py:190} INFO - [2026-06-19T11:48:40.927+0000] {dag.py:3239} INFO - Sync 1 DAGs
[2026-06-19T11:48:40.944+0000] {logging_mixin.py:190} INFO - [2026-06-19T11:48:40.943+0000] {dag.py:4180} INFO - Setting next_dagrun for crypto_pipeline_dag to 2026-06-19 00:00:00+00:00, run_after=2026-06-20 00:00:00+00:00
[2026-06-19T11:48:40.957+0000] {processor.py:208} INFO - Processing /opt/airflow/dags/crypto_pipeline_dag.py took 0.070 seconds
[2026-06-19T11:49:12.459+0000] {processor.py:186} INFO - Started process (PID=2217) to work on /opt/airflow/dags/crypto_pipeline_dag.py
[2026-06-19T11:49:12.460+0000] {processor.py:914} INFO - Processing file /opt/airflow/dags/crypto_pipeline_dag.py for tasks to queue
[2026-06-19T11:49:12.461+0000] {logging_mixin.py:190} INFO - [2026-06-19T11:49:12.461+0000] {dagbag.py:588} INFO - Filling up the DagBag from /opt/airflow/dags/crypto_pipeline_dag.py
[2026-06-19T11:49:12.474+0000] {processor.py:925} INFO - DAG(s) 'crypto_pipeline_dag' retrieved from /opt/airflow/dags/crypto_pipeline_dag.py
[2026-06-19T11:49:12.493+0000] {logging_mixin.py:190} INFO - [2026-06-19T11:49:12.493+0000] {dag.py:3239} INFO - Sync 1 DAGs
[2026-06-19T11:49:12.510+0000] {logging_mixin.py:190} INFO - [2026-06-19T11:49:12.510+0000] {dag.py:4180} INFO - Setting next_dagrun for crypto_pipeline_dag to 2026-06-19 00:00:00+00:00, run_after=2026-06-20 00:00:00+00:00
[2026-06-19T11:49:12.525+0000] {processor.py:208} INFO - Processing /opt/airflow/dags/crypto_pipeline_dag.py took 0.070 seconds
[2026-06-19T11:49:44.041+0000] {processor.py:186} INFO - Started process (PID=2222) to work on /opt/airflow/dags/crypto_pipeline_dag.py
[2026-06-19T11:49:44.042+0000] {processor.py:914} INFO - Processing file /opt/airflow/dags/crypto_pipeline_dag.py for tasks to queue
[2026-06-19T11:49:44.044+0000] {logging_mixin.py:190} INFO - [2026-06-19T11:49:44.044+0000] {dagbag.py:588} INFO - Filling up the DagBag from /opt/airflow/dags/crypto_pipeline_dag.py
[2026-06-19T11:49:44.056+0000] {processor.py:925} INFO - DAG(s) 'crypto_pipeline_dag' retrieved from /opt/airflow/dags/crypto_pipeline_dag.py
[2026-06-19T11:49:44.075+0000] {logging_mixin.py:190} INFO - [2026-06-19T11:49:44.075+0000] {dag.py:3239} INFO - Sync 1 DAGs
[2026-06-19T11:49:44.091+0000] {logging_mixin.py:190} INFO - [2026-06-19T11:49:44.090+0000] {dag.py:4180} INFO - Setting next_dagrun for crypto_pipeline_dag to 2026-06-19 00:00:00+00:00, run_after=2026-06-20 00:00:00+00:00
[2026-06-19T11:49:44.104+0000] {processor.py:208} INFO - Processing /opt/airflow/dags/crypto_pipeline_dag.py took 0.067 seconds
[2026-06-19T11:50:14.532+0000] {processor.py:186} INFO - Started process (PID=2227) to work on /opt/airflow/dags/crypto_pipeline_dag.py
[2026-06-19T11:50:14.533+0000] {processor.py:914} INFO - Processing file /opt/airflow/dags/crypto_pipeline_dag.py for tasks to queue
[2026-06-19T11:50:14.535+0000] {logging_mixin.py:190} INFO - [2026-06-19T11:50:14.535+0000] {dagbag.py:588} INFO - Filling up the DagBag from /opt/airflow/dags/crypto_pipeline_dag.py
[2026-06-19T11:50:14.549+0000] {processor.py:925} INFO - DAG(s) 'crypto_pipeline_dag' retrieved from /opt/airflow/dags/crypto_pipeline_dag.py
[2026-06-19T11:50:14.569+0000] {logging_mixin.py:190} INFO - [2026-06-19T11:50:14.569+0000] {dag.py:3239} INFO - Sync 1 DAGs
[2026-06-19T11:50:14.584+0000] {logging_mixin.py:190} INFO - [2026-06-19T11:50:14.584+0000] {dag.py:4180} INFO - Setting next_dagrun for crypto_pipeline_dag to 2026-06-19 00:00:00+00:00, run_after=2026-06-20 00:00:00+00:00
[2026-06-19T11:50:14.596+0000] {processor.py:208} INFO - Processing /opt/airflow/dags/crypto_pipeline_dag.py took 0.068 seconds
[2026-06-19T11:50:46.071+0000] {processor.py:186} INFO - Started process (PID=2232) to work on /opt/airflow/dags/crypto_pipeline_dag.py
[2026-06-19T11:50:46.072+0000] {processor.py:914} INFO - Processing file /opt/airflow/dags/crypto_pipeline_dag.py for tasks to queue
[2026-06-19T11:50:46.074+0000] {logging_mixin.py:190} INFO - [2026-06-19T11:50:46.074+0000] {dagbag.py:588} INFO - Filling up the DagBag from /opt/airflow/dags/crypto_pipeline_dag.py
[2026-06-19T11:50:46.086+0000] {processor.py:925} INFO - DAG(s) 'crypto_pipeline_dag' retrieved from /opt/airflow/dags/crypto_pipeline_dag.py
[2026-06-19T11:50:46.105+0000] {logging_mixin.py:190} INFO - [2026-06-19T11:50:46.104+0000] {dag.py:3239} INFO - Sync 1 DAGs
[2026-06-19T11:50:46.120+0000] {logging_mixin.py:190} INFO - [2026-06-19T11:50:46.120+0000] {dag.py:4180} INFO - Setting next_dagrun for crypto_pipeline_dag to 2026-06-19 00:00:00+00:00, run_after=2026-06-20 00:00:00+00:00
[2026-06-19T11:50:46.132+0000] {processor.py:208} INFO - Processing /opt/airflow/dags/crypto_pipeline_dag.py took 0.064 seconds
[2026-06-19T11:51:17.591+0000] {processor.py:186} INFO - Started process (PID=2237) to work on /opt/airflow/dags/crypto_pipeline_dag.py
[2026-06-19T11:51:17.593+0000] {processor.py:914} INFO - Processing file /opt/airflow/dags/crypto_pipeline_dag.py for tasks to queue
[2026-06-19T11:51:17.597+0000] {logging_mixin.py:190} INFO - [2026-06-19T11:51:17.597+0000] {dagbag.py:588} INFO - Filling up the DagBag from /opt/airflow/dags/crypto_pipeline_dag.py
[2026-06-19T11:51:17.615+0000] {processor.py:925} INFO - DAG(s) 'crypto_pipeline_dag' retrieved from /opt/airflow/dags/crypto_pipeline_dag.py
[2026-06-19T11:51:17.638+0000] {logging_mixin.py:190} INFO - [2026-06-19T11:51:17.638+0000] {dag.py:3239} INFO - Sync 1 DAGs
[2026-06-19T11:51:17.656+0000] {logging_mixin.py:190} INFO - [2026-06-19T11:51:17.656+0000] {dag.py:4180} INFO - Setting next_dagrun for crypto_pipeline_dag to 2026-06-19 00:00:00+00:00, run_after=2026-06-20 00:00:00+00:00
[2026-06-19T11:51:17.671+0000] {processor.py:208} INFO - Processing /opt/airflow/dags/crypto_pipeline_dag.py took 0.086 seconds
[2026-06-19T11:51:48.199+0000] {processor.py:186} INFO - Started process (PID=2242) to work on /opt/airflow/dags/crypto_pipeline_dag.py
[2026-06-19T11:51:48.200+0000] {processor.py:914} INFO - Processing file /opt/airflow/dags/crypto_pipeline_dag.py for tasks to queue
[2026-06-19T11:51:48.202+0000] {logging_mixin.py:190} INFO - [2026-06-19T11:51:48.202+0000] {dagbag.py:588} INFO - Filling up the DagBag from /opt/airflow/dags/crypto_pipeline_dag.py
[2026-06-19T11:51:48.214+0000] {processor.py:925} INFO - DAG(s) 'crypto_pipeline_dag' retrieved from /opt/airflow/dags/crypto_pipeline_dag.py
[2026-06-19T11:51:48.233+0000] {logging_mixin.py:190} INFO - [2026-06-19T11:51:48.233+0000] {dag.py:3239} INFO - Sync 1 DAGs
[2026-06-19T11:51:48.249+0000] {logging_mixin.py:190} INFO - [2026-06-19T11:51:48.249+0000] {dag.py:4180} INFO - Setting next_dagrun for crypto_pipeline_dag to 2026-06-19 00:00:00+00:00, run_after=2026-06-20 00:00:00+00:00
[2026-06-19T11:51:48.263+0000] {processor.py:208} INFO - Processing /opt/airflow/dags/crypto_pipeline_dag.py took 0.068 seconds
[2026-06-19T11:52:19.019+0000] {processor.py:186} INFO - Started process (PID=2247) to work on /opt/airflow/dags/crypto_pipeline_dag.py
[2026-06-19T11:52:19.020+0000] {processor.py:914} INFO - Processing file /opt/airflow/dags/crypto_pipeline_dag.py for tasks to queue
[2026-06-19T11:52:19.022+0000] {logging_mixin.py:190} INFO - [2026-06-19T11:52:19.022+0000] {dagbag.py:588} INFO - Filling up the DagBag from /opt/airflow/dags/crypto_pipeline_dag.py
[2026-06-19T11:52:19.034+0000] {processor.py:925} INFO - DAG(s) 'crypto_pipeline_dag' retrieved from /opt/airflow/dags/crypto_pipeline_dag.py
[2026-06-19T11:52:19.054+0000] {logging_mixin.py:190} INFO - [2026-06-19T11:52:19.053+0000] {dag.py:3239} INFO - Sync 1 DAGs
[2026-06-19T11:52:19.082+0000] {logging_mixin.py:190} INFO - [2026-06-19T11:52:19.082+0000] {dag.py:4180} INFO - Setting next_dagrun for crypto_pipeline_dag to 2026-06-19 00:00:00+00:00, run_after=2026-06-20 00:00:00+00:00
[2026-06-19T11:52:19.096+0000] {processor.py:208} INFO - Processing /opt/airflow/dags/crypto_pipeline_dag.py took 0.082 seconds
[2026-06-19T11:52:49.731+0000] {processor.py:186} INFO - Started process (PID=2252) to work on /opt/airflow/dags/crypto_pipeline_dag.py
[2026-06-19T11:52:49.732+0000] {processor.py:914} INFO - Processing file /opt/airflow/dags/crypto_pipeline_dag.py for tasks to queue
[2026-06-19T11:52:49.733+0000] {logging_mixin.py:190} INFO - [2026-06-19T11:52:49.733+0000] {dagbag.py:588} INFO - Filling up the DagBag from /opt/airflow/dags/crypto_pipeline_dag.py
[2026-06-19T11:52:49.746+0000] {processor.py:925} INFO - DAG(s) 'crypto_pipeline_dag' retrieved from /opt/airflow/dags/crypto_pipeline_dag.py
[2026-06-19T11:52:49.765+0000] {logging_mixin.py:190} INFO - [2026-06-19T11:52:49.765+0000] {dag.py:3239} INFO - Sync 1 DAGs
[2026-06-19T11:52:49.780+0000] {logging_mixin.py:190} INFO - [2026-06-19T11:52:49.780+0000] {dag.py:4180} INFO - Setting next_dagrun for crypto_pipeline_dag to 2026-06-19 00:00:00+00:00, run_after=2026-06-20 00:00:00+00:00
[2026-06-19T11:52:49.793+0000] {processor.py:208} INFO - Processing /opt/airflow/dags/crypto_pipeline_dag.py took 0.068 seconds
[2026-06-19T11:53:20.535+0000] {processor.py:186} INFO - Started process (PID=2257) to work on /opt/airflow/dags/crypto_pipeline_dag.py
[2026-06-19T11:53:20.536+0000] {processor.py:914} INFO - Processing file /opt/airflow/dags/crypto_pipeline_dag.py for tasks to queue
[2026-06-19T11:53:20.538+0000] {logging_mixin.py:190} INFO - [2026-06-19T11:53:20.538+0000] {dagbag.py:588} INFO - Filling up the DagBag from /opt/airflow/dags/crypto_pipeline_dag.py
[2026-06-19T11:53:20.552+0000] {processor.py:925} INFO - DAG(s) 'crypto_pipeline_dag' retrieved from /opt/airflow/dags/crypto_pipeline_dag.py
[2026-06-19T11:53:21.143+0000] {logging_mixin.py:190} INFO - [2026-06-19T11:53:21.143+0000] {dag.py:3239} INFO - Sync 1 DAGs
[2026-06-19T11:53:21.159+0000] {logging_mixin.py:190} INFO - [2026-06-19T11:53:21.159+0000] {dag.py:4180} INFO - Setting next_dagrun for crypto_pipeline_dag to 2026-06-19 00:00:00+00:00, run_after=2026-06-20 00:00:00+00:00
[2026-06-19T11:53:21.171+0000] {processor.py:208} INFO - Processing /opt/airflow/dags/crypto_pipeline_dag.py took 0.070 seconds
[2026-06-19T11:53:53.352+0000] {processor.py:186} INFO - Started process (PID=2262) to work on /opt/airflow/dags/crypto_pipeline_dag.py
[2026-06-19T11:53:53.353+0000] {processor.py:914} INFO - Processing file /opt/airflow/dags/crypto_pipeline_dag.py for tasks to queue
[2026-06-19T11:53:53.355+0000] {logging_mixin.py:190} INFO - [2026-06-19T11:53:53.354+0000] {dagbag.py:588} INFO - Filling up the DagBag from /opt/airflow/dags/crypto_pipeline_dag.py
[2026-06-19T11:53:53.370+0000] {processor.py:925} INFO - DAG(s) 'crypto_pipeline_dag' retrieved from /opt/airflow/dags/crypto_pipeline_dag.py
[2026-06-19T11:53:53.390+0000] {logging_mixin.py:190} INFO - [2026-06-19T11:53:53.390+0000] {dag.py:3239} INFO - Sync 1 DAGs
[2026-06-19T11:53:53.405+0000] {logging_mixin.py:190} INFO - [2026-06-19T11:53:53.405+0000] {dag.py:4180} INFO - Setting next_dagrun for crypto_pipeline_dag to 2026-06-19 00:00:00+00:00, run_after=2026-06-20 00:00:00+00:00
[2026-06-19T11:53:53.441+0000] {processor.py:208} INFO - Processing /opt/airflow/dags/crypto_pipeline_dag.py took 0.093 seconds
[2026-06-19T11:54:24.943+0000] {processor.py:186} INFO - Started process (PID=2267) to work on /opt/airflow/dags/crypto_pipeline_dag.py
[2026-06-19T11:54:24.943+0000] {processor.py:914} INFO - Processing file /opt/airflow/dags/crypto_pipeline_dag.py for tasks to queue
[2026-06-19T11:54:24.945+0000] {logging_mixin.py:190} INFO - [2026-06-19T11:54:24.945+0000] {dagbag.py:588} INFO - Filling up the DagBag from /opt/airflow/dags/crypto_pipeline_dag.py
[2026-06-19T11:54:24.963+0000] {processor.py:925} INFO - DAG(s) 'crypto_pipeline_dag' retrieved from /opt/airflow/dags/crypto_pipeline_dag.py
[2026-06-19T11:54:24.982+0000] {logging_mixin.py:190} INFO - [2026-06-19T11:54:24.982+0000] {dag.py:3239} INFO - Sync 1 DAGs
[2026-06-19T11:54:24.999+0000] {logging_mixin.py:190} INFO - [2026-06-19T11:54:24.999+0000] {dag.py:4180} INFO - Setting next_dagrun for crypto_pipeline_dag to 2026-06-19 00:00:00+00:00, run_after=2026-06-20 00:00:00+00:00
[2026-06-19T11:54:25.013+0000] {processor.py:208} INFO - Processing /opt/airflow/dags/crypto_pipeline_dag.py took 0.074 seconds
[2026-06-19T11:54:55.773+0000] {processor.py:186} INFO - Started process (PID=2272) to work on /opt/airflow/dags/crypto_pipeline_dag.py
[2026-06-19T11:54:55.774+0000] {processor.py:914} INFO - Processing file /opt/airflow/dags/crypto_pipeline_dag.py for tasks to queue
[2026-06-19T11:54:55.776+0000] {logging_mixin.py:190} INFO - [2026-06-19T11:54:55.776+0000] {dagbag.py:588} INFO - Filling up the DagBag from /opt/airflow/dags/crypto_pipeline_dag.py
[2026-06-19T11:54:55.791+0000] {processor.py:925} INFO - DAG(s) 'crypto_pipeline_dag' retrieved from /opt/airflow/dags/crypto_pipeline_dag.py
[2026-06-19T11:54:55.810+0000] {logging_mixin.py:190} INFO - [2026-06-19T11:54:55.809+0000] {dag.py:3239} INFO - Sync 1 DAGs
[2026-06-19T11:54:55.827+0000] {logging_mixin.py:190} INFO - [2026-06-19T11:54:55.826+0000] {dag.py:4180} INFO - Setting next_dagrun for crypto_pipeline_dag to 2026-06-19 00:00:00+00:00, run_after=2026-06-20 00:00:00+00:00
[2026-06-19T11:54:55.842+0000] {processor.py:208} INFO - Processing /opt/airflow/dags/crypto_pipeline_dag.py took 0.073 seconds
[2026-06-19T11:55:27.004+0000] {processor.py:186} INFO - Started process (PID=2277) to work on /opt/airflow/dags/crypto_pipeline_dag.py
[2026-06-19T11:55:27.005+0000] {processor.py:914} INFO - Processing file /opt/airflow/dags/crypto_pipeline_dag.py for tasks to queue
[2026-06-19T11:55:27.007+0000] {logging_mixin.py:190} INFO - [2026-06-19T11:55:27.006+0000] {dagbag.py:588} INFO - Filling up the DagBag from /opt/airflow/dags/crypto_pipeline_dag.py
[2026-06-19T11:55:27.019+0000] {processor.py:925} INFO - DAG(s) 'crypto_pipeline_dag' retrieved from /opt/airflow/dags/crypto_pipeline_dag.py
[2026-06-19T11:55:27.037+0000] {logging_mixin.py:190} INFO - [2026-06-19T11:55:27.037+0000] {dag.py:3239} INFO - Sync 1 DAGs
[2026-06-19T11:55:27.052+0000] {logging_mixin.py:190} INFO - [2026-06-19T11:55:27.052+0000] {dag.py:4180} INFO - Setting next_dagrun for crypto_pipeline_dag to 2026-06-19 00:00:00+00:00, run_after=2026-06-20 00:00:00+00:00
[2026-06-19T11:55:27.065+0000] {processor.py:208} INFO - Processing /opt/airflow/dags/crypto_pipeline_dag.py took 0.064 seconds
[2026-06-19T11:55:58.653+0000] {processor.py:186} INFO - Started process (PID=2282) to work on /opt/airflow/dags/crypto_pipeline_dag.py
[2026-06-19T11:55:58.654+0000] {processor.py:914} INFO - Processing file /opt/airflow/dags/crypto_pipeline_dag.py for tasks to queue
[2026-06-19T11:55:58.656+0000] {logging_mixin.py:190} INFO - [2026-06-19T11:55:58.656+0000] {dagbag.py:588} INFO - Filling up the DagBag from /opt/airflow/dags/crypto_pipeline_dag.py
[2026-06-19T11:55:58.671+0000] {processor.py:925} INFO - DAG(s) 'crypto_pipeline_dag' retrieved from /opt/airflow/dags/crypto_pipeline_dag.py
[2026-06-19T11:55:58.690+0000] {logging_mixin.py:190} INFO - [2026-06-19T11:55:58.689+0000] {dag.py:3239} INFO - Sync 1 DAGs
[2026-06-19T11:55:58.705+0000] {logging_mixin.py:190} INFO - [2026-06-19T11:55:58.705+0000] {dag.py:4180} INFO - Setting next_dagrun for crypto_pipeline_dag to 2026-06-19 00:00:00+00:00, run_after=2026-06-20 00:00:00+00:00
[2026-06-19T11:55:58.717+0000] {processor.py:208} INFO - Processing /opt/airflow/dags/crypto_pipeline_dag.py took 0.068 seconds
[2026-06-19T11:56:30.216+0000] {processor.py:186} INFO - Started process (PID=2287) to work on /opt/airflow/dags/crypto_pipeline_dag.py
[2026-06-19T11:56:30.217+0000] {processor.py:914} INFO - Processing file /opt/airflow/dags/crypto_pipeline_dag.py for tasks to queue
[2026-06-19T11:56:30.219+0000] {logging_mixin.py:190} INFO - [2026-06-19T11:56:30.219+0000] {dagbag.py:588} INFO - Filling up the DagBag from /opt/airflow/dags/crypto_pipeline_dag.py
[2026-06-19T11:56:30.240+0000] {processor.py:925} INFO - DAG(s) 'crypto_pipeline_dag' retrieved from /opt/airflow/dags/crypto_pipeline_dag.py
[2026-06-19T11:56:30.268+0000] {logging_mixin.py:190} INFO - [2026-06-19T11:56:30.268+0000] {dag.py:3239} INFO - Sync 1 DAGs
[2026-06-19T11:56:30.285+0000] {logging_mixin.py:190} INFO - [2026-06-19T11:56:30.285+0000] {dag.py:4180} INFO - Setting next_dagrun for crypto_pipeline_dag to 2026-06-19 00:00:00+00:00, run_after=2026-06-20 00:00:00+00:00
[2026-06-19T11:56:30.298+0000] {processor.py:208} INFO - Processing /opt/airflow/dags/crypto_pipeline_dag.py took 0.086 seconds
[2026-06-19T11:57:01.673+0000] {processor.py:186} INFO - Started process (PID=2292) to work on /opt/airflow/dags/crypto_pipeline_dag.py
[2026-06-19T11:57:01.674+0000] {processor.py:914} INFO - Processing file /opt/airflow/dags/crypto_pipeline_dag.py for tasks to queue
[2026-06-19T11:57:01.676+0000] {logging_mixin.py:190} INFO - [2026-06-19T11:57:01.675+0000] {dagbag.py:588} INFO - Filling up the DagBag from /opt/airflow/dags/crypto_pipeline_dag.py
[2026-06-19T11:57:01.695+0000] {processor.py:925} INFO - DAG(s) 'crypto_pipeline_dag' retrieved from /opt/airflow/dags/crypto_pipeline_dag.py
[2026-06-19T11:57:01.715+0000] {logging_mixin.py:190} INFO - [2026-06-19T11:57:01.715+0000] {dag.py:3239} INFO - Sync 1 DAGs
[2026-06-19T11:57:01.731+0000] {logging_mixin.py:190} INFO - [2026-06-19T11:57:01.731+0000] {dag.py:4180} INFO - Setting next_dagrun for crypto_pipeline_dag to 2026-06-19 00:00:00+00:00, run_after=2026-06-20 00:00:00+00:00
[2026-06-19T11:57:01.746+0000] {processor.py:208} INFO - Processing /opt/airflow/dags/crypto_pipeline_dag.py took 0.078 seconds
[2026-06-19T11:57:32.244+0000] {processor.py:186} INFO - Started process (PID=2297) to work on /opt/airflow/dags/crypto_pipeline_dag.py
[2026-06-19T11:57:32.245+0000] {processor.py:914} INFO - Processing file /opt/airflow/dags/crypto_pipeline_dag.py for tasks to queue
[2026-06-19T11:57:32.246+0000] {logging_mixin.py:190} INFO - [2026-06-19T11:57:32.246+0000] {dagbag.py:588} INFO - Filling up the DagBag from /opt/airflow/dags/crypto_pipeline_dag.py
[2026-06-19T11:57:32.257+0000] {processor.py:925} INFO - DAG(s) 'crypto_pipeline_dag' retrieved from /opt/airflow/dags/crypto_pipeline_dag.py
[2026-06-19T11:57:32.277+0000] {logging_mixin.py:190} INFO - [2026-06-19T11:57:32.276+0000] {dag.py:3239} INFO - Sync 1 DAGs
[2026-06-19T11:57:32.293+0000] {logging_mixin.py:190} INFO - [2026-06-19T11:57:32.292+0000] {dag.py:4180} INFO - Setting next_dagrun for crypto_pipeline_dag to 2026-06-19 00:00:00+00:00, run_after=2026-06-20 00:00:00+00:00
[2026-06-19T11:57:32.305+0000] {processor.py:208} INFO - Processing /opt/airflow/dags/crypto_pipeline_dag.py took 0.065 seconds
[2026-06-19T11:58:03.823+0000] {processor.py:186} INFO - Started process (PID=2302) to work on /opt/airflow/dags/crypto_pipeline_dag.py
[2026-06-19T11:58:03.824+0000] {processor.py:914} INFO - Processing file /opt/airflow/dags/crypto_pipeline_dag.py for tasks to queue
[2026-06-19T11:58:03.826+0000] {logging_mixin.py:190} INFO - [2026-06-19T11:58:03.825+0000] {dagbag.py:588} INFO - Filling up the DagBag from /opt/airflow/dags/crypto_pipeline_dag.py
[2026-06-19T11:58:03.837+0000] {processor.py:925} INFO - DAG(s) 'crypto_pipeline_dag' retrieved from /opt/airflow/dags/crypto_pipeline_dag.py
[2026-06-19T11:58:03.856+0000] {logging_mixin.py:190} INFO - [2026-06-19T11:58:03.856+0000] {dag.py:3239} INFO - Sync 1 DAGs
[2026-06-19T11:58:03.872+0000] {logging_mixin.py:190} INFO - [2026-06-19T11:58:03.872+0000] {dag.py:4180} INFO - Setting next_dagrun for crypto_pipeline_dag to 2026-06-19 00:00:00+00:00, run_after=2026-06-20 00:00:00+00:00
[2026-06-19T11:58:03.885+0000] {processor.py:208} INFO - Processing /opt/airflow/dags/crypto_pipeline_dag.py took 0.066 seconds
[2026-06-19T11:58:35.378+0000] {processor.py:186} INFO - Started process (PID=2307) to work on /opt/airflow/dags/crypto_pipeline_dag.py
[2026-06-19T11:58:35.379+0000] {processor.py:914} INFO - Processing file /opt/airflow/dags/crypto_pipeline_dag.py for tasks to queue
[2026-06-19T11:58:35.381+0000] {logging_mixin.py:190} INFO - [2026-06-19T11:58:35.381+0000] {dagbag.py:588} INFO - Filling up the DagBag from /opt/airflow/dags/crypto_pipeline_dag.py
[2026-06-19T11:58:35.398+0000] {processor.py:925} INFO - DAG(s) 'crypto_pipeline_dag' retrieved from /opt/airflow/dags/crypto_pipeline_dag.py
[2026-06-19T11:58:35.420+0000] {logging_mixin.py:190} INFO - [2026-06-19T11:58:35.420+0000] {dag.py:3239} INFO - Sync 1 DAGs
[2026-06-19T11:58:35.439+0000] {logging_mixin.py:190} INFO - [2026-06-19T11:58:35.439+0000] {dag.py:4180} INFO - Setting next_dagrun for crypto_pipeline_dag to 2026-06-19 00:00:00+00:00, run_after=2026-06-20 00:00:00+00:00
[2026-06-19T11:58:35.454+0000] {processor.py:208} INFO - Processing /opt/airflow/dags/crypto_pipeline_dag.py took 0.080 seconds
[2026-06-19T11:59:05.964+0000] {processor.py:186} INFO - Started process (PID=2312) to work on /opt/airflow/dags/crypto_pipeline_dag.py
[2026-06-19T11:59:05.965+0000] {processor.py:914} INFO - Processing file /opt/airflow/dags/crypto_pipeline_dag.py for tasks to queue
[2026-06-19T11:59:05.968+0000] {logging_mixin.py:190} INFO - [2026-06-19T11:59:05.968+0000] {dagbag.py:588} INFO - Filling up the DagBag from /opt/airflow/dags/crypto_pipeline_dag.py
[2026-06-19T11:59:05.982+0000] {processor.py:925} INFO - DAG(s) 'crypto_pipeline_dag' retrieved from /opt/airflow/dags/crypto_pipeline_dag.py
[2026-06-19T11:59:06.002+0000] {logging_mixin.py:190} INFO - [2026-06-19T11:59:06.002+0000] {dag.py:3239} INFO - Sync 1 DAGs
[2026-06-19T11:59:06.019+0000] {logging_mixin.py:190} INFO - [2026-06-19T11:59:06.019+0000] {dag.py:4180} INFO - Setting next_dagrun for crypto_pipeline_dag to 2026-06-19 00:00:00+00:00, run_after=2026-06-20 00:00:00+00:00
[2026-06-19T11:59:06.036+0000] {processor.py:208} INFO - Processing /opt/airflow/dags/crypto_pipeline_dag.py took 0.076 seconds
[2026-06-19T11:59:37.488+0000] {processor.py:186} INFO - Started process (PID=2317) to work on /opt/airflow/dags/crypto_pipeline_dag.py
[2026-06-19T11:59:37.489+0000] {processor.py:914} INFO - Processing file /opt/airflow/dags/crypto_pipeline_dag.py for tasks to queue
[2026-06-19T11:59:37.492+0000] {logging_mixin.py:190} INFO - [2026-06-19T11:59:37.491+0000] {dagbag.py:588} INFO - Filling up the DagBag from /opt/airflow/dags/crypto_pipeline_dag.py
[2026-06-19T11:59:37.508+0000] {processor.py:925} INFO - DAG(s) 'crypto_pipeline_dag' retrieved from /opt/airflow/dags/crypto_pipeline_dag.py
[2026-06-19T11:59:37.530+0000] {logging_mixin.py:190} INFO - [2026-06-19T11:59:37.530+0000] {dag.py:3239} INFO - Sync 1 DAGs
[2026-06-19T11:59:37.547+0000] {logging_mixin.py:190} INFO - [2026-06-19T11:59:37.546+0000] {dag.py:4180} INFO - Setting next_dagrun for crypto_pipeline_dag to 2026-06-19 00:00:00+00:00, run_after=2026-06-20 00:00:00+00:00
[2026-06-19T11:59:37.560+0000] {processor.py:208} INFO - Processing /opt/airflow/dags/crypto_pipeline_dag.py took 0.076 seconds
[2026-06-19T12:00:09.077+0000] {processor.py:186} INFO - Started process (PID=2322) to work on /opt/airflow/dags/crypto_pipeline_dag.py
[2026-06-19T12:00:09.078+0000] {processor.py:914} INFO - Processing file /opt/airflow/dags/crypto_pipeline_dag.py for tasks to queue
[2026-06-19T12:00:09.079+0000] {logging_mixin.py:190} INFO - [2026-06-19T12:00:09.079+0000] {dagbag.py:588} INFO - Filling up the DagBag from /opt/airflow/dags/crypto_pipeline_dag.py
[2026-06-19T12:00:09.091+0000] {processor.py:925} INFO - DAG(s) 'crypto_pipeline_dag' retrieved from /opt/airflow/dags/crypto_pipeline_dag.py
[2026-06-19T12:00:09.110+0000] {logging_mixin.py:190} INFO - [2026-06-19T12:00:09.110+0000] {dag.py:3239} INFO - Sync 1 DAGs
[2026-06-19T12:00:09.128+0000] {logging_mixin.py:190} INFO - [2026-06-19T12:00:09.127+0000] {dag.py:4180} INFO - Setting next_dagrun for crypto_pipeline_dag to 2026-06-19 00:00:00+00:00, run_after=2026-06-20 00:00:00+00:00
[2026-06-19T12:00:09.141+0000] {processor.py:208} INFO - Processing /opt/airflow/dags/crypto_pipeline_dag.py took 0.069 seconds
[2026-06-19T12:00:40.574+0000] {processor.py:186} INFO - Started process (PID=2327) to work on /opt/airflow/dags/crypto_pipeline_dag.py
[2026-06-19T12:00:40.575+0000] {processor.py:914} INFO - Processing file /opt/airflow/dags/crypto_pipeline_dag.py for tasks to queue
[2026-06-19T12:00:40.576+0000] {logging_mixin.py:190} INFO - [2026-06-19T12:00:40.576+0000] {dagbag.py:588} INFO - Filling up the DagBag from /opt/airflow/dags/crypto_pipeline_dag.py
[2026-06-19T12:00:40.589+0000] {processor.py:925} INFO - DAG(s) 'crypto_pipeline_dag' retrieved from /opt/airflow/dags/crypto_pipeline_dag.py
[2026-06-19T12:00:40.608+0000] {logging_mixin.py:190} INFO - [2026-06-19T12:00:40.608+0000] {dag.py:3239} INFO - Sync 1 DAGs
[2026-06-19T12:00:40.624+0000] {logging_mixin.py:190} INFO - [2026-06-19T12:00:40.624+0000] {dag.py:4180} INFO - Setting next_dagrun for crypto_pipeline_dag to 2026-06-19 00:00:00+00:00, run_after=2026-06-20 00:00:00+00:00
[2026-06-19T12:00:40.638+0000] {processor.py:208} INFO - Processing /opt/airflow/dags/crypto_pipeline_dag.py took 0.068 seconds
[2026-06-19T12:01:11.130+0000] {processor.py:186} INFO - Started process (PID=2332) to work on /opt/airflow/dags/crypto_pipeline_dag.py
[2026-06-19T12:01:11.131+0000] {processor.py:914} INFO - Processing file /opt/airflow/dags/crypto_pipeline_dag.py for tasks to queue
[2026-06-19T12:01:11.133+0000] {logging_mixin.py:190} INFO - [2026-06-19T12:01:11.133+0000] {dagbag.py:588} INFO - Filling up the DagBag from /opt/airflow/dags/crypto_pipeline_dag.py
[2026-06-19T12:01:11.146+0000] {processor.py:925} INFO - DAG(s) 'crypto_pipeline_dag' retrieved from /opt/airflow/dags/crypto_pipeline_dag.py
[2026-06-19T12:01:11.164+0000] {logging_mixin.py:190} INFO - [2026-06-19T12:01:11.164+0000] {dag.py:3239} INFO - Sync 1 DAGs
[2026-06-19T12:01:11.179+0000] {logging_mixin.py:190} INFO - [2026-06-19T12:01:11.179+0000] {dag.py:4180} INFO - Setting next_dagrun for crypto_pipeline_dag to 2026-06-19 00:00:00+00:00, run_after=2026-06-20 00:00:00+00:00
[2026-06-19T12:01:11.192+0000] {processor.py:208} INFO - Processing /opt/airflow/dags/crypto_pipeline_dag.py took 0.066 seconds
[2026-06-19T12:01:42.663+0000] {processor.py:186} INFO - Started process (PID=2337) to work on /opt/airflow/dags/crypto_pipeline_dag.py
[2026-06-19T12:01:42.664+0000] {processor.py:914} INFO - Processing file /opt/airflow/dags/crypto_pipeline_dag.py for tasks to queue
[2026-06-19T12:01:42.666+0000] {logging_mixin.py:190} INFO - [2026-06-19T12:01:42.666+0000] {dagbag.py:588} INFO - Filling up the DagBag from /opt/airflow/dags/crypto_pipeline_dag.py
[2026-06-19T12:01:42.684+0000] {processor.py:925} INFO - DAG(s) 'crypto_pipeline_dag' retrieved from /opt/airflow/dags/crypto_pipeline_dag.py
[2026-06-19T12:01:42.708+0000] {logging_mixin.py:190} INFO - [2026-06-19T12:01:42.708+0000] {dag.py:3239} INFO - Sync 1 DAGs
[2026-06-19T12:01:42.724+0000] {logging_mixin.py:190} INFO - [2026-06-19T12:01:42.723+0000] {dag.py:4180} INFO - Setting next_dagrun for crypto_pipeline_dag to 2026-06-19 00:00:00+00:00, run_after=2026-06-20 00:00:00+00:00
[2026-06-19T12:01:42.736+0000] {processor.py:208} INFO - Processing /opt/airflow/dags/crypto_pipeline_dag.py took 0.079 seconds
[2026-06-19T12:02:14.249+0000] {processor.py:186} INFO - Started process (PID=2342) to work on /opt/airflow/dags/crypto_pipeline_dag.py
[2026-06-19T12:02:14.250+0000] {processor.py:914} INFO - Processing file /opt/airflow/dags/crypto_pipeline_dag.py for tasks to queue
[2026-06-19T12:02:14.252+0000] {logging_mixin.py:190} INFO - [2026-06-19T12:02:14.252+0000] {dagbag.py:588} INFO - Filling up the DagBag from /opt/airflow/dags/crypto_pipeline_dag.py
[2026-06-19T12:02:14.274+0000] {processor.py:925} INFO - DAG(s) 'crypto_pipeline_dag' retrieved from /opt/airflow/dags/crypto_pipeline_dag.py
[2026-06-19T12:02:14.302+0000] {logging_mixin.py:190} INFO - [2026-06-19T12:02:14.302+0000] {dag.py:3239} INFO - Sync 1 DAGs
[2026-06-19T12:02:14.325+0000] {logging_mixin.py:190} INFO - [2026-06-19T12:02:14.325+0000] {dag.py:4180} INFO - Setting next_dagrun for crypto_pipeline_dag to 2026-06-19 00:00:00+00:00, run_after=2026-06-20 00:00:00+00:00
[2026-06-19T12:02:14.343+0000] {processor.py:208} INFO - Processing /opt/airflow/dags/crypto_pipeline_dag.py took 0.099 seconds
[2026-06-19T12:02:45.749+0000] {processor.py:186} INFO - Started process (PID=2347) to work on /opt/airflow/dags/crypto_pipeline_dag.py
[2026-06-19T12:02:45.750+0000] {processor.py:914} INFO - Processing file /opt/airflow/dags/crypto_pipeline_dag.py for tasks to queue
[2026-06-19T12:02:45.752+0000] {logging_mixin.py:190} INFO - [2026-06-19T12:02:45.751+0000] {dagbag.py:588} INFO - Filling up the DagBag from /opt/airflow/dags/crypto_pipeline_dag.py
[2026-06-19T12:02:45.764+0000] {processor.py:925} INFO - DAG(s) 'crypto_pipeline_dag' retrieved from /opt/airflow/dags/crypto_pipeline_dag.py
[2026-06-19T12:02:45.784+0000] {logging_mixin.py:190} INFO - [2026-06-19T12:02:45.784+0000] {dag.py:3239} INFO - Sync 1 DAGs
[2026-06-19T12:02:45.801+0000] {logging_mixin.py:190} INFO - [2026-06-19T12:02:45.801+0000] {dag.py:4180} INFO - Setting next_dagrun for crypto_pipeline_dag to 2026-06-19 00:00:00+00:00, run_after=2026-06-20 00:00:00+00:00
[2026-06-19T12:02:45.816+0000] {processor.py:208} INFO - Processing /opt/airflow/dags/crypto_pipeline_dag.py took 0.071 seconds
[2026-06-19T12:03:16.355+0000] {processor.py:186} INFO - Started process (PID=2352) to work on /opt/airflow/dags/crypto_pipeline_dag.py
[2026-06-19T12:03:16.356+0000] {processor.py:914} INFO - Processing file /opt/airflow/dags/crypto_pipeline_dag.py for tasks to queue
[2026-06-19T12:03:16.357+0000] {logging_mixin.py:190} INFO - [2026-06-19T12:03:16.357+0000] {dagbag.py:588} INFO - Filling up the DagBag from /opt/airflow/dags/crypto_pipeline_dag.py
[2026-06-19T12:03:16.370+0000] {processor.py:925} INFO - DAG(s) 'crypto_pipeline_dag' retrieved from /opt/airflow/dags/crypto_pipeline_dag.py
[2026-06-19T12:03:16.388+0000] {logging_mixin.py:190} INFO - [2026-06-19T12:03:16.388+0000] {dag.py:3239} INFO - Sync 1 DAGs
[2026-06-19T12:03:16.404+0000] {logging_mixin.py:190} INFO - [2026-06-19T12:03:16.404+0000] {dag.py:4180} INFO - Setting next_dagrun for crypto_pipeline_dag to 2026-06-19 00:00:00+00:00, run_after=2026-06-20 00:00:00+00:00
[2026-06-19T12:03:16.424+0000] {processor.py:208} INFO - Processing /opt/airflow/dags/crypto_pipeline_dag.py took 0.073 seconds
[2026-06-19T12:03:47.912+0000] {processor.py:186} INFO - Started process (PID=2357) to work on /opt/airflow/dags/crypto_pipeline_dag.py
[2026-06-19T12:03:47.913+0000] {processor.py:914} INFO - Processing file /opt/airflow/dags/crypto_pipeline_dag.py for tasks to queue
[2026-06-19T12:03:47.914+0000] {logging_mixin.py:190} INFO - [2026-06-19T12:03:47.914+0000] {dagbag.py:588} INFO - Filling up the DagBag from /opt/airflow/dags/crypto_pipeline_dag.py
[2026-06-19T12:03:47.926+0000] {processor.py:925} INFO - DAG(s) 'crypto_pipeline_dag' retrieved from /opt/airflow/dags/crypto_pipeline_dag.py
[2026-06-19T12:03:47.944+0000] {logging_mixin.py:190} INFO - [2026-06-19T12:03:47.944+0000] {dag.py:3239} INFO - Sync 1 DAGs
[2026-06-19T12:03:47.960+0000] {logging_mixin.py:190} INFO - [2026-06-19T12:03:47.959+0000] {dag.py:4180} INFO - Setting next_dagrun for crypto_pipeline_dag to 2026-06-19 00:00:00+00:00, run_after=2026-06-20 00:00:00+00:00
[2026-06-19T12:03:47.973+0000] {processor.py:208} INFO - Processing /opt/airflow/dags/crypto_pipeline_dag.py took 0.065 seconds
[2026-06-19T12:04:19.476+0000] {processor.py:186} INFO - Started process (PID=2362) to work on /opt/airflow/dags/crypto_pipeline_dag.py
[2026-06-19T12:04:19.477+0000] {processor.py:914} INFO - Processing file /opt/airflow/dags/crypto_pipeline_dag.py for tasks to queue
[2026-06-19T12:04:19.478+0000] {logging_mixin.py:190} INFO - [2026-06-19T12:04:19.478+0000] {dagbag.py:588} INFO - Filling up the DagBag from /opt/airflow/dags/crypto_pipeline_dag.py
[2026-06-19T12:04:19.491+0000] {processor.py:925} INFO - DAG(s) 'crypto_pipeline_dag' retrieved from /opt/airflow/dags/crypto_pipeline_dag.py
[2026-06-19T12:04:19.510+0000] {logging_mixin.py:190} INFO - [2026-06-19T12:04:19.509+0000] {dag.py:3239} INFO - Sync 1 DAGs
[2026-06-19T12:04:19.525+0000] {logging_mixin.py:190} INFO - [2026-06-19T12:04:19.525+0000] {dag.py:4180} INFO - Setting next_dagrun for crypto_pipeline_dag to 2026-06-19 00:00:00+00:00, run_after=2026-06-20 00:00:00+00:00
[2026-06-19T12:04:19.538+0000] {processor.py:208} INFO - Processing /opt/airflow/dags/crypto_pipeline_dag.py took 0.066 seconds
[2026-06-19T12:04:50.106+0000] {processor.py:186} INFO - Started process (PID=2367) to work on /opt/airflow/dags/crypto_pipeline_dag.py
[2026-06-19T12:04:50.107+0000] {processor.py:914} INFO - Processing file /opt/airflow/dags/crypto_pipeline_dag.py for tasks to queue
[2026-06-19T12:04:50.109+0000] {logging_mixin.py:190} INFO - [2026-06-19T12:04:50.109+0000] {dagbag.py:588} INFO - Filling up the DagBag from /opt/airflow/dags/crypto_pipeline_dag.py
[2026-06-19T12:04:50.122+0000] {processor.py:925} INFO - DAG(s) 'crypto_pipeline_dag' retrieved from /opt/airflow/dags/crypto_pipeline_dag.py
[2026-06-19T12:04:50.144+0000] {logging_mixin.py:190} INFO - [2026-06-19T12:04:50.143+0000] {dag.py:3239} INFO - Sync 1 DAGs
[2026-06-19T12:04:50.158+0000] {logging_mixin.py:190} INFO - [2026-06-19T12:04:50.158+0000] {dag.py:4180} INFO - Setting next_dagrun for crypto_pipeline_dag to 2026-06-19 00:00:00+00:00, run_after=2026-06-20 00:00:00+00:00
[2026-06-19T12:04:50.170+0000] {processor.py:208} INFO - Processing /opt/airflow/dags/crypto_pipeline_dag.py took 0.069 seconds
[2026-06-19T12:05:21.657+0000] {processor.py:186} INFO - Started process (PID=2372) to work on /opt/airflow/dags/crypto_pipeline_dag.py
[2026-06-19T12:05:21.657+0000] {processor.py:914} INFO - Processing file /opt/airflow/dags/crypto_pipeline_dag.py for tasks to queue
[2026-06-19T12:05:21.659+0000] {logging_mixin.py:190} INFO - [2026-06-19T12:05:21.659+0000] {dagbag.py:588} INFO - Filling up the DagBag from /opt/airflow/dags/crypto_pipeline_dag.py
[2026-06-19T12:05:21.672+0000] {processor.py:925} INFO - DAG(s) 'crypto_pipeline_dag' retrieved from /opt/airflow/dags/crypto_pipeline_dag.py
[2026-06-19T12:05:21.689+0000] {logging_mixin.py:190} INFO - [2026-06-19T12:05:21.689+0000] {dag.py:3239} INFO - Sync 1 DAGs
[2026-06-19T12:05:21.703+0000] {logging_mixin.py:190} INFO - [2026-06-19T12:05:21.703+0000] {dag.py:4180} INFO - Setting next_dagrun for crypto_pipeline_dag to 2026-06-19 00:00:00+00:00, run_after=2026-06-20 00:00:00+00:00
[2026-06-19T12:05:21.715+0000] {processor.py:208} INFO - Processing /opt/airflow/dags/crypto_pipeline_dag.py took 0.062 seconds
[2026-06-19T12:05:53.261+0000] {processor.py:186} INFO - Started process (PID=2377) to work on /opt/airflow/dags/crypto_pipeline_dag.py
[2026-06-19T12:05:53.262+0000] {processor.py:914} INFO - Processing file /opt/airflow/dags/crypto_pipeline_dag.py for tasks to queue
[2026-06-19T12:05:53.264+0000] {logging_mixin.py:190} INFO - [2026-06-19T12:05:53.264+0000] {dagbag.py:588} INFO - Filling up the DagBag from /opt/airflow/dags/crypto_pipeline_dag.py
[2026-06-19T12:05:53.278+0000] {processor.py:925} INFO - DAG(s) 'crypto_pipeline_dag' retrieved from /opt/airflow/dags/crypto_pipeline_dag.py
[2026-06-19T12:05:53.300+0000] {logging_mixin.py:190} INFO - [2026-06-19T12:05:53.300+0000] {dag.py:3239} INFO - Sync 1 DAGs
[2026-06-19T12:05:53.315+0000] {logging_mixin.py:190} INFO - [2026-06-19T12:05:53.315+0000] {dag.py:4180} INFO - Setting next_dagrun for crypto_pipeline_dag to 2026-06-19 00:00:00+00:00, run_after=2026-06-20 00:00:00+00:00
[2026-06-19T12:05:53.327+0000] {processor.py:208} INFO - Processing /opt/airflow/dags/crypto_pipeline_dag.py took 0.072 seconds
[2026-06-19T12:06:23.882+0000] {processor.py:186} INFO - Started process (PID=2382) to work on /opt/airflow/dags/crypto_pipeline_dag.py
[2026-06-19T12:06:23.883+0000] {processor.py:914} INFO - Processing file /opt/airflow/dags/crypto_pipeline_dag.py for tasks to queue
[2026-06-19T12:06:23.885+0000] {logging_mixin.py:190} INFO - [2026-06-19T12:06:23.884+0000] {dagbag.py:588} INFO - Filling up the DagBag from /opt/airflow/dags/crypto_pipeline_dag.py
[2026-06-19T12:06:23.894+0000] {processor.py:925} INFO - DAG(s) 'crypto_pipeline_dag' retrieved from /opt/airflow/dags/crypto_pipeline_dag.py
[2026-06-19T12:06:23.913+0000] {logging_mixin.py:190} INFO - [2026-06-19T12:06:23.913+0000] {dag.py:3239} INFO - Sync 1 DAGs
[2026-06-19T12:06:23.928+0000] {logging_mixin.py:190} INFO - [2026-06-19T12:06:23.928+0000] {dag.py:4180} INFO - Setting next_dagrun for crypto_pipeline_dag to 2026-06-19 00:00:00+00:00, run_after=2026-06-20 00:00:00+00:00
[2026-06-19T12:06:23.939+0000] {processor.py:208} INFO - Processing /opt/airflow/dags/crypto_pipeline_dag.py took 0.061 seconds
[2026-06-19T12:06:55.467+0000] {processor.py:186} INFO - Started process (PID=2387) to work on /opt/airflow/dags/crypto_pipeline_dag.py
[2026-06-19T12:06:55.468+0000] {processor.py:914} INFO - Processing file /opt/airflow/dags/crypto_pipeline_dag.py for tasks to queue
[2026-06-19T12:06:55.469+0000] {logging_mixin.py:190} INFO - [2026-06-19T12:06:55.469+0000] {dagbag.py:588} INFO - Filling up the DagBag from /opt/airflow/dags/crypto_pipeline_dag.py
[2026-06-19T12:06:55.480+0000] {processor.py:925} INFO - DAG(s) 'crypto_pipeline_dag' retrieved from /opt/airflow/dags/crypto_pipeline_dag.py
[2026-06-19T12:06:55.498+0000] {logging_mixin.py:190} INFO - [2026-06-19T12:06:55.497+0000] {dag.py:3239} INFO - Sync 1 DAGs
[2026-06-19T12:06:55.512+0000] {logging_mixin.py:190} INFO - [2026-06-19T12:06:55.512+0000] {dag.py:4180} INFO - Setting next_dagrun for crypto_pipeline_dag to 2026-06-19 00:00:00+00:00, run_after=2026-06-20 00:00:00+00:00
[2026-06-19T12:06:55.525+0000] {processor.py:208} INFO - Processing /opt/airflow/dags/crypto_pipeline_dag.py took 0.062 seconds
[2026-06-19T12:07:27.051+0000] {processor.py:186} INFO - Started process (PID=2392) to work on /opt/airflow/dags/crypto_pipeline_dag.py
[2026-06-19T12:07:27.052+0000] {processor.py:914} INFO - Processing file /opt/airflow/dags/crypto_pipeline_dag.py for tasks to queue
[2026-06-19T12:07:27.053+0000] {logging_mixin.py:190} INFO - [2026-06-19T12:07:27.053+0000] {dagbag.py:588} INFO - Filling up the DagBag from /opt/airflow/dags/crypto_pipeline_dag.py
[2026-06-19T12:07:27.068+0000] {processor.py:925} INFO - DAG(s) 'crypto_pipeline_dag' retrieved from /opt/airflow/dags/crypto_pipeline_dag.py
[2026-06-19T12:07:27.086+0000] {logging_mixin.py:190} INFO - [2026-06-19T12:07:27.086+0000] {dag.py:3239} INFO - Sync 1 DAGs
[2026-06-19T12:07:27.101+0000] {logging_mixin.py:190} INFO - [2026-06-19T12:07:27.101+0000] {dag.py:4180} INFO - Setting next_dagrun for crypto_pipeline_dag to 2026-06-19 00:00:00+00:00, run_after=2026-06-20 00:00:00+00:00
[2026-06-19T12:07:27.113+0000] {processor.py:208} INFO - Processing /opt/airflow/dags/crypto_pipeline_dag.py took 0.066 seconds
[2026-06-19T12:07:57.971+0000] {processor.py:186} INFO - Started process (PID=2397) to work on /opt/airflow/dags/crypto_pipeline_dag.py
[2026-06-19T12:07:57.972+0000] {processor.py:914} INFO - Processing file /opt/airflow/dags/crypto_pipeline_dag.py for tasks to queue
[2026-06-19T12:07:57.974+0000] {logging_mixin.py:190} INFO - [2026-06-19T12:07:57.974+0000] {dagbag.py:588} INFO - Filling up the DagBag from /opt/airflow/dags/crypto_pipeline_dag.py
[2026-06-19T12:07:57.985+0000] {processor.py:925} INFO - DAG(s) 'crypto_pipeline_dag' retrieved from /opt/airflow/dags/crypto_pipeline_dag.py
[2026-06-19T12:07:58.005+0000] {logging_mixin.py:190} INFO - [2026-06-19T12:07:58.005+0000] {dag.py:3239} INFO - Sync 1 DAGs
[2026-06-19T12:07:58.020+0000] {logging_mixin.py:190} INFO - [2026-06-19T12:07:58.020+0000] {dag.py:4180} INFO - Setting next_dagrun for crypto_pipeline_dag to 2026-06-19 00:00:00+00:00, run_after=2026-06-20 00:00:00+00:00
[2026-06-19T12:07:58.033+0000] {processor.py:208} INFO - Processing /opt/airflow/dags/crypto_pipeline_dag.py took 0.065 seconds
[2026-06-19T12:08:28.601+0000] {processor.py:186} INFO - Started process (PID=2402) to work on /opt/airflow/dags/crypto_pipeline_dag.py
[2026-06-19T12:08:28.602+0000] {processor.py:914} INFO - Processing file /opt/airflow/dags/crypto_pipeline_dag.py for tasks to queue
[2026-06-19T12:08:28.603+0000] {logging_mixin.py:190} INFO - [2026-06-19T12:08:28.603+0000] {dagbag.py:588} INFO - Filling up the DagBag from /opt/airflow/dags/crypto_pipeline_dag.py
[2026-06-19T12:08:28.615+0000] {processor.py:925} INFO - DAG(s) 'crypto_pipeline_dag' retrieved from /opt/airflow/dags/crypto_pipeline_dag.py
[2026-06-19T12:08:28.632+0000] {logging_mixin.py:190} INFO - [2026-06-19T12:08:28.632+0000] {dag.py:3239} INFO - Sync 1 DAGs
[2026-06-19T12:08:28.647+0000] {logging_mixin.py:190} INFO - [2026-06-19T12:08:28.646+0000] {dag.py:4180} INFO - Setting next_dagrun for crypto_pipeline_dag to 2026-06-19 00:00:00+00:00, run_after=2026-06-20 00:00:00+00:00
[2026-06-19T12:08:28.658+0000] {processor.py:208} INFO - Processing /opt/airflow/dags/crypto_pipeline_dag.py took 0.060 seconds
[2026-06-19T12:08:59.220+0000] {processor.py:186} INFO - Started process (PID=2407) to work on /opt/airflow/dags/crypto_pipeline_dag.py
[2026-06-19T12:08:59.221+0000] {processor.py:914} INFO - Processing file /opt/airflow/dags/crypto_pipeline_dag.py for tasks to queue
[2026-06-19T12:08:59.223+0000] {logging_mixin.py:190} INFO - [2026-06-19T12:08:59.222+0000] {dagbag.py:588} INFO - Filling up the DagBag from /opt/airflow/dags/crypto_pipeline_dag.py
[2026-06-19T12:08:59.234+0000] {processor.py:925} INFO - DAG(s) 'crypto_pipeline_dag' retrieved from /opt/airflow/dags/crypto_pipeline_dag.py
[2026-06-19T12:08:59.251+0000] {logging_mixin.py:190} INFO - [2026-06-19T12:08:59.251+0000] {dag.py:3239} INFO - Sync 1 DAGs
[2026-06-19T12:08:59.267+0000] {logging_mixin.py:190} INFO - [2026-06-19T12:08:59.267+0000] {dag.py:4180} INFO - Setting next_dagrun for crypto_pipeline_dag to 2026-06-19 00:00:00+00:00, run_after=2026-06-20 00:00:00+00:00
[2026-06-19T12:08:59.280+0000] {processor.py:208} INFO - Processing /opt/airflow/dags/crypto_pipeline_dag.py took 0.064 seconds
[2026-06-19T12:09:30.752+0000] {processor.py:186} INFO - Started process (PID=2412) to work on /opt/airflow/dags/crypto_pipeline_dag.py
[2026-06-19T12:09:30.753+0000] {processor.py:914} INFO - Processing file /opt/airflow/dags/crypto_pipeline_dag.py for tasks to queue
[2026-06-19T12:09:30.755+0000] {logging_mixin.py:190} INFO - [2026-06-19T12:09:30.754+0000] {dagbag.py:588} INFO - Filling up the DagBag from /opt/airflow/dags/crypto_pipeline_dag.py
[2026-06-19T12:09:30.767+0000] {processor.py:925} INFO - DAG(s) 'crypto_pipeline_dag' retrieved from /opt/airflow/dags/crypto_pipeline_dag.py
[2026-06-19T12:09:30.784+0000] {logging_mixin.py:190} INFO - [2026-06-19T12:09:30.784+0000] {dag.py:3239} INFO - Sync 1 DAGs
[2026-06-19T12:09:30.799+0000] {logging_mixin.py:190} INFO - [2026-06-19T12:09:30.799+0000] {dag.py:4180} INFO - Setting next_dagrun for crypto_pipeline_dag to 2026-06-19 00:00:00+00:00, run_after=2026-06-20 00:00:00+00:00
[2026-06-19T12:09:30.811+0000] {processor.py:208} INFO - Processing /opt/airflow/dags/crypto_pipeline_dag.py took 0.063 seconds
[2026-06-19T12:10:02.125+0000] {processor.py:186} INFO - Started process (PID=2417) to work on /opt/airflow/dags/crypto_pipeline_dag.py
[2026-06-19T12:10:02.126+0000] {processor.py:914} INFO - Processing file /opt/airflow/dags/crypto_pipeline_dag.py for tasks to queue
[2026-06-19T12:10:02.127+0000] {logging_mixin.py:190} INFO - [2026-06-19T12:10:02.127+0000] {dagbag.py:588} INFO - Filling up the DagBag from /opt/airflow/dags/crypto_pipeline_dag.py
[2026-06-19T12:10:02.139+0000] {processor.py:925} INFO - DAG(s) 'crypto_pipeline_dag' retrieved from /opt/airflow/dags/crypto_pipeline_dag.py
[2026-06-19T12:10:02.158+0000] {logging_mixin.py:190} INFO - [2026-06-19T12:10:02.158+0000] {dag.py:3239} INFO - Sync 1 DAGs
[2026-06-19T12:10:02.173+0000] {logging_mixin.py:190} INFO - [2026-06-19T12:10:02.173+0000] {dag.py:4180} INFO - Setting next_dagrun for crypto_pipeline_dag to 2026-06-19 00:00:00+00:00, run_after=2026-06-20 00:00:00+00:00
[2026-06-19T12:10:02.185+0000] {processor.py:208} INFO - Processing /opt/airflow/dags/crypto_pipeline_dag.py took 0.064 seconds
[2026-06-19T14:08:07.435+0000] {processor.py:186} INFO - Started process (PID=2422) to work on /opt/airflow/dags/crypto_pipeline_dag.py
[2026-06-19T14:08:07.438+0000] {processor.py:914} INFO - Processing file /opt/airflow/dags/crypto_pipeline_dag.py for tasks to queue
[2026-06-19T14:08:07.443+0000] {logging_mixin.py:190} INFO - [2026-06-19T14:08:07.442+0000] {dagbag.py:588} INFO - Filling up the DagBag from /opt/airflow/dags/crypto_pipeline_dag.py
[2026-06-19T14:08:07.503+0000] {processor.py:925} INFO - DAG(s) 'crypto_pipeline_dag' retrieved from /opt/airflow/dags/crypto_pipeline_dag.py
[2026-06-19T14:08:07.536+0000] {logging_mixin.py:190} INFO - [2026-06-19T14:08:07.535+0000] {dag.py:3239} INFO - Sync 1 DAGs
[2026-06-19T14:08:07.561+0000] {logging_mixin.py:190} INFO - [2026-06-19T14:08:07.561+0000] {dag.py:4180} INFO - Setting next_dagrun for crypto_pipeline_dag to 2026-06-19 00:00:00+00:00, run_after=2026-06-20 00:00:00+00:00
[2026-06-19T14:08:07.583+0000] {processor.py:208} INFO - Processing /opt/airflow/dags/crypto_pipeline_dag.py took 0.155 seconds
[2026-06-19T14:08:38.024+0000] {processor.py:186} INFO - Started process (PID=2427) to work on /opt/airflow/dags/crypto_pipeline_dag.py
[2026-06-19T14:08:38.025+0000] {processor.py:914} INFO - Processing file /opt/airflow/dags/crypto_pipeline_dag.py for tasks to queue
[2026-06-19T14:08:38.029+0000] {logging_mixin.py:190} INFO - [2026-06-19T14:08:38.029+0000] {dagbag.py:588} INFO - Filling up the DagBag from /opt/airflow/dags/crypto_pipeline_dag.py
[2026-06-19T14:08:38.055+0000] {processor.py:925} INFO - DAG(s) 'crypto_pipeline_dag' retrieved from /opt/airflow/dags/crypto_pipeline_dag.py
[2026-06-19T14:08:38.083+0000] {logging_mixin.py:190} INFO - [2026-06-19T14:08:38.083+0000] {dag.py:3239} INFO - Sync 1 DAGs
[2026-06-19T14:08:38.106+0000] {logging_mixin.py:190} INFO - [2026-06-19T14:08:38.106+0000] {dag.py:4180} INFO - Setting next_dagrun for crypto_pipeline_dag to 2026-06-19 00:00:00+00:00, run_after=2026-06-20 00:00:00+00:00
[2026-06-19T14:08:38.128+0000] {processor.py:208} INFO - Processing /opt/airflow/dags/crypto_pipeline_dag.py took 0.112 seconds
[2026-06-19T14:09:08.952+0000] {processor.py:186} INFO - Started process (PID=2432) to work on /opt/airflow/dags/crypto_pipeline_dag.py
[2026-06-19T14:09:08.953+0000] {processor.py:914} INFO - Processing file /opt/airflow/dags/crypto_pipeline_dag.py for tasks to queue
[2026-06-19T14:09:08.955+0000] {logging_mixin.py:190} INFO - [2026-06-19T14:09:08.955+0000] {dagbag.py:588} INFO - Filling up the DagBag from /opt/airflow/dags/crypto_pipeline_dag.py
[2026-06-19T14:09:08.973+0000] {processor.py:925} INFO - DAG(s) 'crypto_pipeline_dag' retrieved from /opt/airflow/dags/crypto_pipeline_dag.py
[2026-06-19T14:09:08.999+0000] {logging_mixin.py:190} INFO - [2026-06-19T14:09:08.999+0000] {dag.py:3239} INFO - Sync 1 DAGs
[2026-06-19T14:09:09.015+0000] {logging_mixin.py:190} INFO - [2026-06-19T14:09:09.015+0000] {dag.py:4180} INFO - Setting next_dagrun for crypto_pipeline_dag to 2026-06-19 00:00:00+00:00, run_after=2026-06-20 00:00:00+00:00
[2026-06-19T14:09:09.026+0000] {processor.py:208} INFO - Processing /opt/airflow/dags/crypto_pipeline_dag.py took 0.131 seconds
[2026-06-19T14:09:39.202+0000] {processor.py:186} INFO - Started process (PID=2437) to work on /opt/airflow/dags/crypto_pipeline_dag.py
[2026-06-19T14:09:39.203+0000] {processor.py:914} INFO - Processing file /opt/airflow/dags/crypto_pipeline_dag.py for tasks to queue
[2026-06-19T14:09:39.204+0000] {logging_mixin.py:190} INFO - [2026-06-19T14:09:39.204+0000] {dagbag.py:588} INFO - Filling up the DagBag from /opt/airflow/dags/crypto_pipeline_dag.py
[2026-06-19T14:09:39.217+0000] {processor.py:925} INFO - DAG(s) 'crypto_pipeline_dag' retrieved from /opt/airflow/dags/crypto_pipeline_dag.py
[2026-06-19T14:09:39.235+0000] {logging_mixin.py:190} INFO - [2026-06-19T14:09:39.235+0000] {dag.py:3239} INFO - Sync 1 DAGs
[2026-06-19T14:09:39.251+0000] {logging_mixin.py:190} INFO - [2026-06-19T14:09:39.251+0000] {dag.py:4180} INFO - Setting next_dagrun for crypto_pipeline_dag to 2026-06-19 00:00:00+00:00, run_after=2026-06-20 00:00:00+00:00
[2026-06-19T14:09:39.272+0000] {processor.py:208} INFO - Processing /opt/airflow/dags/crypto_pipeline_dag.py took 0.074 seconds
[2026-06-19T14:10:09.472+0000] {processor.py:186} INFO - Started process (PID=2442) to work on /opt/airflow/dags/crypto_pipeline_dag.py
[2026-06-19T14:10:09.473+0000] {processor.py:914} INFO - Processing file /opt/airflow/dags/crypto_pipeline_dag.py for tasks to queue
[2026-06-19T14:10:09.475+0000] {logging_mixin.py:190} INFO - [2026-06-19T14:10:09.475+0000] {dagbag.py:588} INFO - Filling up the DagBag from /opt/airflow/dags/crypto_pipeline_dag.py
[2026-06-19T14:10:09.486+0000] {processor.py:925} INFO - DAG(s) 'crypto_pipeline_dag' retrieved from /opt/airflow/dags/crypto_pipeline_dag.py
[2026-06-19T14:10:09.504+0000] {logging_mixin.py:190} INFO - [2026-06-19T14:10:09.504+0000] {dag.py:3239} INFO - Sync 1 DAGs
[2026-06-19T14:10:09.518+0000] {logging_mixin.py:190} INFO - [2026-06-19T14:10:09.518+0000] {dag.py:4180} INFO - Setting next_dagrun for crypto_pipeline_dag to 2026-06-19 00:00:00+00:00, run_after=2026-06-20 00:00:00+00:00
[2026-06-19T14:10:09.531+0000] {processor.py:208} INFO - Processing /opt/airflow/dags/crypto_pipeline_dag.py took 0.063 seconds
[2026-06-19T14:10:39.831+0000] {processor.py:186} INFO - Started process (PID=2447) to work on /opt/airflow/dags/crypto_pipeline_dag.py
[2026-06-19T14:10:39.831+0000] {processor.py:914} INFO - Processing file /opt/airflow/dags/crypto_pipeline_dag.py for tasks to queue
[2026-06-19T14:10:39.833+0000] {logging_mixin.py:190} INFO - [2026-06-19T14:10:39.833+0000] {dagbag.py:588} INFO - Filling up the DagBag from /opt/airflow/dags/crypto_pipeline_dag.py
[2026-06-19T14:10:39.844+0000] {processor.py:925} INFO - DAG(s) 'crypto_pipeline_dag' retrieved from /opt/airflow/dags/crypto_pipeline_dag.py
[2026-06-19T14:10:39.861+0000] {logging_mixin.py:190} INFO - [2026-06-19T14:10:39.861+0000] {dag.py:3239} INFO - Sync 1 DAGs
[2026-06-19T14:10:39.876+0000] {logging_mixin.py:190} INFO - [2026-06-19T14:10:39.876+0000] {dag.py:4180} INFO - Setting next_dagrun for crypto_pipeline_dag to 2026-06-19 00:00:00+00:00, run_after=2026-06-20 00:00:00+00:00
[2026-06-19T14:10:39.891+0000] {processor.py:208} INFO - Processing /opt/airflow/dags/crypto_pipeline_dag.py took 0.064 seconds
[2026-06-19T14:11:10.139+0000] {processor.py:186} INFO - Started process (PID=2452) to work on /opt/airflow/dags/crypto_pipeline_dag.py
[2026-06-19T14:11:10.140+0000] {processor.py:914} INFO - Processing file /opt/airflow/dags/crypto_pipeline_dag.py for tasks to queue
[2026-06-19T14:11:10.142+0000] {logging_mixin.py:190} INFO - [2026-06-19T14:11:10.142+0000] {dagbag.py:588} INFO - Filling up the DagBag from /opt/airflow/dags/crypto_pipeline_dag.py
[2026-06-19T14:11:10.154+0000] {processor.py:925} INFO - DAG(s) 'crypto_pipeline_dag' retrieved from /opt/airflow/dags/crypto_pipeline_dag.py
[2026-06-19T14:11:10.173+0000] {logging_mixin.py:190} INFO - [2026-06-19T14:11:10.173+0000] {dag.py:3239} INFO - Sync 1 DAGs
[2026-06-19T14:11:10.189+0000] {logging_mixin.py:190} INFO - [2026-06-19T14:11:10.189+0000] {dag.py:4180} INFO - Setting next_dagrun for crypto_pipeline_dag to 2026-06-19 00:00:00+00:00, run_after=2026-06-20 00:00:00+00:00
[2026-06-19T14:11:10.203+0000] {processor.py:208} INFO - Processing /opt/airflow/dags/crypto_pipeline_dag.py took 0.068 seconds
[2026-06-19T14:11:40.485+0000] {processor.py:186} INFO - Started process (PID=2457) to work on /opt/airflow/dags/crypto_pipeline_dag.py
[2026-06-19T14:11:40.486+0000] {processor.py:914} INFO - Processing file /opt/airflow/dags/crypto_pipeline_dag.py for tasks to queue
[2026-06-19T14:11:40.488+0000] {logging_mixin.py:190} INFO - [2026-06-19T14:11:40.488+0000] {dagbag.py:588} INFO - Filling up the DagBag from /opt/airflow/dags/crypto_pipeline_dag.py
[2026-06-19T14:11:40.499+0000] {processor.py:925} INFO - DAG(s) 'crypto_pipeline_dag' retrieved from /opt/airflow/dags/crypto_pipeline_dag.py
[2026-06-19T14:11:40.517+0000] {logging_mixin.py:190} INFO - [2026-06-19T14:11:40.517+0000] {dag.py:3239} INFO - Sync 1 DAGs
[2026-06-19T14:11:40.532+0000] {logging_mixin.py:190} INFO - [2026-06-19T14:11:40.532+0000] {dag.py:4180} INFO - Setting next_dagrun for crypto_pipeline_dag to 2026-06-19 00:00:00+00:00, run_after=2026-06-20 00:00:00+00:00
[2026-06-19T14:11:40.545+0000] {processor.py:208} INFO - Processing /opt/airflow/dags/crypto_pipeline_dag.py took 0.063 seconds
[2026-06-19T14:12:10.884+0000] {processor.py:186} INFO - Started process (PID=2462) to work on /opt/airflow/dags/crypto_pipeline_dag.py
[2026-06-19T14:12:10.885+0000] {processor.py:914} INFO - Processing file /opt/airflow/dags/crypto_pipeline_dag.py for tasks to queue
[2026-06-19T14:12:10.887+0000] {logging_mixin.py:190} INFO - [2026-06-19T14:12:10.886+0000] {dagbag.py:588} INFO - Filling up the DagBag from /opt/airflow/dags/crypto_pipeline_dag.py
[2026-06-19T14:12:10.899+0000] {processor.py:925} INFO - DAG(s) 'crypto_pipeline_dag' retrieved from /opt/airflow/dags/crypto_pipeline_dag.py
[2026-06-19T14:12:10.916+0000] {logging_mixin.py:190} INFO - [2026-06-19T14:12:10.916+0000] {dag.py:3239} INFO - Sync 1 DAGs
[2026-06-19T14:12:10.932+0000] {logging_mixin.py:190} INFO - [2026-06-19T14:12:10.932+0000] {dag.py:4180} INFO - Setting next_dagrun for crypto_pipeline_dag to 2026-06-19 00:00:00+00:00, run_after=2026-06-20 00:00:00+00:00
[2026-06-19T14:12:10.947+0000] {processor.py:208} INFO - Processing /opt/airflow/dags/crypto_pipeline_dag.py took 0.067 seconds
[2026-06-19T14:12:41.257+0000] {processor.py:186} INFO - Started process (PID=2467) to work on /opt/airflow/dags/crypto_pipeline_dag.py
[2026-06-19T14:12:41.258+0000] {processor.py:914} INFO - Processing file /opt/airflow/dags/crypto_pipeline_dag.py for tasks to queue
[2026-06-19T14:12:41.260+0000] {logging_mixin.py:190} INFO - [2026-06-19T14:12:41.260+0000] {dagbag.py:588} INFO - Filling up the DagBag from /opt/airflow/dags/crypto_pipeline_dag.py
[2026-06-19T14:12:41.271+0000] {processor.py:925} INFO - DAG(s) 'crypto_pipeline_dag' retrieved from /opt/airflow/dags/crypto_pipeline_dag.py
[2026-06-19T14:12:41.290+0000] {logging_mixin.py:190} INFO - [2026-06-19T14:12:41.290+0000] {dag.py:3239} INFO - Sync 1 DAGs
[2026-06-19T14:12:41.307+0000] {logging_mixin.py:190} INFO - [2026-06-19T14:12:41.307+0000] {dag.py:4180} INFO - Setting next_dagrun for crypto_pipeline_dag to 2026-06-19 00:00:00+00:00, run_after=2026-06-20 00:00:00+00:00
[2026-06-19T14:12:41.321+0000] {processor.py:208} INFO - Processing /opt/airflow/dags/crypto_pipeline_dag.py took 0.068 seconds
[2026-06-19T14:13:11.582+0000] {processor.py:186} INFO - Started process (PID=2472) to work on /opt/airflow/dags/crypto_pipeline_dag.py
[2026-06-19T14:13:11.583+0000] {processor.py:914} INFO - Processing file /opt/airflow/dags/crypto_pipeline_dag.py for tasks to queue
[2026-06-19T14:13:11.584+0000] {logging_mixin.py:190} INFO - [2026-06-19T14:13:11.584+0000] {dagbag.py:588} INFO - Filling up the DagBag from /opt/airflow/dags/crypto_pipeline_dag.py
[2026-06-19T14:13:11.597+0000] {processor.py:925} INFO - DAG(s) 'crypto_pipeline_dag' retrieved from /opt/airflow/dags/crypto_pipeline_dag.py
[2026-06-19T14:13:11.619+0000] {logging_mixin.py:190} INFO - [2026-06-19T14:13:11.619+0000] {dag.py:3239} INFO - Sync 1 DAGs
[2026-06-19T14:13:11.635+0000] {logging_mixin.py:190} INFO - [2026-06-19T14:13:11.635+0000] {dag.py:4180} INFO - Setting next_dagrun for crypto_pipeline_dag to 2026-06-19 00:00:00+00:00, run_after=2026-06-20 00:00:00+00:00
[2026-06-19T14:13:11.647+0000] {processor.py:208} INFO - Processing /opt/airflow/dags/crypto_pipeline_dag.py took 0.071 seconds
[2026-06-19T14:13:41.959+0000] {processor.py:186} INFO - Started process (PID=2477) to work on /opt/airflow/dags/crypto_pipeline_dag.py
[2026-06-19T14:13:41.959+0000] {processor.py:914} INFO - Processing file /opt/airflow/dags/crypto_pipeline_dag.py for tasks to queue
[2026-06-19T14:13:41.961+0000] {logging_mixin.py:190} INFO - [2026-06-19T14:13:41.961+0000] {dagbag.py:588} INFO - Filling up the DagBag from /opt/airflow/dags/crypto_pipeline_dag.py
[2026-06-19T14:13:41.973+0000] {processor.py:925} INFO - DAG(s) 'crypto_pipeline_dag' retrieved from /opt/airflow/dags/crypto_pipeline_dag.py
[2026-06-19T14:13:41.992+0000] {logging_mixin.py:190} INFO - [2026-06-19T14:13:41.992+0000] {dag.py:3239} INFO - Sync 1 DAGs
[2026-06-19T14:13:42.009+0000] {logging_mixin.py:190} INFO - [2026-06-19T14:13:42.009+0000] {dag.py:4180} INFO - Setting next_dagrun for crypto_pipeline_dag to 2026-06-19 00:00:00+00:00, run_after=2026-06-20 00:00:00+00:00
[2026-06-19T14:13:42.021+0000] {processor.py:208} INFO - Processing /opt/airflow/dags/crypto_pipeline_dag.py took 0.066 seconds
[2026-06-19T14:14:12.272+0000] {processor.py:186} INFO - Started process (PID=2482) to work on /opt/airflow/dags/crypto_pipeline_dag.py
[2026-06-19T14:14:12.273+0000] {processor.py:914} INFO - Processing file /opt/airflow/dags/crypto_pipeline_dag.py for tasks to queue
[2026-06-19T14:14:12.275+0000] {logging_mixin.py:190} INFO - [2026-06-19T14:14:12.275+0000] {dagbag.py:588} INFO - Filling up the DagBag from /opt/airflow/dags/crypto_pipeline_dag.py
[2026-06-19T14:14:12.287+0000] {processor.py:925} INFO - DAG(s) 'crypto_pipeline_dag' retrieved from /opt/airflow/dags/crypto_pipeline_dag.py
[2026-06-19T14:14:12.309+0000] {logging_mixin.py:190} INFO - [2026-06-19T14:14:12.308+0000] {dag.py:3239} INFO - Sync 1 DAGs
[2026-06-19T14:14:12.327+0000] {logging_mixin.py:190} INFO - [2026-06-19T14:14:12.327+0000] {dag.py:4180} INFO - Setting next_dagrun for crypto_pipeline_dag to 2026-06-19 00:00:00+00:00, run_after=2026-06-20 00:00:00+00:00
[2026-06-19T14:14:12.342+0000] {processor.py:208} INFO - Processing /opt/airflow/dags/crypto_pipeline_dag.py took 0.075 seconds
[2026-06-19T14:14:42.639+0000] {processor.py:186} INFO - Started process (PID=2487) to work on /opt/airflow/dags/crypto_pipeline_dag.py
[2026-06-19T14:14:42.640+0000] {processor.py:914} INFO - Processing file /opt/airflow/dags/crypto_pipeline_dag.py for tasks to queue
[2026-06-19T14:14:42.642+0000] {logging_mixin.py:190} INFO - [2026-06-19T14:14:42.641+0000] {dagbag.py:588} INFO - Filling up the DagBag from /opt/airflow/dags/crypto_pipeline_dag.py
[2026-06-19T14:14:42.654+0000] {processor.py:925} INFO - DAG(s) 'crypto_pipeline_dag' retrieved from /opt/airflow/dags/crypto_pipeline_dag.py
[2026-06-19T14:14:42.673+0000] {logging_mixin.py:190} INFO - [2026-06-19T14:14:42.672+0000] {dag.py:3239} INFO - Sync 1 DAGs
[2026-06-19T14:14:42.689+0000] {logging_mixin.py:190} INFO - [2026-06-19T14:14:42.689+0000] {dag.py:4180} INFO - Setting next_dagrun for crypto_pipeline_dag to 2026-06-19 00:00:00+00:00, run_after=2026-06-20 00:00:00+00:00
[2026-06-19T14:14:42.702+0000] {processor.py:208} INFO - Processing /opt/airflow/dags/crypto_pipeline_dag.py took 0.068 seconds
[2026-06-19T14:15:12.891+0000] {processor.py:186} INFO - Started process (PID=2492) to work on /opt/airflow/dags/crypto_pipeline_dag.py
[2026-06-19T14:15:12.892+0000] {processor.py:914} INFO - Processing file /opt/airflow/dags/crypto_pipeline_dag.py for tasks to queue
[2026-06-19T14:15:12.893+0000] {logging_mixin.py:190} INFO - [2026-06-19T14:15:12.893+0000] {dagbag.py:588} INFO - Filling up the DagBag from /opt/airflow/dags/crypto_pipeline_dag.py
[2026-06-19T14:15:12.905+0000] {processor.py:925} INFO - DAG(s) 'crypto_pipeline_dag' retrieved from /opt/airflow/dags/crypto_pipeline_dag.py
[2026-06-19T14:15:12.925+0000] {logging_mixin.py:190} INFO - [2026-06-19T14:15:12.925+0000] {dag.py:3239} INFO - Sync 1 DAGs
[2026-06-19T14:15:12.942+0000] {logging_mixin.py:190} INFO - [2026-06-19T14:15:12.941+0000] {dag.py:4180} INFO - Setting next_dagrun for crypto_pipeline_dag to 2026-06-19 00:00:00+00:00, run_after=2026-06-20 00:00:00+00:00
[2026-06-19T14:15:12.954+0000] {processor.py:208} INFO - Processing /opt/airflow/dags/crypto_pipeline_dag.py took 0.067 seconds
[2026-06-19T14:15:43.203+0000] {processor.py:186} INFO - Started process (PID=2497) to work on /opt/airflow/dags/crypto_pipeline_dag.py
[2026-06-19T14:15:43.204+0000] {processor.py:914} INFO - Processing file /opt/airflow/dags/crypto_pipeline_dag.py for tasks to queue
[2026-06-19T14:15:43.206+0000] {logging_mixin.py:190} INFO - [2026-06-19T14:15:43.206+0000] {dagbag.py:588} INFO - Filling up the DagBag from /opt/airflow/dags/crypto_pipeline_dag.py
[2026-06-19T14:15:43.219+0000] {processor.py:925} INFO - DAG(s) 'crypto_pipeline_dag' retrieved from /opt/airflow/dags/crypto_pipeline_dag.py
[2026-06-19T14:15:43.239+0000] {logging_mixin.py:190} INFO - [2026-06-19T14:15:43.238+0000] {dag.py:3239} INFO - Sync 1 DAGs
[2026-06-19T14:15:43.254+0000] {logging_mixin.py:190} INFO - [2026-06-19T14:15:43.254+0000] {dag.py:4180} INFO - Setting next_dagrun for crypto_pipeline_dag to 2026-06-19 00:00:00+00:00, run_after=2026-06-20 00:00:00+00:00
[2026-06-19T14:15:43.268+0000] {processor.py:208} INFO - Processing /opt/airflow/dags/crypto_pipeline_dag.py took 0.069 seconds
[2026-06-19T14:16:14.556+0000] {processor.py:186} INFO - Started process (PID=2502) to work on /opt/airflow/dags/crypto_pipeline_dag.py
[2026-06-19T14:16:14.557+0000] {processor.py:914} INFO - Processing file /opt/airflow/dags/crypto_pipeline_dag.py for tasks to queue
[2026-06-19T14:16:14.559+0000] {logging_mixin.py:190} INFO - [2026-06-19T14:16:14.559+0000] {dagbag.py:588} INFO - Filling up the DagBag from /opt/airflow/dags/crypto_pipeline_dag.py
[2026-06-19T14:16:14.570+0000] {processor.py:925} INFO - DAG(s) 'crypto_pipeline_dag' retrieved from /opt/airflow/dags/crypto_pipeline_dag.py
[2026-06-19T14:16:14.589+0000] {logging_mixin.py:190} INFO - [2026-06-19T14:16:14.589+0000] {dag.py:3239} INFO - Sync 1 DAGs
[2026-06-19T14:16:14.606+0000] {logging_mixin.py:190} INFO - [2026-06-19T14:16:14.606+0000] {dag.py:4180} INFO - Setting next_dagrun for crypto_pipeline_dag to 2026-06-19 00:00:00+00:00, run_after=2026-06-20 00:00:00+00:00
[2026-06-19T14:16:14.620+0000] {processor.py:208} INFO - Processing /opt/airflow/dags/crypto_pipeline_dag.py took 0.067 seconds
[2026-06-19T14:16:45.908+0000] {processor.py:186} INFO - Started process (PID=2507) to work on /opt/airflow/dags/crypto_pipeline_dag.py
[2026-06-19T14:16:45.908+0000] {processor.py:914} INFO - Processing file /opt/airflow/dags/crypto_pipeline_dag.py for tasks to queue
[2026-06-19T14:16:45.910+0000] {logging_mixin.py:190} INFO - [2026-06-19T14:16:45.910+0000] {dagbag.py:588} INFO - Filling up the DagBag from /opt/airflow/dags/crypto_pipeline_dag.py
[2026-06-19T14:16:45.924+0000] {processor.py:925} INFO - DAG(s) 'crypto_pipeline_dag' retrieved from /opt/airflow/dags/crypto_pipeline_dag.py
[2026-06-19T14:16:45.943+0000] {logging_mixin.py:190} INFO - [2026-06-19T14:16:45.943+0000] {dag.py:3239} INFO - Sync 1 DAGs
[2026-06-19T14:16:45.959+0000] {logging_mixin.py:190} INFO - [2026-06-19T14:16:45.959+0000] {dag.py:4180} INFO - Setting next_dagrun for crypto_pipeline_dag to 2026-06-19 00:00:00+00:00, run_after=2026-06-20 00:00:00+00:00
[2026-06-19T14:16:45.973+0000] {processor.py:208} INFO - Processing /opt/airflow/dags/crypto_pipeline_dag.py took 0.069 seconds
[2026-06-19T14:17:17.286+0000] {processor.py:186} INFO - Started process (PID=2512) to work on /opt/airflow/dags/crypto_pipeline_dag.py
[2026-06-19T14:17:17.287+0000] {processor.py:914} INFO - Processing file /opt/airflow/dags/crypto_pipeline_dag.py for tasks to queue
[2026-06-19T14:17:17.289+0000] {logging_mixin.py:190} INFO - [2026-06-19T14:17:17.289+0000] {dagbag.py:588} INFO - Filling up the DagBag from /opt/airflow/dags/crypto_pipeline_dag.py
[2026-06-19T14:17:17.302+0000] {processor.py:925} INFO - DAG(s) 'crypto_pipeline_dag' retrieved from /opt/airflow/dags/crypto_pipeline_dag.py
[2026-06-19T14:17:17.322+0000] {logging_mixin.py:190} INFO - [2026-06-19T14:17:17.322+0000] {dag.py:3239} INFO - Sync 1 DAGs
[2026-06-19T14:17:17.338+0000] {logging_mixin.py:190} INFO - [2026-06-19T14:17:17.338+0000] {dag.py:4180} INFO - Setting next_dagrun for crypto_pipeline_dag to 2026-06-19 00:00:00+00:00, run_after=2026-06-20 00:00:00+00:00
[2026-06-19T14:17:17.352+0000] {processor.py:208} INFO - Processing /opt/airflow/dags/crypto_pipeline_dag.py took 0.070 seconds
[2026-06-19T14:17:47.688+0000] {processor.py:186} INFO - Started process (PID=2517) to work on /opt/airflow/dags/crypto_pipeline_dag.py
[2026-06-19T14:17:47.689+0000] {processor.py:914} INFO - Processing file /opt/airflow/dags/crypto_pipeline_dag.py for tasks to queue
[2026-06-19T14:17:47.691+0000] {logging_mixin.py:190} INFO - [2026-06-19T14:17:47.691+0000] {dagbag.py:588} INFO - Filling up the DagBag from /opt/airflow/dags/crypto_pipeline_dag.py
[2026-06-19T14:17:47.703+0000] {processor.py:925} INFO - DAG(s) 'crypto_pipeline_dag' retrieved from /opt/airflow/dags/crypto_pipeline_dag.py
[2026-06-19T14:17:47.722+0000] {logging_mixin.py:190} INFO - [2026-06-19T14:17:47.722+0000] {dag.py:3239} INFO - Sync 1 DAGs
[2026-06-19T14:17:47.738+0000] {logging_mixin.py:190} INFO - [2026-06-19T14:17:47.738+0000] {dag.py:4180} INFO - Setting next_dagrun for crypto_pipeline_dag to 2026-06-19 00:00:00+00:00, run_after=2026-06-20 00:00:00+00:00
[2026-06-19T14:17:47.751+0000] {processor.py:208} INFO - Processing /opt/airflow/dags/crypto_pipeline_dag.py took 0.067 seconds
[2026-06-19T14:18:19.116+0000] {processor.py:186} INFO - Started process (PID=2522) to work on /opt/airflow/dags/crypto_pipeline_dag.py
[2026-06-19T14:18:19.116+0000] {processor.py:914} INFO - Processing file /opt/airflow/dags/crypto_pipeline_dag.py for tasks to queue
[2026-06-19T14:18:19.118+0000] {logging_mixin.py:190} INFO - [2026-06-19T14:18:19.118+0000] {dagbag.py:588} INFO - Filling up the DagBag from /opt/airflow/dags/crypto_pipeline_dag.py
[2026-06-19T14:18:19.131+0000] {processor.py:925} INFO - DAG(s) 'crypto_pipeline_dag' retrieved from /opt/airflow/dags/crypto_pipeline_dag.py
[2026-06-19T14:18:19.150+0000] {logging_mixin.py:190} INFO - [2026-06-19T14:18:19.150+0000] {dag.py:3239} INFO - Sync 1 DAGs
[2026-06-19T14:18:19.166+0000] {logging_mixin.py:190} INFO - [2026-06-19T14:18:19.166+0000] {dag.py:4180} INFO - Setting next_dagrun for crypto_pipeline_dag to 2026-06-19 00:00:00+00:00, run_after=2026-06-20 00:00:00+00:00
[2026-06-19T14:18:19.179+0000] {processor.py:208} INFO - Processing /opt/airflow/dags/crypto_pipeline_dag.py took 0.067 seconds
[2026-06-19T14:18:50.455+0000] {processor.py:186} INFO - Started process (PID=2527) to work on /opt/airflow/dags/crypto_pipeline_dag.py
[2026-06-19T14:18:50.457+0000] {processor.py:914} INFO - Processing file /opt/airflow/dags/crypto_pipeline_dag.py for tasks to queue
[2026-06-19T14:18:50.459+0000] {logging_mixin.py:190} INFO - [2026-06-19T14:18:50.459+0000] {dagbag.py:588} INFO - Filling up the DagBag from /opt/airflow/dags/crypto_pipeline_dag.py
[2026-06-19T14:18:50.481+0000] {processor.py:925} INFO - DAG(s) 'crypto_pipeline_dag' retrieved from /opt/airflow/dags/crypto_pipeline_dag.py
[2026-06-19T14:18:50.507+0000] {logging_mixin.py:190} INFO - [2026-06-19T14:18:50.507+0000] {dag.py:3239} INFO - Sync 1 DAGs
[2026-06-19T14:18:50.528+0000] {logging_mixin.py:190} INFO - [2026-06-19T14:18:50.528+0000] {dag.py:4180} INFO - Setting next_dagrun for crypto_pipeline_dag to 2026-06-19 00:00:00+00:00, run_after=2026-06-20 00:00:00+00:00
[2026-06-19T14:18:50.545+0000] {processor.py:208} INFO - Processing /opt/airflow/dags/crypto_pipeline_dag.py took 0.095 seconds
[2026-06-19T14:19:20.850+0000] {processor.py:186} INFO - Started process (PID=2532) to work on /opt/airflow/dags/crypto_pipeline_dag.py
[2026-06-19T14:19:20.851+0000] {processor.py:914} INFO - Processing file /opt/airflow/dags/crypto_pipeline_dag.py for tasks to queue
[2026-06-19T14:19:20.853+0000] {logging_mixin.py:190} INFO - [2026-06-19T14:19:20.853+0000] {dagbag.py:588} INFO - Filling up the DagBag from /opt/airflow/dags/crypto_pipeline_dag.py
[2026-06-19T14:19:20.864+0000] {processor.py:925} INFO - DAG(s) 'crypto_pipeline_dag' retrieved from /opt/airflow/dags/crypto_pipeline_dag.py
[2026-06-19T14:19:20.883+0000] {logging_mixin.py:190} INFO - [2026-06-19T14:19:20.883+0000] {dag.py:3239} INFO - Sync 1 DAGs
[2026-06-19T14:19:20.900+0000] {logging_mixin.py:190} INFO - [2026-06-19T14:19:20.900+0000] {dag.py:4180} INFO - Setting next_dagrun for crypto_pipeline_dag to 2026-06-19 00:00:00+00:00, run_after=2026-06-20 00:00:00+00:00
[2026-06-19T14:19:20.916+0000] {processor.py:208} INFO - Processing /opt/airflow/dags/crypto_pipeline_dag.py took 0.069 seconds
[2026-06-19T14:19:52.182+0000] {processor.py:186} INFO - Started process (PID=2537) to work on /opt/airflow/dags/crypto_pipeline_dag.py
[2026-06-19T14:19:52.183+0000] {processor.py:914} INFO - Processing file /opt/airflow/dags/crypto_pipeline_dag.py for tasks to queue
[2026-06-19T14:19:52.184+0000] {logging_mixin.py:190} INFO - [2026-06-19T14:19:52.184+0000] {dagbag.py:588} INFO - Filling up the DagBag from /opt/airflow/dags/crypto_pipeline_dag.py
[2026-06-19T14:19:52.196+0000] {processor.py:925} INFO - DAG(s) 'crypto_pipeline_dag' retrieved from /opt/airflow/dags/crypto_pipeline_dag.py
[2026-06-19T14:19:52.216+0000] {logging_mixin.py:190} INFO - [2026-06-19T14:19:52.215+0000] {dag.py:3239} INFO - Sync 1 DAGs
[2026-06-19T14:19:52.232+0000] {logging_mixin.py:190} INFO - [2026-06-19T14:19:52.232+0000] {dag.py:4180} INFO - Setting next_dagrun for crypto_pipeline_dag to 2026-06-19 00:00:00+00:00, run_after=2026-06-20 00:00:00+00:00
[2026-06-19T14:19:52.245+0000] {processor.py:208} INFO - Processing /opt/airflow/dags/crypto_pipeline_dag.py took 0.067 seconds
[2026-06-19T14:20:23.570+0000] {processor.py:186} INFO - Started process (PID=2542) to work on /opt/airflow/dags/crypto_pipeline_dag.py
[2026-06-19T14:20:23.572+0000] {processor.py:914} INFO - Processing file /opt/airflow/dags/crypto_pipeline_dag.py for tasks to queue
[2026-06-19T14:20:23.573+0000] {logging_mixin.py:190} INFO - [2026-06-19T14:20:23.573+0000] {dagbag.py:588} INFO - Filling up the DagBag from /opt/airflow/dags/crypto_pipeline_dag.py
[2026-06-19T14:20:23.586+0000] {processor.py:925} INFO - DAG(s) 'crypto_pipeline_dag' retrieved from /opt/airflow/dags/crypto_pipeline_dag.py
[2026-06-19T14:20:23.605+0000] {logging_mixin.py:190} INFO - [2026-06-19T14:20:23.604+0000] {dag.py:3239} INFO - Sync 1 DAGs
[2026-06-19T14:20:23.621+0000] {logging_mixin.py:190} INFO - [2026-06-19T14:20:23.621+0000] {dag.py:4180} INFO - Setting next_dagrun for crypto_pipeline_dag to 2026-06-19 00:00:00+00:00, run_after=2026-06-20 00:00:00+00:00
[2026-06-19T14:20:23.634+0000] {processor.py:208} INFO - Processing /opt/airflow/dags/crypto_pipeline_dag.py took 0.067 seconds
[2026-06-19T14:20:54.911+0000] {processor.py:186} INFO - Started process (PID=2547) to work on /opt/airflow/dags/crypto_pipeline_dag.py
[2026-06-19T14:20:54.911+0000] {processor.py:914} INFO - Processing file /opt/airflow/dags/crypto_pipeline_dag.py for tasks to queue
[2026-06-19T14:20:54.913+0000] {logging_mixin.py:190} INFO - [2026-06-19T14:20:54.913+0000] {dagbag.py:588} INFO - Filling up the DagBag from /opt/airflow/dags/crypto_pipeline_dag.py
[2026-06-19T14:20:54.925+0000] {processor.py:925} INFO - DAG(s) 'crypto_pipeline_dag' retrieved from /opt/airflow/dags/crypto_pipeline_dag.py
[2026-06-19T14:20:54.946+0000] {logging_mixin.py:190} INFO - [2026-06-19T14:20:54.946+0000] {dag.py:3239} INFO - Sync 1 DAGs
[2026-06-19T14:20:54.962+0000] {logging_mixin.py:190} INFO - [2026-06-19T14:20:54.962+0000] {dag.py:4180} INFO - Setting next_dagrun for crypto_pipeline_dag to 2026-06-19 00:00:00+00:00, run_after=2026-06-20 00:00:00+00:00
[2026-06-19T14:20:54.975+0000] {processor.py:208} INFO - Processing /opt/airflow/dags/crypto_pipeline_dag.py took 0.069 seconds
[2026-06-19T14:21:26.276+0000] {processor.py:186} INFO - Started process (PID=2552) to work on /opt/airflow/dags/crypto_pipeline_dag.py
[2026-06-19T14:21:26.277+0000] {processor.py:914} INFO - Processing file /opt/airflow/dags/crypto_pipeline_dag.py for tasks to queue
[2026-06-19T14:21:26.279+0000] {logging_mixin.py:190} INFO - [2026-06-19T14:21:26.279+0000] {dagbag.py:588} INFO - Filling up the DagBag from /opt/airflow/dags/crypto_pipeline_dag.py
[2026-06-19T14:21:26.291+0000] {processor.py:925} INFO - DAG(s) 'crypto_pipeline_dag' retrieved from /opt/airflow/dags/crypto_pipeline_dag.py
[2026-06-19T14:21:26.310+0000] {logging_mixin.py:190} INFO - [2026-06-19T14:21:26.309+0000] {dag.py:3239} INFO - Sync 1 DAGs
[2026-06-19T14:21:26.325+0000] {logging_mixin.py:190} INFO - [2026-06-19T14:21:26.325+0000] {dag.py:4180} INFO - Setting next_dagrun for crypto_pipeline_dag to 2026-06-19 00:00:00+00:00, run_after=2026-06-20 00:00:00+00:00
[2026-06-19T14:21:26.338+0000] {processor.py:208} INFO - Processing /opt/airflow/dags/crypto_pipeline_dag.py took 0.066 seconds
[2026-06-19T14:21:56.679+0000] {processor.py:186} INFO - Started process (PID=2557) to work on /opt/airflow/dags/crypto_pipeline_dag.py
[2026-06-19T14:21:56.679+0000] {processor.py:914} INFO - Processing file /opt/airflow/dags/crypto_pipeline_dag.py for tasks to queue
[2026-06-19T14:21:56.681+0000] {logging_mixin.py:190} INFO - [2026-06-19T14:21:56.681+0000] {dagbag.py:588} INFO - Filling up the DagBag from /opt/airflow/dags/crypto_pipeline_dag.py
[2026-06-19T14:21:56.693+0000] {processor.py:925} INFO - DAG(s) 'crypto_pipeline_dag' retrieved from /opt/airflow/dags/crypto_pipeline_dag.py
[2026-06-19T14:21:56.713+0000] {logging_mixin.py:190} INFO - [2026-06-19T14:21:56.712+0000] {dag.py:3239} INFO - Sync 1 DAGs
[2026-06-19T14:21:56.729+0000] {logging_mixin.py:190} INFO - [2026-06-19T14:21:56.729+0000] {dag.py:4180} INFO - Setting next_dagrun for crypto_pipeline_dag to 2026-06-19 00:00:00+00:00, run_after=2026-06-20 00:00:00+00:00
[2026-06-19T14:21:56.742+0000] {processor.py:208} INFO - Processing /opt/airflow/dags/crypto_pipeline_dag.py took 0.068 seconds
[2026-06-19T14:22:27.481+0000] {processor.py:186} INFO - Started process (PID=2562) to work on /opt/airflow/dags/crypto_pipeline_dag.py
[2026-06-19T14:22:27.483+0000] {processor.py:914} INFO - Processing file /opt/airflow/dags/crypto_pipeline_dag.py for tasks to queue
[2026-06-19T14:22:27.485+0000] {logging_mixin.py:190} INFO - [2026-06-19T14:22:27.485+0000] {dagbag.py:588} INFO - Filling up the DagBag from /opt/airflow/dags/crypto_pipeline_dag.py
[2026-06-19T14:22:27.505+0000] {processor.py:925} INFO - DAG(s) 'crypto_pipeline_dag' retrieved from /opt/airflow/dags/crypto_pipeline_dag.py
[2026-06-19T14:22:27.527+0000] {logging_mixin.py:190} INFO - [2026-06-19T14:22:27.527+0000] {dag.py:3239} INFO - Sync 1 DAGs
[2026-06-19T14:22:27.549+0000] {logging_mixin.py:190} INFO - [2026-06-19T14:22:27.549+0000] {dag.py:4180} INFO - Setting next_dagrun for crypto_pipeline_dag to 2026-06-19 00:00:00+00:00, run_after=2026-06-20 00:00:00+00:00
[2026-06-19T14:22:27.570+0000] {processor.py:208} INFO - Processing /opt/airflow/dags/crypto_pipeline_dag.py took 0.096 seconds
[2026-06-19T14:22:57.930+0000] {processor.py:186} INFO - Started process (PID=2567) to work on /opt/airflow/dags/crypto_pipeline_dag.py
[2026-06-19T14:22:57.931+0000] {processor.py:914} INFO - Processing file /opt/airflow/dags/crypto_pipeline_dag.py for tasks to queue
[2026-06-19T14:22:57.932+0000] {logging_mixin.py:190} INFO - [2026-06-19T14:22:57.932+0000] {dagbag.py:588} INFO - Filling up the DagBag from /opt/airflow/dags/crypto_pipeline_dag.py
[2026-06-19T14:22:57.945+0000] {processor.py:925} INFO - DAG(s) 'crypto_pipeline_dag' retrieved from /opt/airflow/dags/crypto_pipeline_dag.py
[2026-06-19T14:22:57.964+0000] {logging_mixin.py:190} INFO - [2026-06-19T14:22:57.964+0000] {dag.py:3239} INFO - Sync 1 DAGs
[2026-06-19T14:22:57.980+0000] {logging_mixin.py:190} INFO - [2026-06-19T14:22:57.979+0000] {dag.py:4180} INFO - Setting next_dagrun for crypto_pipeline_dag to 2026-06-19 00:00:00+00:00, run_after=2026-06-20 00:00:00+00:00
[2026-06-19T14:22:57.993+0000] {processor.py:208} INFO - Processing /opt/airflow/dags/crypto_pipeline_dag.py took 0.067 seconds
[2026-06-19T14:23:30.039+0000] {processor.py:186} INFO - Started process (PID=2572) to work on /opt/airflow/dags/crypto_pipeline_dag.py
[2026-06-19T14:23:30.040+0000] {processor.py:914} INFO - Processing file /opt/airflow/dags/crypto_pipeline_dag.py for tasks to queue
[2026-06-19T14:23:30.042+0000] {logging_mixin.py:190} INFO - [2026-06-19T14:23:30.042+0000] {dagbag.py:588} INFO - Filling up the DagBag from /opt/airflow/dags/crypto_pipeline_dag.py
[2026-06-19T14:23:30.061+0000] {processor.py:925} INFO - DAG(s) 'crypto_pipeline_dag' retrieved from /opt/airflow/dags/crypto_pipeline_dag.py
[2026-06-19T14:23:30.080+0000] {logging_mixin.py:190} INFO - [2026-06-19T14:23:30.080+0000] {dag.py:3239} INFO - Sync 1 DAGs
[2026-06-19T14:23:30.096+0000] {logging_mixin.py:190} INFO - [2026-06-19T14:23:30.096+0000] {dag.py:4180} INFO - Setting next_dagrun for crypto_pipeline_dag to 2026-06-19 00:00:00+00:00, run_after=2026-06-20 00:00:00+00:00
[2026-06-19T14:23:30.109+0000] {processor.py:208} INFO - Processing /opt/airflow/dags/crypto_pipeline_dag.py took 0.074 seconds
[2026-06-19T14:24:01.448+0000] {processor.py:186} INFO - Started process (PID=2577) to work on /opt/airflow/dags/crypto_pipeline_dag.py
[2026-06-19T14:24:01.449+0000] {processor.py:914} INFO - Processing file /opt/airflow/dags/crypto_pipeline_dag.py for tasks to queue
[2026-06-19T14:24:01.451+0000] {logging_mixin.py:190} INFO - [2026-06-19T14:24:01.451+0000] {dagbag.py:588} INFO - Filling up the DagBag from /opt/airflow/dags/crypto_pipeline_dag.py
[2026-06-19T14:24:01.464+0000] {processor.py:925} INFO - DAG(s) 'crypto_pipeline_dag' retrieved from /opt/airflow/dags/crypto_pipeline_dag.py
[2026-06-19T14:24:01.483+0000] {logging_mixin.py:190} INFO - [2026-06-19T14:24:01.483+0000] {dag.py:3239} INFO - Sync 1 DAGs
[2026-06-19T14:24:01.499+0000] {logging_mixin.py:190} INFO - [2026-06-19T14:24:01.499+0000] {dag.py:4180} INFO - Setting next_dagrun for crypto_pipeline_dag to 2026-06-19 00:00:00+00:00, run_after=2026-06-20 00:00:00+00:00
[2026-06-19T14:24:01.512+0000] {processor.py:208} INFO - Processing /opt/airflow/dags/crypto_pipeline_dag.py took 0.068 seconds
[2026-06-19T14:24:33.020+0000] {processor.py:186} INFO - Started process (PID=2582) to work on /opt/airflow/dags/crypto_pipeline_dag.py
[2026-06-19T14:24:33.021+0000] {processor.py:914} INFO - Processing file /opt/airflow/dags/crypto_pipeline_dag.py for tasks to queue
[2026-06-19T14:24:33.022+0000] {logging_mixin.py:190} INFO - [2026-06-19T14:24:33.022+0000] {dagbag.py:588} INFO - Filling up the DagBag from /opt/airflow/dags/crypto_pipeline_dag.py
[2026-06-19T14:24:33.035+0000] {processor.py:925} INFO - DAG(s) 'crypto_pipeline_dag' retrieved from /opt/airflow/dags/crypto_pipeline_dag.py
[2026-06-19T14:24:33.054+0000] {logging_mixin.py:190} INFO - [2026-06-19T14:24:33.054+0000] {dag.py:3239} INFO - Sync 1 DAGs
[2026-06-19T14:24:33.070+0000] {logging_mixin.py:190} INFO - [2026-06-19T14:24:33.070+0000] {dag.py:4180} INFO - Setting next_dagrun for crypto_pipeline_dag to 2026-06-19 00:00:00+00:00, run_after=2026-06-20 00:00:00+00:00
[2026-06-19T14:24:33.084+0000] {processor.py:208} INFO - Processing /opt/airflow/dags/crypto_pipeline_dag.py took 0.067 seconds
[2026-06-19T14:25:03.397+0000] {processor.py:186} INFO - Started process (PID=2587) to work on /opt/airflow/dags/crypto_pipeline_dag.py
[2026-06-19T14:25:03.398+0000] {processor.py:914} INFO - Processing file /opt/airflow/dags/crypto_pipeline_dag.py for tasks to queue
[2026-06-19T14:25:03.400+0000] {logging_mixin.py:190} INFO - [2026-06-19T14:25:03.399+0000] {dagbag.py:588} INFO - Filling up the DagBag from /opt/airflow/dags/crypto_pipeline_dag.py
[2026-06-19T14:25:03.413+0000] {processor.py:925} INFO - DAG(s) 'crypto_pipeline_dag' retrieved from /opt/airflow/dags/crypto_pipeline_dag.py
[2026-06-19T14:25:03.433+0000] {logging_mixin.py:190} INFO - [2026-06-19T14:25:03.433+0000] {dag.py:3239} INFO - Sync 1 DAGs
[2026-06-19T14:25:03.450+0000] {logging_mixin.py:190} INFO - [2026-06-19T14:25:03.450+0000] {dag.py:4180} INFO - Setting next_dagrun for crypto_pipeline_dag to 2026-06-19 00:00:00+00:00, run_after=2026-06-20 00:00:00+00:00
[2026-06-19T14:25:03.463+0000] {processor.py:208} INFO - Processing /opt/airflow/dags/crypto_pipeline_dag.py took 0.070 seconds
[2026-06-19T14:25:34.741+0000] {processor.py:186} INFO - Started process (PID=2592) to work on /opt/airflow/dags/crypto_pipeline_dag.py
[2026-06-19T14:25:34.742+0000] {processor.py:914} INFO - Processing file /opt/airflow/dags/crypto_pipeline_dag.py for tasks to queue
[2026-06-19T14:25:34.743+0000] {logging_mixin.py:190} INFO - [2026-06-19T14:25:34.743+0000] {dagbag.py:588} INFO - Filling up the DagBag from /opt/airflow/dags/crypto_pipeline_dag.py
[2026-06-19T14:25:34.757+0000] {processor.py:925} INFO - DAG(s) 'crypto_pipeline_dag' retrieved from /opt/airflow/dags/crypto_pipeline_dag.py
[2026-06-19T14:25:34.780+0000] {logging_mixin.py:190} INFO - [2026-06-19T14:25:34.780+0000] {dag.py:3239} INFO - Sync 1 DAGs
[2026-06-19T14:25:34.797+0000] {logging_mixin.py:190} INFO - [2026-06-19T14:25:34.797+0000] {dag.py:4180} INFO - Setting next_dagrun for crypto_pipeline_dag to 2026-06-19 00:00:00+00:00, run_after=2026-06-20 00:00:00+00:00
[2026-06-19T14:25:34.813+0000] {processor.py:208} INFO - Processing /opt/airflow/dags/crypto_pipeline_dag.py took 0.076 seconds
[2026-06-19T14:26:06.081+0000] {processor.py:186} INFO - Started process (PID=2597) to work on /opt/airflow/dags/crypto_pipeline_dag.py
[2026-06-19T14:26:06.082+0000] {processor.py:914} INFO - Processing file /opt/airflow/dags/crypto_pipeline_dag.py for tasks to queue
[2026-06-19T14:26:06.085+0000] {logging_mixin.py:190} INFO - [2026-06-19T14:26:06.085+0000] {dagbag.py:588} INFO - Filling up the DagBag from /opt/airflow/dags/crypto_pipeline_dag.py
[2026-06-19T14:26:06.104+0000] {processor.py:925} INFO - DAG(s) 'crypto_pipeline_dag' retrieved from /opt/airflow/dags/crypto_pipeline_dag.py
[2026-06-19T14:26:06.134+0000] {logging_mixin.py:190} INFO - [2026-06-19T14:26:06.134+0000] {dag.py:3239} INFO - Sync 1 DAGs
[2026-06-19T14:26:06.155+0000] {logging_mixin.py:190} INFO - [2026-06-19T14:26:06.155+0000] {dag.py:4180} INFO - Setting next_dagrun for crypto_pipeline_dag to 2026-06-19 00:00:00+00:00, run_after=2026-06-20 00:00:00+00:00
[2026-06-19T14:26:06.176+0000] {processor.py:208} INFO - Processing /opt/airflow/dags/crypto_pipeline_dag.py took 0.100 seconds
[2026-06-19T14:26:36.561+0000] {processor.py:186} INFO - Started process (PID=2602) to work on /opt/airflow/dags/crypto_pipeline_dag.py
[2026-06-19T14:26:36.562+0000] {processor.py:914} INFO - Processing file /opt/airflow/dags/crypto_pipeline_dag.py for tasks to queue
[2026-06-19T14:26:36.564+0000] {logging_mixin.py:190} INFO - [2026-06-19T14:26:36.563+0000] {dagbag.py:588} INFO - Filling up the DagBag from /opt/airflow/dags/crypto_pipeline_dag.py
[2026-06-19T14:26:36.575+0000] {processor.py:925} INFO - DAG(s) 'crypto_pipeline_dag' retrieved from /opt/airflow/dags/crypto_pipeline_dag.py
[2026-06-19T14:26:36.594+0000] {logging_mixin.py:190} INFO - [2026-06-19T14:26:36.594+0000] {dag.py:3239} INFO - Sync 1 DAGs
[2026-06-19T14:26:36.609+0000] {logging_mixin.py:190} INFO - [2026-06-19T14:26:36.609+0000] {dag.py:4180} INFO - Setting next_dagrun for crypto_pipeline_dag to 2026-06-19 00:00:00+00:00, run_after=2026-06-20 00:00:00+00:00
[2026-06-19T14:26:36.622+0000] {processor.py:208} INFO - Processing /opt/airflow/dags/crypto_pipeline_dag.py took 0.065 seconds
[2026-06-19T14:27:07.912+0000] {processor.py:186} INFO - Started process (PID=2607) to work on /opt/airflow/dags/crypto_pipeline_dag.py
[2026-06-19T14:27:07.913+0000] {processor.py:914} INFO - Processing file /opt/airflow/dags/crypto_pipeline_dag.py for tasks to queue
[2026-06-19T14:27:07.914+0000] {logging_mixin.py:190} INFO - [2026-06-19T14:27:07.914+0000] {dagbag.py:588} INFO - Filling up the DagBag from /opt/airflow/dags/crypto_pipeline_dag.py
[2026-06-19T14:27:07.926+0000] {processor.py:925} INFO - DAG(s) 'crypto_pipeline_dag' retrieved from /opt/airflow/dags/crypto_pipeline_dag.py
[2026-06-19T14:27:07.946+0000] {logging_mixin.py:190} INFO - [2026-06-19T14:27:07.945+0000] {dag.py:3239} INFO - Sync 1 DAGs
[2026-06-19T14:27:07.961+0000] {logging_mixin.py:190} INFO - [2026-06-19T14:27:07.961+0000] {dag.py:4180} INFO - Setting next_dagrun for crypto_pipeline_dag to 2026-06-19 00:00:00+00:00, run_after=2026-06-20 00:00:00+00:00
[2026-06-19T14:27:07.973+0000] {processor.py:208} INFO - Processing /opt/airflow/dags/crypto_pipeline_dag.py took 0.065 seconds
[2026-06-19T14:27:39.293+0000] {processor.py:186} INFO - Started process (PID=2612) to work on /opt/airflow/dags/crypto_pipeline_dag.py
[2026-06-19T14:27:39.294+0000] {processor.py:914} INFO - Processing file /opt/airflow/dags/crypto_pipeline_dag.py for tasks to queue
[2026-06-19T14:27:39.295+0000] {logging_mixin.py:190} INFO - [2026-06-19T14:27:39.295+0000] {dagbag.py:588} INFO - Filling up the DagBag from /opt/airflow/dags/crypto_pipeline_dag.py
[2026-06-19T14:27:39.308+0000] {processor.py:925} INFO - DAG(s) 'crypto_pipeline_dag' retrieved from /opt/airflow/dags/crypto_pipeline_dag.py
[2026-06-19T14:27:39.328+0000] {logging_mixin.py:190} INFO - [2026-06-19T14:27:39.328+0000] {dag.py:3239} INFO - Sync 1 DAGs
[2026-06-19T14:27:39.345+0000] {logging_mixin.py:190} INFO - [2026-06-19T14:27:39.345+0000] {dag.py:4180} INFO - Setting next_dagrun for crypto_pipeline_dag to 2026-06-19 00:00:00+00:00, run_after=2026-06-20 00:00:00+00:00
[2026-06-19T14:27:39.360+0000] {processor.py:208} INFO - Processing /opt/airflow/dags/crypto_pipeline_dag.py took 0.071 seconds
[2026-06-19T14:28:10.705+0000] {processor.py:186} INFO - Started process (PID=2617) to work on /opt/airflow/dags/crypto_pipeline_dag.py
[2026-06-19T14:28:10.706+0000] {processor.py:914} INFO - Processing file /opt/airflow/dags/crypto_pipeline_dag.py for tasks to queue
[2026-06-19T14:28:10.709+0000] {logging_mixin.py:190} INFO - [2026-06-19T14:28:10.709+0000] {dagbag.py:588} INFO - Filling up the DagBag from /opt/airflow/dags/crypto_pipeline_dag.py
[2026-06-19T14:28:10.734+0000] {processor.py:925} INFO - DAG(s) 'crypto_pipeline_dag' retrieved from /opt/airflow/dags/crypto_pipeline_dag.py
[2026-06-19T14:28:10.754+0000] {logging_mixin.py:190} INFO - [2026-06-19T14:28:10.754+0000] {dag.py:3239} INFO - Sync 1 DAGs
[2026-06-19T14:28:10.771+0000] {logging_mixin.py:190} INFO - [2026-06-19T14:28:10.771+0000] {dag.py:4180} INFO - Setting next_dagrun for crypto_pipeline_dag to 2026-06-19 00:00:00+00:00, run_after=2026-06-20 00:00:00+00:00
[2026-06-19T14:28:10.787+0000] {processor.py:208} INFO - Processing /opt/airflow/dags/crypto_pipeline_dag.py took 0.088 seconds
[2026-06-19T14:28:41.114+0000] {processor.py:186} INFO - Started process (PID=2622) to work on /opt/airflow/dags/crypto_pipeline_dag.py
[2026-06-19T14:28:41.115+0000] {processor.py:914} INFO - Processing file /opt/airflow/dags/crypto_pipeline_dag.py for tasks to queue
[2026-06-19T14:28:41.117+0000] {logging_mixin.py:190} INFO - [2026-06-19T14:28:41.117+0000] {dagbag.py:588} INFO - Filling up the DagBag from /opt/airflow/dags/crypto_pipeline_dag.py
[2026-06-19T14:28:41.132+0000] {processor.py:925} INFO - DAG(s) 'crypto_pipeline_dag' retrieved from /opt/airflow/dags/crypto_pipeline_dag.py
[2026-06-19T14:28:41.156+0000] {logging_mixin.py:190} INFO - [2026-06-19T14:28:41.156+0000] {dag.py:3239} INFO - Sync 1 DAGs
[2026-06-19T14:28:41.172+0000] {logging_mixin.py:190} INFO - [2026-06-19T14:28:41.172+0000] {dag.py:4180} INFO - Setting next_dagrun for crypto_pipeline_dag to 2026-06-19 00:00:00+00:00, run_after=2026-06-20 00:00:00+00:00
[2026-06-19T14:28:41.184+0000] {processor.py:208} INFO - Processing /opt/airflow/dags/crypto_pipeline_dag.py took 0.076 seconds
[2026-06-19T14:29:12.513+0000] {processor.py:186} INFO - Started process (PID=2627) to work on /opt/airflow/dags/crypto_pipeline_dag.py
[2026-06-19T14:29:12.514+0000] {processor.py:914} INFO - Processing file /opt/airflow/dags/crypto_pipeline_dag.py for tasks to queue
[2026-06-19T14:29:12.515+0000] {logging_mixin.py:190} INFO - [2026-06-19T14:29:12.515+0000] {dagbag.py:588} INFO - Filling up the DagBag from /opt/airflow/dags/crypto_pipeline_dag.py
[2026-06-19T14:29:12.526+0000] {processor.py:925} INFO - DAG(s) 'crypto_pipeline_dag' retrieved from /opt/airflow/dags/crypto_pipeline_dag.py
[2026-06-19T14:29:12.544+0000] {logging_mixin.py:190} INFO - [2026-06-19T14:29:12.544+0000] {dag.py:3239} INFO - Sync 1 DAGs
[2026-06-19T14:29:12.559+0000] {logging_mixin.py:190} INFO - [2026-06-19T14:29:12.559+0000] {dag.py:4180} INFO - Setting next_dagrun for crypto_pipeline_dag to 2026-06-19 00:00:00+00:00, run_after=2026-06-20 00:00:00+00:00
[2026-06-19T14:29:12.573+0000] {processor.py:208} INFO - Processing /opt/airflow/dags/crypto_pipeline_dag.py took 0.064 seconds
[2026-06-19T14:29:43.905+0000] {processor.py:186} INFO - Started process (PID=2632) to work on /opt/airflow/dags/crypto_pipeline_dag.py
[2026-06-19T14:29:43.906+0000] {processor.py:914} INFO - Processing file /opt/airflow/dags/crypto_pipeline_dag.py for tasks to queue
[2026-06-19T14:29:43.907+0000] {logging_mixin.py:190} INFO - [2026-06-19T14:29:43.907+0000] {dagbag.py:588} INFO - Filling up the DagBag from /opt/airflow/dags/crypto_pipeline_dag.py
[2026-06-19T14:29:43.919+0000] {processor.py:925} INFO - DAG(s) 'crypto_pipeline_dag' retrieved from /opt/airflow/dags/crypto_pipeline_dag.py
[2026-06-19T14:29:43.937+0000] {logging_mixin.py:190} INFO - [2026-06-19T14:29:43.937+0000] {dag.py:3239} INFO - Sync 1 DAGs
[2026-06-19T14:29:43.955+0000] {logging_mixin.py:190} INFO - [2026-06-19T14:29:43.955+0000] {dag.py:4180} INFO - Setting next_dagrun for crypto_pipeline_dag to 2026-06-19 00:00:00+00:00, run_after=2026-06-20 00:00:00+00:00
[2026-06-19T14:29:43.974+0000] {processor.py:208} INFO - Processing /opt/airflow/dags/crypto_pipeline_dag.py took 0.073 seconds
[2026-06-19T14:30:15.357+0000] {processor.py:186} INFO - Started process (PID=2637) to work on /opt/airflow/dags/crypto_pipeline_dag.py
[2026-06-19T14:30:15.358+0000] {processor.py:914} INFO - Processing file /opt/airflow/dags/crypto_pipeline_dag.py for tasks to queue
[2026-06-19T14:30:15.360+0000] {logging_mixin.py:190} INFO - [2026-06-19T14:30:15.359+0000] {dagbag.py:588} INFO - Filling up the DagBag from /opt/airflow/dags/crypto_pipeline_dag.py
[2026-06-19T14:30:15.370+0000] {processor.py:925} INFO - DAG(s) 'crypto_pipeline_dag' retrieved from /opt/airflow/dags/crypto_pipeline_dag.py
[2026-06-19T14:30:15.387+0000] {logging_mixin.py:190} INFO - [2026-06-19T14:30:15.387+0000] {dag.py:3239} INFO - Sync 1 DAGs
[2026-06-19T14:30:15.402+0000] {logging_mixin.py:190} INFO - [2026-06-19T14:30:15.402+0000] {dag.py:4180} INFO - Setting next_dagrun for crypto_pipeline_dag to 2026-06-19 00:00:00+00:00, run_after=2026-06-20 00:00:00+00:00
[2026-06-19T14:30:15.416+0000] {processor.py:208} INFO - Processing /opt/airflow/dags/crypto_pipeline_dag.py took 0.062 seconds
[2026-06-19T14:30:45.754+0000] {processor.py:186} INFO - Started process (PID=2642) to work on /opt/airflow/dags/crypto_pipeline_dag.py
[2026-06-19T14:30:45.755+0000] {processor.py:914} INFO - Processing file /opt/airflow/dags/crypto_pipeline_dag.py for tasks to queue
[2026-06-19T14:30:45.757+0000] {logging_mixin.py:190} INFO - [2026-06-19T14:30:45.756+0000] {dagbag.py:588} INFO - Filling up the DagBag from /opt/airflow/dags/crypto_pipeline_dag.py
[2026-06-19T14:30:45.774+0000] {processor.py:925} INFO - DAG(s) 'crypto_pipeline_dag' retrieved from /opt/airflow/dags/crypto_pipeline_dag.py
[2026-06-19T14:30:45.793+0000] {logging_mixin.py:190} INFO - [2026-06-19T14:30:45.793+0000] {dag.py:3239} INFO - Sync 1 DAGs
[2026-06-19T14:30:45.809+0000] {logging_mixin.py:190} INFO - [2026-06-19T14:30:45.808+0000] {dag.py:4180} INFO - Setting next_dagrun for crypto_pipeline_dag to 2026-06-19 00:00:00+00:00, run_after=2026-06-20 00:00:00+00:00
[2026-06-19T14:30:45.822+0000] {processor.py:208} INFO - Processing /opt/airflow/dags/crypto_pipeline_dag.py took 0.073 seconds
[2026-06-19T14:31:17.155+0000] {processor.py:186} INFO - Started process (PID=2647) to work on /opt/airflow/dags/crypto_pipeline_dag.py
[2026-06-19T14:31:17.156+0000] {processor.py:914} INFO - Processing file /opt/airflow/dags/crypto_pipeline_dag.py for tasks to queue
[2026-06-19T14:31:17.157+0000] {logging_mixin.py:190} INFO - [2026-06-19T14:31:17.157+0000] {dagbag.py:588} INFO - Filling up the DagBag from /opt/airflow/dags/crypto_pipeline_dag.py
[2026-06-19T14:31:17.170+0000] {processor.py:925} INFO - DAG(s) 'crypto_pipeline_dag' retrieved from /opt/airflow/dags/crypto_pipeline_dag.py
[2026-06-19T14:31:17.191+0000] {logging_mixin.py:190} INFO - [2026-06-19T14:31:17.191+0000] {dag.py:3239} INFO - Sync 1 DAGs
[2026-06-19T14:31:17.209+0000] {logging_mixin.py:190} INFO - [2026-06-19T14:31:17.208+0000] {dag.py:4180} INFO - Setting next_dagrun for crypto_pipeline_dag to 2026-06-19 00:00:00+00:00, run_after=2026-06-20 00:00:00+00:00
[2026-06-19T14:31:17.222+0000] {processor.py:208} INFO - Processing /opt/airflow/dags/crypto_pipeline_dag.py took 0.071 seconds
[2026-06-19T14:31:48.607+0000] {processor.py:186} INFO - Started process (PID=2652) to work on /opt/airflow/dags/crypto_pipeline_dag.py
[2026-06-19T14:31:48.608+0000] {processor.py:914} INFO - Processing file /opt/airflow/dags/crypto_pipeline_dag.py for tasks to queue
[2026-06-19T14:31:48.609+0000] {logging_mixin.py:190} INFO - [2026-06-19T14:31:48.609+0000] {dagbag.py:588} INFO - Filling up the DagBag from /opt/airflow/dags/crypto_pipeline_dag.py
[2026-06-19T14:31:48.645+0000] {processor.py:925} INFO - DAG(s) 'crypto_pipeline_dag' retrieved from /opt/airflow/dags/crypto_pipeline_dag.py
[2026-06-19T14:31:48.664+0000] {logging_mixin.py:190} INFO - [2026-06-19T14:31:48.663+0000] {dag.py:3239} INFO - Sync 1 DAGs
[2026-06-19T14:31:48.679+0000] {logging_mixin.py:190} INFO - [2026-06-19T14:31:48.679+0000] {dag.py:4180} INFO - Setting next_dagrun for crypto_pipeline_dag to 2026-06-19 00:00:00+00:00, run_after=2026-06-20 00:00:00+00:00
[2026-06-19T14:31:48.702+0000] {processor.py:208} INFO - Processing /opt/airflow/dags/crypto_pipeline_dag.py took 0.099 seconds
[2026-06-19T14:32:18.977+0000] {processor.py:186} INFO - Started process (PID=2657) to work on /opt/airflow/dags/crypto_pipeline_dag.py
[2026-06-19T14:32:18.978+0000] {processor.py:914} INFO - Processing file /opt/airflow/dags/crypto_pipeline_dag.py for tasks to queue
[2026-06-19T14:32:18.979+0000] {logging_mixin.py:190} INFO - [2026-06-19T14:32:18.979+0000] {dagbag.py:588} INFO - Filling up the DagBag from /opt/airflow/dags/crypto_pipeline_dag.py
[2026-06-19T14:32:18.992+0000] {processor.py:925} INFO - DAG(s) 'crypto_pipeline_dag' retrieved from /opt/airflow/dags/crypto_pipeline_dag.py
[2026-06-19T14:32:19.012+0000] {logging_mixin.py:190} INFO - [2026-06-19T14:32:19.012+0000] {dag.py:3239} INFO - Sync 1 DAGs
[2026-06-19T14:32:19.030+0000] {logging_mixin.py:190} INFO - [2026-06-19T14:32:19.030+0000] {dag.py:4180} INFO - Setting next_dagrun for crypto_pipeline_dag to 2026-06-19 00:00:00+00:00, run_after=2026-06-20 00:00:00+00:00
[2026-06-19T14:32:19.043+0000] {processor.py:208} INFO - Processing /opt/airflow/dags/crypto_pipeline_dag.py took 0.070 seconds
[2026-06-19T14:32:50.428+0000] {processor.py:186} INFO - Started process (PID=2662) to work on /opt/airflow/dags/crypto_pipeline_dag.py
[2026-06-19T14:32:50.429+0000] {processor.py:914} INFO - Processing file /opt/airflow/dags/crypto_pipeline_dag.py for tasks to queue
[2026-06-19T14:32:50.430+0000] {logging_mixin.py:190} INFO - [2026-06-19T14:32:50.430+0000] {dagbag.py:588} INFO - Filling up the DagBag from /opt/airflow/dags/crypto_pipeline_dag.py
[2026-06-19T14:32:50.443+0000] {processor.py:925} INFO - DAG(s) 'crypto_pipeline_dag' retrieved from /opt/airflow/dags/crypto_pipeline_dag.py
[2026-06-19T14:32:50.462+0000] {logging_mixin.py:190} INFO - [2026-06-19T14:32:50.462+0000] {dag.py:3239} INFO - Sync 1 DAGs
[2026-06-19T14:32:50.478+0000] {logging_mixin.py:190} INFO - [2026-06-19T14:32:50.478+0000] {dag.py:4180} INFO - Setting next_dagrun for crypto_pipeline_dag to 2026-06-19 00:00:00+00:00, run_after=2026-06-20 00:00:00+00:00
[2026-06-19T14:32:50.490+0000] {processor.py:208} INFO - Processing /opt/airflow/dags/crypto_pipeline_dag.py took 0.066 seconds
[2026-06-19T14:33:21.922+0000] {processor.py:186} INFO - Started process (PID=2667) to work on /opt/airflow/dags/crypto_pipeline_dag.py
[2026-06-19T14:33:21.923+0000] {processor.py:914} INFO - Processing file /opt/airflow/dags/crypto_pipeline_dag.py for tasks to queue
[2026-06-19T14:33:21.925+0000] {logging_mixin.py:190} INFO - [2026-06-19T14:33:21.925+0000] {dagbag.py:588} INFO - Filling up the DagBag from /opt/airflow/dags/crypto_pipeline_dag.py
[2026-06-19T14:33:21.940+0000] {processor.py:925} INFO - DAG(s) 'crypto_pipeline_dag' retrieved from /opt/airflow/dags/crypto_pipeline_dag.py
[2026-06-19T14:33:21.958+0000] {logging_mixin.py:190} INFO - [2026-06-19T14:33:21.958+0000] {dag.py:3239} INFO - Sync 1 DAGs
[2026-06-19T14:33:21.974+0000] {logging_mixin.py:190} INFO - [2026-06-19T14:33:21.973+0000] {dag.py:4180} INFO - Setting next_dagrun for crypto_pipeline_dag to 2026-06-19 00:00:00+00:00, run_after=2026-06-20 00:00:00+00:00
[2026-06-19T14:33:21.987+0000] {processor.py:208} INFO - Processing /opt/airflow/dags/crypto_pipeline_dag.py took 0.071 seconds
[2026-06-19T14:33:52.407+0000] {processor.py:186} INFO - Started process (PID=2672) to work on /opt/airflow/dags/crypto_pipeline_dag.py
[2026-06-19T14:33:52.408+0000] {processor.py:914} INFO - Processing file /opt/airflow/dags/crypto_pipeline_dag.py for tasks to queue
[2026-06-19T14:33:52.409+0000] {logging_mixin.py:190} INFO - [2026-06-19T14:33:52.409+0000] {dagbag.py:588} INFO - Filling up the DagBag from /opt/airflow/dags/crypto_pipeline_dag.py
[2026-06-19T14:33:52.420+0000] {processor.py:925} INFO - DAG(s) 'crypto_pipeline_dag' retrieved from /opt/airflow/dags/crypto_pipeline_dag.py
[2026-06-19T14:33:52.439+0000] {logging_mixin.py:190} INFO - [2026-06-19T14:33:52.439+0000] {dag.py:3239} INFO - Sync 1 DAGs
[2026-06-19T14:33:52.455+0000] {logging_mixin.py:190} INFO - [2026-06-19T14:33:52.455+0000] {dag.py:4180} INFO - Setting next_dagrun for crypto_pipeline_dag to 2026-06-19 00:00:00+00:00, run_after=2026-06-20 00:00:00+00:00
[2026-06-19T14:33:52.468+0000] {processor.py:208} INFO - Processing /opt/airflow/dags/crypto_pipeline_dag.py took 0.065 seconds
[2026-06-19T14:34:23.823+0000] {processor.py:186} INFO - Started process (PID=2677) to work on /opt/airflow/dags/crypto_pipeline_dag.py
[2026-06-19T14:34:23.823+0000] {processor.py:914} INFO - Processing file /opt/airflow/dags/crypto_pipeline_dag.py for tasks to queue
[2026-06-19T14:34:23.825+0000] {logging_mixin.py:190} INFO - [2026-06-19T14:34:23.825+0000] {dagbag.py:588} INFO - Filling up the DagBag from /opt/airflow/dags/crypto_pipeline_dag.py
[2026-06-19T14:34:23.836+0000] {processor.py:925} INFO - DAG(s) 'crypto_pipeline_dag' retrieved from /opt/airflow/dags/crypto_pipeline_dag.py
[2026-06-19T14:34:23.854+0000] {logging_mixin.py:190} INFO - [2026-06-19T14:34:23.854+0000] {dag.py:3239} INFO - Sync 1 DAGs
[2026-06-19T14:34:23.869+0000] {logging_mixin.py:190} INFO - [2026-06-19T14:34:23.869+0000] {dag.py:4180} INFO - Setting next_dagrun for crypto_pipeline_dag to 2026-06-19 00:00:00+00:00, run_after=2026-06-20 00:00:00+00:00
[2026-06-19T14:34:23.882+0000] {processor.py:208} INFO - Processing /opt/airflow/dags/crypto_pipeline_dag.py took 0.063 seconds
[2026-06-19T14:34:55.337+0000] {processor.py:186} INFO - Started process (PID=2682) to work on /opt/airflow/dags/crypto_pipeline_dag.py
[2026-06-19T14:34:55.338+0000] {processor.py:914} INFO - Processing file /opt/airflow/dags/crypto_pipeline_dag.py for tasks to queue
[2026-06-19T14:34:55.339+0000] {logging_mixin.py:190} INFO - [2026-06-19T14:34:55.339+0000] {dagbag.py:588} INFO - Filling up the DagBag from /opt/airflow/dags/crypto_pipeline_dag.py
[2026-06-19T14:34:55.351+0000] {processor.py:925} INFO - DAG(s) 'crypto_pipeline_dag' retrieved from /opt/airflow/dags/crypto_pipeline_dag.py
[2026-06-19T14:34:55.369+0000] {logging_mixin.py:190} INFO - [2026-06-19T14:34:55.369+0000] {dag.py:3239} INFO - Sync 1 DAGs
[2026-06-19T14:34:55.384+0000] {logging_mixin.py:190} INFO - [2026-06-19T14:34:55.384+0000] {dag.py:4180} INFO - Setting next_dagrun for crypto_pipeline_dag to 2026-06-19 00:00:00+00:00, run_after=2026-06-20 00:00:00+00:00
[2026-06-19T14:34:55.397+0000] {processor.py:208} INFO - Processing /opt/airflow/dags/crypto_pipeline_dag.py took 0.063 seconds
[2026-06-19T14:35:25.807+0000] {processor.py:186} INFO - Started process (PID=2687) to work on /opt/airflow/dags/crypto_pipeline_dag.py
[2026-06-19T14:35:25.808+0000] {processor.py:914} INFO - Processing file /opt/airflow/dags/crypto_pipeline_dag.py for tasks to queue
[2026-06-19T14:35:25.810+0000] {logging_mixin.py:190} INFO - [2026-06-19T14:35:25.810+0000] {dagbag.py:588} INFO - Filling up the DagBag from /opt/airflow/dags/crypto_pipeline_dag.py
[2026-06-19T14:35:25.821+0000] {processor.py:925} INFO - DAG(s) 'crypto_pipeline_dag' retrieved from /opt/airflow/dags/crypto_pipeline_dag.py
[2026-06-19T14:35:25.842+0000] {logging_mixin.py:190} INFO - [2026-06-19T14:35:25.842+0000] {dag.py:3239} INFO - Sync 1 DAGs
[2026-06-19T14:35:25.858+0000] {logging_mixin.py:190} INFO - [2026-06-19T14:35:25.858+0000] {dag.py:4180} INFO - Setting next_dagrun for crypto_pipeline_dag to 2026-06-19 00:00:00+00:00, run_after=2026-06-20 00:00:00+00:00
[2026-06-19T14:35:25.870+0000] {processor.py:208} INFO - Processing /opt/airflow/dags/crypto_pipeline_dag.py took 0.066 seconds
[2026-06-19T14:35:57.209+0000] {processor.py:186} INFO - Started process (PID=2692) to work on /opt/airflow/dags/crypto_pipeline_dag.py
[2026-06-19T14:35:57.210+0000] {processor.py:914} INFO - Processing file /opt/airflow/dags/crypto_pipeline_dag.py for tasks to queue
[2026-06-19T14:35:57.212+0000] {logging_mixin.py:190} INFO - [2026-06-19T14:35:57.211+0000] {dagbag.py:588} INFO - Filling up the DagBag from /opt/airflow/dags/crypto_pipeline_dag.py
[2026-06-19T14:35:57.224+0000] {processor.py:925} INFO - DAG(s) 'crypto_pipeline_dag' retrieved from /opt/airflow/dags/crypto_pipeline_dag.py
[2026-06-19T14:35:57.243+0000] {logging_mixin.py:190} INFO - [2026-06-19T14:35:57.243+0000] {dag.py:3239} INFO - Sync 1 DAGs
[2026-06-19T14:35:57.259+0000] {logging_mixin.py:190} INFO - [2026-06-19T14:35:57.259+0000] {dag.py:4180} INFO - Setting next_dagrun for crypto_pipeline_dag to 2026-06-19 00:00:00+00:00, run_after=2026-06-20 00:00:00+00:00
[2026-06-19T14:35:57.271+0000] {processor.py:208} INFO - Processing /opt/airflow/dags/crypto_pipeline_dag.py took 0.066 seconds
[2026-06-19T14:36:28.681+0000] {processor.py:186} INFO - Started process (PID=2697) to work on /opt/airflow/dags/crypto_pipeline_dag.py
[2026-06-19T14:36:28.682+0000] {processor.py:914} INFO - Processing file /opt/airflow/dags/crypto_pipeline_dag.py for tasks to queue
[2026-06-19T14:36:28.683+0000] {logging_mixin.py:190} INFO - [2026-06-19T14:36:28.683+0000] {dagbag.py:588} INFO - Filling up the DagBag from /opt/airflow/dags/crypto_pipeline_dag.py
[2026-06-19T14:36:28.696+0000] {processor.py:925} INFO - DAG(s) 'crypto_pipeline_dag' retrieved from /opt/airflow/dags/crypto_pipeline_dag.py
[2026-06-19T14:36:28.715+0000] {logging_mixin.py:190} INFO - [2026-06-19T14:36:28.715+0000] {dag.py:3239} INFO - Sync 1 DAGs
[2026-06-19T14:36:28.731+0000] {logging_mixin.py:190} INFO - [2026-06-19T14:36:28.731+0000] {dag.py:4180} INFO - Setting next_dagrun for crypto_pipeline_dag to 2026-06-19 00:00:00+00:00, run_after=2026-06-20 00:00:00+00:00
[2026-06-19T14:36:28.745+0000] {processor.py:208} INFO - Processing /opt/airflow/dags/crypto_pipeline_dag.py took 0.068 seconds
[2026-06-19T14:37:00.088+0000] {processor.py:186} INFO - Started process (PID=2702) to work on /opt/airflow/dags/crypto_pipeline_dag.py
[2026-06-19T14:37:00.089+0000] {processor.py:914} INFO - Processing file /opt/airflow/dags/crypto_pipeline_dag.py for tasks to queue
[2026-06-19T14:37:00.091+0000] {logging_mixin.py:190} INFO - [2026-06-19T14:37:00.090+0000] {dagbag.py:588} INFO - Filling up the DagBag from /opt/airflow/dags/crypto_pipeline_dag.py
[2026-06-19T14:37:00.102+0000] {processor.py:925} INFO - DAG(s) 'crypto_pipeline_dag' retrieved from /opt/airflow/dags/crypto_pipeline_dag.py
[2026-06-19T14:37:00.122+0000] {logging_mixin.py:190} INFO - [2026-06-19T14:37:00.121+0000] {dag.py:3239} INFO - Sync 1 DAGs
[2026-06-19T14:37:00.140+0000] {logging_mixin.py:190} INFO - [2026-06-19T14:37:00.140+0000] {dag.py:4180} INFO - Setting next_dagrun for crypto_pipeline_dag to 2026-06-19 00:00:00+00:00, run_after=2026-06-20 00:00:00+00:00
[2026-06-19T14:37:00.155+0000] {processor.py:208} INFO - Processing /opt/airflow/dags/crypto_pipeline_dag.py took 0.071 seconds
[2026-06-19T14:37:30.534+0000] {processor.py:186} INFO - Started process (PID=2707) to work on /opt/airflow/dags/crypto_pipeline_dag.py
[2026-06-19T14:37:30.535+0000] {processor.py:914} INFO - Processing file /opt/airflow/dags/crypto_pipeline_dag.py for tasks to queue
[2026-06-19T14:37:30.537+0000] {logging_mixin.py:190} INFO - [2026-06-19T14:37:30.537+0000] {dagbag.py:588} INFO - Filling up the DagBag from /opt/airflow/dags/crypto_pipeline_dag.py
[2026-06-19T14:37:30.549+0000] {processor.py:925} INFO - DAG(s) 'crypto_pipeline_dag' retrieved from /opt/airflow/dags/crypto_pipeline_dag.py
[2026-06-19T14:37:30.570+0000] {logging_mixin.py:190} INFO - [2026-06-19T14:37:30.570+0000] {dag.py:3239} INFO - Sync 1 DAGs
[2026-06-19T14:37:30.586+0000] {logging_mixin.py:190} INFO - [2026-06-19T14:37:30.586+0000] {dag.py:4180} INFO - Setting next_dagrun for crypto_pipeline_dag to 2026-06-19 00:00:00+00:00, run_after=2026-06-20 00:00:00+00:00
[2026-06-19T14:37:30.601+0000] {processor.py:208} INFO - Processing /opt/airflow/dags/crypto_pipeline_dag.py took 0.070 seconds
[2026-06-19T14:38:01.917+0000] {processor.py:186} INFO - Started process (PID=2712) to work on /opt/airflow/dags/crypto_pipeline_dag.py
[2026-06-19T14:38:01.917+0000] {processor.py:914} INFO - Processing file /opt/airflow/dags/crypto_pipeline_dag.py for tasks to queue
[2026-06-19T14:38:01.919+0000] {logging_mixin.py:190} INFO - [2026-06-19T14:38:01.919+0000] {dagbag.py:588} INFO - Filling up the DagBag from /opt/airflow/dags/crypto_pipeline_dag.py
[2026-06-19T14:38:01.933+0000] {processor.py:925} INFO - DAG(s) 'crypto_pipeline_dag' retrieved from /opt/airflow/dags/crypto_pipeline_dag.py
[2026-06-19T14:38:01.953+0000] {logging_mixin.py:190} INFO - [2026-06-19T14:38:01.953+0000] {dag.py:3239} INFO - Sync 1 DAGs
[2026-06-19T14:38:01.971+0000] {logging_mixin.py:190} INFO - [2026-06-19T14:38:01.971+0000] {dag.py:4180} INFO - Setting next_dagrun for crypto_pipeline_dag to 2026-06-19 00:00:00+00:00, run_after=2026-06-20 00:00:00+00:00
[2026-06-19T14:38:01.986+0000] {processor.py:208} INFO - Processing /opt/airflow/dags/crypto_pipeline_dag.py took 0.073 seconds
[2026-06-19T14:38:33.412+0000] {processor.py:186} INFO - Started process (PID=2717) to work on /opt/airflow/dags/crypto_pipeline_dag.py
[2026-06-19T14:38:33.413+0000] {processor.py:914} INFO - Processing file /opt/airflow/dags/crypto_pipeline_dag.py for tasks to queue
[2026-06-19T14:38:33.415+0000] {logging_mixin.py:190} INFO - [2026-06-19T14:38:33.414+0000] {dagbag.py:588} INFO - Filling up the DagBag from /opt/airflow/dags/crypto_pipeline_dag.py
[2026-06-19T14:38:33.427+0000] {processor.py:925} INFO - DAG(s) 'crypto_pipeline_dag' retrieved from /opt/airflow/dags/crypto_pipeline_dag.py
[2026-06-19T14:38:33.446+0000] {logging_mixin.py:190} INFO - [2026-06-19T14:38:33.446+0000] {dag.py:3239} INFO - Sync 1 DAGs
[2026-06-19T14:38:33.461+0000] {logging_mixin.py:190} INFO - [2026-06-19T14:38:33.461+0000] {dag.py:4180} INFO - Setting next_dagrun for crypto_pipeline_dag to 2026-06-19 00:00:00+00:00, run_after=2026-06-20 00:00:00+00:00
[2026-06-19T14:38:33.476+0000] {processor.py:208} INFO - Processing /opt/airflow/dags/crypto_pipeline_dag.py took 0.068 seconds
[2026-06-19T14:39:03.801+0000] {processor.py:186} INFO - Started process (PID=2722) to work on /opt/airflow/dags/crypto_pipeline_dag.py
[2026-06-19T14:39:03.802+0000] {processor.py:914} INFO - Processing file /opt/airflow/dags/crypto_pipeline_dag.py for tasks to queue
[2026-06-19T14:39:03.804+0000] {logging_mixin.py:190} INFO - [2026-06-19T14:39:03.804+0000] {dagbag.py:588} INFO - Filling up the DagBag from /opt/airflow/dags/crypto_pipeline_dag.py
[2026-06-19T14:39:03.817+0000] {processor.py:925} INFO - DAG(s) 'crypto_pipeline_dag' retrieved from /opt/airflow/dags/crypto_pipeline_dag.py
[2026-06-19T14:39:03.836+0000] {logging_mixin.py:190} INFO - [2026-06-19T14:39:03.836+0000] {dag.py:3239} INFO - Sync 1 DAGs
[2026-06-19T14:39:03.852+0000] {logging_mixin.py:190} INFO - [2026-06-19T14:39:03.852+0000] {dag.py:4180} INFO - Setting next_dagrun for crypto_pipeline_dag to 2026-06-19 00:00:00+00:00, run_after=2026-06-20 00:00:00+00:00
[2026-06-19T14:39:03.866+0000] {processor.py:208} INFO - Processing /opt/airflow/dags/crypto_pipeline_dag.py took 0.069 seconds
[2026-06-19T14:39:35.253+0000] {processor.py:186} INFO - Started process (PID=2727) to work on /opt/airflow/dags/crypto_pipeline_dag.py
[2026-06-19T14:39:35.254+0000] {processor.py:914} INFO - Processing file /opt/airflow/dags/crypto_pipeline_dag.py for tasks to queue
[2026-06-19T14:39:35.256+0000] {logging_mixin.py:190} INFO - [2026-06-19T14:39:35.255+0000] {dagbag.py:588} INFO - Filling up the DagBag from /opt/airflow/dags/crypto_pipeline_dag.py
[2026-06-19T14:39:35.269+0000] {processor.py:925} INFO - DAG(s) 'crypto_pipeline_dag' retrieved from /opt/airflow/dags/crypto_pipeline_dag.py
[2026-06-19T14:39:35.289+0000] {logging_mixin.py:190} INFO - [2026-06-19T14:39:35.288+0000] {dag.py:3239} INFO - Sync 1 DAGs
[2026-06-19T14:39:35.305+0000] {logging_mixin.py:190} INFO - [2026-06-19T14:39:35.305+0000] {dag.py:4180} INFO - Setting next_dagrun for crypto_pipeline_dag to 2026-06-19 00:00:00+00:00, run_after=2026-06-20 00:00:00+00:00
[2026-06-19T14:39:35.319+0000] {processor.py:208} INFO - Processing /opt/airflow/dags/crypto_pipeline_dag.py took 0.071 seconds
[2026-06-19T14:40:06.607+0000] {processor.py:186} INFO - Started process (PID=2732) to work on /opt/airflow/dags/crypto_pipeline_dag.py
[2026-06-19T14:40:06.608+0000] {processor.py:914} INFO - Processing file /opt/airflow/dags/crypto_pipeline_dag.py for tasks to queue
[2026-06-19T14:40:06.610+0000] {logging_mixin.py:190} INFO - [2026-06-19T14:40:06.610+0000] {dagbag.py:588} INFO - Filling up the DagBag from /opt/airflow/dags/crypto_pipeline_dag.py
[2026-06-19T14:40:06.623+0000] {processor.py:925} INFO - DAG(s) 'crypto_pipeline_dag' retrieved from /opt/airflow/dags/crypto_pipeline_dag.py
[2026-06-19T14:40:06.644+0000] {logging_mixin.py:190} INFO - [2026-06-19T14:40:06.643+0000] {dag.py:3239} INFO - Sync 1 DAGs
[2026-06-19T14:40:06.661+0000] {logging_mixin.py:190} INFO - [2026-06-19T14:40:06.660+0000] {dag.py:4180} INFO - Setting next_dagrun for crypto_pipeline_dag to 2026-06-19 00:00:00+00:00, run_after=2026-06-20 00:00:00+00:00
[2026-06-19T14:40:06.675+0000] {processor.py:208} INFO - Processing /opt/airflow/dags/crypto_pipeline_dag.py took 0.072 seconds
[2026-06-19T14:40:38.051+0000] {processor.py:186} INFO - Started process (PID=2737) to work on /opt/airflow/dags/crypto_pipeline_dag.py
[2026-06-19T14:40:38.051+0000] {processor.py:914} INFO - Processing file /opt/airflow/dags/crypto_pipeline_dag.py for tasks to queue
[2026-06-19T14:40:38.053+0000] {logging_mixin.py:190} INFO - [2026-06-19T14:40:38.053+0000] {dagbag.py:588} INFO - Filling up the DagBag from /opt/airflow/dags/crypto_pipeline_dag.py
[2026-06-19T14:40:38.068+0000] {processor.py:925} INFO - DAG(s) 'crypto_pipeline_dag' retrieved from /opt/airflow/dags/crypto_pipeline_dag.py
[2026-06-19T14:40:38.089+0000] {logging_mixin.py:190} INFO - [2026-06-19T14:40:38.089+0000] {dag.py:3239} INFO - Sync 1 DAGs
[2026-06-19T14:40:38.106+0000] {logging_mixin.py:190} INFO - [2026-06-19T14:40:38.106+0000] {dag.py:4180} INFO - Setting next_dagrun for crypto_pipeline_dag to 2026-06-19 00:00:00+00:00, run_after=2026-06-20 00:00:00+00:00
[2026-06-19T14:40:38.121+0000] {processor.py:208} INFO - Processing /opt/airflow/dags/crypto_pipeline_dag.py took 0.075 seconds
[2026-06-19T14:41:08.439+0000] {processor.py:186} INFO - Started process (PID=2742) to work on /opt/airflow/dags/crypto_pipeline_dag.py
[2026-06-19T14:41:08.440+0000] {processor.py:914} INFO - Processing file /opt/airflow/dags/crypto_pipeline_dag.py for tasks to queue
[2026-06-19T14:41:08.442+0000] {logging_mixin.py:190} INFO - [2026-06-19T14:41:08.441+0000] {dagbag.py:588} INFO - Filling up the DagBag from /opt/airflow/dags/crypto_pipeline_dag.py
[2026-06-19T14:41:08.454+0000] {processor.py:925} INFO - DAG(s) 'crypto_pipeline_dag' retrieved from /opt/airflow/dags/crypto_pipeline_dag.py
[2026-06-19T14:41:08.474+0000] {logging_mixin.py:190} INFO - [2026-06-19T14:41:08.474+0000] {dag.py:3239} INFO - Sync 1 DAGs
[2026-06-19T14:41:08.490+0000] {logging_mixin.py:190} INFO - [2026-06-19T14:41:08.490+0000] {dag.py:4180} INFO - Setting next_dagrun for crypto_pipeline_dag to 2026-06-19 00:00:00+00:00, run_after=2026-06-20 00:00:00+00:00
[2026-06-19T14:41:08.503+0000] {processor.py:208} INFO - Processing /opt/airflow/dags/crypto_pipeline_dag.py took 0.068 seconds
[2026-06-19T14:41:39.913+0000] {processor.py:186} INFO - Started process (PID=2747) to work on /opt/airflow/dags/crypto_pipeline_dag.py
[2026-06-19T14:41:39.914+0000] {processor.py:914} INFO - Processing file /opt/airflow/dags/crypto_pipeline_dag.py for tasks to queue
[2026-06-19T14:41:39.916+0000] {logging_mixin.py:190} INFO - [2026-06-19T14:41:39.915+0000] {dagbag.py:588} INFO - Filling up the DagBag from /opt/airflow/dags/crypto_pipeline_dag.py
[2026-06-19T14:41:39.929+0000] {processor.py:925} INFO - DAG(s) 'crypto_pipeline_dag' retrieved from /opt/airflow/dags/crypto_pipeline_dag.py
[2026-06-19T14:41:39.949+0000] {logging_mixin.py:190} INFO - [2026-06-19T14:41:39.949+0000] {dag.py:3239} INFO - Sync 1 DAGs
[2026-06-19T14:41:39.965+0000] {logging_mixin.py:190} INFO - [2026-06-19T14:41:39.965+0000] {dag.py:4180} INFO - Setting next_dagrun for crypto_pipeline_dag to 2026-06-19 00:00:00+00:00, run_after=2026-06-20 00:00:00+00:00
[2026-06-19T14:41:39.979+0000] {processor.py:208} INFO - Processing /opt/airflow/dags/crypto_pipeline_dag.py took 0.071 seconds
[2026-06-19T14:42:11.328+0000] {processor.py:186} INFO - Started process (PID=2752) to work on /opt/airflow/dags/crypto_pipeline_dag.py
[2026-06-19T14:42:11.329+0000] {processor.py:914} INFO - Processing file /opt/airflow/dags/crypto_pipeline_dag.py for tasks to queue
[2026-06-19T14:42:11.330+0000] {logging_mixin.py:190} INFO - [2026-06-19T14:42:11.330+0000] {dagbag.py:588} INFO - Filling up the DagBag from /opt/airflow/dags/crypto_pipeline_dag.py
[2026-06-19T14:42:11.344+0000] {processor.py:925} INFO - DAG(s) 'crypto_pipeline_dag' retrieved from /opt/airflow/dags/crypto_pipeline_dag.py
[2026-06-19T14:42:11.364+0000] {logging_mixin.py:190} INFO - [2026-06-19T14:42:11.364+0000] {dag.py:3239} INFO - Sync 1 DAGs
[2026-06-19T14:42:11.380+0000] {logging_mixin.py:190} INFO - [2026-06-19T14:42:11.380+0000] {dag.py:4180} INFO - Setting next_dagrun for crypto_pipeline_dag to 2026-06-19 00:00:00+00:00, run_after=2026-06-20 00:00:00+00:00
[2026-06-19T14:42:11.393+0000] {processor.py:208} INFO - Processing /opt/airflow/dags/crypto_pipeline_dag.py took 0.071 seconds
[2026-06-19T14:42:41.751+0000] {processor.py:186} INFO - Started process (PID=2757) to work on /opt/airflow/dags/crypto_pipeline_dag.py
[2026-06-19T14:42:41.752+0000] {processor.py:914} INFO - Processing file /opt/airflow/dags/crypto_pipeline_dag.py for tasks to queue
[2026-06-19T14:42:41.753+0000] {logging_mixin.py:190} INFO - [2026-06-19T14:42:41.753+0000] {dagbag.py:588} INFO - Filling up the DagBag from /opt/airflow/dags/crypto_pipeline_dag.py
[2026-06-19T14:42:41.768+0000] {processor.py:925} INFO - DAG(s) 'crypto_pipeline_dag' retrieved from /opt/airflow/dags/crypto_pipeline_dag.py
[2026-06-19T14:42:41.790+0000] {logging_mixin.py:190} INFO - [2026-06-19T14:42:41.790+0000] {dag.py:3239} INFO - Sync 1 DAGs
[2026-06-19T14:42:41.806+0000] {logging_mixin.py:190} INFO - [2026-06-19T14:42:41.806+0000] {dag.py:4180} INFO - Setting next_dagrun for crypto_pipeline_dag to 2026-06-19 00:00:00+00:00, run_after=2026-06-20 00:00:00+00:00
[2026-06-19T14:42:41.816+0000] {processor.py:208} INFO - Processing /opt/airflow/dags/crypto_pipeline_dag.py took 0.071 seconds
[2026-06-19T14:43:13.223+0000] {processor.py:186} INFO - Started process (PID=2762) to work on /opt/airflow/dags/crypto_pipeline_dag.py
[2026-06-19T14:43:13.224+0000] {processor.py:914} INFO - Processing file /opt/airflow/dags/crypto_pipeline_dag.py for tasks to queue
[2026-06-19T14:43:13.227+0000] {logging_mixin.py:190} INFO - [2026-06-19T14:43:13.226+0000] {dagbag.py:588} INFO - Filling up the DagBag from /opt/airflow/dags/crypto_pipeline_dag.py
[2026-06-19T14:43:13.241+0000] {processor.py:925} INFO - DAG(s) 'crypto_pipeline_dag' retrieved from /opt/airflow/dags/crypto_pipeline_dag.py
[2026-06-19T14:43:13.261+0000] {logging_mixin.py:190} INFO - [2026-06-19T14:43:13.261+0000] {dag.py:3239} INFO - Sync 1 DAGs
[2026-06-19T14:43:13.280+0000] {logging_mixin.py:190} INFO - [2026-06-19T14:43:13.280+0000] {dag.py:4180} INFO - Setting next_dagrun for crypto_pipeline_dag to 2026-06-19 00:00:00+00:00, run_after=2026-06-20 00:00:00+00:00
[2026-06-19T14:43:13.294+0000] {processor.py:208} INFO - Processing /opt/airflow/dags/crypto_pipeline_dag.py took 0.075 seconds
[2026-06-19T14:43:44.613+0000] {processor.py:186} INFO - Started process (PID=2767) to work on /opt/airflow/dags/crypto_pipeline_dag.py
[2026-06-19T14:43:44.614+0000] {processor.py:914} INFO - Processing file /opt/airflow/dags/crypto_pipeline_dag.py for tasks to queue
[2026-06-19T14:43:44.616+0000] {logging_mixin.py:190} INFO - [2026-06-19T14:43:44.616+0000] {dagbag.py:588} INFO - Filling up the DagBag from /opt/airflow/dags/crypto_pipeline_dag.py
[2026-06-19T14:43:44.631+0000] {processor.py:925} INFO - DAG(s) 'crypto_pipeline_dag' retrieved from /opt/airflow/dags/crypto_pipeline_dag.py
[2026-06-19T14:43:44.652+0000] {logging_mixin.py:190} INFO - [2026-06-19T14:43:44.652+0000] {dag.py:3239} INFO - Sync 1 DAGs
[2026-06-19T14:43:44.670+0000] {logging_mixin.py:190} INFO - [2026-06-19T14:43:44.669+0000] {dag.py:4180} INFO - Setting next_dagrun for crypto_pipeline_dag to 2026-06-19 00:00:00+00:00, run_after=2026-06-20 00:00:00+00:00
[2026-06-19T14:43:44.683+0000] {processor.py:208} INFO - Processing /opt/airflow/dags/crypto_pipeline_dag.py took 0.075 seconds
[2026-06-19T14:44:16.064+0000] {processor.py:186} INFO - Started process (PID=2772) to work on /opt/airflow/dags/crypto_pipeline_dag.py
[2026-06-19T14:44:16.065+0000] {processor.py:914} INFO - Processing file /opt/airflow/dags/crypto_pipeline_dag.py for tasks to queue
[2026-06-19T14:44:16.066+0000] {logging_mixin.py:190} INFO - [2026-06-19T14:44:16.066+0000] {dagbag.py:588} INFO - Filling up the DagBag from /opt/airflow/dags/crypto_pipeline_dag.py
[2026-06-19T14:44:16.077+0000] {processor.py:925} INFO - DAG(s) 'crypto_pipeline_dag' retrieved from /opt/airflow/dags/crypto_pipeline_dag.py
[2026-06-19T14:44:16.096+0000] {logging_mixin.py:190} INFO - [2026-06-19T14:44:16.096+0000] {dag.py:3239} INFO - Sync 1 DAGs
[2026-06-19T14:44:16.112+0000] {logging_mixin.py:190} INFO - [2026-06-19T14:44:16.112+0000] {dag.py:4180} INFO - Setting next_dagrun for crypto_pipeline_dag to 2026-06-19 00:00:00+00:00, run_after=2026-06-20 00:00:00+00:00
[2026-06-19T14:44:16.127+0000] {processor.py:208} INFO - Processing /opt/airflow/dags/crypto_pipeline_dag.py took 0.066 seconds
[2026-06-19T14:44:46.898+0000] {processor.py:186} INFO - Started process (PID=2777) to work on /opt/airflow/dags/crypto_pipeline_dag.py
[2026-06-19T14:44:46.899+0000] {processor.py:914} INFO - Processing file /opt/airflow/dags/crypto_pipeline_dag.py for tasks to queue
[2026-06-19T14:44:46.901+0000] {logging_mixin.py:190} INFO - [2026-06-19T14:44:46.900+0000] {dagbag.py:588} INFO - Filling up the DagBag from /opt/airflow/dags/crypto_pipeline_dag.py
[2026-06-19T14:44:46.916+0000] {processor.py:925} INFO - DAG(s) 'crypto_pipeline_dag' retrieved from /opt/airflow/dags/crypto_pipeline_dag.py
[2026-06-19T14:44:46.937+0000] {logging_mixin.py:190} INFO - [2026-06-19T14:44:46.937+0000] {dag.py:3239} INFO - Sync 1 DAGs
[2026-06-19T14:44:46.954+0000] {logging_mixin.py:190} INFO - [2026-06-19T14:44:46.954+0000] {dag.py:4180} INFO - Setting next_dagrun for crypto_pipeline_dag to 2026-06-19 00:00:00+00:00, run_after=2026-06-20 00:00:00+00:00
[2026-06-19T14:44:46.970+0000] {processor.py:208} INFO - Processing /opt/airflow/dags/crypto_pipeline_dag.py took 0.077 seconds
[2026-06-19T14:45:17.812+0000] {processor.py:186} INFO - Started process (PID=2782) to work on /opt/airflow/dags/crypto_pipeline_dag.py
[2026-06-19T14:45:17.812+0000] {processor.py:914} INFO - Processing file /opt/airflow/dags/crypto_pipeline_dag.py for tasks to queue
[2026-06-19T14:45:17.814+0000] {logging_mixin.py:190} INFO - [2026-06-19T14:45:17.814+0000] {dagbag.py:588} INFO - Filling up the DagBag from /opt/airflow/dags/crypto_pipeline_dag.py
[2026-06-19T14:45:17.828+0000] {processor.py:925} INFO - DAG(s) 'crypto_pipeline_dag' retrieved from /opt/airflow/dags/crypto_pipeline_dag.py
[2026-06-19T14:45:17.852+0000] {logging_mixin.py:190} INFO - [2026-06-19T14:45:17.852+0000] {dag.py:3239} INFO - Sync 1 DAGs
[2026-06-19T14:45:17.872+0000] {logging_mixin.py:190} INFO - [2026-06-19T14:45:17.872+0000] {dag.py:4180} INFO - Setting next_dagrun for crypto_pipeline_dag to 2026-06-19 00:00:00+00:00, run_after=2026-06-20 00:00:00+00:00
[2026-06-19T14:45:17.886+0000] {processor.py:208} INFO - Processing /opt/airflow/dags/crypto_pipeline_dag.py took 0.079 seconds
[2026-06-19T14:45:49.215+0000] {processor.py:186} INFO - Started process (PID=2787) to work on /opt/airflow/dags/crypto_pipeline_dag.py
[2026-06-19T14:45:49.216+0000] {processor.py:914} INFO - Processing file /opt/airflow/dags/crypto_pipeline_dag.py for tasks to queue
[2026-06-19T14:45:49.218+0000] {logging_mixin.py:190} INFO - [2026-06-19T14:45:49.218+0000] {dagbag.py:588} INFO - Filling up the DagBag from /opt/airflow/dags/crypto_pipeline_dag.py
[2026-06-19T14:45:49.236+0000] {processor.py:925} INFO - DAG(s) 'crypto_pipeline_dag' retrieved from /opt/airflow/dags/crypto_pipeline_dag.py
[2026-06-19T14:45:49.263+0000] {logging_mixin.py:190} INFO - [2026-06-19T14:45:49.263+0000] {dag.py:3239} INFO - Sync 1 DAGs
[2026-06-19T14:45:49.280+0000] {logging_mixin.py:190} INFO - [2026-06-19T14:45:49.280+0000] {dag.py:4180} INFO - Setting next_dagrun for crypto_pipeline_dag to 2026-06-19 00:00:00+00:00, run_after=2026-06-20 00:00:00+00:00
[2026-06-19T14:45:49.316+0000] {processor.py:208} INFO - Processing /opt/airflow/dags/crypto_pipeline_dag.py took 0.105 seconds
[2026-06-19T14:46:20.572+0000] {processor.py:186} INFO - Started process (PID=2792) to work on /opt/airflow/dags/crypto_pipeline_dag.py
[2026-06-19T14:46:20.573+0000] {processor.py:914} INFO - Processing file /opt/airflow/dags/crypto_pipeline_dag.py for tasks to queue
[2026-06-19T14:46:20.574+0000] {logging_mixin.py:190} INFO - [2026-06-19T14:46:20.574+0000] {dagbag.py:588} INFO - Filling up the DagBag from /opt/airflow/dags/crypto_pipeline_dag.py
[2026-06-19T14:46:20.586+0000] {processor.py:925} INFO - DAG(s) 'crypto_pipeline_dag' retrieved from /opt/airflow/dags/crypto_pipeline_dag.py
[2026-06-19T14:46:20.606+0000] {logging_mixin.py:190} INFO - [2026-06-19T14:46:20.605+0000] {dag.py:3239} INFO - Sync 1 DAGs
[2026-06-19T14:46:20.622+0000] {logging_mixin.py:190} INFO - [2026-06-19T14:46:20.622+0000] {dag.py:4180} INFO - Setting next_dagrun for crypto_pipeline_dag to 2026-06-19 00:00:00+00:00, run_after=2026-06-20 00:00:00+00:00
[2026-06-19T14:46:20.636+0000] {processor.py:208} INFO - Processing /opt/airflow/dags/crypto_pipeline_dag.py took 0.067 seconds
[2026-06-19T14:46:50.935+0000] {processor.py:186} INFO - Started process (PID=2797) to work on /opt/airflow/dags/crypto_pipeline_dag.py
[2026-06-19T14:46:50.935+0000] {processor.py:914} INFO - Processing file /opt/airflow/dags/crypto_pipeline_dag.py for tasks to queue
[2026-06-19T14:46:50.937+0000] {logging_mixin.py:190} INFO - [2026-06-19T14:46:50.937+0000] {dagbag.py:588} INFO - Filling up the DagBag from /opt/airflow/dags/crypto_pipeline_dag.py
[2026-06-19T14:46:50.949+0000] {processor.py:925} INFO - DAG(s) 'crypto_pipeline_dag' retrieved from /opt/airflow/dags/crypto_pipeline_dag.py
[2026-06-19T14:46:50.970+0000] {logging_mixin.py:190} INFO - [2026-06-19T14:46:50.970+0000] {dag.py:3239} INFO - Sync 1 DAGs
[2026-06-19T14:46:50.986+0000] {logging_mixin.py:190} INFO - [2026-06-19T14:46:50.986+0000] {dag.py:4180} INFO - Setting next_dagrun for crypto_pipeline_dag to 2026-06-19 00:00:00+00:00, run_after=2026-06-20 00:00:00+00:00
[2026-06-19T14:46:50.999+0000] {processor.py:208} INFO - Processing /opt/airflow/dags/crypto_pipeline_dag.py took 0.068 seconds
[2026-06-19T14:47:22.357+0000] {processor.py:186} INFO - Started process (PID=2802) to work on /opt/airflow/dags/crypto_pipeline_dag.py
[2026-06-19T14:47:22.358+0000] {processor.py:914} INFO - Processing file /opt/airflow/dags/crypto_pipeline_dag.py for tasks to queue
[2026-06-19T14:47:22.360+0000] {logging_mixin.py:190} INFO - [2026-06-19T14:47:22.359+0000] {dagbag.py:588} INFO - Filling up the DagBag from /opt/airflow/dags/crypto_pipeline_dag.py
[2026-06-19T14:47:22.372+0000] {processor.py:925} INFO - DAG(s) 'crypto_pipeline_dag' retrieved from /opt/airflow/dags/crypto_pipeline_dag.py
[2026-06-19T14:47:22.391+0000] {logging_mixin.py:190} INFO - [2026-06-19T14:47:22.391+0000] {dag.py:3239} INFO - Sync 1 DAGs
[2026-06-19T14:47:22.407+0000] {logging_mixin.py:190} INFO - [2026-06-19T14:47:22.406+0000] {dag.py:4180} INFO - Setting next_dagrun for crypto_pipeline_dag to 2026-06-19 00:00:00+00:00, run_after=2026-06-20 00:00:00+00:00
[2026-06-19T14:47:22.419+0000] {processor.py:208} INFO - Processing /opt/airflow/dags/crypto_pipeline_dag.py took 0.065 seconds
[2026-06-19T14:47:53.786+0000] {processor.py:186} INFO - Started process (PID=2807) to work on /opt/airflow/dags/crypto_pipeline_dag.py
[2026-06-19T14:47:53.787+0000] {processor.py:914} INFO - Processing file /opt/airflow/dags/crypto_pipeline_dag.py for tasks to queue
[2026-06-19T14:47:53.789+0000] {logging_mixin.py:190} INFO - [2026-06-19T14:47:53.788+0000] {dagbag.py:588} INFO - Filling up the DagBag from /opt/airflow/dags/crypto_pipeline_dag.py
[2026-06-19T14:47:53.804+0000] {processor.py:925} INFO - DAG(s) 'crypto_pipeline_dag' retrieved from /opt/airflow/dags/crypto_pipeline_dag.py
[2026-06-19T14:47:53.823+0000] {logging_mixin.py:190} INFO - [2026-06-19T14:47:53.823+0000] {dag.py:3239} INFO - Sync 1 DAGs
[2026-06-19T14:47:53.839+0000] {logging_mixin.py:190} INFO - [2026-06-19T14:47:53.839+0000] {dag.py:4180} INFO - Setting next_dagrun for crypto_pipeline_dag to 2026-06-19 00:00:00+00:00, run_after=2026-06-20 00:00:00+00:00
[2026-06-19T14:47:53.852+0000] {processor.py:208} INFO - Processing /opt/airflow/dags/crypto_pipeline_dag.py took 0.070 seconds
[2026-06-19T14:48:25.204+0000] {processor.py:186} INFO - Started process (PID=2812) to work on /opt/airflow/dags/crypto_pipeline_dag.py
[2026-06-19T14:48:25.204+0000] {processor.py:914} INFO - Processing file /opt/airflow/dags/crypto_pipeline_dag.py for tasks to queue
[2026-06-19T14:48:25.206+0000] {logging_mixin.py:190} INFO - [2026-06-19T14:48:25.206+0000] {dagbag.py:588} INFO - Filling up the DagBag from /opt/airflow/dags/crypto_pipeline_dag.py
[2026-06-19T14:48:25.219+0000] {processor.py:925} INFO - DAG(s) 'crypto_pipeline_dag' retrieved from /opt/airflow/dags/crypto_pipeline_dag.py
[2026-06-19T14:48:25.238+0000] {logging_mixin.py:190} INFO - [2026-06-19T14:48:25.237+0000] {dag.py:3239} INFO - Sync 1 DAGs
[2026-06-19T14:48:25.254+0000] {logging_mixin.py:190} INFO - [2026-06-19T14:48:25.254+0000] {dag.py:4180} INFO - Setting next_dagrun for crypto_pipeline_dag to 2026-06-19 00:00:00+00:00, run_after=2026-06-20 00:00:00+00:00
[2026-06-19T14:48:25.268+0000] {processor.py:208} INFO - Processing /opt/airflow/dags/crypto_pipeline_dag.py took 0.068 seconds
[2026-06-19T14:48:55.602+0000] {processor.py:186} INFO - Started process (PID=2817) to work on /opt/airflow/dags/crypto_pipeline_dag.py
[2026-06-19T14:48:55.603+0000] {processor.py:914} INFO - Processing file /opt/airflow/dags/crypto_pipeline_dag.py for tasks to queue
[2026-06-19T14:48:55.605+0000] {logging_mixin.py:190} INFO - [2026-06-19T14:48:55.604+0000] {dagbag.py:588} INFO - Filling up the DagBag from /opt/airflow/dags/crypto_pipeline_dag.py
[2026-06-19T14:48:55.618+0000] {processor.py:925} INFO - DAG(s) 'crypto_pipeline_dag' retrieved from /opt/airflow/dags/crypto_pipeline_dag.py
[2026-06-19T14:48:55.637+0000] {logging_mixin.py:190} INFO - [2026-06-19T14:48:55.637+0000] {dag.py:3239} INFO - Sync 1 DAGs
[2026-06-19T14:48:55.654+0000] {logging_mixin.py:190} INFO - [2026-06-19T14:48:55.654+0000] {dag.py:4180} INFO - Setting next_dagrun for crypto_pipeline_dag to 2026-06-19 00:00:00+00:00, run_after=2026-06-20 00:00:00+00:00
[2026-06-19T14:48:55.667+0000] {processor.py:208} INFO - Processing /opt/airflow/dags/crypto_pipeline_dag.py took 0.069 seconds
[2026-06-19T14:49:26.996+0000] {processor.py:186} INFO - Started process (PID=2822) to work on /opt/airflow/dags/crypto_pipeline_dag.py
[2026-06-19T14:49:26.997+0000] {processor.py:914} INFO - Processing file /opt/airflow/dags/crypto_pipeline_dag.py for tasks to queue
[2026-06-19T14:49:26.999+0000] {logging_mixin.py:190} INFO - [2026-06-19T14:49:26.999+0000] {dagbag.py:588} INFO - Filling up the DagBag from /opt/airflow/dags/crypto_pipeline_dag.py
[2026-06-19T14:49:27.013+0000] {processor.py:925} INFO - DAG(s) 'crypto_pipeline_dag' retrieved from /opt/airflow/dags/crypto_pipeline_dag.py
[2026-06-19T14:49:27.033+0000] {logging_mixin.py:190} INFO - [2026-06-19T14:49:27.033+0000] {dag.py:3239} INFO - Sync 1 DAGs
[2026-06-19T14:49:27.049+0000] {logging_mixin.py:190} INFO - [2026-06-19T14:49:27.049+0000] {dag.py:4180} INFO - Setting next_dagrun for crypto_pipeline_dag to 2026-06-19 00:00:00+00:00, run_after=2026-06-20 00:00:00+00:00
[2026-06-19T14:49:27.064+0000] {processor.py:208} INFO - Processing /opt/airflow/dags/crypto_pipeline_dag.py took 0.071 seconds
[2026-06-19T14:49:58.429+0000] {processor.py:186} INFO - Started process (PID=2827) to work on /opt/airflow/dags/crypto_pipeline_dag.py
[2026-06-19T14:49:58.430+0000] {processor.py:914} INFO - Processing file /opt/airflow/dags/crypto_pipeline_dag.py for tasks to queue
[2026-06-19T14:49:58.431+0000] {logging_mixin.py:190} INFO - [2026-06-19T14:49:58.431+0000] {dagbag.py:588} INFO - Filling up the DagBag from /opt/airflow/dags/crypto_pipeline_dag.py
[2026-06-19T14:49:58.446+0000] {processor.py:925} INFO - DAG(s) 'crypto_pipeline_dag' retrieved from /opt/airflow/dags/crypto_pipeline_dag.py
[2026-06-19T14:49:58.465+0000] {logging_mixin.py:190} INFO - [2026-06-19T14:49:58.465+0000] {dag.py:3239} INFO - Sync 1 DAGs
[2026-06-19T14:49:58.482+0000] {logging_mixin.py:190} INFO - [2026-06-19T14:49:58.482+0000] {dag.py:4180} INFO - Setting next_dagrun for crypto_pipeline_dag to 2026-06-19 00:00:00+00:00, run_after=2026-06-20 00:00:00+00:00
[2026-06-19T14:49:58.497+0000] {processor.py:208} INFO - Processing /opt/airflow/dags/crypto_pipeline_dag.py took 0.072 seconds
[2026-06-19T14:50:28.859+0000] {processor.py:186} INFO - Started process (PID=2832) to work on /opt/airflow/dags/crypto_pipeline_dag.py
[2026-06-19T14:50:28.860+0000] {processor.py:914} INFO - Processing file /opt/airflow/dags/crypto_pipeline_dag.py for tasks to queue
[2026-06-19T14:50:28.863+0000] {logging_mixin.py:190} INFO - [2026-06-19T14:50:28.863+0000] {dagbag.py:588} INFO - Filling up the DagBag from /opt/airflow/dags/crypto_pipeline_dag.py
[2026-06-19T14:50:28.882+0000] {processor.py:925} INFO - DAG(s) 'crypto_pipeline_dag' retrieved from /opt/airflow/dags/crypto_pipeline_dag.py
[2026-06-19T14:50:28.905+0000] {logging_mixin.py:190} INFO - [2026-06-19T14:50:28.904+0000] {dag.py:3239} INFO - Sync 1 DAGs
[2026-06-19T14:50:28.925+0000] {logging_mixin.py:190} INFO - [2026-06-19T14:50:28.924+0000] {dag.py:4180} INFO - Setting next_dagrun for crypto_pipeline_dag to 2026-06-19 00:00:00+00:00, run_after=2026-06-20 00:00:00+00:00
[2026-06-19T14:50:28.940+0000] {processor.py:208} INFO - Processing /opt/airflow/dags/crypto_pipeline_dag.py took 0.085 seconds
[2026-06-19T14:51:00.282+0000] {processor.py:186} INFO - Started process (PID=2837) to work on /opt/airflow/dags/crypto_pipeline_dag.py
[2026-06-19T14:51:00.283+0000] {processor.py:914} INFO - Processing file /opt/airflow/dags/crypto_pipeline_dag.py for tasks to queue
[2026-06-19T14:51:00.285+0000] {logging_mixin.py:190} INFO - [2026-06-19T14:51:00.285+0000] {dagbag.py:588} INFO - Filling up the DagBag from /opt/airflow/dags/crypto_pipeline_dag.py
[2026-06-19T14:51:00.300+0000] {processor.py:925} INFO - DAG(s) 'crypto_pipeline_dag' retrieved from /opt/airflow/dags/crypto_pipeline_dag.py
[2026-06-19T14:51:00.321+0000] {logging_mixin.py:190} INFO - [2026-06-19T14:51:00.321+0000] {dag.py:3239} INFO - Sync 1 DAGs
[2026-06-19T14:51:00.338+0000] {logging_mixin.py:190} INFO - [2026-06-19T14:51:00.338+0000] {dag.py:4180} INFO - Setting next_dagrun for crypto_pipeline_dag to 2026-06-19 00:00:00+00:00, run_after=2026-06-20 00:00:00+00:00
[2026-06-19T14:51:00.351+0000] {processor.py:208} INFO - Processing /opt/airflow/dags/crypto_pipeline_dag.py took 0.073 seconds
[2026-06-19T14:51:31.754+0000] {processor.py:186} INFO - Started process (PID=2842) to work on /opt/airflow/dags/crypto_pipeline_dag.py
[2026-06-19T14:51:31.755+0000] {processor.py:914} INFO - Processing file /opt/airflow/dags/crypto_pipeline_dag.py for tasks to queue
[2026-06-19T14:51:31.757+0000] {logging_mixin.py:190} INFO - [2026-06-19T14:51:31.757+0000] {dagbag.py:588} INFO - Filling up the DagBag from /opt/airflow/dags/crypto_pipeline_dag.py
[2026-06-19T14:51:31.770+0000] {processor.py:925} INFO - DAG(s) 'crypto_pipeline_dag' retrieved from /opt/airflow/dags/crypto_pipeline_dag.py
[2026-06-19T14:51:31.788+0000] {logging_mixin.py:190} INFO - [2026-06-19T14:51:31.788+0000] {dag.py:3239} INFO - Sync 1 DAGs
[2026-06-19T14:51:31.804+0000] {logging_mixin.py:190} INFO - [2026-06-19T14:51:31.804+0000] {dag.py:4180} INFO - Setting next_dagrun for crypto_pipeline_dag to 2026-06-19 00:00:00+00:00, run_after=2026-06-20 00:00:00+00:00
[2026-06-19T14:51:31.817+0000] {processor.py:208} INFO - Processing /opt/airflow/dags/crypto_pipeline_dag.py took 0.067 seconds
[2026-06-19T14:52:03.160+0000] {processor.py:186} INFO - Started process (PID=2847) to work on /opt/airflow/dags/crypto_pipeline_dag.py
[2026-06-19T14:52:03.161+0000] {processor.py:914} INFO - Processing file /opt/airflow/dags/crypto_pipeline_dag.py for tasks to queue
[2026-06-19T14:52:03.163+0000] {logging_mixin.py:190} INFO - [2026-06-19T14:52:03.163+0000] {dagbag.py:588} INFO - Filling up the DagBag from /opt/airflow/dags/crypto_pipeline_dag.py
[2026-06-19T14:52:03.176+0000] {processor.py:925} INFO - DAG(s) 'crypto_pipeline_dag' retrieved from /opt/airflow/dags/crypto_pipeline_dag.py
[2026-06-19T14:52:03.197+0000] {logging_mixin.py:190} INFO - [2026-06-19T14:52:03.197+0000] {dag.py:3239} INFO - Sync 1 DAGs
[2026-06-19T14:52:03.214+0000] {logging_mixin.py:190} INFO - [2026-06-19T14:52:03.214+0000] {dag.py:4180} INFO - Setting next_dagrun for crypto_pipeline_dag to 2026-06-19 00:00:00+00:00, run_after=2026-06-20 00:00:00+00:00
[2026-06-19T14:52:03.227+0000] {processor.py:208} INFO - Processing /opt/airflow/dags/crypto_pipeline_dag.py took 0.071 seconds
[2026-06-19T14:52:33.564+0000] {processor.py:186} INFO - Started process (PID=2852) to work on /opt/airflow/dags/crypto_pipeline_dag.py
[2026-06-19T14:52:33.565+0000] {processor.py:914} INFO - Processing file /opt/airflow/dags/crypto_pipeline_dag.py for tasks to queue
[2026-06-19T14:52:33.567+0000] {logging_mixin.py:190} INFO - [2026-06-19T14:52:33.566+0000] {dagbag.py:588} INFO - Filling up the DagBag from /opt/airflow/dags/crypto_pipeline_dag.py
[2026-06-19T14:52:33.579+0000] {processor.py:925} INFO - DAG(s) 'crypto_pipeline_dag' retrieved from /opt/airflow/dags/crypto_pipeline_dag.py
[2026-06-19T14:52:33.599+0000] {logging_mixin.py:190} INFO - [2026-06-19T14:52:33.599+0000] {dag.py:3239} INFO - Sync 1 DAGs
[2026-06-19T14:52:33.615+0000] {logging_mixin.py:190} INFO - [2026-06-19T14:52:33.615+0000] {dag.py:4180} INFO - Setting next_dagrun for crypto_pipeline_dag to 2026-06-19 00:00:00+00:00, run_after=2026-06-20 00:00:00+00:00
[2026-06-19T14:52:33.628+0000] {processor.py:208} INFO - Processing /opt/airflow/dags/crypto_pipeline_dag.py took 0.069 seconds
[2026-06-19T14:53:04.935+0000] {processor.py:186} INFO - Started process (PID=2857) to work on /opt/airflow/dags/crypto_pipeline_dag.py
[2026-06-19T14:53:04.936+0000] {processor.py:914} INFO - Processing file /opt/airflow/dags/crypto_pipeline_dag.py for tasks to queue
[2026-06-19T14:53:04.937+0000] {logging_mixin.py:190} INFO - [2026-06-19T14:53:04.937+0000] {dagbag.py:588} INFO - Filling up the DagBag from /opt/airflow/dags/crypto_pipeline_dag.py
[2026-06-19T14:53:04.952+0000] {processor.py:925} INFO - DAG(s) 'crypto_pipeline_dag' retrieved from /opt/airflow/dags/crypto_pipeline_dag.py
[2026-06-19T14:53:04.974+0000] {logging_mixin.py:190} INFO - [2026-06-19T14:53:04.974+0000] {dag.py:3239} INFO - Sync 1 DAGs
[2026-06-19T14:53:04.991+0000] {logging_mixin.py:190} INFO - [2026-06-19T14:53:04.991+0000] {dag.py:4180} INFO - Setting next_dagrun for crypto_pipeline_dag to 2026-06-19 00:00:00+00:00, run_after=2026-06-20 00:00:00+00:00
[2026-06-19T14:53:05.004+0000] {processor.py:208} INFO - Processing /opt/airflow/dags/crypto_pipeline_dag.py took 0.073 seconds
[2026-06-19T14:53:36.405+0000] {processor.py:186} INFO - Started process (PID=2862) to work on /opt/airflow/dags/crypto_pipeline_dag.py
[2026-06-19T14:53:36.406+0000] {processor.py:914} INFO - Processing file /opt/airflow/dags/crypto_pipeline_dag.py for tasks to queue
[2026-06-19T14:53:36.408+0000] {logging_mixin.py:190} INFO - [2026-06-19T14:53:36.407+0000] {dagbag.py:588} INFO - Filling up the DagBag from /opt/airflow/dags/crypto_pipeline_dag.py
[2026-06-19T14:53:36.423+0000] {processor.py:925} INFO - DAG(s) 'crypto_pipeline_dag' retrieved from /opt/airflow/dags/crypto_pipeline_dag.py
[2026-06-19T14:53:36.444+0000] {logging_mixin.py:190} INFO - [2026-06-19T14:53:36.444+0000] {dag.py:3239} INFO - Sync 1 DAGs
[2026-06-19T14:53:36.467+0000] {logging_mixin.py:190} INFO - [2026-06-19T14:53:36.467+0000] {dag.py:4180} INFO - Setting next_dagrun for crypto_pipeline_dag to 2026-06-19 00:00:00+00:00, run_after=2026-06-20 00:00:00+00:00
[2026-06-19T14:53:36.481+0000] {processor.py:208} INFO - Processing /opt/airflow/dags/crypto_pipeline_dag.py took 0.080 seconds
[2026-06-19T14:54:07.782+0000] {processor.py:186} INFO - Started process (PID=2867) to work on /opt/airflow/dags/crypto_pipeline_dag.py
[2026-06-19T14:54:07.782+0000] {processor.py:914} INFO - Processing file /opt/airflow/dags/crypto_pipeline_dag.py for tasks to queue
[2026-06-19T14:54:07.784+0000] {logging_mixin.py:190} INFO - [2026-06-19T14:54:07.784+0000] {dagbag.py:588} INFO - Filling up the DagBag from /opt/airflow/dags/crypto_pipeline_dag.py
[2026-06-19T14:54:07.796+0000] {processor.py:925} INFO - DAG(s) 'crypto_pipeline_dag' retrieved from /opt/airflow/dags/crypto_pipeline_dag.py
[2026-06-19T14:54:07.816+0000] {logging_mixin.py:190} INFO - [2026-06-19T14:54:07.816+0000] {dag.py:3239} INFO - Sync 1 DAGs
[2026-06-19T14:54:07.834+0000] {logging_mixin.py:190} INFO - [2026-06-19T14:54:07.834+0000] {dag.py:4180} INFO - Setting next_dagrun for crypto_pipeline_dag to 2026-06-19 00:00:00+00:00, run_after=2026-06-20 00:00:00+00:00
[2026-06-19T14:54:07.849+0000] {processor.py:208} INFO - Processing /opt/airflow/dags/crypto_pipeline_dag.py took 0.072 seconds
[2026-06-19T14:54:38.264+0000] {processor.py:186} INFO - Started process (PID=2872) to work on /opt/airflow/dags/crypto_pipeline_dag.py
[2026-06-19T14:54:38.265+0000] {processor.py:914} INFO - Processing file /opt/airflow/dags/crypto_pipeline_dag.py for tasks to queue
[2026-06-19T14:54:38.266+0000] {logging_mixin.py:190} INFO - [2026-06-19T14:54:38.266+0000] {dagbag.py:588} INFO - Filling up the DagBag from /opt/airflow/dags/crypto_pipeline_dag.py
[2026-06-19T14:54:38.280+0000] {processor.py:925} INFO - DAG(s) 'crypto_pipeline_dag' retrieved from /opt/airflow/dags/crypto_pipeline_dag.py
[2026-06-19T14:54:38.300+0000] {logging_mixin.py:190} INFO - [2026-06-19T14:54:38.300+0000] {dag.py:3239} INFO - Sync 1 DAGs
[2026-06-19T14:54:38.317+0000] {logging_mixin.py:190} INFO - [2026-06-19T14:54:38.317+0000] {dag.py:4180} INFO - Setting next_dagrun for crypto_pipeline_dag to 2026-06-19 00:00:00+00:00, run_after=2026-06-20 00:00:00+00:00
[2026-06-19T14:54:38.331+0000] {processor.py:208} INFO - Processing /opt/airflow/dags/crypto_pipeline_dag.py took 0.071 seconds
[2026-06-19T14:55:09.593+0000] {processor.py:186} INFO - Started process (PID=2877) to work on /opt/airflow/dags/crypto_pipeline_dag.py
[2026-06-19T14:55:09.594+0000] {processor.py:914} INFO - Processing file /opt/airflow/dags/crypto_pipeline_dag.py for tasks to queue
[2026-06-19T14:55:09.595+0000] {logging_mixin.py:190} INFO - [2026-06-19T14:55:09.595+0000] {dagbag.py:588} INFO - Filling up the DagBag from /opt/airflow/dags/crypto_pipeline_dag.py
[2026-06-19T14:55:09.608+0000] {processor.py:925} INFO - DAG(s) 'crypto_pipeline_dag' retrieved from /opt/airflow/dags/crypto_pipeline_dag.py
[2026-06-19T14:55:09.635+0000] {logging_mixin.py:190} INFO - [2026-06-19T14:55:09.635+0000] {dag.py:3239} INFO - Sync 1 DAGs
[2026-06-19T14:55:09.652+0000] {logging_mixin.py:190} INFO - [2026-06-19T14:55:09.651+0000] {dag.py:4180} INFO - Setting next_dagrun for crypto_pipeline_dag to 2026-06-19 00:00:00+00:00, run_after=2026-06-20 00:00:00+00:00
[2026-06-19T14:55:09.667+0000] {processor.py:208} INFO - Processing /opt/airflow/dags/crypto_pipeline_dag.py took 0.078 seconds
[2026-06-19T14:55:41.027+0000] {processor.py:186} INFO - Started process (PID=2882) to work on /opt/airflow/dags/crypto_pipeline_dag.py
[2026-06-19T14:55:41.028+0000] {processor.py:914} INFO - Processing file /opt/airflow/dags/crypto_pipeline_dag.py for tasks to queue
[2026-06-19T14:55:41.030+0000] {logging_mixin.py:190} INFO - [2026-06-19T14:55:41.030+0000] {dagbag.py:588} INFO - Filling up the DagBag from /opt/airflow/dags/crypto_pipeline_dag.py
[2026-06-19T14:55:41.042+0000] {processor.py:925} INFO - DAG(s) 'crypto_pipeline_dag' retrieved from /opt/airflow/dags/crypto_pipeline_dag.py
[2026-06-19T14:55:41.061+0000] {logging_mixin.py:190} INFO - [2026-06-19T14:55:41.061+0000] {dag.py:3239} INFO - Sync 1 DAGs
[2026-06-19T14:55:41.077+0000] {logging_mixin.py:190} INFO - [2026-06-19T14:55:41.077+0000] {dag.py:4180} INFO - Setting next_dagrun for crypto_pipeline_dag to 2026-06-19 00:00:00+00:00, run_after=2026-06-20 00:00:00+00:00
[2026-06-19T14:55:41.091+0000] {processor.py:208} INFO - Processing /opt/airflow/dags/crypto_pipeline_dag.py took 0.068 seconds
[2026-06-19T14:56:12.439+0000] {processor.py:186} INFO - Started process (PID=2887) to work on /opt/airflow/dags/crypto_pipeline_dag.py
[2026-06-19T14:56:12.440+0000] {processor.py:914} INFO - Processing file /opt/airflow/dags/crypto_pipeline_dag.py for tasks to queue
[2026-06-19T14:56:12.441+0000] {logging_mixin.py:190} INFO - [2026-06-19T14:56:12.441+0000] {dagbag.py:588} INFO - Filling up the DagBag from /opt/airflow/dags/crypto_pipeline_dag.py
[2026-06-19T14:56:12.454+0000] {processor.py:925} INFO - DAG(s) 'crypto_pipeline_dag' retrieved from /opt/airflow/dags/crypto_pipeline_dag.py
[2026-06-19T14:56:12.474+0000] {logging_mixin.py:190} INFO - [2026-06-19T14:56:12.474+0000] {dag.py:3239} INFO - Sync 1 DAGs
[2026-06-19T14:56:12.490+0000] {logging_mixin.py:190} INFO - [2026-06-19T14:56:12.490+0000] {dag.py:4180} INFO - Setting next_dagrun for crypto_pipeline_dag to 2026-06-19 00:00:00+00:00, run_after=2026-06-20 00:00:00+00:00
[2026-06-19T14:56:12.504+0000] {processor.py:208} INFO - Processing /opt/airflow/dags/crypto_pipeline_dag.py took 0.069 seconds
[2026-06-19T14:56:42.856+0000] {processor.py:186} INFO - Started process (PID=2892) to work on /opt/airflow/dags/crypto_pipeline_dag.py
[2026-06-19T14:56:42.857+0000] {processor.py:914} INFO - Processing file /opt/airflow/dags/crypto_pipeline_dag.py for tasks to queue
[2026-06-19T14:56:42.859+0000] {logging_mixin.py:190} INFO - [2026-06-19T14:56:42.858+0000] {dagbag.py:588} INFO - Filling up the DagBag from /opt/airflow/dags/crypto_pipeline_dag.py
[2026-06-19T14:56:42.874+0000] {processor.py:925} INFO - DAG(s) 'crypto_pipeline_dag' retrieved from /opt/airflow/dags/crypto_pipeline_dag.py
[2026-06-19T14:56:42.897+0000] {logging_mixin.py:190} INFO - [2026-06-19T14:56:42.897+0000] {dag.py:3239} INFO - Sync 1 DAGs
[2026-06-19T14:56:42.912+0000] {logging_mixin.py:190} INFO - [2026-06-19T14:56:42.912+0000] {dag.py:4180} INFO - Setting next_dagrun for crypto_pipeline_dag to 2026-06-19 00:00:00+00:00, run_after=2026-06-20 00:00:00+00:00
[2026-06-19T14:56:42.924+0000] {processor.py:208} INFO - Processing /opt/airflow/dags/crypto_pipeline_dag.py took 0.074 seconds
[2026-06-19T14:57:14.326+0000] {processor.py:186} INFO - Started process (PID=2897) to work on /opt/airflow/dags/crypto_pipeline_dag.py
[2026-06-19T14:57:14.326+0000] {processor.py:914} INFO - Processing file /opt/airflow/dags/crypto_pipeline_dag.py for tasks to queue
[2026-06-19T14:57:14.328+0000] {logging_mixin.py:190} INFO - [2026-06-19T14:57:14.328+0000] {dagbag.py:588} INFO - Filling up the DagBag from /opt/airflow/dags/crypto_pipeline_dag.py
[2026-06-19T14:57:14.339+0000] {processor.py:925} INFO - DAG(s) 'crypto_pipeline_dag' retrieved from /opt/airflow/dags/crypto_pipeline_dag.py
[2026-06-19T14:57:14.357+0000] {logging_mixin.py:190} INFO - [2026-06-19T14:57:14.357+0000] {dag.py:3239} INFO - Sync 1 DAGs
[2026-06-19T14:57:14.374+0000] {logging_mixin.py:190} INFO - [2026-06-19T14:57:14.374+0000] {dag.py:4180} INFO - Setting next_dagrun for crypto_pipeline_dag to 2026-06-19 00:00:00+00:00, run_after=2026-06-20 00:00:00+00:00
[2026-06-19T14:57:14.385+0000] {processor.py:208} INFO - Processing /opt/airflow/dags/crypto_pipeline_dag.py took 0.063 seconds
[2026-06-19T14:57:45.684+0000] {processor.py:186} INFO - Started process (PID=2902) to work on /opt/airflow/dags/crypto_pipeline_dag.py
[2026-06-19T14:57:45.685+0000] {processor.py:914} INFO - Processing file /opt/airflow/dags/crypto_pipeline_dag.py for tasks to queue
[2026-06-19T14:57:45.686+0000] {logging_mixin.py:190} INFO - [2026-06-19T14:57:45.686+0000] {dagbag.py:588} INFO - Filling up the DagBag from /opt/airflow/dags/crypto_pipeline_dag.py
[2026-06-19T14:57:45.698+0000] {processor.py:925} INFO - DAG(s) 'crypto_pipeline_dag' retrieved from /opt/airflow/dags/crypto_pipeline_dag.py
[2026-06-19T14:57:45.717+0000] {logging_mixin.py:190} INFO - [2026-06-19T14:57:45.717+0000] {dag.py:3239} INFO - Sync 1 DAGs
[2026-06-19T14:57:45.733+0000] {logging_mixin.py:190} INFO - [2026-06-19T14:57:45.733+0000] {dag.py:4180} INFO - Setting next_dagrun for crypto_pipeline_dag to 2026-06-19 00:00:00+00:00, run_after=2026-06-20 00:00:00+00:00
[2026-06-19T14:57:45.745+0000] {processor.py:208} INFO - Processing /opt/airflow/dags/crypto_pipeline_dag.py took 0.065 seconds
[2026-06-19T14:58:16.144+0000] {processor.py:186} INFO - Started process (PID=2907) to work on /opt/airflow/dags/crypto_pipeline_dag.py
[2026-06-19T14:58:16.145+0000] {processor.py:914} INFO - Processing file /opt/airflow/dags/crypto_pipeline_dag.py for tasks to queue
[2026-06-19T14:58:16.147+0000] {logging_mixin.py:190} INFO - [2026-06-19T14:58:16.147+0000] {dagbag.py:588} INFO - Filling up the DagBag from /opt/airflow/dags/crypto_pipeline_dag.py
[2026-06-19T14:58:16.161+0000] {processor.py:925} INFO - DAG(s) 'crypto_pipeline_dag' retrieved from /opt/airflow/dags/crypto_pipeline_dag.py
[2026-06-19T14:58:16.180+0000] {logging_mixin.py:190} INFO - [2026-06-19T14:58:16.180+0000] {dag.py:3239} INFO - Sync 1 DAGs
[2026-06-19T14:58:16.195+0000] {logging_mixin.py:190} INFO - [2026-06-19T14:58:16.195+0000] {dag.py:4180} INFO - Setting next_dagrun for crypto_pipeline_dag to 2026-06-19 00:00:00+00:00, run_after=2026-06-20 00:00:00+00:00
[2026-06-19T14:58:16.208+0000] {processor.py:208} INFO - Processing /opt/airflow/dags/crypto_pipeline_dag.py took 0.068 seconds
[2026-06-19T14:58:47.588+0000] {processor.py:186} INFO - Started process (PID=2912) to work on /opt/airflow/dags/crypto_pipeline_dag.py
[2026-06-19T14:58:47.589+0000] {processor.py:914} INFO - Processing file /opt/airflow/dags/crypto_pipeline_dag.py for tasks to queue
[2026-06-19T14:58:47.590+0000] {logging_mixin.py:190} INFO - [2026-06-19T14:58:47.590+0000] {dagbag.py:588} INFO - Filling up the DagBag from /opt/airflow/dags/crypto_pipeline_dag.py
[2026-06-19T14:58:47.602+0000] {processor.py:925} INFO - DAG(s) 'crypto_pipeline_dag' retrieved from /opt/airflow/dags/crypto_pipeline_dag.py
[2026-06-19T14:58:47.623+0000] {logging_mixin.py:190} INFO - [2026-06-19T14:58:47.623+0000] {dag.py:3239} INFO - Sync 1 DAGs
[2026-06-19T14:58:47.643+0000] {logging_mixin.py:190} INFO - [2026-06-19T14:58:47.643+0000] {dag.py:4180} INFO - Setting next_dagrun for crypto_pipeline_dag to 2026-06-19 00:00:00+00:00, run_after=2026-06-20 00:00:00+00:00
[2026-06-19T14:58:47.660+0000] {processor.py:208} INFO - Processing /opt/airflow/dags/crypto_pipeline_dag.py took 0.076 seconds
[2026-06-19T14:59:19.100+0000] {processor.py:186} INFO - Started process (PID=2917) to work on /opt/airflow/dags/crypto_pipeline_dag.py
[2026-06-19T14:59:19.101+0000] {processor.py:914} INFO - Processing file /opt/airflow/dags/crypto_pipeline_dag.py for tasks to queue
[2026-06-19T14:59:19.102+0000] {logging_mixin.py:190} INFO - [2026-06-19T14:59:19.102+0000] {dagbag.py:588} INFO - Filling up the DagBag from /opt/airflow/dags/crypto_pipeline_dag.py
[2026-06-19T14:59:19.117+0000] {processor.py:925} INFO - DAG(s) 'crypto_pipeline_dag' retrieved from /opt/airflow/dags/crypto_pipeline_dag.py
[2026-06-19T14:59:19.135+0000] {logging_mixin.py:190} INFO - [2026-06-19T14:59:19.135+0000] {dag.py:3239} INFO - Sync 1 DAGs
[2026-06-19T14:59:19.150+0000] {logging_mixin.py:190} INFO - [2026-06-19T14:59:19.150+0000] {dag.py:4180} INFO - Setting next_dagrun for crypto_pipeline_dag to 2026-06-19 00:00:00+00:00, run_after=2026-06-20 00:00:00+00:00
[2026-06-19T14:59:19.164+0000] {processor.py:208} INFO - Processing /opt/airflow/dags/crypto_pipeline_dag.py took 0.068 seconds
[2026-06-19T14:59:50.542+0000] {processor.py:186} INFO - Started process (PID=2922) to work on /opt/airflow/dags/crypto_pipeline_dag.py
[2026-06-19T14:59:50.543+0000] {processor.py:914} INFO - Processing file /opt/airflow/dags/crypto_pipeline_dag.py for tasks to queue
[2026-06-19T14:59:50.545+0000] {logging_mixin.py:190} INFO - [2026-06-19T14:59:50.545+0000] {dagbag.py:588} INFO - Filling up the DagBag from /opt/airflow/dags/crypto_pipeline_dag.py
[2026-06-19T14:59:50.559+0000] {processor.py:925} INFO - DAG(s) 'crypto_pipeline_dag' retrieved from /opt/airflow/dags/crypto_pipeline_dag.py
[2026-06-19T14:59:50.579+0000] {logging_mixin.py:190} INFO - [2026-06-19T14:59:50.579+0000] {dag.py:3239} INFO - Sync 1 DAGs
[2026-06-19T14:59:50.594+0000] {logging_mixin.py:190} INFO - [2026-06-19T14:59:50.594+0000] {dag.py:4180} INFO - Setting next_dagrun for crypto_pipeline_dag to 2026-06-19 00:00:00+00:00, run_after=2026-06-20 00:00:00+00:00
[2026-06-19T14:59:50.608+0000] {processor.py:208} INFO - Processing /opt/airflow/dags/crypto_pipeline_dag.py took 0.069 seconds
[2026-06-19T15:00:20.990+0000] {processor.py:186} INFO - Started process (PID=2927) to work on /opt/airflow/dags/crypto_pipeline_dag.py
[2026-06-19T15:00:20.991+0000] {processor.py:914} INFO - Processing file /opt/airflow/dags/crypto_pipeline_dag.py for tasks to queue
[2026-06-19T15:00:20.993+0000] {logging_mixin.py:190} INFO - [2026-06-19T15:00:20.993+0000] {dagbag.py:588} INFO - Filling up the DagBag from /opt/airflow/dags/crypto_pipeline_dag.py
[2026-06-19T15:00:21.006+0000] {processor.py:925} INFO - DAG(s) 'crypto_pipeline_dag' retrieved from /opt/airflow/dags/crypto_pipeline_dag.py
[2026-06-19T15:00:21.025+0000] {logging_mixin.py:190} INFO - [2026-06-19T15:00:21.025+0000] {dag.py:3239} INFO - Sync 1 DAGs
[2026-06-19T15:00:21.040+0000] {logging_mixin.py:190} INFO - [2026-06-19T15:00:21.040+0000] {dag.py:4180} INFO - Setting next_dagrun for crypto_pipeline_dag to 2026-06-19 00:00:00+00:00, run_after=2026-06-20 00:00:00+00:00
[2026-06-19T15:00:21.053+0000] {processor.py:208} INFO - Processing /opt/airflow/dags/crypto_pipeline_dag.py took 0.067 seconds
[2026-06-19T15:00:52.482+0000] {processor.py:186} INFO - Started process (PID=2932) to work on /opt/airflow/dags/crypto_pipeline_dag.py
[2026-06-19T15:00:52.483+0000] {processor.py:914} INFO - Processing file /opt/airflow/dags/crypto_pipeline_dag.py for tasks to queue
[2026-06-19T15:00:52.484+0000] {logging_mixin.py:190} INFO - [2026-06-19T15:00:52.484+0000] {dagbag.py:588} INFO - Filling up the DagBag from /opt/airflow/dags/crypto_pipeline_dag.py
[2026-06-19T15:00:52.498+0000] {processor.py:925} INFO - DAG(s) 'crypto_pipeline_dag' retrieved from /opt/airflow/dags/crypto_pipeline_dag.py
[2026-06-19T15:00:52.516+0000] {logging_mixin.py:190} INFO - [2026-06-19T15:00:52.516+0000] {dag.py:3239} INFO - Sync 1 DAGs
[2026-06-19T15:00:52.532+0000] {logging_mixin.py:190} INFO - [2026-06-19T15:00:52.532+0000] {dag.py:4180} INFO - Setting next_dagrun for crypto_pipeline_dag to 2026-06-19 00:00:00+00:00, run_after=2026-06-20 00:00:00+00:00
[2026-06-19T15:00:52.544+0000] {processor.py:208} INFO - Processing /opt/airflow/dags/crypto_pipeline_dag.py took 0.066 seconds
[2026-06-19T15:01:23.933+0000] {processor.py:186} INFO - Started process (PID=2937) to work on /opt/airflow/dags/crypto_pipeline_dag.py
[2026-06-19T15:01:23.934+0000] {processor.py:914} INFO - Processing file /opt/airflow/dags/crypto_pipeline_dag.py for tasks to queue
[2026-06-19T15:01:23.935+0000] {logging_mixin.py:190} INFO - [2026-06-19T15:01:23.935+0000] {dagbag.py:588} INFO - Filling up the DagBag from /opt/airflow/dags/crypto_pipeline_dag.py
[2026-06-19T15:01:23.950+0000] {processor.py:925} INFO - DAG(s) 'crypto_pipeline_dag' retrieved from /opt/airflow/dags/crypto_pipeline_dag.py
[2026-06-19T15:01:23.969+0000] {logging_mixin.py:190} INFO - [2026-06-19T15:01:23.969+0000] {dag.py:3239} INFO - Sync 1 DAGs
[2026-06-19T15:01:23.985+0000] {logging_mixin.py:190} INFO - [2026-06-19T15:01:23.985+0000] {dag.py:4180} INFO - Setting next_dagrun for crypto_pipeline_dag to 2026-06-19 00:00:00+00:00, run_after=2026-06-20 00:00:00+00:00
[2026-06-19T15:01:23.998+0000] {processor.py:208} INFO - Processing /opt/airflow/dags/crypto_pipeline_dag.py took 0.068 seconds
[2026-06-19T15:01:54.360+0000] {processor.py:186} INFO - Started process (PID=2942) to work on /opt/airflow/dags/crypto_pipeline_dag.py
[2026-06-19T15:01:54.361+0000] {processor.py:914} INFO - Processing file /opt/airflow/dags/crypto_pipeline_dag.py for tasks to queue
[2026-06-19T15:01:54.363+0000] {logging_mixin.py:190} INFO - [2026-06-19T15:01:54.363+0000] {dagbag.py:588} INFO - Filling up the DagBag from /opt/airflow/dags/crypto_pipeline_dag.py
[2026-06-19T15:01:54.375+0000] {processor.py:925} INFO - DAG(s) 'crypto_pipeline_dag' retrieved from /opt/airflow/dags/crypto_pipeline_dag.py
[2026-06-19T15:01:54.394+0000] {logging_mixin.py:190} INFO - [2026-06-19T15:01:54.394+0000] {dag.py:3239} INFO - Sync 1 DAGs
[2026-06-19T15:01:54.409+0000] {logging_mixin.py:190} INFO - [2026-06-19T15:01:54.409+0000] {dag.py:4180} INFO - Setting next_dagrun for crypto_pipeline_dag to 2026-06-19 00:00:00+00:00, run_after=2026-06-20 00:00:00+00:00
[2026-06-19T15:01:54.422+0000] {processor.py:208} INFO - Processing /opt/airflow/dags/crypto_pipeline_dag.py took 0.065 seconds
[2026-06-19T15:02:25.754+0000] {processor.py:186} INFO - Started process (PID=2947) to work on /opt/airflow/dags/crypto_pipeline_dag.py
[2026-06-19T15:02:25.755+0000] {processor.py:914} INFO - Processing file /opt/airflow/dags/crypto_pipeline_dag.py for tasks to queue
[2026-06-19T15:02:25.757+0000] {logging_mixin.py:190} INFO - [2026-06-19T15:02:25.756+0000] {dagbag.py:588} INFO - Filling up the DagBag from /opt/airflow/dags/crypto_pipeline_dag.py
[2026-06-19T15:02:25.772+0000] {processor.py:925} INFO - DAG(s) 'crypto_pipeline_dag' retrieved from /opt/airflow/dags/crypto_pipeline_dag.py
[2026-06-19T15:02:25.791+0000] {logging_mixin.py:190} INFO - [2026-06-19T15:02:25.791+0000] {dag.py:3239} INFO - Sync 1 DAGs
[2026-06-19T15:02:25.807+0000] {logging_mixin.py:190} INFO - [2026-06-19T15:02:25.807+0000] {dag.py:4180} INFO - Setting next_dagrun for crypto_pipeline_dag to 2026-06-19 00:00:00+00:00, run_after=2026-06-20 00:00:00+00:00
[2026-06-19T15:02:25.821+0000] {processor.py:208} INFO - Processing /opt/airflow/dags/crypto_pipeline_dag.py took 0.071 seconds
[2026-06-19T15:02:57.211+0000] {processor.py:186} INFO - Started process (PID=2952) to work on /opt/airflow/dags/crypto_pipeline_dag.py
[2026-06-19T15:02:57.212+0000] {processor.py:914} INFO - Processing file /opt/airflow/dags/crypto_pipeline_dag.py for tasks to queue
[2026-06-19T15:02:57.214+0000] {logging_mixin.py:190} INFO - [2026-06-19T15:02:57.213+0000] {dagbag.py:588} INFO - Filling up the DagBag from /opt/airflow/dags/crypto_pipeline_dag.py
[2026-06-19T15:02:57.228+0000] {processor.py:925} INFO - DAG(s) 'crypto_pipeline_dag' retrieved from /opt/airflow/dags/crypto_pipeline_dag.py
[2026-06-19T15:02:57.247+0000] {logging_mixin.py:190} INFO - [2026-06-19T15:02:57.247+0000] {dag.py:3239} INFO - Sync 1 DAGs
[2026-06-19T15:02:57.263+0000] {logging_mixin.py:190} INFO - [2026-06-19T15:02:57.263+0000] {dag.py:4180} INFO - Setting next_dagrun for crypto_pipeline_dag to 2026-06-19 00:00:00+00:00, run_after=2026-06-20 00:00:00+00:00
[2026-06-19T15:02:57.277+0000] {processor.py:208} INFO - Processing /opt/airflow/dags/crypto_pipeline_dag.py took 0.072 seconds
[2026-06-19T15:09:53.909+0000] {processor.py:186} INFO - Started process (PID=2957) to work on /opt/airflow/dags/crypto_pipeline_dag.py
[2026-06-19T15:09:53.910+0000] {processor.py:914} INFO - Processing file /opt/airflow/dags/crypto_pipeline_dag.py for tasks to queue
[2026-06-19T15:09:53.914+0000] {logging_mixin.py:190} INFO - [2026-06-19T15:09:53.913+0000] {dagbag.py:588} INFO - Filling up the DagBag from /opt/airflow/dags/crypto_pipeline_dag.py
[2026-06-19T15:09:53.946+0000] {processor.py:925} INFO - DAG(s) 'crypto_pipeline_dag' retrieved from /opt/airflow/dags/crypto_pipeline_dag.py
[2026-06-19T15:09:53.977+0000] {logging_mixin.py:190} INFO - [2026-06-19T15:09:53.976+0000] {dag.py:3239} INFO - Sync 1 DAGs
[2026-06-19T15:09:54.003+0000] {logging_mixin.py:190} INFO - [2026-06-19T15:09:54.003+0000] {dag.py:4180} INFO - Setting next_dagrun for crypto_pipeline_dag to 2026-06-19 00:00:00+00:00, run_after=2026-06-20 00:00:00+00:00
[2026-06-19T15:09:54.029+0000] {processor.py:208} INFO - Processing /opt/airflow/dags/crypto_pipeline_dag.py took 0.126 seconds
[2026-06-19T15:10:25.528+0000] {processor.py:186} INFO - Started process (PID=2962) to work on /opt/airflow/dags/crypto_pipeline_dag.py
[2026-06-19T15:10:25.529+0000] {processor.py:914} INFO - Processing file /opt/airflow/dags/crypto_pipeline_dag.py for tasks to queue
[2026-06-19T15:10:25.530+0000] {logging_mixin.py:190} INFO - [2026-06-19T15:10:25.530+0000] {dagbag.py:588} INFO - Filling up the DagBag from /opt/airflow/dags/crypto_pipeline_dag.py
[2026-06-19T15:10:25.544+0000] {processor.py:925} INFO - DAG(s) 'crypto_pipeline_dag' retrieved from /opt/airflow/dags/crypto_pipeline_dag.py
[2026-06-19T15:10:25.565+0000] {logging_mixin.py:190} INFO - [2026-06-19T15:10:25.564+0000] {dag.py:3239} INFO - Sync 1 DAGs
[2026-06-19T15:10:25.588+0000] {logging_mixin.py:190} INFO - [2026-06-19T15:10:25.588+0000] {dag.py:4180} INFO - Setting next_dagrun for crypto_pipeline_dag to 2026-06-19 00:00:00+00:00, run_after=2026-06-20 00:00:00+00:00
[2026-06-19T15:10:25.601+0000] {processor.py:208} INFO - Processing /opt/airflow/dags/crypto_pipeline_dag.py took 0.077 seconds
[2026-06-19T15:10:56.016+0000] {processor.py:186} INFO - Started process (PID=2967) to work on /opt/airflow/dags/crypto_pipeline_dag.py
[2026-06-19T15:10:56.017+0000] {processor.py:914} INFO - Processing file /opt/airflow/dags/crypto_pipeline_dag.py for tasks to queue
[2026-06-19T15:10:56.019+0000] {logging_mixin.py:190} INFO - [2026-06-19T15:10:56.019+0000] {dagbag.py:588} INFO - Filling up the DagBag from /opt/airflow/dags/crypto_pipeline_dag.py
[2026-06-19T15:10:56.033+0000] {processor.py:925} INFO - DAG(s) 'crypto_pipeline_dag' retrieved from /opt/airflow/dags/crypto_pipeline_dag.py
[2026-06-19T15:10:56.058+0000] {logging_mixin.py:190} INFO - [2026-06-19T15:10:56.058+0000] {dag.py:3239} INFO - Sync 1 DAGs
[2026-06-19T15:10:56.074+0000] {logging_mixin.py:190} INFO - [2026-06-19T15:10:56.074+0000] {dag.py:4180} INFO - Setting next_dagrun for crypto_pipeline_dag to 2026-06-19 00:00:00+00:00, run_after=2026-06-20 00:00:00+00:00
[2026-06-19T15:10:56.085+0000] {processor.py:208} INFO - Processing /opt/airflow/dags/crypto_pipeline_dag.py took 0.073 seconds
[2026-06-19T15:11:26.762+0000] {processor.py:186} INFO - Started process (PID=2972) to work on /opt/airflow/dags/crypto_pipeline_dag.py
[2026-06-19T15:11:26.763+0000] {processor.py:914} INFO - Processing file /opt/airflow/dags/crypto_pipeline_dag.py for tasks to queue
[2026-06-19T15:11:26.765+0000] {logging_mixin.py:190} INFO - [2026-06-19T15:11:26.764+0000] {dagbag.py:588} INFO - Filling up the DagBag from /opt/airflow/dags/crypto_pipeline_dag.py
[2026-06-19T15:11:26.778+0000] {processor.py:925} INFO - DAG(s) 'crypto_pipeline_dag' retrieved from /opt/airflow/dags/crypto_pipeline_dag.py
[2026-06-19T15:11:26.797+0000] {logging_mixin.py:190} INFO - [2026-06-19T15:11:26.797+0000] {dag.py:3239} INFO - Sync 1 DAGs
[2026-06-19T15:11:26.812+0000] {logging_mixin.py:190} INFO - [2026-06-19T15:11:26.812+0000] {dag.py:4180} INFO - Setting next_dagrun for crypto_pipeline_dag to 2026-06-19 00:00:00+00:00, run_after=2026-06-20 00:00:00+00:00
[2026-06-19T15:11:26.824+0000] {processor.py:208} INFO - Processing /opt/airflow/dags/crypto_pipeline_dag.py took 0.066 seconds
[2026-06-19T15:11:57.776+0000] {processor.py:186} INFO - Started process (PID=2977) to work on /opt/airflow/dags/crypto_pipeline_dag.py
[2026-06-19T15:11:57.777+0000] {processor.py:914} INFO - Processing file /opt/airflow/dags/crypto_pipeline_dag.py for tasks to queue
[2026-06-19T15:11:57.779+0000] {logging_mixin.py:190} INFO - [2026-06-19T15:11:57.778+0000] {dagbag.py:588} INFO - Filling up the DagBag from /opt/airflow/dags/crypto_pipeline_dag.py
[2026-06-19T15:11:57.793+0000] {processor.py:925} INFO - DAG(s) 'crypto_pipeline_dag' retrieved from /opt/airflow/dags/crypto_pipeline_dag.py
[2026-06-19T15:11:57.811+0000] {logging_mixin.py:190} INFO - [2026-06-19T15:11:57.811+0000] {dag.py:3239} INFO - Sync 1 DAGs
[2026-06-19T15:11:57.828+0000] {logging_mixin.py:190} INFO - [2026-06-19T15:11:57.828+0000] {dag.py:4180} INFO - Setting next_dagrun for crypto_pipeline_dag to 2026-06-19 00:00:00+00:00, run_after=2026-06-20 00:00:00+00:00
[2026-06-19T15:11:57.842+0000] {processor.py:208} INFO - Processing /opt/airflow/dags/crypto_pipeline_dag.py took 0.070 seconds
[2026-06-19T15:12:28.741+0000] {processor.py:186} INFO - Started process (PID=2982) to work on /opt/airflow/dags/crypto_pipeline_dag.py
[2026-06-19T15:12:28.741+0000] {processor.py:914} INFO - Processing file /opt/airflow/dags/crypto_pipeline_dag.py for tasks to queue
[2026-06-19T15:12:28.743+0000] {logging_mixin.py:190} INFO - [2026-06-19T15:12:28.743+0000] {dagbag.py:588} INFO - Filling up the DagBag from /opt/airflow/dags/crypto_pipeline_dag.py
[2026-06-19T15:12:28.759+0000] {processor.py:925} INFO - DAG(s) 'crypto_pipeline_dag' retrieved from /opt/airflow/dags/crypto_pipeline_dag.py
[2026-06-19T15:12:28.779+0000] {logging_mixin.py:190} INFO - [2026-06-19T15:12:28.779+0000] {dag.py:3239} INFO - Sync 1 DAGs
[2026-06-19T15:12:28.797+0000] {logging_mixin.py:190} INFO - [2026-06-19T15:12:28.797+0000] {dag.py:4180} INFO - Setting next_dagrun for crypto_pipeline_dag to 2026-06-19 00:00:00+00:00, run_after=2026-06-20 00:00:00+00:00
[2026-06-19T15:12:28.810+0000] {processor.py:208} INFO - Processing /opt/airflow/dags/crypto_pipeline_dag.py took 0.074 seconds
[2026-06-19T15:12:59.581+0000] {processor.py:186} INFO - Started process (PID=2987) to work on /opt/airflow/dags/crypto_pipeline_dag.py
[2026-06-19T15:12:59.582+0000] {processor.py:914} INFO - Processing file /opt/airflow/dags/crypto_pipeline_dag.py for tasks to queue
[2026-06-19T15:12:59.584+0000] {logging_mixin.py:190} INFO - [2026-06-19T15:12:59.584+0000] {dagbag.py:588} INFO - Filling up the DagBag from /opt/airflow/dags/crypto_pipeline_dag.py
[2026-06-19T15:12:59.595+0000] {processor.py:925} INFO - DAG(s) 'crypto_pipeline_dag' retrieved from /opt/airflow/dags/crypto_pipeline_dag.py
[2026-06-19T15:12:59.612+0000] {logging_mixin.py:190} INFO - [2026-06-19T15:12:59.612+0000] {dag.py:3239} INFO - Sync 1 DAGs
[2026-06-19T15:12:59.629+0000] {logging_mixin.py:190} INFO - [2026-06-19T15:12:59.629+0000] {dag.py:4180} INFO - Setting next_dagrun for crypto_pipeline_dag to 2026-06-19 00:00:00+00:00, run_after=2026-06-20 00:00:00+00:00
[2026-06-19T15:12:59.642+0000] {processor.py:208} INFO - Processing /opt/airflow/dags/crypto_pipeline_dag.py took 0.065 seconds
[2026-06-19T15:13:30.451+0000] {processor.py:186} INFO - Started process (PID=2992) to work on /opt/airflow/dags/crypto_pipeline_dag.py
[2026-06-19T15:13:30.451+0000] {processor.py:914} INFO - Processing file /opt/airflow/dags/crypto_pipeline_dag.py for tasks to queue
[2026-06-19T15:13:30.453+0000] {logging_mixin.py:190} INFO - [2026-06-19T15:13:30.453+0000] {dagbag.py:588} INFO - Filling up the DagBag from /opt/airflow/dags/crypto_pipeline_dag.py
[2026-06-19T15:13:30.468+0000] {processor.py:925} INFO - DAG(s) 'crypto_pipeline_dag' retrieved from /opt/airflow/dags/crypto_pipeline_dag.py
[2026-06-19T15:13:30.489+0000] {logging_mixin.py:190} INFO - [2026-06-19T15:13:30.489+0000] {dag.py:3239} INFO - Sync 1 DAGs
[2026-06-19T15:13:30.507+0000] {logging_mixin.py:190} INFO - [2026-06-19T15:13:30.506+0000] {dag.py:4180} INFO - Setting next_dagrun for crypto_pipeline_dag to 2026-06-19 00:00:00+00:00, run_after=2026-06-20 00:00:00+00:00
[2026-06-19T15:13:30.521+0000] {processor.py:208} INFO - Processing /opt/airflow/dags/crypto_pipeline_dag.py took 0.075 seconds
[2026-06-19T15:14:01.226+0000] {processor.py:186} INFO - Started process (PID=2997) to work on /opt/airflow/dags/crypto_pipeline_dag.py
[2026-06-19T15:14:01.226+0000] {processor.py:914} INFO - Processing file /opt/airflow/dags/crypto_pipeline_dag.py for tasks to queue
[2026-06-19T15:14:01.228+0000] {logging_mixin.py:190} INFO - [2026-06-19T15:14:01.228+0000] {dagbag.py:588} INFO - Filling up the DagBag from /opt/airflow/dags/crypto_pipeline_dag.py
[2026-06-19T15:14:01.242+0000] {processor.py:925} INFO - DAG(s) 'crypto_pipeline_dag' retrieved from /opt/airflow/dags/crypto_pipeline_dag.py
[2026-06-19T15:14:01.260+0000] {logging_mixin.py:190} INFO - [2026-06-19T15:14:01.260+0000] {dag.py:3239} INFO - Sync 1 DAGs
[2026-06-19T15:14:01.276+0000] {logging_mixin.py:190} INFO - [2026-06-19T15:14:01.276+0000] {dag.py:4180} INFO - Setting next_dagrun for crypto_pipeline_dag to 2026-06-19 00:00:00+00:00, run_after=2026-06-20 00:00:00+00:00
[2026-06-19T15:14:01.289+0000] {processor.py:208} INFO - Processing /opt/airflow/dags/crypto_pipeline_dag.py took 0.067 seconds
[2026-06-19T15:14:32.083+0000] {processor.py:186} INFO - Started process (PID=3002) to work on /opt/airflow/dags/crypto_pipeline_dag.py
[2026-06-19T15:14:32.084+0000] {processor.py:914} INFO - Processing file /opt/airflow/dags/crypto_pipeline_dag.py for tasks to queue
[2026-06-19T15:14:32.085+0000] {logging_mixin.py:190} INFO - [2026-06-19T15:14:32.085+0000] {dagbag.py:588} INFO - Filling up the DagBag from /opt/airflow/dags/crypto_pipeline_dag.py
[2026-06-19T15:14:32.098+0000] {processor.py:925} INFO - DAG(s) 'crypto_pipeline_dag' retrieved from /opt/airflow/dags/crypto_pipeline_dag.py
[2026-06-19T15:14:32.117+0000] {logging_mixin.py:190} INFO - [2026-06-19T15:14:32.117+0000] {dag.py:3239} INFO - Sync 1 DAGs
[2026-06-19T15:14:32.132+0000] {logging_mixin.py:190} INFO - [2026-06-19T15:14:32.132+0000] {dag.py:4180} INFO - Setting next_dagrun for crypto_pipeline_dag to 2026-06-19 00:00:00+00:00, run_after=2026-06-20 00:00:00+00:00
[2026-06-19T15:14:32.145+0000] {processor.py:208} INFO - Processing /opt/airflow/dags/crypto_pipeline_dag.py took 0.065 seconds
[2026-06-19T15:15:02.956+0000] {processor.py:186} INFO - Started process (PID=3007) to work on /opt/airflow/dags/crypto_pipeline_dag.py
[2026-06-19T15:15:02.958+0000] {processor.py:914} INFO - Processing file /opt/airflow/dags/crypto_pipeline_dag.py for tasks to queue
[2026-06-19T15:15:02.961+0000] {logging_mixin.py:190} INFO - [2026-06-19T15:15:02.961+0000] {dagbag.py:588} INFO - Filling up the DagBag from /opt/airflow/dags/crypto_pipeline_dag.py
[2026-06-19T15:15:02.991+0000] {processor.py:925} INFO - DAG(s) 'crypto_pipeline_dag' retrieved from /opt/airflow/dags/crypto_pipeline_dag.py
[2026-06-19T15:15:03.022+0000] {logging_mixin.py:190} INFO - [2026-06-19T15:15:03.022+0000] {dag.py:3239} INFO - Sync 1 DAGs
[2026-06-19T15:15:03.047+0000] {logging_mixin.py:190} INFO - [2026-06-19T15:15:03.047+0000] {dag.py:4180} INFO - Setting next_dagrun for crypto_pipeline_dag to 2026-06-19 00:00:00+00:00, run_after=2026-06-20 00:00:00+00:00
[2026-06-19T15:15:03.067+0000] {processor.py:208} INFO - Processing /opt/airflow/dags/crypto_pipeline_dag.py took 0.118 seconds
[2026-06-19T15:23:28.186+0000] {processor.py:186} INFO - Started process (PID=3012) to work on /opt/airflow/dags/crypto_pipeline_dag.py
[2026-06-19T15:23:28.187+0000] {processor.py:914} INFO - Processing file /opt/airflow/dags/crypto_pipeline_dag.py for tasks to queue
[2026-06-19T15:23:28.188+0000] {logging_mixin.py:190} INFO - [2026-06-19T15:23:28.188+0000] {dagbag.py:588} INFO - Filling up the DagBag from /opt/airflow/dags/crypto_pipeline_dag.py
[2026-06-19T15:23:28.201+0000] {processor.py:925} INFO - DAG(s) 'crypto_pipeline_dag' retrieved from /opt/airflow/dags/crypto_pipeline_dag.py
[2026-06-19T15:23:28.221+0000] {logging_mixin.py:190} INFO - [2026-06-19T15:23:28.221+0000] {dag.py:3239} INFO - Sync 1 DAGs
[2026-06-19T15:23:28.236+0000] {logging_mixin.py:190} INFO - [2026-06-19T15:23:28.236+0000] {dag.py:4180} INFO - Setting next_dagrun for crypto_pipeline_dag to 2026-06-19 00:00:00+00:00, run_after=2026-06-20 00:00:00+00:00
[2026-06-19T15:23:28.249+0000] {processor.py:208} INFO - Processing /opt/airflow/dags/crypto_pipeline_dag.py took 0.067 seconds
[2026-06-19T15:23:58.919+0000] {processor.py:186} INFO - Started process (PID=3017) to work on /opt/airflow/dags/crypto_pipeline_dag.py
[2026-06-19T15:23:58.920+0000] {processor.py:914} INFO - Processing file /opt/airflow/dags/crypto_pipeline_dag.py for tasks to queue
[2026-06-19T15:23:58.922+0000] {logging_mixin.py:190} INFO - [2026-06-19T15:23:58.921+0000] {dagbag.py:588} INFO - Filling up the DagBag from /opt/airflow/dags/crypto_pipeline_dag.py
[2026-06-19T15:23:58.934+0000] {processor.py:925} INFO - DAG(s) 'crypto_pipeline_dag' retrieved from /opt/airflow/dags/crypto_pipeline_dag.py
[2026-06-19T15:23:58.953+0000] {logging_mixin.py:190} INFO - [2026-06-19T15:23:58.952+0000] {dag.py:3239} INFO - Sync 1 DAGs
[2026-06-19T15:23:58.969+0000] {logging_mixin.py:190} INFO - [2026-06-19T15:23:58.969+0000] {dag.py:4180} INFO - Setting next_dagrun for crypto_pipeline_dag to 2026-06-19 00:00:00+00:00, run_after=2026-06-20 00:00:00+00:00
[2026-06-19T15:23:58.981+0000] {processor.py:208} INFO - Processing /opt/airflow/dags/crypto_pipeline_dag.py took 0.066 seconds
[2026-06-19T15:24:29.456+0000] {processor.py:186} INFO - Started process (PID=3022) to work on /opt/airflow/dags/crypto_pipeline_dag.py
[2026-06-19T15:24:29.457+0000] {processor.py:914} INFO - Processing file /opt/airflow/dags/crypto_pipeline_dag.py for tasks to queue
[2026-06-19T15:24:29.458+0000] {logging_mixin.py:190} INFO - [2026-06-19T15:24:29.458+0000] {dagbag.py:588} INFO - Filling up the DagBag from /opt/airflow/dags/crypto_pipeline_dag.py
[2026-06-19T15:24:29.472+0000] {processor.py:925} INFO - DAG(s) 'crypto_pipeline_dag' retrieved from /opt/airflow/dags/crypto_pipeline_dag.py
[2026-06-19T15:24:29.494+0000] {logging_mixin.py:190} INFO - [2026-06-19T15:24:29.493+0000] {dag.py:3239} INFO - Sync 1 DAGs
[2026-06-19T15:24:29.509+0000] {logging_mixin.py:190} INFO - [2026-06-19T15:24:29.509+0000] {dag.py:4180} INFO - Setting next_dagrun for crypto_pipeline_dag to 2026-06-19 00:00:00+00:00, run_after=2026-06-20 00:00:00+00:00
[2026-06-19T15:24:29.521+0000] {processor.py:208} INFO - Processing /opt/airflow/dags/crypto_pipeline_dag.py took 0.071 seconds
[2026-06-19T15:25:00.249+0000] {processor.py:186} INFO - Started process (PID=3027) to work on /opt/airflow/dags/crypto_pipeline_dag.py
[2026-06-19T15:25:00.250+0000] {processor.py:914} INFO - Processing file /opt/airflow/dags/crypto_pipeline_dag.py for tasks to queue
[2026-06-19T15:25:00.252+0000] {logging_mixin.py:190} INFO - [2026-06-19T15:25:00.251+0000] {dagbag.py:588} INFO - Filling up the DagBag from /opt/airflow/dags/crypto_pipeline_dag.py
[2026-06-19T15:25:00.265+0000] {processor.py:925} INFO - DAG(s) 'crypto_pipeline_dag' retrieved from /opt/airflow/dags/crypto_pipeline_dag.py
[2026-06-19T15:25:00.285+0000] {logging_mixin.py:190} INFO - [2026-06-19T15:25:00.284+0000] {dag.py:3239} INFO - Sync 1 DAGs
[2026-06-19T15:25:00.301+0000] {logging_mixin.py:190} INFO - [2026-06-19T15:25:00.301+0000] {dag.py:4180} INFO - Setting next_dagrun for crypto_pipeline_dag to 2026-06-19 00:00:00+00:00, run_after=2026-06-20 00:00:00+00:00
[2026-06-19T15:25:00.314+0000] {processor.py:208} INFO - Processing /opt/airflow/dags/crypto_pipeline_dag.py took 0.070 seconds
[2026-06-19T15:25:30.964+0000] {processor.py:186} INFO - Started process (PID=3032) to work on /opt/airflow/dags/crypto_pipeline_dag.py
[2026-06-19T15:25:30.965+0000] {processor.py:914} INFO - Processing file /opt/airflow/dags/crypto_pipeline_dag.py for tasks to queue
[2026-06-19T15:25:30.966+0000] {logging_mixin.py:190} INFO - [2026-06-19T15:25:30.966+0000] {dagbag.py:588} INFO - Filling up the DagBag from /opt/airflow/dags/crypto_pipeline_dag.py
[2026-06-19T15:25:30.979+0000] {processor.py:925} INFO - DAG(s) 'crypto_pipeline_dag' retrieved from /opt/airflow/dags/crypto_pipeline_dag.py
[2026-06-19T15:25:30.997+0000] {logging_mixin.py:190} INFO - [2026-06-19T15:25:30.997+0000] {dag.py:3239} INFO - Sync 1 DAGs
[2026-06-19T15:25:31.013+0000] {logging_mixin.py:190} INFO - [2026-06-19T15:25:31.013+0000] {dag.py:4180} INFO - Setting next_dagrun for crypto_pipeline_dag to 2026-06-19 00:00:00+00:00, run_after=2026-06-20 00:00:00+00:00
[2026-06-19T15:25:31.026+0000] {processor.py:208} INFO - Processing /opt/airflow/dags/crypto_pipeline_dag.py took 0.066 seconds
[2026-06-19T15:26:01.545+0000] {processor.py:186} INFO - Started process (PID=3037) to work on /opt/airflow/dags/crypto_pipeline_dag.py
[2026-06-19T15:26:01.546+0000] {processor.py:914} INFO - Processing file /opt/airflow/dags/crypto_pipeline_dag.py for tasks to queue
[2026-06-19T15:26:01.548+0000] {logging_mixin.py:190} INFO - [2026-06-19T15:26:01.547+0000] {dagbag.py:588} INFO - Filling up the DagBag from /opt/airflow/dags/crypto_pipeline_dag.py
[2026-06-19T15:26:01.560+0000] {processor.py:925} INFO - DAG(s) 'crypto_pipeline_dag' retrieved from /opt/airflow/dags/crypto_pipeline_dag.py
[2026-06-19T15:26:01.579+0000] {logging_mixin.py:190} INFO - [2026-06-19T15:26:01.579+0000] {dag.py:3239} INFO - Sync 1 DAGs
[2026-06-19T15:26:01.594+0000] {logging_mixin.py:190} INFO - [2026-06-19T15:26:01.594+0000] {dag.py:4180} INFO - Setting next_dagrun for crypto_pipeline_dag to 2026-06-19 00:00:00+00:00, run_after=2026-06-20 00:00:00+00:00
[2026-06-19T15:26:01.607+0000] {processor.py:208} INFO - Processing /opt/airflow/dags/crypto_pipeline_dag.py took 0.067 seconds
[2026-06-19T15:26:32.069+0000] {processor.py:186} INFO - Started process (PID=3042) to work on /opt/airflow/dags/crypto_pipeline_dag.py
[2026-06-19T15:26:32.070+0000] {processor.py:914} INFO - Processing file /opt/airflow/dags/crypto_pipeline_dag.py for tasks to queue
[2026-06-19T15:26:32.072+0000] {logging_mixin.py:190} INFO - [2026-06-19T15:26:32.072+0000] {dagbag.py:588} INFO - Filling up the DagBag from /opt/airflow/dags/crypto_pipeline_dag.py
[2026-06-19T15:26:32.085+0000] {processor.py:925} INFO - DAG(s) 'crypto_pipeline_dag' retrieved from /opt/airflow/dags/crypto_pipeline_dag.py
[2026-06-19T15:26:32.104+0000] {logging_mixin.py:190} INFO - [2026-06-19T15:26:32.103+0000] {dag.py:3239} INFO - Sync 1 DAGs
[2026-06-19T15:26:32.121+0000] {logging_mixin.py:190} INFO - [2026-06-19T15:26:32.120+0000] {dag.py:4180} INFO - Setting next_dagrun for crypto_pipeline_dag to 2026-06-19 00:00:00+00:00, run_after=2026-06-20 00:00:00+00:00
[2026-06-19T15:26:32.132+0000] {processor.py:208} INFO - Processing /opt/airflow/dags/crypto_pipeline_dag.py took 0.067 seconds
[2026-06-19T15:27:02.903+0000] {processor.py:186} INFO - Started process (PID=3047) to work on /opt/airflow/dags/crypto_pipeline_dag.py
[2026-06-19T15:27:02.904+0000] {processor.py:914} INFO - Processing file /opt/airflow/dags/crypto_pipeline_dag.py for tasks to queue
[2026-06-19T15:27:02.906+0000] {logging_mixin.py:190} INFO - [2026-06-19T15:27:02.906+0000] {dagbag.py:588} INFO - Filling up the DagBag from /opt/airflow/dags/crypto_pipeline_dag.py
[2026-06-19T15:27:02.924+0000] {processor.py:925} INFO - DAG(s) 'crypto_pipeline_dag' retrieved from /opt/airflow/dags/crypto_pipeline_dag.py
[2026-06-19T15:27:02.946+0000] {logging_mixin.py:190} INFO - [2026-06-19T15:27:02.945+0000] {dag.py:3239} INFO - Sync 1 DAGs
[2026-06-19T15:27:02.965+0000] {logging_mixin.py:190} INFO - [2026-06-19T15:27:02.964+0000] {dag.py:4180} INFO - Setting next_dagrun for crypto_pipeline_dag to 2026-06-19 00:00:00+00:00, run_after=2026-06-20 00:00:00+00:00
[2026-06-19T15:27:02.983+0000] {processor.py:208} INFO - Processing /opt/airflow/dags/crypto_pipeline_dag.py took 0.085 seconds
[2026-06-19T15:27:33.400+0000] {processor.py:186} INFO - Started process (PID=3052) to work on /opt/airflow/dags/crypto_pipeline_dag.py
[2026-06-19T15:27:33.402+0000] {processor.py:914} INFO - Processing file /opt/airflow/dags/crypto_pipeline_dag.py for tasks to queue
[2026-06-19T15:27:33.404+0000] {logging_mixin.py:190} INFO - [2026-06-19T15:27:33.403+0000] {dagbag.py:588} INFO - Filling up the DagBag from /opt/airflow/dags/crypto_pipeline_dag.py
[2026-06-19T15:27:33.417+0000] {processor.py:925} INFO - DAG(s) 'crypto_pipeline_dag' retrieved from /opt/airflow/dags/crypto_pipeline_dag.py
[2026-06-19T15:27:33.438+0000] {logging_mixin.py:190} INFO - [2026-06-19T15:27:33.438+0000] {dag.py:3239} INFO - Sync 1 DAGs
[2026-06-19T15:27:33.455+0000] {logging_mixin.py:190} INFO - [2026-06-19T15:27:33.455+0000] {dag.py:4180} INFO - Setting next_dagrun for crypto_pipeline_dag to 2026-06-19 00:00:00+00:00, run_after=2026-06-20 00:00:00+00:00
[2026-06-19T15:27:33.469+0000] {processor.py:208} INFO - Processing /opt/airflow/dags/crypto_pipeline_dag.py took 0.073 seconds
[2026-06-19T15:28:03.540+0000] {processor.py:186} INFO - Started process (PID=3057) to work on /opt/airflow/dags/crypto_pipeline_dag.py
[2026-06-19T15:28:03.541+0000] {processor.py:914} INFO - Processing file /opt/airflow/dags/crypto_pipeline_dag.py for tasks to queue
[2026-06-19T15:28:03.543+0000] {logging_mixin.py:190} INFO - [2026-06-19T15:28:03.543+0000] {dagbag.py:588} INFO - Filling up the DagBag from /opt/airflow/dags/crypto_pipeline_dag.py
[2026-06-19T15:28:03.559+0000] {processor.py:925} INFO - DAG(s) 'crypto_pipeline_dag' retrieved from /opt/airflow/dags/crypto_pipeline_dag.py
[2026-06-19T15:28:03.585+0000] {logging_mixin.py:190} INFO - [2026-06-19T15:28:03.584+0000] {dag.py:3239} INFO - Sync 1 DAGs
[2026-06-19T15:28:03.605+0000] {logging_mixin.py:190} INFO - [2026-06-19T15:28:03.605+0000] {dag.py:4180} INFO - Setting next_dagrun for crypto_pipeline_dag to 2026-06-19 00:00:00+00:00, run_after=2026-06-20 00:00:00+00:00
[2026-06-19T15:28:03.623+0000] {processor.py:208} INFO - Processing /opt/airflow/dags/crypto_pipeline_dag.py took 0.089 seconds
[2026-06-19T15:28:34.144+0000] {processor.py:186} INFO - Started process (PID=3062) to work on /opt/airflow/dags/crypto_pipeline_dag.py
[2026-06-19T15:28:34.146+0000] {processor.py:914} INFO - Processing file /opt/airflow/dags/crypto_pipeline_dag.py for tasks to queue
[2026-06-19T15:28:34.148+0000] {logging_mixin.py:190} INFO - [2026-06-19T15:28:34.148+0000] {dagbag.py:588} INFO - Filling up the DagBag from /opt/airflow/dags/crypto_pipeline_dag.py
[2026-06-19T15:28:34.172+0000] {processor.py:925} INFO - DAG(s) 'crypto_pipeline_dag' retrieved from /opt/airflow/dags/crypto_pipeline_dag.py
[2026-06-19T15:28:34.200+0000] {logging_mixin.py:190} INFO - [2026-06-19T15:28:34.199+0000] {dag.py:3239} INFO - Sync 1 DAGs
[2026-06-19T15:28:34.221+0000] {logging_mixin.py:190} INFO - [2026-06-19T15:28:34.221+0000] {dag.py:4180} INFO - Setting next_dagrun for crypto_pipeline_dag to 2026-06-19 00:00:00+00:00, run_after=2026-06-20 00:00:00+00:00
[2026-06-19T15:28:34.242+0000] {processor.py:208} INFO - Processing /opt/airflow/dags/crypto_pipeline_dag.py took 0.103 seconds
[2026-06-19T15:29:04.808+0000] {processor.py:186} INFO - Started process (PID=3067) to work on /opt/airflow/dags/crypto_pipeline_dag.py
[2026-06-19T15:29:04.809+0000] {processor.py:914} INFO - Processing file /opt/airflow/dags/crypto_pipeline_dag.py for tasks to queue
[2026-06-19T15:29:04.810+0000] {logging_mixin.py:190} INFO - [2026-06-19T15:29:04.810+0000] {dagbag.py:588} INFO - Filling up the DagBag from /opt/airflow/dags/crypto_pipeline_dag.py
[2026-06-19T15:29:04.824+0000] {processor.py:925} INFO - DAG(s) 'crypto_pipeline_dag' retrieved from /opt/airflow/dags/crypto_pipeline_dag.py
[2026-06-19T15:29:04.843+0000] {logging_mixin.py:190} INFO - [2026-06-19T15:29:04.842+0000] {dag.py:3239} INFO - Sync 1 DAGs
[2026-06-19T15:29:04.858+0000] {logging_mixin.py:190} INFO - [2026-06-19T15:29:04.858+0000] {dag.py:4180} INFO - Setting next_dagrun for crypto_pipeline_dag to 2026-06-19 00:00:00+00:00, run_after=2026-06-20 00:00:00+00:00
[2026-06-19T15:29:04.872+0000] {processor.py:208} INFO - Processing /opt/airflow/dags/crypto_pipeline_dag.py took 0.068 seconds
[2026-06-19T15:29:35.885+0000] {processor.py:186} INFO - Started process (PID=3072) to work on /opt/airflow/dags/crypto_pipeline_dag.py
[2026-06-19T15:29:35.885+0000] {processor.py:914} INFO - Processing file /opt/airflow/dags/crypto_pipeline_dag.py for tasks to queue
[2026-06-19T15:29:35.887+0000] {logging_mixin.py:190} INFO - [2026-06-19T15:29:35.887+0000] {dagbag.py:588} INFO - Filling up the DagBag from /opt/airflow/dags/crypto_pipeline_dag.py
[2026-06-19T15:29:35.898+0000] {processor.py:925} INFO - DAG(s) 'crypto_pipeline_dag' retrieved from /opt/airflow/dags/crypto_pipeline_dag.py
[2026-06-19T15:29:35.918+0000] {logging_mixin.py:190} INFO - [2026-06-19T15:29:35.918+0000] {dag.py:3239} INFO - Sync 1 DAGs
[2026-06-19T15:29:35.935+0000] {logging_mixin.py:190} INFO - [2026-06-19T15:29:35.935+0000] {dag.py:4180} INFO - Setting next_dagrun for crypto_pipeline_dag to 2026-06-19 00:00:00+00:00, run_after=2026-06-20 00:00:00+00:00
[2026-06-19T15:29:35.947+0000] {processor.py:208} INFO - Processing /opt/airflow/dags/crypto_pipeline_dag.py took 0.067 seconds
[2026-06-19T15:30:06.586+0000] {processor.py:186} INFO - Started process (PID=3077) to work on /opt/airflow/dags/crypto_pipeline_dag.py
[2026-06-19T15:30:06.586+0000] {processor.py:914} INFO - Processing file /opt/airflow/dags/crypto_pipeline_dag.py for tasks to queue
[2026-06-19T15:30:06.588+0000] {logging_mixin.py:190} INFO - [2026-06-19T15:30:06.588+0000] {dagbag.py:588} INFO - Filling up the DagBag from /opt/airflow/dags/crypto_pipeline_dag.py
[2026-06-19T15:30:06.601+0000] {processor.py:925} INFO - DAG(s) 'crypto_pipeline_dag' retrieved from /opt/airflow/dags/crypto_pipeline_dag.py
[2026-06-19T15:30:06.620+0000] {logging_mixin.py:190} INFO - [2026-06-19T15:30:06.620+0000] {dag.py:3239} INFO - Sync 1 DAGs
[2026-06-19T15:30:06.637+0000] {logging_mixin.py:190} INFO - [2026-06-19T15:30:06.637+0000] {dag.py:4180} INFO - Setting next_dagrun for crypto_pipeline_dag to 2026-06-19 00:00:00+00:00, run_after=2026-06-20 00:00:00+00:00
[2026-06-19T15:30:06.651+0000] {processor.py:208} INFO - Processing /opt/airflow/dags/crypto_pipeline_dag.py took 0.070 seconds
[2026-06-19T15:30:37.666+0000] {processor.py:186} INFO - Started process (PID=3082) to work on /opt/airflow/dags/crypto_pipeline_dag.py
[2026-06-19T15:30:37.667+0000] {processor.py:914} INFO - Processing file /opt/airflow/dags/crypto_pipeline_dag.py for tasks to queue
[2026-06-19T15:30:37.669+0000] {logging_mixin.py:190} INFO - [2026-06-19T15:30:37.668+0000] {dagbag.py:588} INFO - Filling up the DagBag from /opt/airflow/dags/crypto_pipeline_dag.py
[2026-06-19T15:30:37.682+0000] {processor.py:925} INFO - DAG(s) 'crypto_pipeline_dag' retrieved from /opt/airflow/dags/crypto_pipeline_dag.py
[2026-06-19T15:30:37.702+0000] {logging_mixin.py:190} INFO - [2026-06-19T15:30:37.702+0000] {dag.py:3239} INFO - Sync 1 DAGs
[2026-06-19T15:30:37.720+0000] {logging_mixin.py:190} INFO - [2026-06-19T15:30:37.720+0000] {dag.py:4180} INFO - Setting next_dagrun for crypto_pipeline_dag to 2026-06-19 00:00:00+00:00, run_after=2026-06-20 00:00:00+00:00
[2026-06-19T15:30:37.734+0000] {processor.py:208} INFO - Processing /opt/airflow/dags/crypto_pipeline_dag.py took 0.072 seconds
[2026-06-19T15:31:08.501+0000] {processor.py:186} INFO - Started process (PID=3087) to work on /opt/airflow/dags/crypto_pipeline_dag.py
[2026-06-19T15:31:08.501+0000] {processor.py:914} INFO - Processing file /opt/airflow/dags/crypto_pipeline_dag.py for tasks to queue
[2026-06-19T15:31:08.503+0000] {logging_mixin.py:190} INFO - [2026-06-19T15:31:08.503+0000] {dagbag.py:588} INFO - Filling up the DagBag from /opt/airflow/dags/crypto_pipeline_dag.py
[2026-06-19T15:31:08.516+0000] {processor.py:925} INFO - DAG(s) 'crypto_pipeline_dag' retrieved from /opt/airflow/dags/crypto_pipeline_dag.py
[2026-06-19T15:31:08.534+0000] {logging_mixin.py:190} INFO - [2026-06-19T15:31:08.534+0000] {dag.py:3239} INFO - Sync 1 DAGs
[2026-06-19T15:31:08.549+0000] {logging_mixin.py:190} INFO - [2026-06-19T15:31:08.549+0000] {dag.py:4180} INFO - Setting next_dagrun for crypto_pipeline_dag to 2026-06-19 00:00:00+00:00, run_after=2026-06-20 00:00:00+00:00
[2026-06-19T15:31:08.561+0000] {processor.py:208} INFO - Processing /opt/airflow/dags/crypto_pipeline_dag.py took 0.065 seconds
[2026-06-19T15:31:38.590+0000] {processor.py:186} INFO - Started process (PID=3092) to work on /opt/airflow/dags/crypto_pipeline_dag.py
[2026-06-19T15:31:38.590+0000] {processor.py:914} INFO - Processing file /opt/airflow/dags/crypto_pipeline_dag.py for tasks to queue
[2026-06-19T15:31:38.592+0000] {logging_mixin.py:190} INFO - [2026-06-19T15:31:38.592+0000] {dagbag.py:588} INFO - Filling up the DagBag from /opt/airflow/dags/crypto_pipeline_dag.py
[2026-06-19T15:31:38.605+0000] {processor.py:925} INFO - DAG(s) 'crypto_pipeline_dag' retrieved from /opt/airflow/dags/crypto_pipeline_dag.py
[2026-06-19T15:31:38.627+0000] {logging_mixin.py:190} INFO - [2026-06-19T15:31:38.627+0000] {dag.py:3239} INFO - Sync 1 DAGs
[2026-06-19T15:31:38.644+0000] {logging_mixin.py:190} INFO - [2026-06-19T15:31:38.644+0000] {dag.py:4180} INFO - Setting next_dagrun for crypto_pipeline_dag to 2026-06-19 00:00:00+00:00, run_after=2026-06-20 00:00:00+00:00
[2026-06-19T15:31:38.658+0000] {processor.py:208} INFO - Processing /opt/airflow/dags/crypto_pipeline_dag.py took 0.072 seconds
[2026-06-19T15:32:09.483+0000] {processor.py:186} INFO - Started process (PID=3097) to work on /opt/airflow/dags/crypto_pipeline_dag.py
[2026-06-19T15:32:09.484+0000] {processor.py:914} INFO - Processing file /opt/airflow/dags/crypto_pipeline_dag.py for tasks to queue
[2026-06-19T15:32:09.486+0000] {logging_mixin.py:190} INFO - [2026-06-19T15:32:09.486+0000] {dagbag.py:588} INFO - Filling up the DagBag from /opt/airflow/dags/crypto_pipeline_dag.py
[2026-06-19T15:32:09.499+0000] {processor.py:925} INFO - DAG(s) 'crypto_pipeline_dag' retrieved from /opt/airflow/dags/crypto_pipeline_dag.py
[2026-06-19T15:32:09.519+0000] {logging_mixin.py:190} INFO - [2026-06-19T15:32:09.519+0000] {dag.py:3239} INFO - Sync 1 DAGs
[2026-06-19T15:32:09.536+0000] {logging_mixin.py:190} INFO - [2026-06-19T15:32:09.536+0000] {dag.py:4180} INFO - Setting next_dagrun for crypto_pipeline_dag to 2026-06-19 00:00:00+00:00, run_after=2026-06-20 00:00:00+00:00
[2026-06-19T15:32:09.822+0000] {processor.py:208} INFO - Processing /opt/airflow/dags/crypto_pipeline_dag.py took 0.343 seconds
[2026-06-19T15:32:40.559+0000] {processor.py:186} INFO - Started process (PID=3102) to work on /opt/airflow/dags/crypto_pipeline_dag.py
[2026-06-19T15:32:40.560+0000] {processor.py:914} INFO - Processing file /opt/airflow/dags/crypto_pipeline_dag.py for tasks to queue
[2026-06-19T15:32:40.562+0000] {logging_mixin.py:190} INFO - [2026-06-19T15:32:40.561+0000] {dagbag.py:588} INFO - Filling up the DagBag from /opt/airflow/dags/crypto_pipeline_dag.py
[2026-06-19T15:32:40.576+0000] {processor.py:925} INFO - DAG(s) 'crypto_pipeline_dag' retrieved from /opt/airflow/dags/crypto_pipeline_dag.py
[2026-06-19T15:32:40.599+0000] {logging_mixin.py:190} INFO - [2026-06-19T15:32:40.599+0000] {dag.py:3239} INFO - Sync 1 DAGs
[2026-06-19T15:32:40.617+0000] {logging_mixin.py:190} INFO - [2026-06-19T15:32:40.617+0000] {dag.py:4180} INFO - Setting next_dagrun for crypto_pipeline_dag to 2026-06-19 00:00:00+00:00, run_after=2026-06-20 00:00:00+00:00
[2026-06-19T15:32:40.632+0000] {processor.py:208} INFO - Processing /opt/airflow/dags/crypto_pipeline_dag.py took 0.077 seconds
[2026-06-19T15:33:10.670+0000] {processor.py:186} INFO - Started process (PID=3107) to work on /opt/airflow/dags/crypto_pipeline_dag.py
[2026-06-19T15:33:10.671+0000] {processor.py:914} INFO - Processing file /opt/airflow/dags/crypto_pipeline_dag.py for tasks to queue
[2026-06-19T15:33:10.673+0000] {logging_mixin.py:190} INFO - [2026-06-19T15:33:10.673+0000] {dagbag.py:588} INFO - Filling up the DagBag from /opt/airflow/dags/crypto_pipeline_dag.py
[2026-06-19T15:33:10.684+0000] {processor.py:925} INFO - DAG(s) 'crypto_pipeline_dag' retrieved from /opt/airflow/dags/crypto_pipeline_dag.py
[2026-06-19T15:33:10.703+0000] {logging_mixin.py:190} INFO - [2026-06-19T15:33:10.703+0000] {dag.py:3239} INFO - Sync 1 DAGs
[2026-06-19T15:33:10.718+0000] {logging_mixin.py:190} INFO - [2026-06-19T15:33:10.718+0000] {dag.py:4180} INFO - Setting next_dagrun for crypto_pipeline_dag to 2026-06-19 00:00:00+00:00, run_after=2026-06-20 00:00:00+00:00
[2026-06-19T15:33:10.730+0000] {processor.py:208} INFO - Processing /opt/airflow/dags/crypto_pipeline_dag.py took 0.064 seconds
[2026-06-19T15:33:40.828+0000] {processor.py:186} INFO - Started process (PID=3112) to work on /opt/airflow/dags/crypto_pipeline_dag.py
[2026-06-19T15:33:40.829+0000] {processor.py:914} INFO - Processing file /opt/airflow/dags/crypto_pipeline_dag.py for tasks to queue
[2026-06-19T15:33:40.831+0000] {logging_mixin.py:190} INFO - [2026-06-19T15:33:40.831+0000] {dagbag.py:588} INFO - Filling up the DagBag from /opt/airflow/dags/crypto_pipeline_dag.py
[2026-06-19T15:33:40.843+0000] {processor.py:925} INFO - DAG(s) 'crypto_pipeline_dag' retrieved from /opt/airflow/dags/crypto_pipeline_dag.py
[2026-06-19T15:33:40.863+0000] {logging_mixin.py:190} INFO - [2026-06-19T15:33:40.863+0000] {dag.py:3239} INFO - Sync 1 DAGs
[2026-06-19T15:33:40.880+0000] {logging_mixin.py:190} INFO - [2026-06-19T15:33:40.880+0000] {dag.py:4180} INFO - Setting next_dagrun for crypto_pipeline_dag to 2026-06-19 00:00:00+00:00, run_after=2026-06-20 00:00:00+00:00
[2026-06-19T15:33:40.893+0000] {processor.py:208} INFO - Processing /opt/airflow/dags/crypto_pipeline_dag.py took 0.069 seconds
[2026-06-19T15:34:11.863+0000] {processor.py:186} INFO - Started process (PID=3117) to work on /opt/airflow/dags/crypto_pipeline_dag.py
[2026-06-19T15:34:11.864+0000] {processor.py:914} INFO - Processing file /opt/airflow/dags/crypto_pipeline_dag.py for tasks to queue
[2026-06-19T15:34:11.865+0000] {logging_mixin.py:190} INFO - [2026-06-19T15:34:11.865+0000] {dagbag.py:588} INFO - Filling up the DagBag from /opt/airflow/dags/crypto_pipeline_dag.py
[2026-06-19T15:34:11.877+0000] {processor.py:925} INFO - DAG(s) 'crypto_pipeline_dag' retrieved from /opt/airflow/dags/crypto_pipeline_dag.py
[2026-06-19T15:34:11.898+0000] {logging_mixin.py:190} INFO - [2026-06-19T15:34:11.898+0000] {dag.py:3239} INFO - Sync 1 DAGs
[2026-06-19T15:34:11.916+0000] {logging_mixin.py:190} INFO - [2026-06-19T15:34:11.916+0000] {dag.py:4180} INFO - Setting next_dagrun for crypto_pipeline_dag to 2026-06-19 00:00:00+00:00, run_after=2026-06-20 00:00:00+00:00
[2026-06-19T15:34:11.932+0000] {processor.py:208} INFO - Processing /opt/airflow/dags/crypto_pipeline_dag.py took 0.073 seconds
[2026-06-19T15:34:42.935+0000] {processor.py:186} INFO - Started process (PID=3122) to work on /opt/airflow/dags/crypto_pipeline_dag.py
[2026-06-19T15:34:42.936+0000] {processor.py:914} INFO - Processing file /opt/airflow/dags/crypto_pipeline_dag.py for tasks to queue
[2026-06-19T15:34:42.937+0000] {logging_mixin.py:190} INFO - [2026-06-19T15:34:42.937+0000] {dagbag.py:588} INFO - Filling up the DagBag from /opt/airflow/dags/crypto_pipeline_dag.py
[2026-06-19T15:34:42.949+0000] {processor.py:925} INFO - DAG(s) 'crypto_pipeline_dag' retrieved from /opt/airflow/dags/crypto_pipeline_dag.py
[2026-06-19T15:34:42.968+0000] {logging_mixin.py:190} INFO - [2026-06-19T15:34:42.967+0000] {dag.py:3239} INFO - Sync 1 DAGs
[2026-06-19T15:34:42.983+0000] {logging_mixin.py:190} INFO - [2026-06-19T15:34:42.983+0000] {dag.py:4180} INFO - Setting next_dagrun for crypto_pipeline_dag to 2026-06-19 00:00:00+00:00, run_after=2026-06-20 00:00:00+00:00
[2026-06-19T15:34:42.996+0000] {processor.py:208} INFO - Processing /opt/airflow/dags/crypto_pipeline_dag.py took 0.064 seconds
[2026-06-19T15:35:13.045+0000] {processor.py:186} INFO - Started process (PID=3127) to work on /opt/airflow/dags/crypto_pipeline_dag.py
[2026-06-19T15:35:13.046+0000] {processor.py:914} INFO - Processing file /opt/airflow/dags/crypto_pipeline_dag.py for tasks to queue
[2026-06-19T15:35:13.048+0000] {logging_mixin.py:190} INFO - [2026-06-19T15:35:13.048+0000] {dagbag.py:588} INFO - Filling up the DagBag from /opt/airflow/dags/crypto_pipeline_dag.py
[2026-06-19T15:35:13.060+0000] {processor.py:925} INFO - DAG(s) 'crypto_pipeline_dag' retrieved from /opt/airflow/dags/crypto_pipeline_dag.py
[2026-06-19T15:35:13.077+0000] {logging_mixin.py:190} INFO - [2026-06-19T15:35:13.077+0000] {dag.py:3239} INFO - Sync 1 DAGs
[2026-06-19T15:35:13.092+0000] {logging_mixin.py:190} INFO - [2026-06-19T15:35:13.092+0000] {dag.py:4180} INFO - Setting next_dagrun for crypto_pipeline_dag to 2026-06-19 00:00:00+00:00, run_after=2026-06-20 00:00:00+00:00
[2026-06-19T15:35:13.106+0000] {processor.py:208} INFO - Processing /opt/airflow/dags/crypto_pipeline_dag.py took 0.066 seconds
[2026-06-19T15:35:43.178+0000] {processor.py:186} INFO - Started process (PID=3132) to work on /opt/airflow/dags/crypto_pipeline_dag.py
[2026-06-19T15:35:43.179+0000] {processor.py:914} INFO - Processing file /opt/airflow/dags/crypto_pipeline_dag.py for tasks to queue
[2026-06-19T15:35:43.181+0000] {logging_mixin.py:190} INFO - [2026-06-19T15:35:43.181+0000] {dagbag.py:588} INFO - Filling up the DagBag from /opt/airflow/dags/crypto_pipeline_dag.py
[2026-06-19T15:35:43.194+0000] {processor.py:925} INFO - DAG(s) 'crypto_pipeline_dag' retrieved from /opt/airflow/dags/crypto_pipeline_dag.py
[2026-06-19T15:35:43.214+0000] {logging_mixin.py:190} INFO - [2026-06-19T15:35:43.214+0000] {dag.py:3239} INFO - Sync 1 DAGs
[2026-06-19T15:35:43.231+0000] {logging_mixin.py:190} INFO - [2026-06-19T15:35:43.231+0000] {dag.py:4180} INFO - Setting next_dagrun for crypto_pipeline_dag to 2026-06-19 00:00:00+00:00, run_after=2026-06-20 00:00:00+00:00
[2026-06-19T15:35:43.245+0000] {processor.py:208} INFO - Processing /opt/airflow/dags/crypto_pipeline_dag.py took 0.072 seconds
[2026-06-19T15:36:13.277+0000] {processor.py:186} INFO - Started process (PID=3137) to work on /opt/airflow/dags/crypto_pipeline_dag.py
[2026-06-19T15:36:13.278+0000] {processor.py:914} INFO - Processing file /opt/airflow/dags/crypto_pipeline_dag.py for tasks to queue
[2026-06-19T15:36:13.280+0000] {logging_mixin.py:190} INFO - [2026-06-19T15:36:13.280+0000] {dagbag.py:588} INFO - Filling up the DagBag from /opt/airflow/dags/crypto_pipeline_dag.py
[2026-06-19T15:36:13.294+0000] {processor.py:925} INFO - DAG(s) 'crypto_pipeline_dag' retrieved from /opt/airflow/dags/crypto_pipeline_dag.py
[2026-06-19T15:36:13.314+0000] {logging_mixin.py:190} INFO - [2026-06-19T15:36:13.314+0000] {dag.py:3239} INFO - Sync 1 DAGs
[2026-06-19T15:36:13.330+0000] {logging_mixin.py:190} INFO - [2026-06-19T15:36:13.330+0000] {dag.py:4180} INFO - Setting next_dagrun for crypto_pipeline_dag to 2026-06-19 00:00:00+00:00, run_after=2026-06-20 00:00:00+00:00
[2026-06-19T15:36:13.344+0000] {processor.py:208} INFO - Processing /opt/airflow/dags/crypto_pipeline_dag.py took 0.072 seconds
[2026-06-19T15:36:43.435+0000] {processor.py:186} INFO - Started process (PID=3142) to work on /opt/airflow/dags/crypto_pipeline_dag.py
[2026-06-19T15:36:43.436+0000] {processor.py:914} INFO - Processing file /opt/airflow/dags/crypto_pipeline_dag.py for tasks to queue
[2026-06-19T15:36:43.438+0000] {logging_mixin.py:190} INFO - [2026-06-19T15:36:43.438+0000] {dagbag.py:588} INFO - Filling up the DagBag from /opt/airflow/dags/crypto_pipeline_dag.py
[2026-06-19T15:36:43.451+0000] {processor.py:925} INFO - DAG(s) 'crypto_pipeline_dag' retrieved from /opt/airflow/dags/crypto_pipeline_dag.py
[2026-06-19T15:36:43.471+0000] {logging_mixin.py:190} INFO - [2026-06-19T15:36:43.471+0000] {dag.py:3239} INFO - Sync 1 DAGs
[2026-06-19T15:36:43.487+0000] {logging_mixin.py:190} INFO - [2026-06-19T15:36:43.486+0000] {dag.py:4180} INFO - Setting next_dagrun for crypto_pipeline_dag to 2026-06-19 00:00:00+00:00, run_after=2026-06-20 00:00:00+00:00
[2026-06-19T15:36:43.499+0000] {processor.py:208} INFO - Processing /opt/airflow/dags/crypto_pipeline_dag.py took 0.068 seconds
[2026-06-19T15:37:13.554+0000] {processor.py:186} INFO - Started process (PID=3147) to work on /opt/airflow/dags/crypto_pipeline_dag.py
[2026-06-19T15:37:13.555+0000] {processor.py:914} INFO - Processing file /opt/airflow/dags/crypto_pipeline_dag.py for tasks to queue
[2026-06-19T15:37:13.557+0000] {logging_mixin.py:190} INFO - [2026-06-19T15:37:13.557+0000] {dagbag.py:588} INFO - Filling up the DagBag from /opt/airflow/dags/crypto_pipeline_dag.py
[2026-06-19T15:37:13.570+0000] {processor.py:925} INFO - DAG(s) 'crypto_pipeline_dag' retrieved from /opt/airflow/dags/crypto_pipeline_dag.py
[2026-06-19T15:37:13.591+0000] {logging_mixin.py:190} INFO - [2026-06-19T15:37:13.591+0000] {dag.py:3239} INFO - Sync 1 DAGs
[2026-06-19T15:37:13.607+0000] {logging_mixin.py:190} INFO - [2026-06-19T15:37:13.607+0000] {dag.py:4180} INFO - Setting next_dagrun for crypto_pipeline_dag to 2026-06-19 00:00:00+00:00, run_after=2026-06-20 00:00:00+00:00
[2026-06-19T15:37:13.619+0000] {processor.py:208} INFO - Processing /opt/airflow/dags/crypto_pipeline_dag.py took 0.070 seconds
[2026-06-19T15:37:43.701+0000] {processor.py:186} INFO - Started process (PID=3152) to work on /opt/airflow/dags/crypto_pipeline_dag.py
[2026-06-19T15:37:43.701+0000] {processor.py:914} INFO - Processing file /opt/airflow/dags/crypto_pipeline_dag.py for tasks to queue
[2026-06-19T15:37:43.704+0000] {logging_mixin.py:190} INFO - [2026-06-19T15:37:43.703+0000] {dagbag.py:588} INFO - Filling up the DagBag from /opt/airflow/dags/crypto_pipeline_dag.py
[2026-06-19T15:37:43.717+0000] {processor.py:925} INFO - DAG(s) 'crypto_pipeline_dag' retrieved from /opt/airflow/dags/crypto_pipeline_dag.py
[2026-06-19T15:37:43.737+0000] {logging_mixin.py:190} INFO - [2026-06-19T15:37:43.737+0000] {dag.py:3239} INFO - Sync 1 DAGs
[2026-06-19T15:37:43.753+0000] {logging_mixin.py:190} INFO - [2026-06-19T15:37:43.752+0000] {dag.py:4180} INFO - Setting next_dagrun for crypto_pipeline_dag to 2026-06-19 00:00:00+00:00, run_after=2026-06-20 00:00:00+00:00
[2026-06-19T15:37:43.766+0000] {processor.py:208} INFO - Processing /opt/airflow/dags/crypto_pipeline_dag.py took 0.070 seconds
[2026-06-19T15:38:13.809+0000] {processor.py:186} INFO - Started process (PID=3157) to work on /opt/airflow/dags/crypto_pipeline_dag.py
[2026-06-19T15:38:13.809+0000] {processor.py:914} INFO - Processing file /opt/airflow/dags/crypto_pipeline_dag.py for tasks to queue
[2026-06-19T15:38:13.812+0000] {logging_mixin.py:190} INFO - [2026-06-19T15:38:13.811+0000] {dagbag.py:588} INFO - Filling up the DagBag from /opt/airflow/dags/crypto_pipeline_dag.py
[2026-06-19T15:38:13.825+0000] {processor.py:925} INFO - DAG(s) 'crypto_pipeline_dag' retrieved from /opt/airflow/dags/crypto_pipeline_dag.py
[2026-06-19T15:38:13.847+0000] {logging_mixin.py:190} INFO - [2026-06-19T15:38:13.847+0000] {dag.py:3239} INFO - Sync 1 DAGs
[2026-06-19T15:38:13.865+0000] {logging_mixin.py:190} INFO - [2026-06-19T15:38:13.865+0000] {dag.py:4180} INFO - Setting next_dagrun for crypto_pipeline_dag to 2026-06-19 00:00:00+00:00, run_after=2026-06-20 00:00:00+00:00
[2026-06-19T15:38:14.030+0000] {processor.py:208} INFO - Processing /opt/airflow/dags/crypto_pipeline_dag.py took 0.225 seconds
[2026-06-19T15:38:44.151+0000] {processor.py:186} INFO - Started process (PID=3162) to work on /opt/airflow/dags/crypto_pipeline_dag.py
[2026-06-19T15:38:44.152+0000] {processor.py:914} INFO - Processing file /opt/airflow/dags/crypto_pipeline_dag.py for tasks to queue
[2026-06-19T15:38:44.154+0000] {logging_mixin.py:190} INFO - [2026-06-19T15:38:44.154+0000] {dagbag.py:588} INFO - Filling up the DagBag from /opt/airflow/dags/crypto_pipeline_dag.py
[2026-06-19T15:38:44.168+0000] {processor.py:925} INFO - DAG(s) 'crypto_pipeline_dag' retrieved from /opt/airflow/dags/crypto_pipeline_dag.py
[2026-06-19T15:38:44.190+0000] {logging_mixin.py:190} INFO - [2026-06-19T15:38:44.190+0000] {dag.py:3239} INFO - Sync 1 DAGs
[2026-06-19T15:38:44.209+0000] {logging_mixin.py:190} INFO - [2026-06-19T15:38:44.209+0000] {dag.py:4180} INFO - Setting next_dagrun for crypto_pipeline_dag to 2026-06-19 00:00:00+00:00, run_after=2026-06-20 00:00:00+00:00
[2026-06-19T15:38:44.225+0000] {processor.py:208} INFO - Processing /opt/airflow/dags/crypto_pipeline_dag.py took 0.079 seconds
[2026-06-19T15:39:14.296+0000] {processor.py:186} INFO - Started process (PID=3167) to work on /opt/airflow/dags/crypto_pipeline_dag.py
[2026-06-19T15:39:14.297+0000] {processor.py:914} INFO - Processing file /opt/airflow/dags/crypto_pipeline_dag.py for tasks to queue
[2026-06-19T15:39:14.299+0000] {logging_mixin.py:190} INFO - [2026-06-19T15:39:14.298+0000] {dagbag.py:588} INFO - Filling up the DagBag from /opt/airflow/dags/crypto_pipeline_dag.py
[2026-06-19T15:39:14.311+0000] {processor.py:925} INFO - DAG(s) 'crypto_pipeline_dag' retrieved from /opt/airflow/dags/crypto_pipeline_dag.py
[2026-06-19T15:39:14.330+0000] {logging_mixin.py:190} INFO - [2026-06-19T15:39:14.330+0000] {dag.py:3239} INFO - Sync 1 DAGs
[2026-06-19T15:39:14.345+0000] {logging_mixin.py:190} INFO - [2026-06-19T15:39:14.345+0000] {dag.py:4180} INFO - Setting next_dagrun for crypto_pipeline_dag to 2026-06-19 00:00:00+00:00, run_after=2026-06-20 00:00:00+00:00
[2026-06-19T15:39:14.359+0000] {processor.py:208} INFO - Processing /opt/airflow/dags/crypto_pipeline_dag.py took 0.068 seconds
[2026-06-19T15:39:44.537+0000] {processor.py:186} INFO - Started process (PID=3172) to work on /opt/airflow/dags/crypto_pipeline_dag.py
[2026-06-19T15:39:44.538+0000] {processor.py:914} INFO - Processing file /opt/airflow/dags/crypto_pipeline_dag.py for tasks to queue
[2026-06-19T15:39:44.540+0000] {logging_mixin.py:190} INFO - [2026-06-19T15:39:44.539+0000] {dagbag.py:588} INFO - Filling up the DagBag from /opt/airflow/dags/crypto_pipeline_dag.py
[2026-06-19T15:39:44.553+0000] {processor.py:925} INFO - DAG(s) 'crypto_pipeline_dag' retrieved from /opt/airflow/dags/crypto_pipeline_dag.py
[2026-06-19T15:39:44.573+0000] {logging_mixin.py:190} INFO - [2026-06-19T15:39:44.573+0000] {dag.py:3239} INFO - Sync 1 DAGs
[2026-06-19T15:39:44.592+0000] {logging_mixin.py:190} INFO - [2026-06-19T15:39:44.591+0000] {dag.py:4180} INFO - Setting next_dagrun for crypto_pipeline_dag to 2026-06-19 00:00:00+00:00, run_after=2026-06-20 00:00:00+00:00
[2026-06-19T15:39:44.606+0000] {processor.py:208} INFO - Processing /opt/airflow/dags/crypto_pipeline_dag.py took 0.074 seconds
[2026-06-19T15:40:14.684+0000] {processor.py:186} INFO - Started process (PID=3177) to work on /opt/airflow/dags/crypto_pipeline_dag.py
[2026-06-19T15:40:14.685+0000] {processor.py:914} INFO - Processing file /opt/airflow/dags/crypto_pipeline_dag.py for tasks to queue
[2026-06-19T15:40:14.687+0000] {logging_mixin.py:190} INFO - [2026-06-19T15:40:14.686+0000] {dagbag.py:588} INFO - Filling up the DagBag from /opt/airflow/dags/crypto_pipeline_dag.py
[2026-06-19T15:40:14.704+0000] {processor.py:925} INFO - DAG(s) 'crypto_pipeline_dag' retrieved from /opt/airflow/dags/crypto_pipeline_dag.py
[2026-06-19T15:40:14.733+0000] {logging_mixin.py:190} INFO - [2026-06-19T15:40:14.732+0000] {dag.py:3239} INFO - Sync 1 DAGs
[2026-06-19T15:40:14.760+0000] {logging_mixin.py:190} INFO - [2026-06-19T15:40:14.760+0000] {dag.py:4180} INFO - Setting next_dagrun for crypto_pipeline_dag to 2026-06-19 00:00:00+00:00, run_after=2026-06-20 00:00:00+00:00
[2026-06-19T15:40:14.782+0000] {processor.py:208} INFO - Processing /opt/airflow/dags/crypto_pipeline_dag.py took 0.102 seconds
[2026-06-19T15:40:44.912+0000] {processor.py:186} INFO - Started process (PID=3182) to work on /opt/airflow/dags/crypto_pipeline_dag.py
[2026-06-19T15:40:44.913+0000] {processor.py:914} INFO - Processing file /opt/airflow/dags/crypto_pipeline_dag.py for tasks to queue
[2026-06-19T15:40:44.915+0000] {logging_mixin.py:190} INFO - [2026-06-19T15:40:44.915+0000] {dagbag.py:588} INFO - Filling up the DagBag from /opt/airflow/dags/crypto_pipeline_dag.py
[2026-06-19T15:40:44.939+0000] {processor.py:925} INFO - DAG(s) 'crypto_pipeline_dag' retrieved from /opt/airflow/dags/crypto_pipeline_dag.py
[2026-06-19T15:40:44.963+0000] {logging_mixin.py:190} INFO - [2026-06-19T15:40:44.963+0000] {dag.py:3239} INFO - Sync 1 DAGs
[2026-06-19T15:40:44.982+0000] {logging_mixin.py:190} INFO - [2026-06-19T15:40:44.982+0000] {dag.py:4180} INFO - Setting next_dagrun for crypto_pipeline_dag to 2026-06-19 00:00:00+00:00, run_after=2026-06-20 00:00:00+00:00
[2026-06-19T15:40:45.000+0000] {processor.py:208} INFO - Processing /opt/airflow/dags/crypto_pipeline_dag.py took 0.093 seconds
[2026-06-19T15:41:15.158+0000] {processor.py:186} INFO - Started process (PID=3187) to work on /opt/airflow/dags/crypto_pipeline_dag.py
[2026-06-19T15:41:15.159+0000] {processor.py:914} INFO - Processing file /opt/airflow/dags/crypto_pipeline_dag.py for tasks to queue
[2026-06-19T15:41:15.160+0000] {logging_mixin.py:190} INFO - [2026-06-19T15:41:15.160+0000] {dagbag.py:588} INFO - Filling up the DagBag from /opt/airflow/dags/crypto_pipeline_dag.py
[2026-06-19T15:41:15.177+0000] {processor.py:925} INFO - DAG(s) 'crypto_pipeline_dag' retrieved from /opt/airflow/dags/crypto_pipeline_dag.py
[2026-06-19T15:41:15.199+0000] {logging_mixin.py:190} INFO - [2026-06-19T15:41:15.199+0000] {dag.py:3239} INFO - Sync 1 DAGs
[2026-06-19T15:41:15.218+0000] {logging_mixin.py:190} INFO - [2026-06-19T15:41:15.217+0000] {dag.py:4180} INFO - Setting next_dagrun for crypto_pipeline_dag to 2026-06-19 00:00:00+00:00, run_after=2026-06-20 00:00:00+00:00
[2026-06-19T15:41:15.230+0000] {processor.py:208} INFO - Processing /opt/airflow/dags/crypto_pipeline_dag.py took 0.077 seconds
[2026-06-19T15:41:46.315+0000] {processor.py:186} INFO - Started process (PID=3192) to work on /opt/airflow/dags/crypto_pipeline_dag.py
[2026-06-19T15:41:46.316+0000] {processor.py:914} INFO - Processing file /opt/airflow/dags/crypto_pipeline_dag.py for tasks to queue
[2026-06-19T15:41:46.317+0000] {logging_mixin.py:190} INFO - [2026-06-19T15:41:46.317+0000] {dagbag.py:588} INFO - Filling up the DagBag from /opt/airflow/dags/crypto_pipeline_dag.py
[2026-06-19T15:41:46.330+0000] {processor.py:925} INFO - DAG(s) 'crypto_pipeline_dag' retrieved from /opt/airflow/dags/crypto_pipeline_dag.py
[2026-06-19T15:41:46.349+0000] {logging_mixin.py:190} INFO - [2026-06-19T15:41:46.349+0000] {dag.py:3239} INFO - Sync 1 DAGs
[2026-06-19T15:41:46.366+0000] {logging_mixin.py:190} INFO - [2026-06-19T15:41:46.366+0000] {dag.py:4180} INFO - Setting next_dagrun for crypto_pipeline_dag to 2026-06-19 00:00:00+00:00, run_after=2026-06-20 00:00:00+00:00
[2026-06-19T15:41:46.379+0000] {processor.py:208} INFO - Processing /opt/airflow/dags/crypto_pipeline_dag.py took 0.068 seconds
[2026-06-19T15:42:17.422+0000] {processor.py:186} INFO - Started process (PID=3197) to work on /opt/airflow/dags/crypto_pipeline_dag.py
[2026-06-19T15:42:17.423+0000] {processor.py:914} INFO - Processing file /opt/airflow/dags/crypto_pipeline_dag.py for tasks to queue
[2026-06-19T15:42:17.424+0000] {logging_mixin.py:190} INFO - [2026-06-19T15:42:17.424+0000] {dagbag.py:588} INFO - Filling up the DagBag from /opt/airflow/dags/crypto_pipeline_dag.py
[2026-06-19T15:42:17.437+0000] {processor.py:925} INFO - DAG(s) 'crypto_pipeline_dag' retrieved from /opt/airflow/dags/crypto_pipeline_dag.py
[2026-06-19T15:42:17.455+0000] {logging_mixin.py:190} INFO - [2026-06-19T15:42:17.455+0000] {dag.py:3239} INFO - Sync 1 DAGs
[2026-06-19T15:42:17.471+0000] {logging_mixin.py:190} INFO - [2026-06-19T15:42:17.471+0000] {dag.py:4180} INFO - Setting next_dagrun for crypto_pipeline_dag to 2026-06-19 00:00:00+00:00, run_after=2026-06-20 00:00:00+00:00
[2026-06-19T15:42:17.483+0000] {processor.py:208} INFO - Processing /opt/airflow/dags/crypto_pipeline_dag.py took 0.065 seconds
[2026-06-19T15:42:48.636+0000] {processor.py:186} INFO - Started process (PID=3202) to work on /opt/airflow/dags/crypto_pipeline_dag.py
[2026-06-19T15:42:48.637+0000] {processor.py:914} INFO - Processing file /opt/airflow/dags/crypto_pipeline_dag.py for tasks to queue
[2026-06-19T15:42:48.639+0000] {logging_mixin.py:190} INFO - [2026-06-19T15:42:48.639+0000] {dagbag.py:588} INFO - Filling up the DagBag from /opt/airflow/dags/crypto_pipeline_dag.py
[2026-06-19T15:42:48.652+0000] {processor.py:925} INFO - DAG(s) 'crypto_pipeline_dag' retrieved from /opt/airflow/dags/crypto_pipeline_dag.py
[2026-06-19T15:42:48.671+0000] {logging_mixin.py:190} INFO - [2026-06-19T15:42:48.671+0000] {dag.py:3239} INFO - Sync 1 DAGs
[2026-06-19T15:42:48.686+0000] {logging_mixin.py:190} INFO - [2026-06-19T15:42:48.686+0000] {dag.py:4180} INFO - Setting next_dagrun for crypto_pipeline_dag to 2026-06-19 00:00:00+00:00, run_after=2026-06-20 00:00:00+00:00
[2026-06-19T15:42:48.699+0000] {processor.py:208} INFO - Processing /opt/airflow/dags/crypto_pipeline_dag.py took 0.068 seconds
[2026-06-19T15:43:18.740+0000] {processor.py:186} INFO - Started process (PID=3207) to work on /opt/airflow/dags/crypto_pipeline_dag.py
[2026-06-19T15:43:18.740+0000] {processor.py:914} INFO - Processing file /opt/airflow/dags/crypto_pipeline_dag.py for tasks to queue
[2026-06-19T15:43:18.742+0000] {logging_mixin.py:190} INFO - [2026-06-19T15:43:18.742+0000] {dagbag.py:588} INFO - Filling up the DagBag from /opt/airflow/dags/crypto_pipeline_dag.py
[2026-06-19T15:43:18.755+0000] {processor.py:925} INFO - DAG(s) 'crypto_pipeline_dag' retrieved from /opt/airflow/dags/crypto_pipeline_dag.py
[2026-06-19T15:43:18.775+0000] {logging_mixin.py:190} INFO - [2026-06-19T15:43:18.775+0000] {dag.py:3239} INFO - Sync 1 DAGs
[2026-06-19T15:43:18.791+0000] {logging_mixin.py:190} INFO - [2026-06-19T15:43:18.791+0000] {dag.py:4180} INFO - Setting next_dagrun for crypto_pipeline_dag to 2026-06-19 00:00:00+00:00, run_after=2026-06-20 00:00:00+00:00
[2026-06-19T15:43:18.805+0000] {processor.py:208} INFO - Processing /opt/airflow/dags/crypto_pipeline_dag.py took 0.070 seconds
[2026-06-19T15:43:49.910+0000] {processor.py:186} INFO - Started process (PID=3212) to work on /opt/airflow/dags/crypto_pipeline_dag.py
[2026-06-19T15:43:49.911+0000] {processor.py:914} INFO - Processing file /opt/airflow/dags/crypto_pipeline_dag.py for tasks to queue
[2026-06-19T15:43:49.913+0000] {logging_mixin.py:190} INFO - [2026-06-19T15:43:49.913+0000] {dagbag.py:588} INFO - Filling up the DagBag from /opt/airflow/dags/crypto_pipeline_dag.py
[2026-06-19T15:43:49.926+0000] {processor.py:925} INFO - DAG(s) 'crypto_pipeline_dag' retrieved from /opt/airflow/dags/crypto_pipeline_dag.py
[2026-06-19T15:43:49.948+0000] {logging_mixin.py:190} INFO - [2026-06-19T15:43:49.947+0000] {dag.py:3239} INFO - Sync 1 DAGs
[2026-06-19T15:43:49.965+0000] {logging_mixin.py:190} INFO - [2026-06-19T15:43:49.964+0000] {dag.py:4180} INFO - Setting next_dagrun for crypto_pipeline_dag to 2026-06-19 00:00:00+00:00, run_after=2026-06-20 00:00:00+00:00
[2026-06-19T15:43:50.105+0000] {processor.py:208} INFO - Processing /opt/airflow/dags/crypto_pipeline_dag.py took 0.199 seconds
[2026-06-19T15:44:21.049+0000] {processor.py:186} INFO - Started process (PID=3217) to work on /opt/airflow/dags/crypto_pipeline_dag.py
[2026-06-19T15:44:21.050+0000] {processor.py:914} INFO - Processing file /opt/airflow/dags/crypto_pipeline_dag.py for tasks to queue
[2026-06-19T15:44:21.053+0000] {logging_mixin.py:190} INFO - [2026-06-19T15:44:21.053+0000] {dagbag.py:588} INFO - Filling up the DagBag from /opt/airflow/dags/crypto_pipeline_dag.py
[2026-06-19T15:44:21.065+0000] {processor.py:925} INFO - DAG(s) 'crypto_pipeline_dag' retrieved from /opt/airflow/dags/crypto_pipeline_dag.py
[2026-06-19T15:44:21.086+0000] {logging_mixin.py:190} INFO - [2026-06-19T15:44:21.086+0000] {dag.py:3239} INFO - Sync 1 DAGs
[2026-06-19T15:44:21.103+0000] {logging_mixin.py:190} INFO - [2026-06-19T15:44:21.103+0000] {dag.py:4180} INFO - Setting next_dagrun for crypto_pipeline_dag to 2026-06-19 00:00:00+00:00, run_after=2026-06-20 00:00:00+00:00
[2026-06-19T15:44:21.116+0000] {processor.py:208} INFO - Processing /opt/airflow/dags/crypto_pipeline_dag.py took 0.071 seconds
[2026-06-19T15:44:52.177+0000] {processor.py:186} INFO - Started process (PID=3222) to work on /opt/airflow/dags/crypto_pipeline_dag.py
[2026-06-19T15:44:52.178+0000] {processor.py:914} INFO - Processing file /opt/airflow/dags/crypto_pipeline_dag.py for tasks to queue
[2026-06-19T15:44:52.180+0000] {logging_mixin.py:190} INFO - [2026-06-19T15:44:52.180+0000] {dagbag.py:588} INFO - Filling up the DagBag from /opt/airflow/dags/crypto_pipeline_dag.py
[2026-06-19T15:44:52.192+0000] {processor.py:925} INFO - DAG(s) 'crypto_pipeline_dag' retrieved from /opt/airflow/dags/crypto_pipeline_dag.py
[2026-06-19T15:44:52.213+0000] {logging_mixin.py:190} INFO - [2026-06-19T15:44:52.213+0000] {dag.py:3239} INFO - Sync 1 DAGs
[2026-06-19T15:44:52.230+0000] {logging_mixin.py:190} INFO - [2026-06-19T15:44:52.230+0000] {dag.py:4180} INFO - Setting next_dagrun for crypto_pipeline_dag to 2026-06-19 00:00:00+00:00, run_after=2026-06-20 00:00:00+00:00
[2026-06-19T15:44:52.241+0000] {processor.py:208} INFO - Processing /opt/airflow/dags/crypto_pipeline_dag.py took 0.068 seconds
[2026-06-19T15:45:22.440+0000] {processor.py:186} INFO - Started process (PID=3227) to work on /opt/airflow/dags/crypto_pipeline_dag.py
[2026-06-19T15:45:22.441+0000] {processor.py:914} INFO - Processing file /opt/airflow/dags/crypto_pipeline_dag.py for tasks to queue
[2026-06-19T15:45:22.443+0000] {logging_mixin.py:190} INFO - [2026-06-19T15:45:22.443+0000] {dagbag.py:588} INFO - Filling up the DagBag from /opt/airflow/dags/crypto_pipeline_dag.py
[2026-06-19T15:45:22.456+0000] {processor.py:925} INFO - DAG(s) 'crypto_pipeline_dag' retrieved from /opt/airflow/dags/crypto_pipeline_dag.py
[2026-06-19T15:45:22.476+0000] {logging_mixin.py:190} INFO - [2026-06-19T15:45:22.476+0000] {dag.py:3239} INFO - Sync 1 DAGs
[2026-06-19T15:45:22.491+0000] {logging_mixin.py:190} INFO - [2026-06-19T15:45:22.491+0000] {dag.py:4180} INFO - Setting next_dagrun for crypto_pipeline_dag to 2026-06-19 00:00:00+00:00, run_after=2026-06-20 00:00:00+00:00
[2026-06-19T15:45:22.505+0000] {processor.py:208} INFO - Processing /opt/airflow/dags/crypto_pipeline_dag.py took 0.069 seconds
[2026-06-19T15:45:53.652+0000] {processor.py:186} INFO - Started process (PID=3232) to work on /opt/airflow/dags/crypto_pipeline_dag.py
[2026-06-19T15:45:53.653+0000] {processor.py:914} INFO - Processing file /opt/airflow/dags/crypto_pipeline_dag.py for tasks to queue
[2026-06-19T15:45:53.655+0000] {logging_mixin.py:190} INFO - [2026-06-19T15:45:53.654+0000] {dagbag.py:588} INFO - Filling up the DagBag from /opt/airflow/dags/crypto_pipeline_dag.py
[2026-06-19T15:45:53.669+0000] {processor.py:925} INFO - DAG(s) 'crypto_pipeline_dag' retrieved from /opt/airflow/dags/crypto_pipeline_dag.py
[2026-06-19T15:45:53.688+0000] {logging_mixin.py:190} INFO - [2026-06-19T15:45:53.688+0000] {dag.py:3239} INFO - Sync 1 DAGs
[2026-06-19T15:45:53.704+0000] {logging_mixin.py:190} INFO - [2026-06-19T15:45:53.704+0000] {dag.py:4180} INFO - Setting next_dagrun for crypto_pipeline_dag to 2026-06-19 00:00:00+00:00, run_after=2026-06-20 00:00:00+00:00
[2026-06-19T15:45:53.716+0000] {processor.py:208} INFO - Processing /opt/airflow/dags/crypto_pipeline_dag.py took 0.068 seconds
[2026-06-19T15:46:24.866+0000] {processor.py:186} INFO - Started process (PID=3237) to work on /opt/airflow/dags/crypto_pipeline_dag.py
[2026-06-19T15:46:24.867+0000] {processor.py:914} INFO - Processing file /opt/airflow/dags/crypto_pipeline_dag.py for tasks to queue
[2026-06-19T15:46:24.868+0000] {logging_mixin.py:190} INFO - [2026-06-19T15:46:24.868+0000] {dagbag.py:588} INFO - Filling up the DagBag from /opt/airflow/dags/crypto_pipeline_dag.py
[2026-06-19T15:46:24.881+0000] {processor.py:925} INFO - DAG(s) 'crypto_pipeline_dag' retrieved from /opt/airflow/dags/crypto_pipeline_dag.py
[2026-06-19T15:46:24.900+0000] {logging_mixin.py:190} INFO - [2026-06-19T15:46:24.899+0000] {dag.py:3239} INFO - Sync 1 DAGs
[2026-06-19T15:46:24.916+0000] {logging_mixin.py:190} INFO - [2026-06-19T15:46:24.916+0000] {dag.py:4180} INFO - Setting next_dagrun for crypto_pipeline_dag to 2026-06-19 00:00:00+00:00, run_after=2026-06-20 00:00:00+00:00
[2026-06-19T15:46:24.928+0000] {processor.py:208} INFO - Processing /opt/airflow/dags/crypto_pipeline_dag.py took 0.066 seconds
[2026-06-19T15:46:55.988+0000] {processor.py:186} INFO - Started process (PID=3242) to work on /opt/airflow/dags/crypto_pipeline_dag.py
[2026-06-19T15:46:55.989+0000] {processor.py:914} INFO - Processing file /opt/airflow/dags/crypto_pipeline_dag.py for tasks to queue
[2026-06-19T15:46:55.990+0000] {logging_mixin.py:190} INFO - [2026-06-19T15:46:55.990+0000] {dagbag.py:588} INFO - Filling up the DagBag from /opt/airflow/dags/crypto_pipeline_dag.py
[2026-06-19T15:46:56.009+0000] {processor.py:925} INFO - DAG(s) 'crypto_pipeline_dag' retrieved from /opt/airflow/dags/crypto_pipeline_dag.py
[2026-06-19T15:46:56.030+0000] {logging_mixin.py:190} INFO - [2026-06-19T15:46:56.030+0000] {dag.py:3239} INFO - Sync 1 DAGs
[2026-06-19T15:46:56.047+0000] {logging_mixin.py:190} INFO - [2026-06-19T15:46:56.047+0000] {dag.py:4180} INFO - Setting next_dagrun for crypto_pipeline_dag to 2026-06-19 00:00:00+00:00, run_after=2026-06-20 00:00:00+00:00
[2026-06-19T15:46:56.172+0000] {processor.py:208} INFO - Processing /opt/airflow/dags/crypto_pipeline_dag.py took 0.188 seconds
[2026-06-19T15:47:26.208+0000] {processor.py:186} INFO - Started process (PID=3247) to work on /opt/airflow/dags/crypto_pipeline_dag.py
[2026-06-19T15:47:26.210+0000] {processor.py:914} INFO - Processing file /opt/airflow/dags/crypto_pipeline_dag.py for tasks to queue
[2026-06-19T15:47:26.211+0000] {logging_mixin.py:190} INFO - [2026-06-19T15:47:26.211+0000] {dagbag.py:588} INFO - Filling up the DagBag from /opt/airflow/dags/crypto_pipeline_dag.py
[2026-06-19T15:47:26.227+0000] {processor.py:925} INFO - DAG(s) 'crypto_pipeline_dag' retrieved from /opt/airflow/dags/crypto_pipeline_dag.py
[2026-06-19T15:47:26.248+0000] {logging_mixin.py:190} INFO - [2026-06-19T15:47:26.247+0000] {dag.py:3239} INFO - Sync 1 DAGs
[2026-06-19T15:47:26.264+0000] {logging_mixin.py:190} INFO - [2026-06-19T15:47:26.264+0000] {dag.py:4180} INFO - Setting next_dagrun for crypto_pipeline_dag to 2026-06-19 00:00:00+00:00, run_after=2026-06-20 00:00:00+00:00
[2026-06-19T15:47:26.278+0000] {processor.py:208} INFO - Processing /opt/airflow/dags/crypto_pipeline_dag.py took 0.073 seconds
[2026-06-19T15:47:57.467+0000] {processor.py:186} INFO - Started process (PID=3252) to work on /opt/airflow/dags/crypto_pipeline_dag.py
[2026-06-19T15:47:57.468+0000] {processor.py:914} INFO - Processing file /opt/airflow/dags/crypto_pipeline_dag.py for tasks to queue
[2026-06-19T15:47:57.470+0000] {logging_mixin.py:190} INFO - [2026-06-19T15:47:57.469+0000] {dagbag.py:588} INFO - Filling up the DagBag from /opt/airflow/dags/crypto_pipeline_dag.py
[2026-06-19T15:47:57.488+0000] {processor.py:925} INFO - DAG(s) 'crypto_pipeline_dag' retrieved from /opt/airflow/dags/crypto_pipeline_dag.py
[2026-06-19T15:47:57.509+0000] {logging_mixin.py:190} INFO - [2026-06-19T15:47:57.509+0000] {dag.py:3239} INFO - Sync 1 DAGs
[2026-06-19T15:47:57.526+0000] {logging_mixin.py:190} INFO - [2026-06-19T15:47:57.526+0000] {dag.py:4180} INFO - Setting next_dagrun for crypto_pipeline_dag to 2026-06-19 00:00:00+00:00, run_after=2026-06-20 00:00:00+00:00
[2026-06-19T15:47:57.541+0000] {processor.py:208} INFO - Processing /opt/airflow/dags/crypto_pipeline_dag.py took 0.079 seconds
[2026-06-19T15:48:28.664+0000] {processor.py:186} INFO - Started process (PID=3257) to work on /opt/airflow/dags/crypto_pipeline_dag.py
[2026-06-19T15:48:28.664+0000] {processor.py:914} INFO - Processing file /opt/airflow/dags/crypto_pipeline_dag.py for tasks to queue
[2026-06-19T15:48:28.666+0000] {logging_mixin.py:190} INFO - [2026-06-19T15:48:28.666+0000] {dagbag.py:588} INFO - Filling up the DagBag from /opt/airflow/dags/crypto_pipeline_dag.py
[2026-06-19T15:48:28.680+0000] {processor.py:925} INFO - DAG(s) 'crypto_pipeline_dag' retrieved from /opt/airflow/dags/crypto_pipeline_dag.py
[2026-06-19T15:48:28.699+0000] {logging_mixin.py:190} INFO - [2026-06-19T15:48:28.699+0000] {dag.py:3239} INFO - Sync 1 DAGs
[2026-06-19T15:48:28.716+0000] {logging_mixin.py:190} INFO - [2026-06-19T15:48:28.716+0000] {dag.py:4180} INFO - Setting next_dagrun for crypto_pipeline_dag to 2026-06-19 00:00:00+00:00, run_after=2026-06-20 00:00:00+00:00
[2026-06-19T15:48:28.730+0000] {processor.py:208} INFO - Processing /opt/airflow/dags/crypto_pipeline_dag.py took 0.070 seconds
[2026-06-19T15:48:59.839+0000] {processor.py:186} INFO - Started process (PID=3262) to work on /opt/airflow/dags/crypto_pipeline_dag.py
[2026-06-19T15:48:59.840+0000] {processor.py:914} INFO - Processing file /opt/airflow/dags/crypto_pipeline_dag.py for tasks to queue
[2026-06-19T15:48:59.842+0000] {logging_mixin.py:190} INFO - [2026-06-19T15:48:59.841+0000] {dagbag.py:588} INFO - Filling up the DagBag from /opt/airflow/dags/crypto_pipeline_dag.py
[2026-06-19T15:48:59.856+0000] {processor.py:925} INFO - DAG(s) 'crypto_pipeline_dag' retrieved from /opt/airflow/dags/crypto_pipeline_dag.py
[2026-06-19T15:48:59.876+0000] {logging_mixin.py:190} INFO - [2026-06-19T15:48:59.876+0000] {dag.py:3239} INFO - Sync 1 DAGs
[2026-06-19T15:48:59.891+0000] {logging_mixin.py:190} INFO - [2026-06-19T15:48:59.891+0000] {dag.py:4180} INFO - Setting next_dagrun for crypto_pipeline_dag to 2026-06-19 00:00:00+00:00, run_after=2026-06-20 00:00:00+00:00
[2026-06-19T15:48:59.906+0000] {processor.py:208} INFO - Processing /opt/airflow/dags/crypto_pipeline_dag.py took 0.070 seconds
[2026-06-19T15:49:30.024+0000] {processor.py:186} INFO - Started process (PID=3267) to work on /opt/airflow/dags/crypto_pipeline_dag.py
[2026-06-19T15:49:30.025+0000] {processor.py:914} INFO - Processing file /opt/airflow/dags/crypto_pipeline_dag.py for tasks to queue
[2026-06-19T15:49:30.027+0000] {logging_mixin.py:190} INFO - [2026-06-19T15:49:30.027+0000] {dagbag.py:588} INFO - Filling up the DagBag from /opt/airflow/dags/crypto_pipeline_dag.py
[2026-06-19T15:49:30.039+0000] {processor.py:925} INFO - DAG(s) 'crypto_pipeline_dag' retrieved from /opt/airflow/dags/crypto_pipeline_dag.py
[2026-06-19T15:49:30.059+0000] {logging_mixin.py:190} INFO - [2026-06-19T15:49:30.059+0000] {dag.py:3239} INFO - Sync 1 DAGs
[2026-06-19T15:49:30.075+0000] {logging_mixin.py:190} INFO - [2026-06-19T15:49:30.075+0000] {dag.py:4180} INFO - Setting next_dagrun for crypto_pipeline_dag to 2026-06-19 00:00:00+00:00, run_after=2026-06-20 00:00:00+00:00
[2026-06-19T15:49:30.091+0000] {processor.py:208} INFO - Processing /opt/airflow/dags/crypto_pipeline_dag.py took 0.071 seconds
[2026-06-19T15:50:01.375+0000] {processor.py:186} INFO - Started process (PID=3272) to work on /opt/airflow/dags/crypto_pipeline_dag.py
[2026-06-19T15:50:01.376+0000] {processor.py:914} INFO - Processing file /opt/airflow/dags/crypto_pipeline_dag.py for tasks to queue
[2026-06-19T15:50:01.378+0000] {logging_mixin.py:190} INFO - [2026-06-19T15:50:01.377+0000] {dagbag.py:588} INFO - Filling up the DagBag from /opt/airflow/dags/crypto_pipeline_dag.py
[2026-06-19T15:50:01.389+0000] {processor.py:925} INFO - DAG(s) 'crypto_pipeline_dag' retrieved from /opt/airflow/dags/crypto_pipeline_dag.py
[2026-06-19T15:50:01.409+0000] {logging_mixin.py:190} INFO - [2026-06-19T15:50:01.409+0000] {dag.py:3239} INFO - Sync 1 DAGs
[2026-06-19T15:50:01.425+0000] {logging_mixin.py:190} INFO - [2026-06-19T15:50:01.425+0000] {dag.py:4180} INFO - Setting next_dagrun for crypto_pipeline_dag to 2026-06-19 00:00:00+00:00, run_after=2026-06-20 00:00:00+00:00
[2026-06-19T15:50:01.540+0000] {processor.py:208} INFO - Processing /opt/airflow/dags/crypto_pipeline_dag.py took 0.169 seconds
[2026-06-19T15:50:32.557+0000] {processor.py:186} INFO - Started process (PID=3277) to work on /opt/airflow/dags/crypto_pipeline_dag.py
[2026-06-19T15:50:32.558+0000] {processor.py:914} INFO - Processing file /opt/airflow/dags/crypto_pipeline_dag.py for tasks to queue
[2026-06-19T15:50:32.560+0000] {logging_mixin.py:190} INFO - [2026-06-19T15:50:32.559+0000] {dagbag.py:588} INFO - Filling up the DagBag from /opt/airflow/dags/crypto_pipeline_dag.py
[2026-06-19T15:50:32.578+0000] {processor.py:925} INFO - DAG(s) 'crypto_pipeline_dag' retrieved from /opt/airflow/dags/crypto_pipeline_dag.py
[2026-06-19T15:50:32.597+0000] {logging_mixin.py:190} INFO - [2026-06-19T15:50:32.597+0000] {dag.py:3239} INFO - Sync 1 DAGs
[2026-06-19T15:50:32.614+0000] {logging_mixin.py:190} INFO - [2026-06-19T15:50:32.614+0000] {dag.py:4180} INFO - Setting next_dagrun for crypto_pipeline_dag to 2026-06-19 00:00:00+00:00, run_after=2026-06-20 00:00:00+00:00
[2026-06-19T15:50:32.628+0000] {processor.py:208} INFO - Processing /opt/airflow/dags/crypto_pipeline_dag.py took 0.075 seconds
[2026-06-19T15:51:02.764+0000] {processor.py:186} INFO - Started process (PID=3282) to work on /opt/airflow/dags/crypto_pipeline_dag.py
[2026-06-19T15:51:02.765+0000] {processor.py:914} INFO - Processing file /opt/airflow/dags/crypto_pipeline_dag.py for tasks to queue
[2026-06-19T15:51:02.766+0000] {logging_mixin.py:190} INFO - [2026-06-19T15:51:02.766+0000] {dagbag.py:588} INFO - Filling up the DagBag from /opt/airflow/dags/crypto_pipeline_dag.py
[2026-06-19T15:51:02.780+0000] {processor.py:925} INFO - DAG(s) 'crypto_pipeline_dag' retrieved from /opt/airflow/dags/crypto_pipeline_dag.py
[2026-06-19T15:51:02.800+0000] {logging_mixin.py:190} INFO - [2026-06-19T15:51:02.800+0000] {dag.py:3239} INFO - Sync 1 DAGs
[2026-06-19T15:51:02.816+0000] {logging_mixin.py:190} INFO - [2026-06-19T15:51:02.816+0000] {dag.py:4180} INFO - Setting next_dagrun for crypto_pipeline_dag to 2026-06-19 00:00:00+00:00, run_after=2026-06-20 00:00:00+00:00
[2026-06-19T15:51:02.829+0000] {processor.py:208} INFO - Processing /opt/airflow/dags/crypto_pipeline_dag.py took 0.069 seconds
[2026-06-19T15:51:34.071+0000] {processor.py:186} INFO - Started process (PID=3287) to work on /opt/airflow/dags/crypto_pipeline_dag.py
[2026-06-19T15:51:34.072+0000] {processor.py:914} INFO - Processing file /opt/airflow/dags/crypto_pipeline_dag.py for tasks to queue
[2026-06-19T15:51:34.074+0000] {logging_mixin.py:190} INFO - [2026-06-19T15:51:34.074+0000] {dagbag.py:588} INFO - Filling up the DagBag from /opt/airflow/dags/crypto_pipeline_dag.py
[2026-06-19T15:51:34.086+0000] {processor.py:925} INFO - DAG(s) 'crypto_pipeline_dag' retrieved from /opt/airflow/dags/crypto_pipeline_dag.py
[2026-06-19T15:51:34.104+0000] {logging_mixin.py:190} INFO - [2026-06-19T15:51:34.104+0000] {dag.py:3239} INFO - Sync 1 DAGs
[2026-06-19T15:51:34.120+0000] {logging_mixin.py:190} INFO - [2026-06-19T15:51:34.120+0000] {dag.py:4180} INFO - Setting next_dagrun for crypto_pipeline_dag to 2026-06-19 00:00:00+00:00, run_after=2026-06-20 00:00:00+00:00
[2026-06-19T15:51:34.132+0000] {processor.py:208} INFO - Processing /opt/airflow/dags/crypto_pipeline_dag.py took 0.065 seconds
[2026-06-19T15:52:05.337+0000] {processor.py:186} INFO - Started process (PID=3292) to work on /opt/airflow/dags/crypto_pipeline_dag.py
[2026-06-19T15:52:05.339+0000] {processor.py:914} INFO - Processing file /opt/airflow/dags/crypto_pipeline_dag.py for tasks to queue
[2026-06-19T15:52:05.341+0000] {logging_mixin.py:190} INFO - [2026-06-19T15:52:05.341+0000] {dagbag.py:588} INFO - Filling up the DagBag from /opt/airflow/dags/crypto_pipeline_dag.py
[2026-06-19T15:52:05.357+0000] {processor.py:925} INFO - DAG(s) 'crypto_pipeline_dag' retrieved from /opt/airflow/dags/crypto_pipeline_dag.py
[2026-06-19T15:52:05.385+0000] {logging_mixin.py:190} INFO - [2026-06-19T15:52:05.384+0000] {dag.py:3239} INFO - Sync 1 DAGs
[2026-06-19T15:52:05.410+0000] {logging_mixin.py:190} INFO - [2026-06-19T15:52:05.410+0000] {dag.py:4180} INFO - Setting next_dagrun for crypto_pipeline_dag to 2026-06-19 00:00:00+00:00, run_after=2026-06-20 00:00:00+00:00
[2026-06-19T15:52:05.432+0000] {processor.py:208} INFO - Processing /opt/airflow/dags/crypto_pipeline_dag.py took 0.100 seconds
[2026-06-19T15:52:36.532+0000] {processor.py:186} INFO - Started process (PID=3297) to work on /opt/airflow/dags/crypto_pipeline_dag.py
[2026-06-19T15:52:36.532+0000] {processor.py:914} INFO - Processing file /opt/airflow/dags/crypto_pipeline_dag.py for tasks to queue
[2026-06-19T15:52:36.534+0000] {logging_mixin.py:190} INFO - [2026-06-19T15:52:36.534+0000] {dagbag.py:588} INFO - Filling up the DagBag from /opt/airflow/dags/crypto_pipeline_dag.py
[2026-06-19T15:52:36.548+0000] {processor.py:925} INFO - DAG(s) 'crypto_pipeline_dag' retrieved from /opt/airflow/dags/crypto_pipeline_dag.py
[2026-06-19T15:52:36.572+0000] {logging_mixin.py:190} INFO - [2026-06-19T15:52:36.572+0000] {dag.py:3239} INFO - Sync 1 DAGs
[2026-06-19T15:52:36.590+0000] {logging_mixin.py:190} INFO - [2026-06-19T15:52:36.590+0000] {dag.py:4180} INFO - Setting next_dagrun for crypto_pipeline_dag to 2026-06-19 00:00:00+00:00, run_after=2026-06-20 00:00:00+00:00
[2026-06-19T15:52:36.605+0000] {processor.py:208} INFO - Processing /opt/airflow/dags/crypto_pipeline_dag.py took 0.077 seconds
[2026-06-19T15:53:06.771+0000] {processor.py:186} INFO - Started process (PID=3302) to work on /opt/airflow/dags/crypto_pipeline_dag.py
[2026-06-19T15:53:06.772+0000] {processor.py:914} INFO - Processing file /opt/airflow/dags/crypto_pipeline_dag.py for tasks to queue
[2026-06-19T15:53:06.773+0000] {logging_mixin.py:190} INFO - [2026-06-19T15:53:06.773+0000] {dagbag.py:588} INFO - Filling up the DagBag from /opt/airflow/dags/crypto_pipeline_dag.py
[2026-06-19T15:53:06.787+0000] {processor.py:925} INFO - DAG(s) 'crypto_pipeline_dag' retrieved from /opt/airflow/dags/crypto_pipeline_dag.py
[2026-06-19T15:53:06.807+0000] {logging_mixin.py:190} INFO - [2026-06-19T15:53:06.806+0000] {dag.py:3239} INFO - Sync 1 DAGs
[2026-06-19T15:53:06.933+0000] {logging_mixin.py:190} INFO - [2026-06-19T15:53:06.933+0000] {dag.py:4180} INFO - Setting next_dagrun for crypto_pipeline_dag to 2026-06-19 00:00:00+00:00, run_after=2026-06-20 00:00:00+00:00
[2026-06-19T15:53:06.944+0000] {processor.py:208} INFO - Processing /opt/airflow/dags/crypto_pipeline_dag.py took 0.176 seconds
[2026-06-19T15:53:37.990+0000] {processor.py:186} INFO - Started process (PID=3307) to work on /opt/airflow/dags/crypto_pipeline_dag.py
[2026-06-19T15:53:37.991+0000] {processor.py:914} INFO - Processing file /opt/airflow/dags/crypto_pipeline_dag.py for tasks to queue
[2026-06-19T15:53:37.993+0000] {logging_mixin.py:190} INFO - [2026-06-19T15:53:37.992+0000] {dagbag.py:588} INFO - Filling up the DagBag from /opt/airflow/dags/crypto_pipeline_dag.py
[2026-06-19T15:53:38.006+0000] {processor.py:925} INFO - DAG(s) 'crypto_pipeline_dag' retrieved from /opt/airflow/dags/crypto_pipeline_dag.py
[2026-06-19T15:53:38.026+0000] {logging_mixin.py:190} INFO - [2026-06-19T15:53:38.026+0000] {dag.py:3239} INFO - Sync 1 DAGs
[2026-06-19T15:53:38.043+0000] {logging_mixin.py:190} INFO - [2026-06-19T15:53:38.043+0000] {dag.py:4180} INFO - Setting next_dagrun for crypto_pipeline_dag to 2026-06-19 00:00:00+00:00, run_after=2026-06-20 00:00:00+00:00
[2026-06-19T15:53:38.057+0000] {processor.py:208} INFO - Processing /opt/airflow/dags/crypto_pipeline_dag.py took 0.071 seconds
[2026-06-19T15:54:09.224+0000] {processor.py:186} INFO - Started process (PID=3312) to work on /opt/airflow/dags/crypto_pipeline_dag.py
[2026-06-19T15:54:09.225+0000] {processor.py:914} INFO - Processing file /opt/airflow/dags/crypto_pipeline_dag.py for tasks to queue
[2026-06-19T15:54:09.227+0000] {logging_mixin.py:190} INFO - [2026-06-19T15:54:09.227+0000] {dagbag.py:588} INFO - Filling up the DagBag from /opt/airflow/dags/crypto_pipeline_dag.py
[2026-06-19T15:54:09.239+0000] {processor.py:925} INFO - DAG(s) 'crypto_pipeline_dag' retrieved from /opt/airflow/dags/crypto_pipeline_dag.py
[2026-06-19T15:54:09.259+0000] {logging_mixin.py:190} INFO - [2026-06-19T15:54:09.259+0000] {dag.py:3239} INFO - Sync 1 DAGs
[2026-06-19T15:54:09.276+0000] {logging_mixin.py:190} INFO - [2026-06-19T15:54:09.275+0000] {dag.py:4180} INFO - Setting next_dagrun for crypto_pipeline_dag to 2026-06-19 00:00:00+00:00, run_after=2026-06-20 00:00:00+00:00
[2026-06-19T15:54:09.289+0000] {processor.py:208} INFO - Processing /opt/airflow/dags/crypto_pipeline_dag.py took 0.069 seconds
[2026-06-19T15:54:40.520+0000] {processor.py:186} INFO - Started process (PID=3317) to work on /opt/airflow/dags/crypto_pipeline_dag.py
[2026-06-19T15:54:40.521+0000] {processor.py:914} INFO - Processing file /opt/airflow/dags/crypto_pipeline_dag.py for tasks to queue
[2026-06-19T15:54:40.523+0000] {logging_mixin.py:190} INFO - [2026-06-19T15:54:40.522+0000] {dagbag.py:588} INFO - Filling up the DagBag from /opt/airflow/dags/crypto_pipeline_dag.py
[2026-06-19T15:54:40.537+0000] {processor.py:925} INFO - DAG(s) 'crypto_pipeline_dag' retrieved from /opt/airflow/dags/crypto_pipeline_dag.py
[2026-06-19T15:54:40.556+0000] {logging_mixin.py:190} INFO - [2026-06-19T15:54:40.556+0000] {dag.py:3239} INFO - Sync 1 DAGs
[2026-06-19T15:54:40.572+0000] {logging_mixin.py:190} INFO - [2026-06-19T15:54:40.571+0000] {dag.py:4180} INFO - Setting next_dagrun for crypto_pipeline_dag to 2026-06-19 00:00:00+00:00, run_after=2026-06-20 00:00:00+00:00
[2026-06-19T15:54:40.585+0000] {processor.py:208} INFO - Processing /opt/airflow/dags/crypto_pipeline_dag.py took 0.070 seconds
[2026-06-19T15:55:10.711+0000] {processor.py:186} INFO - Started process (PID=3322) to work on /opt/airflow/dags/crypto_pipeline_dag.py
[2026-06-19T15:55:10.711+0000] {processor.py:914} INFO - Processing file /opt/airflow/dags/crypto_pipeline_dag.py for tasks to queue
[2026-06-19T15:55:10.713+0000] {logging_mixin.py:190} INFO - [2026-06-19T15:55:10.713+0000] {dagbag.py:588} INFO - Filling up the DagBag from /opt/airflow/dags/crypto_pipeline_dag.py
[2026-06-19T15:55:10.725+0000] {processor.py:925} INFO - DAG(s) 'crypto_pipeline_dag' retrieved from /opt/airflow/dags/crypto_pipeline_dag.py
[2026-06-19T15:55:10.745+0000] {logging_mixin.py:190} INFO - [2026-06-19T15:55:10.745+0000] {dag.py:3239} INFO - Sync 1 DAGs
[2026-06-19T15:55:10.762+0000] {logging_mixin.py:190} INFO - [2026-06-19T15:55:10.761+0000] {dag.py:4180} INFO - Setting next_dagrun for crypto_pipeline_dag to 2026-06-19 00:00:00+00:00, run_after=2026-06-20 00:00:00+00:00
[2026-06-19T15:55:10.774+0000] {processor.py:208} INFO - Processing /opt/airflow/dags/crypto_pipeline_dag.py took 0.068 seconds
[2026-06-19T15:55:41.975+0000] {processor.py:186} INFO - Started process (PID=3327) to work on /opt/airflow/dags/crypto_pipeline_dag.py
[2026-06-19T15:55:41.976+0000] {processor.py:914} INFO - Processing file /opt/airflow/dags/crypto_pipeline_dag.py for tasks to queue
[2026-06-19T15:55:41.978+0000] {logging_mixin.py:190} INFO - [2026-06-19T15:55:41.977+0000] {dagbag.py:588} INFO - Filling up the DagBag from /opt/airflow/dags/crypto_pipeline_dag.py
[2026-06-19T15:55:41.992+0000] {processor.py:925} INFO - DAG(s) 'crypto_pipeline_dag' retrieved from /opt/airflow/dags/crypto_pipeline_dag.py
[2026-06-19T15:55:42.012+0000] {logging_mixin.py:190} INFO - [2026-06-19T15:55:42.011+0000] {dag.py:3239} INFO - Sync 1 DAGs
[2026-06-19T15:55:42.030+0000] {logging_mixin.py:190} INFO - [2026-06-19T15:55:42.029+0000] {dag.py:4180} INFO - Setting next_dagrun for crypto_pipeline_dag to 2026-06-19 00:00:00+00:00, run_after=2026-06-20 00:00:00+00:00
[2026-06-19T15:55:42.144+0000] {processor.py:208} INFO - Processing /opt/airflow/dags/crypto_pipeline_dag.py took 0.173 seconds
[2026-06-19T15:56:13.271+0000] {processor.py:186} INFO - Started process (PID=3332) to work on /opt/airflow/dags/crypto_pipeline_dag.py
[2026-06-19T15:56:13.272+0000] {processor.py:914} INFO - Processing file /opt/airflow/dags/crypto_pipeline_dag.py for tasks to queue
[2026-06-19T15:56:13.275+0000] {logging_mixin.py:190} INFO - [2026-06-19T15:56:13.275+0000] {dagbag.py:588} INFO - Filling up the DagBag from /opt/airflow/dags/crypto_pipeline_dag.py
[2026-06-19T15:56:13.290+0000] {processor.py:925} INFO - DAG(s) 'crypto_pipeline_dag' retrieved from /opt/airflow/dags/crypto_pipeline_dag.py
[2026-06-19T15:56:13.312+0000] {logging_mixin.py:190} INFO - [2026-06-19T15:56:13.311+0000] {dag.py:3239} INFO - Sync 1 DAGs
[2026-06-19T15:56:13.329+0000] {logging_mixin.py:190} INFO - [2026-06-19T15:56:13.329+0000] {dag.py:4180} INFO - Setting next_dagrun for crypto_pipeline_dag to 2026-06-19 00:00:00+00:00, run_after=2026-06-20 00:00:00+00:00
[2026-06-19T15:56:13.343+0000] {processor.py:208} INFO - Processing /opt/airflow/dags/crypto_pipeline_dag.py took 0.077 seconds
[2026-06-19T15:56:43.577+0000] {processor.py:186} INFO - Started process (PID=3337) to work on /opt/airflow/dags/crypto_pipeline_dag.py
[2026-06-19T15:56:43.578+0000] {processor.py:914} INFO - Processing file /opt/airflow/dags/crypto_pipeline_dag.py for tasks to queue
[2026-06-19T15:56:43.579+0000] {logging_mixin.py:190} INFO - [2026-06-19T15:56:43.579+0000] {dagbag.py:588} INFO - Filling up the DagBag from /opt/airflow/dags/crypto_pipeline_dag.py
[2026-06-19T15:56:43.593+0000] {processor.py:925} INFO - DAG(s) 'crypto_pipeline_dag' retrieved from /opt/airflow/dags/crypto_pipeline_dag.py
[2026-06-19T15:56:43.614+0000] {logging_mixin.py:190} INFO - [2026-06-19T15:56:43.613+0000] {dag.py:3239} INFO - Sync 1 DAGs
[2026-06-19T15:56:43.630+0000] {logging_mixin.py:190} INFO - [2026-06-19T15:56:43.630+0000] {dag.py:4180} INFO - Setting next_dagrun for crypto_pipeline_dag to 2026-06-19 00:00:00+00:00, run_after=2026-06-20 00:00:00+00:00
[2026-06-19T15:56:43.644+0000] {processor.py:208} INFO - Processing /opt/airflow/dags/crypto_pipeline_dag.py took 0.071 seconds
[2026-06-19T15:57:14.792+0000] {processor.py:186} INFO - Started process (PID=3342) to work on /opt/airflow/dags/crypto_pipeline_dag.py
[2026-06-19T15:57:14.793+0000] {processor.py:914} INFO - Processing file /opt/airflow/dags/crypto_pipeline_dag.py for tasks to queue
[2026-06-19T15:57:14.794+0000] {logging_mixin.py:190} INFO - [2026-06-19T15:57:14.794+0000] {dagbag.py:588} INFO - Filling up the DagBag from /opt/airflow/dags/crypto_pipeline_dag.py
[2026-06-19T15:57:14.808+0000] {processor.py:925} INFO - DAG(s) 'crypto_pipeline_dag' retrieved from /opt/airflow/dags/crypto_pipeline_dag.py
[2026-06-19T15:57:14.828+0000] {logging_mixin.py:190} INFO - [2026-06-19T15:57:14.828+0000] {dag.py:3239} INFO - Sync 1 DAGs
[2026-06-19T15:57:14.843+0000] {logging_mixin.py:190} INFO - [2026-06-19T15:57:14.843+0000] {dag.py:4180} INFO - Setting next_dagrun for crypto_pipeline_dag to 2026-06-19 00:00:00+00:00, run_after=2026-06-20 00:00:00+00:00
[2026-06-19T15:57:14.857+0000] {processor.py:208} INFO - Processing /opt/airflow/dags/crypto_pipeline_dag.py took 0.070 seconds
[2026-06-19T15:57:46.083+0000] {processor.py:186} INFO - Started process (PID=3347) to work on /opt/airflow/dags/crypto_pipeline_dag.py
[2026-06-19T15:57:46.084+0000] {processor.py:914} INFO - Processing file /opt/airflow/dags/crypto_pipeline_dag.py for tasks to queue
[2026-06-19T15:57:46.086+0000] {logging_mixin.py:190} INFO - [2026-06-19T15:57:46.085+0000] {dagbag.py:588} INFO - Filling up the DagBag from /opt/airflow/dags/crypto_pipeline_dag.py
[2026-06-19T15:57:46.101+0000] {processor.py:925} INFO - DAG(s) 'crypto_pipeline_dag' retrieved from /opt/airflow/dags/crypto_pipeline_dag.py
[2026-06-19T15:57:46.120+0000] {logging_mixin.py:190} INFO - [2026-06-19T15:57:46.120+0000] {dag.py:3239} INFO - Sync 1 DAGs
[2026-06-19T15:57:46.136+0000] {logging_mixin.py:190} INFO - [2026-06-19T15:57:46.136+0000] {dag.py:4180} INFO - Setting next_dagrun for crypto_pipeline_dag to 2026-06-19 00:00:00+00:00, run_after=2026-06-20 00:00:00+00:00
[2026-06-19T15:57:46.149+0000] {processor.py:208} INFO - Processing /opt/airflow/dags/crypto_pipeline_dag.py took 0.071 seconds
[2026-06-19T15:58:17.342+0000] {processor.py:186} INFO - Started process (PID=3352) to work on /opt/airflow/dags/crypto_pipeline_dag.py
[2026-06-19T15:58:17.343+0000] {processor.py:914} INFO - Processing file /opt/airflow/dags/crypto_pipeline_dag.py for tasks to queue
[2026-06-19T15:58:17.345+0000] {logging_mixin.py:190} INFO - [2026-06-19T15:58:17.345+0000] {dagbag.py:588} INFO - Filling up the DagBag from /opt/airflow/dags/crypto_pipeline_dag.py
[2026-06-19T15:58:17.359+0000] {processor.py:925} INFO - DAG(s) 'crypto_pipeline_dag' retrieved from /opt/airflow/dags/crypto_pipeline_dag.py
[2026-06-19T15:58:17.380+0000] {logging_mixin.py:190} INFO - [2026-06-19T15:58:17.380+0000] {dag.py:3239} INFO - Sync 1 DAGs
[2026-06-19T15:58:17.396+0000] {logging_mixin.py:190} INFO - [2026-06-19T15:58:17.396+0000] {dag.py:4180} INFO - Setting next_dagrun for crypto_pipeline_dag to 2026-06-19 00:00:00+00:00, run_after=2026-06-20 00:00:00+00:00
[2026-06-19T15:58:17.408+0000] {processor.py:208} INFO - Processing /opt/airflow/dags/crypto_pipeline_dag.py took 0.070 seconds
[2026-06-19T15:58:47.685+0000] {processor.py:186} INFO - Started process (PID=3357) to work on /opt/airflow/dags/crypto_pipeline_dag.py
[2026-06-19T15:58:47.686+0000] {processor.py:914} INFO - Processing file /opt/airflow/dags/crypto_pipeline_dag.py for tasks to queue
[2026-06-19T15:58:47.688+0000] {logging_mixin.py:190} INFO - [2026-06-19T15:58:47.688+0000] {dagbag.py:588} INFO - Filling up the DagBag from /opt/airflow/dags/crypto_pipeline_dag.py
[2026-06-19T15:58:47.703+0000] {processor.py:925} INFO - DAG(s) 'crypto_pipeline_dag' retrieved from /opt/airflow/dags/crypto_pipeline_dag.py
[2026-06-19T15:58:47.723+0000] {logging_mixin.py:190} INFO - [2026-06-19T15:58:47.723+0000] {dag.py:3239} INFO - Sync 1 DAGs
[2026-06-19T15:58:47.739+0000] {logging_mixin.py:190} INFO - [2026-06-19T15:58:47.739+0000] {dag.py:4180} INFO - Setting next_dagrun for crypto_pipeline_dag to 2026-06-19 00:00:00+00:00, run_after=2026-06-20 00:00:00+00:00
[2026-06-19T15:58:47.855+0000] {processor.py:208} INFO - Processing /opt/airflow/dags/crypto_pipeline_dag.py took 0.174 seconds
[2026-06-19T15:59:18.976+0000] {processor.py:186} INFO - Started process (PID=3362) to work on /opt/airflow/dags/crypto_pipeline_dag.py
[2026-06-19T15:59:18.976+0000] {processor.py:914} INFO - Processing file /opt/airflow/dags/crypto_pipeline_dag.py for tasks to queue
[2026-06-19T15:59:18.978+0000] {logging_mixin.py:190} INFO - [2026-06-19T15:59:18.978+0000] {dagbag.py:588} INFO - Filling up the DagBag from /opt/airflow/dags/crypto_pipeline_dag.py
[2026-06-19T15:59:18.992+0000] {processor.py:925} INFO - DAG(s) 'crypto_pipeline_dag' retrieved from /opt/airflow/dags/crypto_pipeline_dag.py
[2026-06-19T15:59:19.012+0000] {logging_mixin.py:190} INFO - [2026-06-19T15:59:19.012+0000] {dag.py:3239} INFO - Sync 1 DAGs
[2026-06-19T15:59:19.029+0000] {logging_mixin.py:190} INFO - [2026-06-19T15:59:19.029+0000] {dag.py:4180} INFO - Setting next_dagrun for crypto_pipeline_dag to 2026-06-19 00:00:00+00:00, run_after=2026-06-20 00:00:00+00:00
[2026-06-19T15:59:19.043+0000] {processor.py:208} INFO - Processing /opt/airflow/dags/crypto_pipeline_dag.py took 0.072 seconds
[2026-06-19T15:59:50.206+0000] {processor.py:186} INFO - Started process (PID=3367) to work on /opt/airflow/dags/crypto_pipeline_dag.py
[2026-06-19T15:59:50.208+0000] {processor.py:914} INFO - Processing file /opt/airflow/dags/crypto_pipeline_dag.py for tasks to queue
[2026-06-19T15:59:50.210+0000] {logging_mixin.py:190} INFO - [2026-06-19T15:59:50.210+0000] {dagbag.py:588} INFO - Filling up the DagBag from /opt/airflow/dags/crypto_pipeline_dag.py
[2026-06-19T15:59:50.231+0000] {processor.py:925} INFO - DAG(s) 'crypto_pipeline_dag' retrieved from /opt/airflow/dags/crypto_pipeline_dag.py
[2026-06-19T15:59:50.256+0000] {logging_mixin.py:190} INFO - [2026-06-19T15:59:50.255+0000] {dag.py:3239} INFO - Sync 1 DAGs
[2026-06-19T15:59:50.277+0000] {logging_mixin.py:190} INFO - [2026-06-19T15:59:50.277+0000] {dag.py:4180} INFO - Setting next_dagrun for crypto_pipeline_dag to 2026-06-19 00:00:00+00:00, run_after=2026-06-20 00:00:00+00:00
[2026-06-19T15:59:50.319+0000] {processor.py:208} INFO - Processing /opt/airflow/dags/crypto_pipeline_dag.py took 0.117 seconds
[2026-06-19T16:00:20.511+0000] {processor.py:186} INFO - Started process (PID=3372) to work on /opt/airflow/dags/crypto_pipeline_dag.py
[2026-06-19T16:00:20.512+0000] {processor.py:914} INFO - Processing file /opt/airflow/dags/crypto_pipeline_dag.py for tasks to queue
[2026-06-19T16:00:20.514+0000] {logging_mixin.py:190} INFO - [2026-06-19T16:00:20.514+0000] {dagbag.py:588} INFO - Filling up the DagBag from /opt/airflow/dags/crypto_pipeline_dag.py
[2026-06-19T16:00:20.535+0000] {processor.py:925} INFO - DAG(s) 'crypto_pipeline_dag' retrieved from /opt/airflow/dags/crypto_pipeline_dag.py
[2026-06-19T16:00:20.562+0000] {logging_mixin.py:190} INFO - [2026-06-19T16:00:20.562+0000] {dag.py:3239} INFO - Sync 1 DAGs
[2026-06-19T16:00:20.580+0000] {logging_mixin.py:190} INFO - [2026-06-19T16:00:20.580+0000] {dag.py:4180} INFO - Setting next_dagrun for crypto_pipeline_dag to 2026-06-19 00:00:00+00:00, run_after=2026-06-20 00:00:00+00:00
[2026-06-19T16:00:20.594+0000] {processor.py:208} INFO - Processing /opt/airflow/dags/crypto_pipeline_dag.py took 0.089 seconds
[2026-06-19T16:00:51.895+0000] {processor.py:186} INFO - Started process (PID=3377) to work on /opt/airflow/dags/crypto_pipeline_dag.py
[2026-06-19T16:00:51.896+0000] {processor.py:914} INFO - Processing file /opt/airflow/dags/crypto_pipeline_dag.py for tasks to queue
[2026-06-19T16:00:51.898+0000] {logging_mixin.py:190} INFO - [2026-06-19T16:00:51.898+0000] {dagbag.py:588} INFO - Filling up the DagBag from /opt/airflow/dags/crypto_pipeline_dag.py
[2026-06-19T16:00:51.910+0000] {processor.py:925} INFO - DAG(s) 'crypto_pipeline_dag' retrieved from /opt/airflow/dags/crypto_pipeline_dag.py
[2026-06-19T16:00:51.928+0000] {logging_mixin.py:190} INFO - [2026-06-19T16:00:51.928+0000] {dag.py:3239} INFO - Sync 1 DAGs
[2026-06-19T16:00:51.943+0000] {logging_mixin.py:190} INFO - [2026-06-19T16:00:51.943+0000] {dag.py:4180} INFO - Setting next_dagrun for crypto_pipeline_dag to 2026-06-19 00:00:00+00:00, run_after=2026-06-20 00:00:00+00:00
[2026-06-19T16:00:51.954+0000] {processor.py:208} INFO - Processing /opt/airflow/dags/crypto_pipeline_dag.py took 0.063 seconds
[2026-06-19T16:01:23.162+0000] {processor.py:186} INFO - Started process (PID=3382) to work on /opt/airflow/dags/crypto_pipeline_dag.py
[2026-06-19T16:01:23.163+0000] {processor.py:914} INFO - Processing file /opt/airflow/dags/crypto_pipeline_dag.py for tasks to queue
[2026-06-19T16:01:23.165+0000] {logging_mixin.py:190} INFO - [2026-06-19T16:01:23.165+0000] {dagbag.py:588} INFO - Filling up the DagBag from /opt/airflow/dags/crypto_pipeline_dag.py
[2026-06-19T16:01:23.197+0000] {processor.py:925} INFO - DAG(s) 'crypto_pipeline_dag' retrieved from /opt/airflow/dags/crypto_pipeline_dag.py
[2026-06-19T16:01:23.217+0000] {logging_mixin.py:190} INFO - [2026-06-19T16:01:23.217+0000] {dag.py:3239} INFO - Sync 1 DAGs
[2026-06-19T16:01:23.233+0000] {logging_mixin.py:190} INFO - [2026-06-19T16:01:23.233+0000] {dag.py:4180} INFO - Setting next_dagrun for crypto_pipeline_dag to 2026-06-19 00:00:00+00:00, run_after=2026-06-20 00:00:00+00:00
[2026-06-19T16:01:23.246+0000] {processor.py:208} INFO - Processing /opt/airflow/dags/crypto_pipeline_dag.py took 0.087 seconds
[2026-06-19T16:01:54.488+0000] {processor.py:186} INFO - Started process (PID=3387) to work on /opt/airflow/dags/crypto_pipeline_dag.py
[2026-06-19T16:01:54.489+0000] {processor.py:914} INFO - Processing file /opt/airflow/dags/crypto_pipeline_dag.py for tasks to queue
[2026-06-19T16:01:54.490+0000] {logging_mixin.py:190} INFO - [2026-06-19T16:01:54.490+0000] {dagbag.py:588} INFO - Filling up the DagBag from /opt/airflow/dags/crypto_pipeline_dag.py
[2026-06-19T16:01:54.502+0000] {processor.py:925} INFO - DAG(s) 'crypto_pipeline_dag' retrieved from /opt/airflow/dags/crypto_pipeline_dag.py
[2026-06-19T16:01:54.519+0000] {logging_mixin.py:190} INFO - [2026-06-19T16:01:54.519+0000] {dag.py:3239} INFO - Sync 1 DAGs
[2026-06-19T16:01:54.536+0000] {logging_mixin.py:190} INFO - [2026-06-19T16:01:54.536+0000] {dag.py:4180} INFO - Setting next_dagrun for crypto_pipeline_dag to 2026-06-19 00:00:00+00:00, run_after=2026-06-20 00:00:00+00:00
[2026-06-19T16:01:54.658+0000] {processor.py:208} INFO - Processing /opt/airflow/dags/crypto_pipeline_dag.py took 0.174 seconds
[2026-06-19T16:02:24.716+0000] {processor.py:186} INFO - Started process (PID=3392) to work on /opt/airflow/dags/crypto_pipeline_dag.py
[2026-06-19T16:02:24.717+0000] {processor.py:914} INFO - Processing file /opt/airflow/dags/crypto_pipeline_dag.py for tasks to queue
[2026-06-19T16:02:24.718+0000] {logging_mixin.py:190} INFO - [2026-06-19T16:02:24.718+0000] {dagbag.py:588} INFO - Filling up the DagBag from /opt/airflow/dags/crypto_pipeline_dag.py
[2026-06-19T16:02:24.729+0000] {processor.py:925} INFO - DAG(s) 'crypto_pipeline_dag' retrieved from /opt/airflow/dags/crypto_pipeline_dag.py
[2026-06-19T16:02:24.748+0000] {logging_mixin.py:190} INFO - [2026-06-19T16:02:24.748+0000] {dag.py:3239} INFO - Sync 1 DAGs
[2026-06-19T16:02:24.764+0000] {logging_mixin.py:190} INFO - [2026-06-19T16:02:24.764+0000] {dag.py:4180} INFO - Setting next_dagrun for crypto_pipeline_dag to 2026-06-19 00:00:00+00:00, run_after=2026-06-20 00:00:00+00:00
[2026-06-19T16:02:24.776+0000] {processor.py:208} INFO - Processing /opt/airflow/dags/crypto_pipeline_dag.py took 0.064 seconds
[2026-06-19T16:02:55.977+0000] {processor.py:186} INFO - Started process (PID=3397) to work on /opt/airflow/dags/crypto_pipeline_dag.py
[2026-06-19T16:02:55.978+0000] {processor.py:914} INFO - Processing file /opt/airflow/dags/crypto_pipeline_dag.py for tasks to queue
[2026-06-19T16:02:55.980+0000] {logging_mixin.py:190} INFO - [2026-06-19T16:02:55.980+0000] {dagbag.py:588} INFO - Filling up the DagBag from /opt/airflow/dags/crypto_pipeline_dag.py
[2026-06-19T16:02:56.001+0000] {processor.py:925} INFO - DAG(s) 'crypto_pipeline_dag' retrieved from /opt/airflow/dags/crypto_pipeline_dag.py
[2026-06-19T16:02:56.026+0000] {logging_mixin.py:190} INFO - [2026-06-19T16:02:56.026+0000] {dag.py:3239} INFO - Sync 1 DAGs
[2026-06-19T16:02:56.048+0000] {logging_mixin.py:190} INFO - [2026-06-19T16:02:56.047+0000] {dag.py:4180} INFO - Setting next_dagrun for crypto_pipeline_dag to 2026-06-19 00:00:00+00:00, run_after=2026-06-20 00:00:00+00:00
[2026-06-19T16:02:56.066+0000] {processor.py:208} INFO - Processing /opt/airflow/dags/crypto_pipeline_dag.py took 0.094 seconds
[2026-06-19T16:03:27.216+0000] {processor.py:186} INFO - Started process (PID=3402) to work on /opt/airflow/dags/crypto_pipeline_dag.py
[2026-06-19T16:03:27.217+0000] {processor.py:914} INFO - Processing file /opt/airflow/dags/crypto_pipeline_dag.py for tasks to queue
[2026-06-19T16:03:27.219+0000] {logging_mixin.py:190} INFO - [2026-06-19T16:03:27.219+0000] {dagbag.py:588} INFO - Filling up the DagBag from /opt/airflow/dags/crypto_pipeline_dag.py
[2026-06-19T16:03:27.231+0000] {processor.py:925} INFO - DAG(s) 'crypto_pipeline_dag' retrieved from /opt/airflow/dags/crypto_pipeline_dag.py
[2026-06-19T16:03:27.249+0000] {logging_mixin.py:190} INFO - [2026-06-19T16:03:27.249+0000] {dag.py:3239} INFO - Sync 1 DAGs
[2026-06-19T16:03:27.267+0000] {logging_mixin.py:190} INFO - [2026-06-19T16:03:27.267+0000] {dag.py:4180} INFO - Setting next_dagrun for crypto_pipeline_dag to 2026-06-19 00:00:00+00:00, run_after=2026-06-20 00:00:00+00:00
[2026-06-19T16:03:27.280+0000] {processor.py:208} INFO - Processing /opt/airflow/dags/crypto_pipeline_dag.py took 0.067 seconds
[2026-06-19T16:03:58.489+0000] {processor.py:186} INFO - Started process (PID=3407) to work on /opt/airflow/dags/crypto_pipeline_dag.py
[2026-06-19T16:03:58.490+0000] {processor.py:914} INFO - Processing file /opt/airflow/dags/crypto_pipeline_dag.py for tasks to queue
[2026-06-19T16:03:58.492+0000] {logging_mixin.py:190} INFO - [2026-06-19T16:03:58.492+0000] {dagbag.py:588} INFO - Filling up the DagBag from /opt/airflow/dags/crypto_pipeline_dag.py
[2026-06-19T16:03:58.507+0000] {processor.py:925} INFO - DAG(s) 'crypto_pipeline_dag' retrieved from /opt/airflow/dags/crypto_pipeline_dag.py
[2026-06-19T16:03:58.527+0000] {logging_mixin.py:190} INFO - [2026-06-19T16:03:58.527+0000] {dag.py:3239} INFO - Sync 1 DAGs
[2026-06-19T16:03:58.544+0000] {logging_mixin.py:190} INFO - [2026-06-19T16:03:58.544+0000] {dag.py:4180} INFO - Setting next_dagrun for crypto_pipeline_dag to 2026-06-19 00:00:00+00:00, run_after=2026-06-20 00:00:00+00:00
[2026-06-19T16:03:58.558+0000] {processor.py:208} INFO - Processing /opt/airflow/dags/crypto_pipeline_dag.py took 0.073 seconds
[2026-06-19T16:04:28.724+0000] {processor.py:186} INFO - Started process (PID=3412) to work on /opt/airflow/dags/crypto_pipeline_dag.py
[2026-06-19T16:04:28.725+0000] {processor.py:914} INFO - Processing file /opt/airflow/dags/crypto_pipeline_dag.py for tasks to queue
[2026-06-19T16:04:28.727+0000] {logging_mixin.py:190} INFO - [2026-06-19T16:04:28.727+0000] {dagbag.py:588} INFO - Filling up the DagBag from /opt/airflow/dags/crypto_pipeline_dag.py
[2026-06-19T16:04:28.738+0000] {processor.py:925} INFO - DAG(s) 'crypto_pipeline_dag' retrieved from /opt/airflow/dags/crypto_pipeline_dag.py
[2026-06-19T16:04:28.758+0000] {logging_mixin.py:190} INFO - [2026-06-19T16:04:28.758+0000] {dag.py:3239} INFO - Sync 1 DAGs
[2026-06-19T16:04:28.774+0000] {logging_mixin.py:190} INFO - [2026-06-19T16:04:28.774+0000] {dag.py:4180} INFO - Setting next_dagrun for crypto_pipeline_dag to 2026-06-19 00:00:00+00:00, run_after=2026-06-20 00:00:00+00:00
[2026-06-19T16:04:28.888+0000] {processor.py:208} INFO - Processing /opt/airflow/dags/crypto_pipeline_dag.py took 0.168 seconds
[2026-06-19T16:05:00.028+0000] {processor.py:186} INFO - Started process (PID=3417) to work on /opt/airflow/dags/crypto_pipeline_dag.py
[2026-06-19T16:05:00.029+0000] {processor.py:914} INFO - Processing file /opt/airflow/dags/crypto_pipeline_dag.py for tasks to queue
[2026-06-19T16:05:00.031+0000] {logging_mixin.py:190} INFO - [2026-06-19T16:05:00.031+0000] {dagbag.py:588} INFO - Filling up the DagBag from /opt/airflow/dags/crypto_pipeline_dag.py
[2026-06-19T16:05:00.042+0000] {processor.py:925} INFO - DAG(s) 'crypto_pipeline_dag' retrieved from /opt/airflow/dags/crypto_pipeline_dag.py
[2026-06-19T16:05:00.063+0000] {logging_mixin.py:190} INFO - [2026-06-19T16:05:00.063+0000] {dag.py:3239} INFO - Sync 1 DAGs
[2026-06-19T16:05:00.191+0000] {logging_mixin.py:190} INFO - [2026-06-19T16:05:00.191+0000] {dag.py:4180} INFO - Setting next_dagrun for crypto_pipeline_dag to 2026-06-19 00:00:00+00:00, run_after=2026-06-20 00:00:00+00:00
[2026-06-19T16:05:00.205+0000] {processor.py:208} INFO - Processing /opt/airflow/dags/crypto_pipeline_dag.py took 0.181 seconds
[2026-06-19T16:05:31.347+0000] {processor.py:186} INFO - Started process (PID=3422) to work on /opt/airflow/dags/crypto_pipeline_dag.py
[2026-06-19T16:05:31.348+0000] {processor.py:914} INFO - Processing file /opt/airflow/dags/crypto_pipeline_dag.py for tasks to queue
[2026-06-19T16:05:31.350+0000] {logging_mixin.py:190} INFO - [2026-06-19T16:05:31.349+0000] {dagbag.py:588} INFO - Filling up the DagBag from /opt/airflow/dags/crypto_pipeline_dag.py
[2026-06-19T16:05:31.368+0000] {processor.py:925} INFO - DAG(s) 'crypto_pipeline_dag' retrieved from /opt/airflow/dags/crypto_pipeline_dag.py
[2026-06-19T16:05:31.388+0000] {logging_mixin.py:190} INFO - [2026-06-19T16:05:31.388+0000] {dag.py:3239} INFO - Sync 1 DAGs
[2026-06-19T16:05:31.404+0000] {logging_mixin.py:190} INFO - [2026-06-19T16:05:31.404+0000] {dag.py:4180} INFO - Setting next_dagrun for crypto_pipeline_dag to 2026-06-19 00:00:00+00:00, run_after=2026-06-20 00:00:00+00:00
[2026-06-19T16:05:31.419+0000] {processor.py:208} INFO - Processing /opt/airflow/dags/crypto_pipeline_dag.py took 0.076 seconds
[2026-06-19T16:06:02.655+0000] {processor.py:186} INFO - Started process (PID=3427) to work on /opt/airflow/dags/crypto_pipeline_dag.py
[2026-06-19T16:06:02.656+0000] {processor.py:914} INFO - Processing file /opt/airflow/dags/crypto_pipeline_dag.py for tasks to queue
[2026-06-19T16:06:02.657+0000] {logging_mixin.py:190} INFO - [2026-06-19T16:06:02.657+0000] {dagbag.py:588} INFO - Filling up the DagBag from /opt/airflow/dags/crypto_pipeline_dag.py
[2026-06-19T16:06:02.669+0000] {processor.py:925} INFO - DAG(s) 'crypto_pipeline_dag' retrieved from /opt/airflow/dags/crypto_pipeline_dag.py
[2026-06-19T16:06:02.688+0000] {logging_mixin.py:190} INFO - [2026-06-19T16:06:02.687+0000] {dag.py:3239} INFO - Sync 1 DAGs
[2026-06-19T16:06:02.703+0000] {logging_mixin.py:190} INFO - [2026-06-19T16:06:02.703+0000] {dag.py:4180} INFO - Setting next_dagrun for crypto_pipeline_dag to 2026-06-19 00:00:00+00:00, run_after=2026-06-20 00:00:00+00:00
[2026-06-19T16:06:02.716+0000] {processor.py:208} INFO - Processing /opt/airflow/dags/crypto_pipeline_dag.py took 0.064 seconds
[2026-06-19T16:06:32.940+0000] {processor.py:186} INFO - Started process (PID=3432) to work on /opt/airflow/dags/crypto_pipeline_dag.py
[2026-06-19T16:06:32.941+0000] {processor.py:914} INFO - Processing file /opt/airflow/dags/crypto_pipeline_dag.py for tasks to queue
[2026-06-19T16:06:32.942+0000] {logging_mixin.py:190} INFO - [2026-06-19T16:06:32.942+0000] {dagbag.py:588} INFO - Filling up the DagBag from /opt/airflow/dags/crypto_pipeline_dag.py
[2026-06-19T16:06:32.954+0000] {processor.py:925} INFO - DAG(s) 'crypto_pipeline_dag' retrieved from /opt/airflow/dags/crypto_pipeline_dag.py
[2026-06-19T16:06:32.973+0000] {logging_mixin.py:190} INFO - [2026-06-19T16:06:32.973+0000] {dag.py:3239} INFO - Sync 1 DAGs
[2026-06-19T16:06:32.989+0000] {logging_mixin.py:190} INFO - [2026-06-19T16:06:32.989+0000] {dag.py:4180} INFO - Setting next_dagrun for crypto_pipeline_dag to 2026-06-19 00:00:00+00:00, run_after=2026-06-20 00:00:00+00:00
[2026-06-19T16:06:33.001+0000] {processor.py:208} INFO - Processing /opt/airflow/dags/crypto_pipeline_dag.py took 0.065 seconds
[2026-06-19T16:07:04.283+0000] {processor.py:186} INFO - Started process (PID=3437) to work on /opt/airflow/dags/crypto_pipeline_dag.py
[2026-06-19T16:07:04.284+0000] {processor.py:914} INFO - Processing file /opt/airflow/dags/crypto_pipeline_dag.py for tasks to queue
[2026-06-19T16:07:04.286+0000] {logging_mixin.py:190} INFO - [2026-06-19T16:07:04.285+0000] {dagbag.py:588} INFO - Filling up the DagBag from /opt/airflow/dags/crypto_pipeline_dag.py
[2026-06-19T16:07:04.297+0000] {processor.py:925} INFO - DAG(s) 'crypto_pipeline_dag' retrieved from /opt/airflow/dags/crypto_pipeline_dag.py
[2026-06-19T16:07:04.316+0000] {logging_mixin.py:190} INFO - [2026-06-19T16:07:04.315+0000] {dag.py:3239} INFO - Sync 1 DAGs
[2026-06-19T16:07:04.331+0000] {logging_mixin.py:190} INFO - [2026-06-19T16:07:04.331+0000] {dag.py:4180} INFO - Setting next_dagrun for crypto_pipeline_dag to 2026-06-19 00:00:00+00:00, run_after=2026-06-20 00:00:00+00:00
[2026-06-19T16:07:04.343+0000] {processor.py:208} INFO - Processing /opt/airflow/dags/crypto_pipeline_dag.py took 0.063 seconds
[2026-06-19T16:07:35.573+0000] {processor.py:186} INFO - Started process (PID=3442) to work on /opt/airflow/dags/crypto_pipeline_dag.py
[2026-06-19T16:07:35.574+0000] {processor.py:914} INFO - Processing file /opt/airflow/dags/crypto_pipeline_dag.py for tasks to queue
[2026-06-19T16:07:35.576+0000] {logging_mixin.py:190} INFO - [2026-06-19T16:07:35.575+0000] {dagbag.py:588} INFO - Filling up the DagBag from /opt/airflow/dags/crypto_pipeline_dag.py
[2026-06-19T16:07:35.588+0000] {processor.py:925} INFO - DAG(s) 'crypto_pipeline_dag' retrieved from /opt/airflow/dags/crypto_pipeline_dag.py
[2026-06-19T16:07:35.607+0000] {logging_mixin.py:190} INFO - [2026-06-19T16:07:35.606+0000] {dag.py:3239} INFO - Sync 1 DAGs
[2026-06-19T16:07:35.622+0000] {logging_mixin.py:190} INFO - [2026-06-19T16:07:35.622+0000] {dag.py:4180} INFO - Setting next_dagrun for crypto_pipeline_dag to 2026-06-19 00:00:00+00:00, run_after=2026-06-20 00:00:00+00:00
[2026-06-19T16:07:35.737+0000] {processor.py:208} INFO - Processing /opt/airflow/dags/crypto_pipeline_dag.py took 0.168 seconds
[2026-06-19T16:08:05.926+0000] {processor.py:186} INFO - Started process (PID=3447) to work on /opt/airflow/dags/crypto_pipeline_dag.py
[2026-06-19T16:08:05.926+0000] {processor.py:914} INFO - Processing file /opt/airflow/dags/crypto_pipeline_dag.py for tasks to queue
[2026-06-19T16:08:05.928+0000] {logging_mixin.py:190} INFO - [2026-06-19T16:08:05.928+0000] {dagbag.py:588} INFO - Filling up the DagBag from /opt/airflow/dags/crypto_pipeline_dag.py
[2026-06-19T16:08:05.942+0000] {processor.py:925} INFO - DAG(s) 'crypto_pipeline_dag' retrieved from /opt/airflow/dags/crypto_pipeline_dag.py
[2026-06-19T16:08:05.963+0000] {logging_mixin.py:190} INFO - [2026-06-19T16:08:05.963+0000] {dag.py:3239} INFO - Sync 1 DAGs
[2026-06-19T16:08:06.072+0000] {logging_mixin.py:190} INFO - [2026-06-19T16:08:06.072+0000] {dag.py:4180} INFO - Setting next_dagrun for crypto_pipeline_dag to 2026-06-19 00:00:00+00:00, run_after=2026-06-20 00:00:00+00:00
[2026-06-19T16:08:06.084+0000] {processor.py:208} INFO - Processing /opt/airflow/dags/crypto_pipeline_dag.py took 0.163 seconds
[2026-06-19T16:08:37.340+0000] {processor.py:186} INFO - Started process (PID=3452) to work on /opt/airflow/dags/crypto_pipeline_dag.py
[2026-06-19T16:08:37.341+0000] {processor.py:914} INFO - Processing file /opt/airflow/dags/crypto_pipeline_dag.py for tasks to queue
[2026-06-19T16:08:37.343+0000] {logging_mixin.py:190} INFO - [2026-06-19T16:08:37.343+0000] {dagbag.py:588} INFO - Filling up the DagBag from /opt/airflow/dags/crypto_pipeline_dag.py
[2026-06-19T16:08:37.355+0000] {processor.py:925} INFO - DAG(s) 'crypto_pipeline_dag' retrieved from /opt/airflow/dags/crypto_pipeline_dag.py
[2026-06-19T16:08:37.373+0000] {logging_mixin.py:190} INFO - [2026-06-19T16:08:37.373+0000] {dag.py:3239} INFO - Sync 1 DAGs
[2026-06-19T16:08:37.392+0000] {logging_mixin.py:190} INFO - [2026-06-19T16:08:37.392+0000] {dag.py:4180} INFO - Setting next_dagrun for crypto_pipeline_dag to 2026-06-19 00:00:00+00:00, run_after=2026-06-20 00:00:00+00:00
[2026-06-19T16:08:37.406+0000] {processor.py:208} INFO - Processing /opt/airflow/dags/crypto_pipeline_dag.py took 0.070 seconds
[2026-06-19T16:09:08.608+0000] {processor.py:186} INFO - Started process (PID=3457) to work on /opt/airflow/dags/crypto_pipeline_dag.py
[2026-06-19T16:09:08.609+0000] {processor.py:914} INFO - Processing file /opt/airflow/dags/crypto_pipeline_dag.py for tasks to queue
[2026-06-19T16:09:08.611+0000] {logging_mixin.py:190} INFO - [2026-06-19T16:09:08.611+0000] {dagbag.py:588} INFO - Filling up the DagBag from /opt/airflow/dags/crypto_pipeline_dag.py
[2026-06-19T16:09:08.631+0000] {processor.py:925} INFO - DAG(s) 'crypto_pipeline_dag' retrieved from /opt/airflow/dags/crypto_pipeline_dag.py
[2026-06-19T16:09:08.651+0000] {logging_mixin.py:190} INFO - [2026-06-19T16:09:08.651+0000] {dag.py:3239} INFO - Sync 1 DAGs
[2026-06-19T16:09:08.667+0000] {logging_mixin.py:190} INFO - [2026-06-19T16:09:08.667+0000] {dag.py:4180} INFO - Setting next_dagrun for crypto_pipeline_dag to 2026-06-19 00:00:00+00:00, run_after=2026-06-20 00:00:00+00:00
[2026-06-19T16:09:08.680+0000] {processor.py:208} INFO - Processing /opt/airflow/dags/crypto_pipeline_dag.py took 0.076 seconds
[2026-06-19T16:09:39.907+0000] {processor.py:186} INFO - Started process (PID=3462) to work on /opt/airflow/dags/crypto_pipeline_dag.py
[2026-06-19T16:09:39.908+0000] {processor.py:914} INFO - Processing file /opt/airflow/dags/crypto_pipeline_dag.py for tasks to queue
[2026-06-19T16:09:39.910+0000] {logging_mixin.py:190} INFO - [2026-06-19T16:09:39.909+0000] {dagbag.py:588} INFO - Filling up the DagBag from /opt/airflow/dags/crypto_pipeline_dag.py
[2026-06-19T16:09:39.925+0000] {processor.py:925} INFO - DAG(s) 'crypto_pipeline_dag' retrieved from /opt/airflow/dags/crypto_pipeline_dag.py
[2026-06-19T16:09:39.945+0000] {logging_mixin.py:190} INFO - [2026-06-19T16:09:39.945+0000] {dag.py:3239} INFO - Sync 1 DAGs
[2026-06-19T16:09:39.962+0000] {logging_mixin.py:190} INFO - [2026-06-19T16:09:39.961+0000] {dag.py:4180} INFO - Setting next_dagrun for crypto_pipeline_dag to 2026-06-19 00:00:00+00:00, run_after=2026-06-20 00:00:00+00:00
[2026-06-19T16:09:39.974+0000] {processor.py:208} INFO - Processing /opt/airflow/dags/crypto_pipeline_dag.py took 0.071 seconds
[2026-06-19T16:10:10.206+0000] {processor.py:186} INFO - Started process (PID=3467) to work on /opt/airflow/dags/crypto_pipeline_dag.py
[2026-06-19T16:10:10.207+0000] {processor.py:914} INFO - Processing file /opt/airflow/dags/crypto_pipeline_dag.py for tasks to queue
[2026-06-19T16:10:10.209+0000] {logging_mixin.py:190} INFO - [2026-06-19T16:10:10.209+0000] {dagbag.py:588} INFO - Filling up the DagBag from /opt/airflow/dags/crypto_pipeline_dag.py
[2026-06-19T16:10:10.226+0000] {processor.py:925} INFO - DAG(s) 'crypto_pipeline_dag' retrieved from /opt/airflow/dags/crypto_pipeline_dag.py
[2026-06-19T16:10:10.247+0000] {logging_mixin.py:190} INFO - [2026-06-19T16:10:10.247+0000] {dag.py:3239} INFO - Sync 1 DAGs
[2026-06-19T16:10:10.263+0000] {logging_mixin.py:190} INFO - [2026-06-19T16:10:10.263+0000] {dag.py:4180} INFO - Setting next_dagrun for crypto_pipeline_dag to 2026-06-19 00:00:00+00:00, run_after=2026-06-20 00:00:00+00:00
[2026-06-19T16:10:10.277+0000] {processor.py:208} INFO - Processing /opt/airflow/dags/crypto_pipeline_dag.py took 0.076 seconds
[2026-06-19T16:10:41.471+0000] {processor.py:186} INFO - Started process (PID=3472) to work on /opt/airflow/dags/crypto_pipeline_dag.py
[2026-06-19T16:10:41.472+0000] {processor.py:914} INFO - Processing file /opt/airflow/dags/crypto_pipeline_dag.py for tasks to queue
[2026-06-19T16:10:41.474+0000] {logging_mixin.py:190} INFO - [2026-06-19T16:10:41.473+0000] {dagbag.py:588} INFO - Filling up the DagBag from /opt/airflow/dags/crypto_pipeline_dag.py
[2026-06-19T16:10:41.487+0000] {processor.py:925} INFO - DAG(s) 'crypto_pipeline_dag' retrieved from /opt/airflow/dags/crypto_pipeline_dag.py
[2026-06-19T16:10:41.507+0000] {logging_mixin.py:190} INFO - [2026-06-19T16:10:41.506+0000] {dag.py:3239} INFO - Sync 1 DAGs
[2026-06-19T16:10:41.523+0000] {logging_mixin.py:190} INFO - [2026-06-19T16:10:41.523+0000] {dag.py:4180} INFO - Setting next_dagrun for crypto_pipeline_dag to 2026-06-19 00:00:00+00:00, run_after=2026-06-20 00:00:00+00:00
[2026-06-19T16:10:41.641+0000] {processor.py:208} INFO - Processing /opt/airflow/dags/crypto_pipeline_dag.py took 0.174 seconds
[2026-06-19T16:11:12.825+0000] {processor.py:186} INFO - Started process (PID=3477) to work on /opt/airflow/dags/crypto_pipeline_dag.py
[2026-06-19T16:11:12.826+0000] {processor.py:914} INFO - Processing file /opt/airflow/dags/crypto_pipeline_dag.py for tasks to queue
[2026-06-19T16:11:12.828+0000] {logging_mixin.py:190} INFO - [2026-06-19T16:11:12.827+0000] {dagbag.py:588} INFO - Filling up the DagBag from /opt/airflow/dags/crypto_pipeline_dag.py
[2026-06-19T16:11:12.842+0000] {processor.py:925} INFO - DAG(s) 'crypto_pipeline_dag' retrieved from /opt/airflow/dags/crypto_pipeline_dag.py
[2026-06-19T16:11:12.862+0000] {logging_mixin.py:190} INFO - [2026-06-19T16:11:12.861+0000] {dag.py:3239} INFO - Sync 1 DAGs
[2026-06-19T16:11:12.879+0000] {logging_mixin.py:190} INFO - [2026-06-19T16:11:12.878+0000] {dag.py:4180} INFO - Setting next_dagrun for crypto_pipeline_dag to 2026-06-19 00:00:00+00:00, run_after=2026-06-20 00:00:00+00:00
[2026-06-19T16:11:12.894+0000] {processor.py:208} INFO - Processing /opt/airflow/dags/crypto_pipeline_dag.py took 0.073 seconds
[2026-06-19T16:11:43.140+0000] {processor.py:186} INFO - Started process (PID=3482) to work on /opt/airflow/dags/crypto_pipeline_dag.py
[2026-06-19T16:11:43.141+0000] {processor.py:914} INFO - Processing file /opt/airflow/dags/crypto_pipeline_dag.py for tasks to queue
[2026-06-19T16:11:43.143+0000] {logging_mixin.py:190} INFO - [2026-06-19T16:11:43.143+0000] {dagbag.py:588} INFO - Filling up the DagBag from /opt/airflow/dags/crypto_pipeline_dag.py
[2026-06-19T16:11:43.155+0000] {processor.py:925} INFO - DAG(s) 'crypto_pipeline_dag' retrieved from /opt/airflow/dags/crypto_pipeline_dag.py
[2026-06-19T16:11:43.175+0000] {logging_mixin.py:190} INFO - [2026-06-19T16:11:43.175+0000] {dag.py:3239} INFO - Sync 1 DAGs
[2026-06-19T16:11:43.191+0000] {logging_mixin.py:190} INFO - [2026-06-19T16:11:43.191+0000] {dag.py:4180} INFO - Setting next_dagrun for crypto_pipeline_dag to 2026-06-19 00:00:00+00:00, run_after=2026-06-20 00:00:00+00:00
[2026-06-19T16:11:43.203+0000] {processor.py:208} INFO - Processing /opt/airflow/dags/crypto_pipeline_dag.py took 0.067 seconds
[2026-06-19T16:12:14.479+0000] {processor.py:186} INFO - Started process (PID=3487) to work on /opt/airflow/dags/crypto_pipeline_dag.py
[2026-06-19T16:12:14.479+0000] {processor.py:914} INFO - Processing file /opt/airflow/dags/crypto_pipeline_dag.py for tasks to queue
[2026-06-19T16:12:14.481+0000] {logging_mixin.py:190} INFO - [2026-06-19T16:12:14.481+0000] {dagbag.py:588} INFO - Filling up the DagBag from /opt/airflow/dags/crypto_pipeline_dag.py
[2026-06-19T16:12:14.498+0000] {processor.py:925} INFO - DAG(s) 'crypto_pipeline_dag' retrieved from /opt/airflow/dags/crypto_pipeline_dag.py
[2026-06-19T16:12:14.518+0000] {logging_mixin.py:190} INFO - [2026-06-19T16:12:14.518+0000] {dag.py:3239} INFO - Sync 1 DAGs
[2026-06-19T16:12:14.534+0000] {logging_mixin.py:190} INFO - [2026-06-19T16:12:14.534+0000] {dag.py:4180} INFO - Setting next_dagrun for crypto_pipeline_dag to 2026-06-19 00:00:00+00:00, run_after=2026-06-20 00:00:00+00:00
[2026-06-19T16:12:14.547+0000] {processor.py:208} INFO - Processing /opt/airflow/dags/crypto_pipeline_dag.py took 0.074 seconds
[2026-06-19T16:12:45.865+0000] {processor.py:186} INFO - Started process (PID=3492) to work on /opt/airflow/dags/crypto_pipeline_dag.py
[2026-06-19T16:12:45.865+0000] {processor.py:914} INFO - Processing file /opt/airflow/dags/crypto_pipeline_dag.py for tasks to queue
[2026-06-19T16:12:45.867+0000] {logging_mixin.py:190} INFO - [2026-06-19T16:12:45.867+0000] {dagbag.py:588} INFO - Filling up the DagBag from /opt/airflow/dags/crypto_pipeline_dag.py
[2026-06-19T16:12:45.880+0000] {processor.py:925} INFO - DAG(s) 'crypto_pipeline_dag' retrieved from /opt/airflow/dags/crypto_pipeline_dag.py
[2026-06-19T16:12:45.899+0000] {logging_mixin.py:190} INFO - [2026-06-19T16:12:45.898+0000] {dag.py:3239} INFO - Sync 1 DAGs
[2026-06-19T16:12:45.914+0000] {logging_mixin.py:190} INFO - [2026-06-19T16:12:45.914+0000] {dag.py:4180} INFO - Setting next_dagrun for crypto_pipeline_dag to 2026-06-19 00:00:00+00:00, run_after=2026-06-20 00:00:00+00:00
[2026-06-19T16:12:45.927+0000] {processor.py:208} INFO - Processing /opt/airflow/dags/crypto_pipeline_dag.py took 0.067 seconds
[2026-06-19T16:13:17.150+0000] {processor.py:186} INFO - Started process (PID=3497) to work on /opt/airflow/dags/crypto_pipeline_dag.py
[2026-06-19T16:13:17.151+0000] {processor.py:914} INFO - Processing file /opt/airflow/dags/crypto_pipeline_dag.py for tasks to queue
[2026-06-19T16:13:17.152+0000] {logging_mixin.py:190} INFO - [2026-06-19T16:13:17.152+0000] {dagbag.py:588} INFO - Filling up the DagBag from /opt/airflow/dags/crypto_pipeline_dag.py
[2026-06-19T16:13:17.166+0000] {processor.py:925} INFO - DAG(s) 'crypto_pipeline_dag' retrieved from /opt/airflow/dags/crypto_pipeline_dag.py
[2026-06-19T16:13:17.185+0000] {logging_mixin.py:190} INFO - [2026-06-19T16:13:17.185+0000] {dag.py:3239} INFO - Sync 1 DAGs
[2026-06-19T16:13:17.201+0000] {logging_mixin.py:190} INFO - [2026-06-19T16:13:17.200+0000] {dag.py:4180} INFO - Setting next_dagrun for crypto_pipeline_dag to 2026-06-19 00:00:00+00:00, run_after=2026-06-20 00:00:00+00:00
[2026-06-19T16:13:17.215+0000] {processor.py:208} INFO - Processing /opt/airflow/dags/crypto_pipeline_dag.py took 0.068 seconds
[2026-06-19T16:13:47.552+0000] {processor.py:186} INFO - Started process (PID=3502) to work on /opt/airflow/dags/crypto_pipeline_dag.py
[2026-06-19T16:13:47.553+0000] {processor.py:914} INFO - Processing file /opt/airflow/dags/crypto_pipeline_dag.py for tasks to queue
[2026-06-19T16:13:47.555+0000] {logging_mixin.py:190} INFO - [2026-06-19T16:13:47.554+0000] {dagbag.py:588} INFO - Filling up the DagBag from /opt/airflow/dags/crypto_pipeline_dag.py
[2026-06-19T16:13:47.567+0000] {processor.py:925} INFO - DAG(s) 'crypto_pipeline_dag' retrieved from /opt/airflow/dags/crypto_pipeline_dag.py
[2026-06-19T16:13:47.585+0000] {logging_mixin.py:190} INFO - [2026-06-19T16:13:47.585+0000] {dag.py:3239} INFO - Sync 1 DAGs
[2026-06-19T16:13:47.705+0000] {logging_mixin.py:190} INFO - [2026-06-19T16:13:47.705+0000] {dag.py:4180} INFO - Setting next_dagrun for crypto_pipeline_dag to 2026-06-19 00:00:00+00:00, run_after=2026-06-20 00:00:00+00:00
[2026-06-19T16:13:47.717+0000] {processor.py:208} INFO - Processing /opt/airflow/dags/crypto_pipeline_dag.py took 0.170 seconds
[2026-06-19T16:14:18.911+0000] {processor.py:186} INFO - Started process (PID=3507) to work on /opt/airflow/dags/crypto_pipeline_dag.py
[2026-06-19T16:14:18.912+0000] {processor.py:914} INFO - Processing file /opt/airflow/dags/crypto_pipeline_dag.py for tasks to queue
[2026-06-19T16:14:18.914+0000] {logging_mixin.py:190} INFO - [2026-06-19T16:14:18.914+0000] {dagbag.py:588} INFO - Filling up the DagBag from /opt/airflow/dags/crypto_pipeline_dag.py
[2026-06-19T16:14:18.930+0000] {processor.py:925} INFO - DAG(s) 'crypto_pipeline_dag' retrieved from /opt/airflow/dags/crypto_pipeline_dag.py
[2026-06-19T16:14:18.950+0000] {logging_mixin.py:190} INFO - [2026-06-19T16:14:18.950+0000] {dag.py:3239} INFO - Sync 1 DAGs
[2026-06-19T16:14:18.966+0000] {logging_mixin.py:190} INFO - [2026-06-19T16:14:18.966+0000] {dag.py:4180} INFO - Setting next_dagrun for crypto_pipeline_dag to 2026-06-19 00:00:00+00:00, run_after=2026-06-20 00:00:00+00:00
[2026-06-19T16:14:18.981+0000] {processor.py:208} INFO - Processing /opt/airflow/dags/crypto_pipeline_dag.py took 0.074 seconds
[2026-06-19T16:14:50.195+0000] {processor.py:186} INFO - Started process (PID=3512) to work on /opt/airflow/dags/crypto_pipeline_dag.py
[2026-06-19T16:14:50.196+0000] {processor.py:914} INFO - Processing file /opt/airflow/dags/crypto_pipeline_dag.py for tasks to queue
[2026-06-19T16:14:50.198+0000] {logging_mixin.py:190} INFO - [2026-06-19T16:14:50.198+0000] {dagbag.py:588} INFO - Filling up the DagBag from /opt/airflow/dags/crypto_pipeline_dag.py
[2026-06-19T16:14:50.215+0000] {processor.py:925} INFO - DAG(s) 'crypto_pipeline_dag' retrieved from /opt/airflow/dags/crypto_pipeline_dag.py
[2026-06-19T16:14:50.235+0000] {logging_mixin.py:190} INFO - [2026-06-19T16:14:50.235+0000] {dag.py:3239} INFO - Sync 1 DAGs
[2026-06-19T16:14:50.250+0000] {logging_mixin.py:190} INFO - [2026-06-19T16:14:50.250+0000] {dag.py:4180} INFO - Setting next_dagrun for crypto_pipeline_dag to 2026-06-19 00:00:00+00:00, run_after=2026-06-20 00:00:00+00:00
[2026-06-19T16:14:50.263+0000] {processor.py:208} INFO - Processing /opt/airflow/dags/crypto_pipeline_dag.py took 0.072 seconds
[2026-06-19T16:15:20.548+0000] {processor.py:186} INFO - Started process (PID=3517) to work on /opt/airflow/dags/crypto_pipeline_dag.py
[2026-06-19T16:15:20.549+0000] {processor.py:914} INFO - Processing file /opt/airflow/dags/crypto_pipeline_dag.py for tasks to queue
[2026-06-19T16:15:20.551+0000] {logging_mixin.py:190} INFO - [2026-06-19T16:15:20.551+0000] {dagbag.py:588} INFO - Filling up the DagBag from /opt/airflow/dags/crypto_pipeline_dag.py
[2026-06-19T16:15:20.563+0000] {processor.py:925} INFO - DAG(s) 'crypto_pipeline_dag' retrieved from /opt/airflow/dags/crypto_pipeline_dag.py
[2026-06-19T16:15:20.582+0000] {logging_mixin.py:190} INFO - [2026-06-19T16:15:20.582+0000] {dag.py:3239} INFO - Sync 1 DAGs
[2026-06-19T16:15:20.598+0000] {logging_mixin.py:190} INFO - [2026-06-19T16:15:20.597+0000] {dag.py:4180} INFO - Setting next_dagrun for crypto_pipeline_dag to 2026-06-19 00:00:00+00:00, run_after=2026-06-20 00:00:00+00:00
[2026-06-19T16:15:20.611+0000] {processor.py:208} INFO - Processing /opt/airflow/dags/crypto_pipeline_dag.py took 0.067 seconds
[2026-06-19T16:15:51.873+0000] {processor.py:186} INFO - Started process (PID=3522) to work on /opt/airflow/dags/crypto_pipeline_dag.py
[2026-06-19T16:15:51.874+0000] {processor.py:914} INFO - Processing file /opt/airflow/dags/crypto_pipeline_dag.py for tasks to queue
[2026-06-19T16:15:51.876+0000] {logging_mixin.py:190} INFO - [2026-06-19T16:15:51.876+0000] {dagbag.py:588} INFO - Filling up the DagBag from /opt/airflow/dags/crypto_pipeline_dag.py
[2026-06-19T16:15:51.889+0000] {processor.py:925} INFO - DAG(s) 'crypto_pipeline_dag' retrieved from /opt/airflow/dags/crypto_pipeline_dag.py
[2026-06-19T16:15:51.910+0000] {logging_mixin.py:190} INFO - [2026-06-19T16:15:51.910+0000] {dag.py:3239} INFO - Sync 1 DAGs
[2026-06-19T16:15:51.927+0000] {logging_mixin.py:190} INFO - [2026-06-19T16:15:51.926+0000] {dag.py:4180} INFO - Setting next_dagrun for crypto_pipeline_dag to 2026-06-19 00:00:00+00:00, run_after=2026-06-20 00:00:00+00:00
[2026-06-19T16:15:51.938+0000] {processor.py:208} INFO - Processing /opt/airflow/dags/crypto_pipeline_dag.py took 0.069 seconds
[2026-06-19T16:16:23.317+0000] {processor.py:186} INFO - Started process (PID=3527) to work on /opt/airflow/dags/crypto_pipeline_dag.py
[2026-06-19T16:16:23.318+0000] {processor.py:914} INFO - Processing file /opt/airflow/dags/crypto_pipeline_dag.py for tasks to queue
[2026-06-19T16:16:23.320+0000] {logging_mixin.py:190} INFO - [2026-06-19T16:16:23.320+0000] {dagbag.py:588} INFO - Filling up the DagBag from /opt/airflow/dags/crypto_pipeline_dag.py
[2026-06-19T16:16:23.332+0000] {processor.py:925} INFO - DAG(s) 'crypto_pipeline_dag' retrieved from /opt/airflow/dags/crypto_pipeline_dag.py
[2026-06-19T16:16:23.352+0000] {logging_mixin.py:190} INFO - [2026-06-19T16:16:23.352+0000] {dag.py:3239} INFO - Sync 1 DAGs
[2026-06-19T16:16:23.367+0000] {logging_mixin.py:190} INFO - [2026-06-19T16:16:23.367+0000] {dag.py:4180} INFO - Setting next_dagrun for crypto_pipeline_dag to 2026-06-19 00:00:00+00:00, run_after=2026-06-20 00:00:00+00:00
[2026-06-19T16:16:23.470+0000] {processor.py:208} INFO - Processing /opt/airflow/dags/crypto_pipeline_dag.py took 0.157 seconds
[2026-06-19T16:16:54.626+0000] {processor.py:186} INFO - Started process (PID=3532) to work on /opt/airflow/dags/crypto_pipeline_dag.py
[2026-06-19T16:16:54.627+0000] {processor.py:914} INFO - Processing file /opt/airflow/dags/crypto_pipeline_dag.py for tasks to queue
[2026-06-19T16:16:54.629+0000] {logging_mixin.py:190} INFO - [2026-06-19T16:16:54.628+0000] {dagbag.py:588} INFO - Filling up the DagBag from /opt/airflow/dags/crypto_pipeline_dag.py
[2026-06-19T16:16:54.648+0000] {processor.py:925} INFO - DAG(s) 'crypto_pipeline_dag' retrieved from /opt/airflow/dags/crypto_pipeline_dag.py
[2026-06-19T16:16:54.669+0000] {logging_mixin.py:190} INFO - [2026-06-19T16:16:54.669+0000] {dag.py:3239} INFO - Sync 1 DAGs
[2026-06-19T16:16:54.780+0000] {logging_mixin.py:190} INFO - [2026-06-19T16:16:54.780+0000] {dag.py:4180} INFO - Setting next_dagrun for crypto_pipeline_dag to 2026-06-19 00:00:00+00:00, run_after=2026-06-20 00:00:00+00:00
[2026-06-19T16:16:54.794+0000] {processor.py:208} INFO - Processing /opt/airflow/dags/crypto_pipeline_dag.py took 0.173 seconds
[2026-06-19T16:17:25.073+0000] {processor.py:186} INFO - Started process (PID=3537) to work on /opt/airflow/dags/crypto_pipeline_dag.py
[2026-06-19T16:17:25.073+0000] {processor.py:914} INFO - Processing file /opt/airflow/dags/crypto_pipeline_dag.py for tasks to queue
[2026-06-19T16:17:25.075+0000] {logging_mixin.py:190} INFO - [2026-06-19T16:17:25.075+0000] {dagbag.py:588} INFO - Filling up the DagBag from /opt/airflow/dags/crypto_pipeline_dag.py
[2026-06-19T16:17:25.088+0000] {processor.py:925} INFO - DAG(s) 'crypto_pipeline_dag' retrieved from /opt/airflow/dags/crypto_pipeline_dag.py
[2026-06-19T16:17:25.107+0000] {logging_mixin.py:190} INFO - [2026-06-19T16:17:25.106+0000] {dag.py:3239} INFO - Sync 1 DAGs
[2026-06-19T16:17:25.122+0000] {logging_mixin.py:190} INFO - [2026-06-19T16:17:25.122+0000] {dag.py:4180} INFO - Setting next_dagrun for crypto_pipeline_dag to 2026-06-19 00:00:00+00:00, run_after=2026-06-20 00:00:00+00:00
[2026-06-19T16:17:25.135+0000] {processor.py:208} INFO - Processing /opt/airflow/dags/crypto_pipeline_dag.py took 0.066 seconds
[2026-06-19T16:17:56.432+0000] {processor.py:186} INFO - Started process (PID=3542) to work on /opt/airflow/dags/crypto_pipeline_dag.py
[2026-06-19T16:17:56.433+0000] {processor.py:914} INFO - Processing file /opt/airflow/dags/crypto_pipeline_dag.py for tasks to queue
[2026-06-19T16:17:56.435+0000] {logging_mixin.py:190} INFO - [2026-06-19T16:17:56.434+0000] {dagbag.py:588} INFO - Filling up the DagBag from /opt/airflow/dags/crypto_pipeline_dag.py
[2026-06-19T16:17:56.450+0000] {processor.py:925} INFO - DAG(s) 'crypto_pipeline_dag' retrieved from /opt/airflow/dags/crypto_pipeline_dag.py
[2026-06-19T16:17:56.468+0000] {logging_mixin.py:190} INFO - [2026-06-19T16:17:56.468+0000] {dag.py:3239} INFO - Sync 1 DAGs
[2026-06-19T16:17:56.483+0000] {logging_mixin.py:190} INFO - [2026-06-19T16:17:56.483+0000] {dag.py:4180} INFO - Setting next_dagrun for crypto_pipeline_dag to 2026-06-19 00:00:00+00:00, run_after=2026-06-20 00:00:00+00:00
[2026-06-19T16:17:56.496+0000] {processor.py:208} INFO - Processing /opt/airflow/dags/crypto_pipeline_dag.py took 0.068 seconds
[2026-06-19T16:18:27.833+0000] {processor.py:186} INFO - Started process (PID=3547) to work on /opt/airflow/dags/crypto_pipeline_dag.py
[2026-06-19T16:18:27.834+0000] {processor.py:914} INFO - Processing file /opt/airflow/dags/crypto_pipeline_dag.py for tasks to queue
[2026-06-19T16:18:27.835+0000] {logging_mixin.py:190} INFO - [2026-06-19T16:18:27.835+0000] {dagbag.py:588} INFO - Filling up the DagBag from /opt/airflow/dags/crypto_pipeline_dag.py
[2026-06-19T16:18:27.848+0000] {processor.py:925} INFO - DAG(s) 'crypto_pipeline_dag' retrieved from /opt/airflow/dags/crypto_pipeline_dag.py
[2026-06-19T16:18:27.867+0000] {logging_mixin.py:190} INFO - [2026-06-19T16:18:27.867+0000] {dag.py:3239} INFO - Sync 1 DAGs
[2026-06-19T16:18:27.883+0000] {logging_mixin.py:190} INFO - [2026-06-19T16:18:27.883+0000] {dag.py:4180} INFO - Setting next_dagrun for crypto_pipeline_dag to 2026-06-19 00:00:00+00:00, run_after=2026-06-20 00:00:00+00:00
[2026-06-19T16:18:27.895+0000] {processor.py:208} INFO - Processing /opt/airflow/dags/crypto_pipeline_dag.py took 0.067 seconds
[2026-06-19T16:18:58.167+0000] {processor.py:186} INFO - Started process (PID=3552) to work on /opt/airflow/dags/crypto_pipeline_dag.py
[2026-06-19T16:18:58.168+0000] {processor.py:914} INFO - Processing file /opt/airflow/dags/crypto_pipeline_dag.py for tasks to queue
[2026-06-19T16:18:58.170+0000] {logging_mixin.py:190} INFO - [2026-06-19T16:18:58.169+0000] {dagbag.py:588} INFO - Filling up the DagBag from /opt/airflow/dags/crypto_pipeline_dag.py
[2026-06-19T16:18:58.181+0000] {processor.py:925} INFO - DAG(s) 'crypto_pipeline_dag' retrieved from /opt/airflow/dags/crypto_pipeline_dag.py
[2026-06-19T16:18:58.200+0000] {logging_mixin.py:190} INFO - [2026-06-19T16:18:58.200+0000] {dag.py:3239} INFO - Sync 1 DAGs
[2026-06-19T16:18:58.215+0000] {logging_mixin.py:190} INFO - [2026-06-19T16:18:58.215+0000] {dag.py:4180} INFO - Setting next_dagrun for crypto_pipeline_dag to 2026-06-19 00:00:00+00:00, run_after=2026-06-20 00:00:00+00:00
[2026-06-19T16:18:58.228+0000] {processor.py:208} INFO - Processing /opt/airflow/dags/crypto_pipeline_dag.py took 0.064 seconds
[2026-06-19T16:19:29.485+0000] {processor.py:186} INFO - Started process (PID=3557) to work on /opt/airflow/dags/crypto_pipeline_dag.py
[2026-06-19T16:19:29.486+0000] {processor.py:914} INFO - Processing file /opt/airflow/dags/crypto_pipeline_dag.py for tasks to queue
[2026-06-19T16:19:29.488+0000] {logging_mixin.py:190} INFO - [2026-06-19T16:19:29.488+0000] {dagbag.py:588} INFO - Filling up the DagBag from /opt/airflow/dags/crypto_pipeline_dag.py
[2026-06-19T16:19:29.499+0000] {processor.py:925} INFO - DAG(s) 'crypto_pipeline_dag' retrieved from /opt/airflow/dags/crypto_pipeline_dag.py
[2026-06-19T16:19:29.519+0000] {logging_mixin.py:190} INFO - [2026-06-19T16:19:29.519+0000] {dag.py:3239} INFO - Sync 1 DAGs
[2026-06-19T16:19:29.535+0000] {logging_mixin.py:190} INFO - [2026-06-19T16:19:29.535+0000] {dag.py:4180} INFO - Setting next_dagrun for crypto_pipeline_dag to 2026-06-19 00:00:00+00:00, run_after=2026-06-20 00:00:00+00:00
[2026-06-19T16:19:29.639+0000] {processor.py:208} INFO - Processing /opt/airflow/dags/crypto_pipeline_dag.py took 0.157 seconds
[2026-06-19T16:20:00.878+0000] {processor.py:186} INFO - Started process (PID=3562) to work on /opt/airflow/dags/crypto_pipeline_dag.py
[2026-06-19T16:20:00.879+0000] {processor.py:914} INFO - Processing file /opt/airflow/dags/crypto_pipeline_dag.py for tasks to queue
[2026-06-19T16:20:00.881+0000] {logging_mixin.py:190} INFO - [2026-06-19T16:20:00.881+0000] {dagbag.py:588} INFO - Filling up the DagBag from /opt/airflow/dags/crypto_pipeline_dag.py
[2026-06-19T16:20:00.899+0000] {processor.py:925} INFO - DAG(s) 'crypto_pipeline_dag' retrieved from /opt/airflow/dags/crypto_pipeline_dag.py
[2026-06-19T16:20:00.918+0000] {logging_mixin.py:190} INFO - [2026-06-19T16:20:00.918+0000] {dag.py:3239} INFO - Sync 1 DAGs
[2026-06-19T16:20:01.029+0000] {logging_mixin.py:190} INFO - [2026-06-19T16:20:01.029+0000] {dag.py:4180} INFO - Setting next_dagrun for crypto_pipeline_dag to 2026-06-19 00:00:00+00:00, run_after=2026-06-20 00:00:00+00:00
[2026-06-19T16:20:01.040+0000] {processor.py:208} INFO - Processing /opt/airflow/dags/crypto_pipeline_dag.py took 0.166 seconds
[2026-06-19T16:20:31.369+0000] {processor.py:186} INFO - Started process (PID=3567) to work on /opt/airflow/dags/crypto_pipeline_dag.py
[2026-06-19T16:20:31.370+0000] {processor.py:914} INFO - Processing file /opt/airflow/dags/crypto_pipeline_dag.py for tasks to queue
[2026-06-19T16:20:31.371+0000] {logging_mixin.py:190} INFO - [2026-06-19T16:20:31.371+0000] {dagbag.py:588} INFO - Filling up the DagBag from /opt/airflow/dags/crypto_pipeline_dag.py
[2026-06-19T16:20:31.382+0000] {processor.py:925} INFO - DAG(s) 'crypto_pipeline_dag' retrieved from /opt/airflow/dags/crypto_pipeline_dag.py
[2026-06-19T16:20:31.402+0000] {logging_mixin.py:190} INFO - [2026-06-19T16:20:31.402+0000] {dag.py:3239} INFO - Sync 1 DAGs
[2026-06-19T16:20:31.418+0000] {logging_mixin.py:190} INFO - [2026-06-19T16:20:31.418+0000] {dag.py:4180} INFO - Setting next_dagrun for crypto_pipeline_dag to 2026-06-19 00:00:00+00:00, run_after=2026-06-20 00:00:00+00:00
[2026-06-19T16:20:31.431+0000] {processor.py:208} INFO - Processing /opt/airflow/dags/crypto_pipeline_dag.py took 0.066 seconds
[2026-06-19T16:21:02.709+0000] {processor.py:186} INFO - Started process (PID=3572) to work on /opt/airflow/dags/crypto_pipeline_dag.py
[2026-06-19T16:21:02.709+0000] {processor.py:914} INFO - Processing file /opt/airflow/dags/crypto_pipeline_dag.py for tasks to queue
[2026-06-19T16:21:02.711+0000] {logging_mixin.py:190} INFO - [2026-06-19T16:21:02.711+0000] {dagbag.py:588} INFO - Filling up the DagBag from /opt/airflow/dags/crypto_pipeline_dag.py
[2026-06-19T16:21:02.724+0000] {processor.py:925} INFO - DAG(s) 'crypto_pipeline_dag' retrieved from /opt/airflow/dags/crypto_pipeline_dag.py
[2026-06-19T16:21:02.744+0000] {logging_mixin.py:190} INFO - [2026-06-19T16:21:02.743+0000] {dag.py:3239} INFO - Sync 1 DAGs
[2026-06-19T16:21:02.759+0000] {logging_mixin.py:190} INFO - [2026-06-19T16:21:02.759+0000] {dag.py:4180} INFO - Setting next_dagrun for crypto_pipeline_dag to 2026-06-19 00:00:00+00:00, run_after=2026-06-20 00:00:00+00:00
[2026-06-19T16:21:02.773+0000] {processor.py:208} INFO - Processing /opt/airflow/dags/crypto_pipeline_dag.py took 0.068 seconds
[2026-06-19T16:21:34.042+0000] {processor.py:186} INFO - Started process (PID=3577) to work on /opt/airflow/dags/crypto_pipeline_dag.py
[2026-06-19T16:21:34.043+0000] {processor.py:914} INFO - Processing file /opt/airflow/dags/crypto_pipeline_dag.py for tasks to queue
[2026-06-19T16:21:34.045+0000] {logging_mixin.py:190} INFO - [2026-06-19T16:21:34.044+0000] {dagbag.py:588} INFO - Filling up the DagBag from /opt/airflow/dags/crypto_pipeline_dag.py
[2026-06-19T16:21:34.059+0000] {processor.py:925} INFO - DAG(s) 'crypto_pipeline_dag' retrieved from /opt/airflow/dags/crypto_pipeline_dag.py
[2026-06-19T16:21:34.079+0000] {logging_mixin.py:190} INFO - [2026-06-19T16:21:34.078+0000] {dag.py:3239} INFO - Sync 1 DAGs
[2026-06-19T16:21:34.095+0000] {logging_mixin.py:190} INFO - [2026-06-19T16:21:34.094+0000] {dag.py:4180} INFO - Setting next_dagrun for crypto_pipeline_dag to 2026-06-19 00:00:00+00:00, run_after=2026-06-20 00:00:00+00:00
[2026-06-19T16:21:34.108+0000] {processor.py:208} INFO - Processing /opt/airflow/dags/crypto_pipeline_dag.py took 0.070 seconds
[2026-06-19T16:22:05.334+0000] {processor.py:186} INFO - Started process (PID=3582) to work on /opt/airflow/dags/crypto_pipeline_dag.py
[2026-06-19T16:22:05.335+0000] {processor.py:914} INFO - Processing file /opt/airflow/dags/crypto_pipeline_dag.py for tasks to queue
[2026-06-19T16:22:05.336+0000] {logging_mixin.py:190} INFO - [2026-06-19T16:22:05.336+0000] {dagbag.py:588} INFO - Filling up the DagBag from /opt/airflow/dags/crypto_pipeline_dag.py
[2026-06-19T16:22:05.354+0000] {processor.py:925} INFO - DAG(s) 'crypto_pipeline_dag' retrieved from /opt/airflow/dags/crypto_pipeline_dag.py
[2026-06-19T16:22:05.382+0000] {logging_mixin.py:190} INFO - [2026-06-19T16:22:05.382+0000] {dag.py:3239} INFO - Sync 1 DAGs
[2026-06-19T16:22:05.403+0000] {logging_mixin.py:190} INFO - [2026-06-19T16:22:05.403+0000] {dag.py:4180} INFO - Setting next_dagrun for crypto_pipeline_dag to 2026-06-19 00:00:00+00:00, run_after=2026-06-20 00:00:00+00:00
[2026-06-19T16:22:05.426+0000] {processor.py:208} INFO - Processing /opt/airflow/dags/crypto_pipeline_dag.py took 0.097 seconds
[2026-06-19T16:22:35.693+0000] {processor.py:186} INFO - Started process (PID=3587) to work on /opt/airflow/dags/crypto_pipeline_dag.py
[2026-06-19T16:22:35.694+0000] {processor.py:914} INFO - Processing file /opt/airflow/dags/crypto_pipeline_dag.py for tasks to queue
[2026-06-19T16:22:35.696+0000] {logging_mixin.py:190} INFO - [2026-06-19T16:22:35.695+0000] {dagbag.py:588} INFO - Filling up the DagBag from /opt/airflow/dags/crypto_pipeline_dag.py
[2026-06-19T16:22:35.707+0000] {processor.py:925} INFO - DAG(s) 'crypto_pipeline_dag' retrieved from /opt/airflow/dags/crypto_pipeline_dag.py
[2026-06-19T16:22:35.729+0000] {logging_mixin.py:190} INFO - [2026-06-19T16:22:35.729+0000] {dag.py:3239} INFO - Sync 1 DAGs
[2026-06-19T16:22:35.746+0000] {logging_mixin.py:190} INFO - [2026-06-19T16:22:35.746+0000] {dag.py:4180} INFO - Setting next_dagrun for crypto_pipeline_dag to 2026-06-19 00:00:00+00:00, run_after=2026-06-20 00:00:00+00:00
[2026-06-19T16:22:35.865+0000] {processor.py:208} INFO - Processing /opt/airflow/dags/crypto_pipeline_dag.py took 0.177 seconds
[2026-06-19T16:23:07.065+0000] {processor.py:186} INFO - Started process (PID=3592) to work on /opt/airflow/dags/crypto_pipeline_dag.py
[2026-06-19T16:23:07.066+0000] {processor.py:914} INFO - Processing file /opt/airflow/dags/crypto_pipeline_dag.py for tasks to queue
[2026-06-19T16:23:07.069+0000] {logging_mixin.py:190} INFO - [2026-06-19T16:23:07.068+0000] {dagbag.py:588} INFO - Filling up the DagBag from /opt/airflow/dags/crypto_pipeline_dag.py
[2026-06-19T16:23:07.087+0000] {processor.py:925} INFO - DAG(s) 'crypto_pipeline_dag' retrieved from /opt/airflow/dags/crypto_pipeline_dag.py
[2026-06-19T16:23:07.112+0000] {logging_mixin.py:190} INFO - [2026-06-19T16:23:07.112+0000] {dag.py:3239} INFO - Sync 1 DAGs
[2026-06-19T16:23:07.243+0000] {logging_mixin.py:190} INFO - [2026-06-19T16:23:07.243+0000] {dag.py:4180} INFO - Setting next_dagrun for crypto_pipeline_dag to 2026-06-19 00:00:00+00:00, run_after=2026-06-20 00:00:00+00:00
[2026-06-19T16:23:07.255+0000] {processor.py:208} INFO - Processing /opt/airflow/dags/crypto_pipeline_dag.py took 0.195 seconds
[2026-06-19T16:23:38.494+0000] {processor.py:186} INFO - Started process (PID=3597) to work on /opt/airflow/dags/crypto_pipeline_dag.py
[2026-06-19T16:23:38.495+0000] {processor.py:914} INFO - Processing file /opt/airflow/dags/crypto_pipeline_dag.py for tasks to queue
[2026-06-19T16:23:38.497+0000] {logging_mixin.py:190} INFO - [2026-06-19T16:23:38.497+0000] {dagbag.py:588} INFO - Filling up the DagBag from /opt/airflow/dags/crypto_pipeline_dag.py
[2026-06-19T16:23:38.509+0000] {processor.py:925} INFO - DAG(s) 'crypto_pipeline_dag' retrieved from /opt/airflow/dags/crypto_pipeline_dag.py
[2026-06-19T16:23:38.528+0000] {logging_mixin.py:190} INFO - [2026-06-19T16:23:38.528+0000] {dag.py:3239} INFO - Sync 1 DAGs
[2026-06-19T16:23:38.544+0000] {logging_mixin.py:190} INFO - [2026-06-19T16:23:38.544+0000] {dag.py:4180} INFO - Setting next_dagrun for crypto_pipeline_dag to 2026-06-19 00:00:00+00:00, run_after=2026-06-20 00:00:00+00:00
[2026-06-19T16:23:38.571+0000] {processor.py:208} INFO - Processing /opt/airflow/dags/crypto_pipeline_dag.py took 0.081 seconds
[2026-06-19T16:24:09.887+0000] {processor.py:186} INFO - Started process (PID=3602) to work on /opt/airflow/dags/crypto_pipeline_dag.py
[2026-06-19T16:24:09.888+0000] {processor.py:914} INFO - Processing file /opt/airflow/dags/crypto_pipeline_dag.py for tasks to queue
[2026-06-19T16:24:09.890+0000] {logging_mixin.py:190} INFO - [2026-06-19T16:24:09.889+0000] {dagbag.py:588} INFO - Filling up the DagBag from /opt/airflow/dags/crypto_pipeline_dag.py
[2026-06-19T16:24:09.903+0000] {processor.py:925} INFO - DAG(s) 'crypto_pipeline_dag' retrieved from /opt/airflow/dags/crypto_pipeline_dag.py
[2026-06-19T16:24:09.922+0000] {logging_mixin.py:190} INFO - [2026-06-19T16:24:09.922+0000] {dag.py:3239} INFO - Sync 1 DAGs
[2026-06-19T16:24:09.938+0000] {logging_mixin.py:190} INFO - [2026-06-19T16:24:09.938+0000] {dag.py:4180} INFO - Setting next_dagrun for crypto_pipeline_dag to 2026-06-19 00:00:00+00:00, run_after=2026-06-20 00:00:00+00:00
[2026-06-19T16:24:10.027+0000] {processor.py:208} INFO - Processing /opt/airflow/dags/crypto_pipeline_dag.py took 0.144 seconds
[2026-06-19T16:24:40.227+0000] {processor.py:186} INFO - Started process (PID=3607) to work on /opt/airflow/dags/crypto_pipeline_dag.py
[2026-06-19T16:24:40.229+0000] {processor.py:914} INFO - Processing file /opt/airflow/dags/crypto_pipeline_dag.py for tasks to queue
[2026-06-19T16:24:40.231+0000] {logging_mixin.py:190} INFO - [2026-06-19T16:24:40.231+0000] {dagbag.py:588} INFO - Filling up the DagBag from /opt/airflow/dags/crypto_pipeline_dag.py
[2026-06-19T16:24:40.252+0000] {processor.py:925} INFO - DAG(s) 'crypto_pipeline_dag' retrieved from /opt/airflow/dags/crypto_pipeline_dag.py
[2026-06-19T16:24:40.274+0000] {logging_mixin.py:190} INFO - [2026-06-19T16:24:40.274+0000] {dag.py:3239} INFO - Sync 1 DAGs
[2026-06-19T16:24:40.292+0000] {logging_mixin.py:190} INFO - [2026-06-19T16:24:40.292+0000] {dag.py:4180} INFO - Setting next_dagrun for crypto_pipeline_dag to 2026-06-19 00:00:00+00:00, run_after=2026-06-20 00:00:00+00:00
[2026-06-19T16:24:40.307+0000] {processor.py:208} INFO - Processing /opt/airflow/dags/crypto_pipeline_dag.py took 0.086 seconds
[2026-06-19T16:25:11.581+0000] {processor.py:186} INFO - Started process (PID=3612) to work on /opt/airflow/dags/crypto_pipeline_dag.py
[2026-06-19T16:25:11.582+0000] {processor.py:914} INFO - Processing file /opt/airflow/dags/crypto_pipeline_dag.py for tasks to queue
[2026-06-19T16:25:11.584+0000] {logging_mixin.py:190} INFO - [2026-06-19T16:25:11.584+0000] {dagbag.py:588} INFO - Filling up the DagBag from /opt/airflow/dags/crypto_pipeline_dag.py
[2026-06-19T16:25:11.597+0000] {processor.py:925} INFO - DAG(s) 'crypto_pipeline_dag' retrieved from /opt/airflow/dags/crypto_pipeline_dag.py
[2026-06-19T16:25:11.616+0000] {logging_mixin.py:190} INFO - [2026-06-19T16:25:11.616+0000] {dag.py:3239} INFO - Sync 1 DAGs
[2026-06-19T16:25:11.632+0000] {logging_mixin.py:190} INFO - [2026-06-19T16:25:11.631+0000] {dag.py:4180} INFO - Setting next_dagrun for crypto_pipeline_dag to 2026-06-19 00:00:00+00:00, run_after=2026-06-20 00:00:00+00:00
[2026-06-19T16:25:11.746+0000] {processor.py:208} INFO - Processing /opt/airflow/dags/crypto_pipeline_dag.py took 0.169 seconds
