[2026-06-16T09:31:15.571+0000] {manager.py:483} INFO - Processing files using up to 2 processes at a time 
[2026-06-16T09:31:15.572+0000] {manager.py:484} INFO - Process each file at most once every 30 seconds
[2026-06-16T09:31:15.572+0000] {manager.py:485} INFO - Checking for new files in /opt/airflow/dags every 300 seconds
[2026-06-16T09:31:15.573+0000] {manager.py:821} INFO - Searching for files in /opt/airflow/dags
[2026-06-16T09:31:15.576+0000] {manager.py:824} INFO - There are 0 files in /opt/airflow/dags
[2026-06-16T09:36:16.368+0000] {manager.py:821} INFO - Searching for files in /opt/airflow/dags
[2026-06-16T09:36:16.384+0000] {manager.py:824} INFO - There are 1 files in /opt/airflow/dags
[2026-06-16T09:36:17.415+0000] {manager.py:997} INFO - 
================================================================================
DAG File Processing Stats

File Path                                 PID    Runtime      # DAGs    # Errors  Last Runtime    Last Run               Last # of DB Queries
----------------------------------------  -----  ---------  --------  ----------  --------------  -------------------  ----------------------
/opt/airflow/dags/crypto_pipeline_dag.py                           0           1  0.06s           2026-06-16T09:36:16                       3
================================================================================
[2026-06-16T09:36:47.660+0000] {manager.py:997} INFO - 
================================================================================
DAG File Processing Stats

File Path                                 PID    Runtime      # DAGs    # Errors  Last Runtime    Last Run               Last # of DB Queries
----------------------------------------  -----  ---------  --------  ----------  --------------  -------------------  ----------------------
/opt/airflow/dags/crypto_pipeline_dag.py                           0           1  0.05s           2026-06-16T09:36:46                       5
================================================================================
[2026-06-16T09:37:17.916+0000] {manager.py:997} INFO - 
================================================================================
DAG File Processing Stats

File Path                                 PID    Runtime      # DAGs    # Errors  Last Runtime    Last Run               Last # of DB Queries
----------------------------------------  -----  ---------  --------  ----------  --------------  -------------------  ----------------------
/opt/airflow/dags/crypto_pipeline_dag.py                           1           0  0.29s           2026-06-16T09:37:02                      45
================================================================================
[2026-06-16T09:37:42.656+0000] {manager.py:465} INFO - Exiting gracefully upon receiving signal 15
[2026-06-16T09:37:49.327+0000] {manager.py:483} INFO - Processing files using up to 2 processes at a time 
[2026-06-16T09:37:49.327+0000] {manager.py:484} INFO - Process each file at most once every 30 seconds
[2026-06-16T09:37:49.328+0000] {manager.py:485} INFO - Checking for new files in /opt/airflow/dags every 300 seconds
[2026-06-16T09:37:49.328+0000] {manager.py:821} INFO - Searching for files in /opt/airflow/dags
[2026-06-16T09:37:49.339+0000] {manager.py:824} INFO - There are 1 files in /opt/airflow/dags
[2026-06-16T09:37:49.389+0000] {manager.py:997} INFO - 
================================================================================
DAG File Processing Stats

File Path                                   PID  Runtime      # DAGs    # Errors  Last Runtime    Last Run      Last # of DB Queries
----------------------------------------  -----  ---------  --------  ----------  --------------  ----------  ----------------------
/opt/airflow/dags/crypto_pipeline_dag.py    175  0.01s             0           0                                                   0
================================================================================
[2026-06-16T09:38:19.617+0000] {manager.py:997} INFO - 
================================================================================
DAG File Processing Stats

File Path                                   PID  Runtime      # DAGs    # Errors  Last Runtime    Last Run               Last # of DB Queries
----------------------------------------  -----  ---------  --------  ----------  --------------  -------------------  ----------------------
/opt/airflow/dags/crypto_pipeline_dag.py    180  0.00s             1           0  0.10s           2026-06-16T09:37:49                      12
================================================================================
[2026-06-16T09:38:49.907+0000] {manager.py:997} INFO - 
================================================================================
DAG File Processing Stats

File Path                                   PID  Runtime      # DAGs    # Errors  Last Runtime    Last Run               Last # of DB Queries
----------------------------------------  -----  ---------  --------  ----------  --------------  -------------------  ----------------------
/opt/airflow/dags/crypto_pipeline_dag.py    185  0.00s             1           0  0.09s           2026-06-16T09:38:19                      12
================================================================================
[2026-06-16T09:39:20.156+0000] {manager.py:997} INFO - 
================================================================================
DAG File Processing Stats

File Path                                   PID  Runtime      # DAGs    # Errors  Last Runtime    Last Run               Last # of DB Queries
----------------------------------------  -----  ---------  --------  ----------  --------------  -------------------  ----------------------
/opt/airflow/dags/crypto_pipeline_dag.py    190  0.00s             1           0  0.10s           2026-06-16T09:38:49                      12
================================================================================
[2026-06-16T09:39:50.446+0000] {manager.py:997} INFO - 
================================================================================
DAG File Processing Stats

File Path                                   PID  Runtime      # DAGs    # Errors  Last Runtime    Last Run               Last # of DB Queries
----------------------------------------  -----  ---------  --------  ----------  --------------  -------------------  ----------------------
/opt/airflow/dags/crypto_pipeline_dag.py    195  0.00s             1           0  0.09s           2026-06-16T09:39:20                      12
================================================================================
[2026-06-16T09:40:20.690+0000] {manager.py:997} INFO - 
================================================================================
DAG File Processing Stats

File Path                                   PID  Runtime      # DAGs    # Errors  Last Runtime    Last Run               Last # of DB Queries
----------------------------------------  -----  ---------  --------  ----------  --------------  -------------------  ----------------------
/opt/airflow/dags/crypto_pipeline_dag.py    200  0.00s             1           0  0.09s           2026-06-16T09:39:50                      12
================================================================================
[2026-06-16T09:40:50.981+0000] {manager.py:997} INFO - 
================================================================================
DAG File Processing Stats

File Path                                   PID  Runtime      # DAGs    # Errors  Last Runtime    Last Run               Last # of DB Queries
----------------------------------------  -----  ---------  --------  ----------  --------------  -------------------  ----------------------
/opt/airflow/dags/crypto_pipeline_dag.py    205  0.00s             1           0  0.09s           2026-06-16T09:40:20                      12
================================================================================
[2026-06-16T09:41:21.240+0000] {manager.py:997} INFO - 
================================================================================
DAG File Processing Stats

File Path                                   PID  Runtime      # DAGs    # Errors  Last Runtime    Last Run               Last # of DB Queries
----------------------------------------  -----  ---------  --------  ----------  --------------  -------------------  ----------------------
/opt/airflow/dags/crypto_pipeline_dag.py    210  0.00s             1           0  0.10s           2026-06-16T09:40:51                      12
================================================================================
[2026-06-16T09:41:51.540+0000] {manager.py:997} INFO - 
================================================================================
DAG File Processing Stats

File Path                                   PID  Runtime      # DAGs    # Errors  Last Runtime    Last Run               Last # of DB Queries
----------------------------------------  -----  ---------  --------  ----------  --------------  -------------------  ----------------------
/opt/airflow/dags/crypto_pipeline_dag.py    215  0.00s             1           0  0.09s           2026-06-16T09:41:21                      12
================================================================================
[2026-06-16T09:42:21.786+0000] {manager.py:997} INFO - 
================================================================================
DAG File Processing Stats

File Path                                   PID  Runtime      # DAGs    # Errors  Last Runtime    Last Run               Last # of DB Queries
----------------------------------------  -----  ---------  --------  ----------  --------------  -------------------  ----------------------
/opt/airflow/dags/crypto_pipeline_dag.py    220  0.00s             1           0  0.09s           2026-06-16T09:41:51                      12
================================================================================
[2026-06-16T09:42:49.997+0000] {manager.py:821} INFO - Searching for files in /opt/airflow/dags
[2026-06-16T09:42:50.009+0000] {manager.py:824} INFO - There are 1 files in /opt/airflow/dags
[2026-06-16T09:42:52.038+0000] {manager.py:997} INFO - 
================================================================================
DAG File Processing Stats

File Path                                   PID  Runtime      # DAGs    # Errors  Last Runtime    Last Run               Last # of DB Queries
----------------------------------------  -----  ---------  --------  ----------  --------------  -------------------  ----------------------
/opt/airflow/dags/crypto_pipeline_dag.py    225  0.00s             1           0  0.09s           2026-06-16T09:42:21                      12
================================================================================
[2026-06-16T09:43:22.331+0000] {manager.py:997} INFO - 
================================================================================
DAG File Processing Stats

File Path                                   PID  Runtime      # DAGs    # Errors  Last Runtime    Last Run               Last # of DB Queries
----------------------------------------  -----  ---------  --------  ----------  --------------  -------------------  ----------------------
/opt/airflow/dags/crypto_pipeline_dag.py    230  0.00s             1           0  0.10s           2026-06-16T09:42:52                      12
================================================================================
[2026-06-16T09:43:52.586+0000] {manager.py:997} INFO - 
================================================================================
DAG File Processing Stats

File Path                                   PID  Runtime      # DAGs    # Errors  Last Runtime    Last Run               Last # of DB Queries
----------------------------------------  -----  ---------  --------  ----------  --------------  -------------------  ----------------------
/opt/airflow/dags/crypto_pipeline_dag.py    235  0.00s             1           0  0.09s           2026-06-16T09:43:22                      12
================================================================================
[2026-06-16T09:44:22.916+0000] {manager.py:997} INFO - 
================================================================================
DAG File Processing Stats

File Path                                   PID  Runtime      # DAGs    # Errors  Last Runtime    Last Run               Last # of DB Queries
----------------------------------------  -----  ---------  --------  ----------  --------------  -------------------  ----------------------
/opt/airflow/dags/crypto_pipeline_dag.py    240  0.00s             1           0  0.09s           2026-06-16T09:43:52                      12
================================================================================
[2026-06-16T09:44:53.184+0000] {manager.py:997} INFO - 
================================================================================
DAG File Processing Stats

File Path                                   PID  Runtime      # DAGs    # Errors  Last Runtime    Last Run               Last # of DB Queries
----------------------------------------  -----  ---------  --------  ----------  --------------  -------------------  ----------------------
/opt/airflow/dags/crypto_pipeline_dag.py    245  0.00s             1           0  0.10s           2026-06-16T09:44:23                      12
================================================================================
[2026-06-16T09:45:23.482+0000] {manager.py:997} INFO - 
================================================================================
DAG File Processing Stats

File Path                                   PID  Runtime      # DAGs    # Errors  Last Runtime    Last Run               Last # of DB Queries
----------------------------------------  -----  ---------  --------  ----------  --------------  -------------------  ----------------------
/opt/airflow/dags/crypto_pipeline_dag.py    250  0.00s             1           0  0.10s           2026-06-16T09:44:53                      12
================================================================================
[2026-06-16T09:45:53.778+0000] {manager.py:997} INFO - 
================================================================================
DAG File Processing Stats

File Path                                   PID  Runtime      # DAGs    # Errors  Last Runtime    Last Run               Last # of DB Queries
----------------------------------------  -----  ---------  --------  ----------  --------------  -------------------  ----------------------
/opt/airflow/dags/crypto_pipeline_dag.py    255  0.00s             1           0  0.10s           2026-06-16T09:45:23                      12
================================================================================
[2026-06-16T09:46:24.101+0000] {manager.py:997} INFO - 
================================================================================
DAG File Processing Stats

File Path                                   PID  Runtime      # DAGs    # Errors  Last Runtime    Last Run               Last # of DB Queries
----------------------------------------  -----  ---------  --------  ----------  --------------  -------------------  ----------------------
/opt/airflow/dags/crypto_pipeline_dag.py    260  0.00s             1           0  0.09s           2026-06-16T09:45:53                      12
================================================================================
[2026-06-16T09:46:54.343+0000] {manager.py:997} INFO - 
================================================================================
DAG File Processing Stats

File Path                                   PID  Runtime      # DAGs    # Errors  Last Runtime    Last Run               Last # of DB Queries
----------------------------------------  -----  ---------  --------  ----------  --------------  -------------------  ----------------------
/opt/airflow/dags/crypto_pipeline_dag.py    265  0.00s             1           0  0.10s           2026-06-16T09:46:24                      12
================================================================================
[2026-06-16T09:47:24.689+0000] {manager.py:997} INFO - 
================================================================================
DAG File Processing Stats

File Path                                   PID  Runtime      # DAGs    # Errors  Last Runtime    Last Run               Last # of DB Queries
----------------------------------------  -----  ---------  --------  ----------  --------------  -------------------  ----------------------
/opt/airflow/dags/crypto_pipeline_dag.py    270  0.00s             1           0  0.10s           2026-06-16T09:46:54                      12
================================================================================
[2026-06-16T09:47:50.927+0000] {manager.py:821} INFO - Searching for files in /opt/airflow/dags
[2026-06-16T09:47:50.942+0000] {manager.py:824} INFO - There are 1 files in /opt/airflow/dags
[2026-06-16T09:47:55.026+0000] {manager.py:997} INFO - 
================================================================================
DAG File Processing Stats

File Path                                   PID  Runtime      # DAGs    # Errors  Last Runtime    Last Run               Last # of DB Queries
----------------------------------------  -----  ---------  --------  ----------  --------------  -------------------  ----------------------
/opt/airflow/dags/crypto_pipeline_dag.py    275  0.02s             1           0  0.09s           2026-06-16T09:47:24                      12
================================================================================
[2026-06-16T09:48:25.317+0000] {manager.py:997} INFO - 
================================================================================
DAG File Processing Stats

File Path                                   PID  Runtime      # DAGs    # Errors  Last Runtime    Last Run               Last # of DB Queries
----------------------------------------  -----  ---------  --------  ----------  --------------  -------------------  ----------------------
/opt/airflow/dags/crypto_pipeline_dag.py    280  0.00s             1           0  0.24s           2026-06-16T09:47:55                      12
================================================================================
[2026-06-16T09:48:55.679+0000] {manager.py:997} INFO - 
================================================================================
DAG File Processing Stats

File Path                                   PID  Runtime      # DAGs    # Errors  Last Runtime    Last Run               Last # of DB Queries
----------------------------------------  -----  ---------  --------  ----------  --------------  -------------------  ----------------------
/opt/airflow/dags/crypto_pipeline_dag.py    285  0.00s             1           0  0.14s           2026-06-16T09:48:25                      12
================================================================================
[2026-06-16T09:49:25.972+0000] {manager.py:997} INFO - 
================================================================================
DAG File Processing Stats

File Path                                   PID  Runtime      # DAGs    # Errors  Last Runtime    Last Run               Last # of DB Queries
----------------------------------------  -----  ---------  --------  ----------  --------------  -------------------  ----------------------
/opt/airflow/dags/crypto_pipeline_dag.py    290  0.00s             1           0  0.09s           2026-06-16T09:48:55                      12
================================================================================
[2026-06-16T09:49:56.263+0000] {manager.py:997} INFO - 
================================================================================
DAG File Processing Stats

File Path                                   PID  Runtime      # DAGs    # Errors  Last Runtime    Last Run               Last # of DB Queries
----------------------------------------  -----  ---------  --------  ----------  --------------  -------------------  ----------------------
/opt/airflow/dags/crypto_pipeline_dag.py    303  0.00s             1           0  0.09s           2026-06-16T09:49:26                      12
================================================================================
[2026-06-16T09:50:26.525+0000] {manager.py:997} INFO - 
================================================================================
DAG File Processing Stats

File Path                                   PID  Runtime      # DAGs    # Errors  Last Runtime    Last Run               Last # of DB Queries
----------------------------------------  -----  ---------  --------  ----------  --------------  -------------------  ----------------------
/opt/airflow/dags/crypto_pipeline_dag.py    348  0.00s             1           0  0.13s           2026-06-16T09:49:56                      12
================================================================================
[2026-06-16T09:50:56.797+0000] {manager.py:997} INFO - 
================================================================================
DAG File Processing Stats

File Path                                   PID  Runtime      # DAGs    # Errors  Last Runtime    Last Run               Last # of DB Queries
----------------------------------------  -----  ---------  --------  ----------  --------------  -------------------  ----------------------
/opt/airflow/dags/crypto_pipeline_dag.py    353  0.00s             1           0  0.08s           2026-06-16T09:50:26                      12
================================================================================
[2026-06-16T09:51:27.085+0000] {manager.py:997} INFO - 
================================================================================
DAG File Processing Stats

File Path                                   PID  Runtime      # DAGs    # Errors  Last Runtime    Last Run               Last # of DB Queries
----------------------------------------  -----  ---------  --------  ----------  --------------  -------------------  ----------------------
/opt/airflow/dags/crypto_pipeline_dag.py    358  0.00s             1           0  0.09s           2026-06-16T09:50:56                      12
================================================================================
[2026-06-16T09:51:57.349+0000] {manager.py:997} INFO - 
================================================================================
DAG File Processing Stats

File Path                                   PID  Runtime      # DAGs    # Errors  Last Runtime    Last Run               Last # of DB Queries
----------------------------------------  -----  ---------  --------  ----------  --------------  -------------------  ----------------------
/opt/airflow/dags/crypto_pipeline_dag.py    363  0.00s             1           0  0.09s           2026-06-16T09:51:27                      12
================================================================================
[2026-06-16T09:52:27.597+0000] {manager.py:997} INFO - 
================================================================================
DAG File Processing Stats

File Path                                   PID  Runtime      # DAGs    # Errors  Last Runtime    Last Run               Last # of DB Queries
----------------------------------------  -----  ---------  --------  ----------  --------------  -------------------  ----------------------
/opt/airflow/dags/crypto_pipeline_dag.py    368  0.00s             1           0  0.09s           2026-06-16T09:51:57                      12
================================================================================
[2026-06-16T09:52:51.822+0000] {manager.py:821} INFO - Searching for files in /opt/airflow/dags
[2026-06-16T09:52:51.837+0000] {manager.py:824} INFO - There are 1 files in /opt/airflow/dags
[2026-06-16T09:52:57.890+0000] {manager.py:997} INFO - 
================================================================================
DAG File Processing Stats

File Path                                   PID  Runtime      # DAGs    # Errors  Last Runtime    Last Run               Last # of DB Queries
----------------------------------------  -----  ---------  --------  ----------  --------------  -------------------  ----------------------
/opt/airflow/dags/crypto_pipeline_dag.py    377  0.00s             1           0  0.09s           2026-06-16T09:52:27                      12
================================================================================
[2026-06-16T09:53:28.150+0000] {manager.py:997} INFO - 
================================================================================
DAG File Processing Stats

File Path                                   PID  Runtime      # DAGs    # Errors  Last Runtime    Last Run               Last # of DB Queries
----------------------------------------  -----  ---------  --------  ----------  --------------  -------------------  ----------------------
/opt/airflow/dags/crypto_pipeline_dag.py    382  0.00s             1           0  0.09s           2026-06-16T09:52:57                      12
================================================================================
[2026-06-16T09:53:58.515+0000] {manager.py:997} INFO - 
================================================================================
DAG File Processing Stats

File Path                                   PID  Runtime      # DAGs    # Errors  Last Runtime    Last Run               Last # of DB Queries
----------------------------------------  -----  ---------  --------  ----------  --------------  -------------------  ----------------------
/opt/airflow/dags/crypto_pipeline_dag.py    387  0.00s             1           0  0.09s           2026-06-16T09:53:28                      12
================================================================================
[2026-06-16T09:54:28.791+0000] {manager.py:997} INFO - 
================================================================================
DAG File Processing Stats

File Path                                   PID  Runtime      # DAGs    # Errors  Last Runtime    Last Run               Last # of DB Queries
----------------------------------------  -----  ---------  --------  ----------  --------------  -------------------  ----------------------
/opt/airflow/dags/crypto_pipeline_dag.py    392  0.00s             1           0  0.10s           2026-06-16T09:53:58                      12
================================================================================
[2026-06-16T09:54:59.120+0000] {manager.py:997} INFO - 
================================================================================
DAG File Processing Stats

File Path                                   PID  Runtime      # DAGs    # Errors  Last Runtime    Last Run               Last # of DB Queries
----------------------------------------  -----  ---------  --------  ----------  --------------  -------------------  ----------------------
/opt/airflow/dags/crypto_pipeline_dag.py    405  0.00s             1           0  0.10s           2026-06-16T09:54:28                      12
================================================================================
[2026-06-16T09:55:29.419+0000] {manager.py:997} INFO - 
================================================================================
DAG File Processing Stats

File Path                                   PID  Runtime      # DAGs    # Errors  Last Runtime    Last Run               Last # of DB Queries
----------------------------------------  -----  ---------  --------  ----------  --------------  -------------------  ----------------------
/opt/airflow/dags/crypto_pipeline_dag.py    450  0.01s             1           0  0.09s           2026-06-16T09:54:59                      12
================================================================================
[2026-06-16T09:55:59.696+0000] {manager.py:997} INFO - 
================================================================================
DAG File Processing Stats

File Path                                   PID  Runtime      # DAGs    # Errors  Last Runtime    Last Run               Last # of DB Queries
----------------------------------------  -----  ---------  --------  ----------  --------------  -------------------  ----------------------
/opt/airflow/dags/crypto_pipeline_dag.py    455  0.00s             1           0  0.10s           2026-06-16T09:55:29                      12
================================================================================
[2026-06-16T09:56:30.014+0000] {manager.py:997} INFO - 
================================================================================
DAG File Processing Stats

File Path                                   PID  Runtime      # DAGs    # Errors  Last Runtime    Last Run               Last # of DB Queries
----------------------------------------  -----  ---------  --------  ----------  --------------  -------------------  ----------------------
/opt/airflow/dags/crypto_pipeline_dag.py    460  0.00s             1           0  0.08s           2026-06-16T09:55:59                      12
================================================================================
[2026-06-16T09:57:00.322+0000] {manager.py:997} INFO - 
================================================================================
DAG File Processing Stats

File Path                                   PID  Runtime      # DAGs    # Errors  Last Runtime    Last Run               Last # of DB Queries
----------------------------------------  -----  ---------  --------  ----------  --------------  -------------------  ----------------------
/opt/airflow/dags/crypto_pipeline_dag.py    465  0.00s             1           0  0.08s           2026-06-16T09:56:30                      12
================================================================================
[2026-06-16T09:57:30.681+0000] {manager.py:997} INFO - 
================================================================================
DAG File Processing Stats

File Path                                   PID  Runtime      # DAGs    # Errors  Last Runtime    Last Run               Last # of DB Queries
----------------------------------------  -----  ---------  --------  ----------  --------------  -------------------  ----------------------
/opt/airflow/dags/crypto_pipeline_dag.py    470  0.00s             1           0  0.09s           2026-06-16T09:57:00                      12
================================================================================
[2026-06-16T09:57:51.855+0000] {manager.py:821} INFO - Searching for files in /opt/airflow/dags
[2026-06-16T09:57:51.874+0000] {manager.py:824} INFO - There are 1 files in /opt/airflow/dags
[2026-06-16T09:58:00.980+0000] {manager.py:997} INFO - 
================================================================================
DAG File Processing Stats

File Path                                   PID  Runtime      # DAGs    # Errors  Last Runtime    Last Run               Last # of DB Queries
----------------------------------------  -----  ---------  --------  ----------  --------------  -------------------  ----------------------
/opt/airflow/dags/crypto_pipeline_dag.py    479  0.00s             1           0  0.09s           2026-06-16T09:57:30                      12
================================================================================
[2026-06-16T09:58:31.212+0000] {manager.py:997} INFO - 
================================================================================
DAG File Processing Stats

File Path                                   PID  Runtime      # DAGs    # Errors  Last Runtime    Last Run               Last # of DB Queries
----------------------------------------  -----  ---------  --------  ----------  --------------  -------------------  ----------------------
/opt/airflow/dags/crypto_pipeline_dag.py    484  0.00s             1           0  0.10s           2026-06-16T09:58:01                      12
================================================================================
[2026-06-16T09:59:01.540+0000] {manager.py:997} INFO - 
================================================================================
DAG File Processing Stats

File Path                                   PID  Runtime      # DAGs    # Errors  Last Runtime    Last Run               Last # of DB Queries
----------------------------------------  -----  ---------  --------  ----------  --------------  -------------------  ----------------------
/opt/airflow/dags/crypto_pipeline_dag.py    489  0.00s             1           0  0.09s           2026-06-16T09:58:31                      12
================================================================================
[2026-06-16T09:59:31.819+0000] {manager.py:997} INFO - 
================================================================================
DAG File Processing Stats

File Path                                   PID  Runtime      # DAGs    # Errors  Last Runtime    Last Run               Last # of DB Queries
----------------------------------------  -----  ---------  --------  ----------  --------------  -------------------  ----------------------
/opt/airflow/dags/crypto_pipeline_dag.py    494  0.00s             1           0  0.10s           2026-06-16T09:59:01                      12
================================================================================
[2026-06-16T10:00:02.148+0000] {manager.py:997} INFO - 
================================================================================
DAG File Processing Stats

File Path                                   PID  Runtime      # DAGs    # Errors  Last Runtime    Last Run               Last # of DB Queries
----------------------------------------  -----  ---------  --------  ----------  --------------  -------------------  ----------------------
/opt/airflow/dags/crypto_pipeline_dag.py    507  0.00s             1           0  0.09s           2026-06-16T09:59:31                      12
================================================================================
[2026-06-16T10:00:32.391+0000] {manager.py:997} INFO - 
================================================================================
DAG File Processing Stats

File Path                                   PID  Runtime      # DAGs    # Errors  Last Runtime    Last Run               Last # of DB Queries
----------------------------------------  -----  ---------  --------  ----------  --------------  -------------------  ----------------------
/opt/airflow/dags/crypto_pipeline_dag.py    552  0.00s             1           0  0.08s           2026-06-16T10:00:02                      12
================================================================================
[2026-06-16T10:01:02.697+0000] {manager.py:997} INFO - 
================================================================================
DAG File Processing Stats

File Path                                   PID  Runtime      # DAGs    # Errors  Last Runtime    Last Run               Last # of DB Queries
----------------------------------------  -----  ---------  --------  ----------  --------------  -------------------  ----------------------
/opt/airflow/dags/crypto_pipeline_dag.py    557  0.00s             1           0  0.08s           2026-06-16T10:00:32                      12
================================================================================
[2026-06-16T10:01:33.001+0000] {manager.py:997} INFO - 
================================================================================
DAG File Processing Stats

File Path                                   PID  Runtime      # DAGs    # Errors  Last Runtime    Last Run               Last # of DB Queries
----------------------------------------  -----  ---------  --------  ----------  --------------  -------------------  ----------------------
/opt/airflow/dags/crypto_pipeline_dag.py    562  0.00s             1           0  0.09s           2026-06-16T10:01:02                      12
================================================================================
[2026-06-16T10:02:03.279+0000] {manager.py:997} INFO - 
================================================================================
DAG File Processing Stats

File Path                                   PID  Runtime      # DAGs    # Errors  Last Runtime    Last Run               Last # of DB Queries
----------------------------------------  -----  ---------  --------  ----------  --------------  -------------------  ----------------------
/opt/airflow/dags/crypto_pipeline_dag.py    567  0.00s             1           0  0.09s           2026-06-16T10:01:33                      12
================================================================================
[2026-06-16T10:02:33.584+0000] {manager.py:997} INFO - 
================================================================================
DAG File Processing Stats

File Path                                   PID  Runtime      # DAGs    # Errors  Last Runtime    Last Run               Last # of DB Queries
----------------------------------------  -----  ---------  --------  ----------  --------------  -------------------  ----------------------
/opt/airflow/dags/crypto_pipeline_dag.py    572  0.00s             1           0  0.09s           2026-06-16T10:02:03                      12
================================================================================
[2026-06-16T10:02:52.748+0000] {manager.py:821} INFO - Searching for files in /opt/airflow/dags
[2026-06-16T10:02:52.763+0000] {manager.py:824} INFO - There are 1 files in /opt/airflow/dags
[2026-06-16T10:03:03.880+0000] {manager.py:997} INFO - 
================================================================================
DAG File Processing Stats

File Path                                   PID  Runtime      # DAGs    # Errors  Last Runtime    Last Run               Last # of DB Queries
----------------------------------------  -----  ---------  --------  ----------  --------------  -------------------  ----------------------
/opt/airflow/dags/crypto_pipeline_dag.py    581  0.00s             1           0  0.11s           2026-06-16T10:02:33                      12
================================================================================
[2026-06-16T10:03:34.231+0000] {manager.py:997} INFO - 
================================================================================
DAG File Processing Stats

File Path                                   PID  Runtime      # DAGs    # Errors  Last Runtime    Last Run               Last # of DB Queries
----------------------------------------  -----  ---------  --------  ----------  --------------  -------------------  ----------------------
/opt/airflow/dags/crypto_pipeline_dag.py    586  0.00s             1           0  0.09s           2026-06-16T10:03:03                      12
================================================================================
[2026-06-16T10:04:04.530+0000] {manager.py:997} INFO - 
================================================================================
DAG File Processing Stats

File Path                                   PID  Runtime      # DAGs    # Errors  Last Runtime    Last Run               Last # of DB Queries
----------------------------------------  -----  ---------  --------  ----------  --------------  -------------------  ----------------------
/opt/airflow/dags/crypto_pipeline_dag.py    591  0.00s             1           0  0.14s           2026-06-16T10:03:34                      12
================================================================================
[2026-06-16T10:04:34.874+0000] {manager.py:997} INFO - 
================================================================================
DAG File Processing Stats

File Path                                   PID  Runtime      # DAGs    # Errors  Last Runtime    Last Run               Last # of DB Queries
----------------------------------------  -----  ---------  --------  ----------  --------------  -------------------  ----------------------
/opt/airflow/dags/crypto_pipeline_dag.py    596  0.00s             1           0  0.09s           2026-06-16T10:04:04                      12
================================================================================
[2026-06-16T10:05:05.129+0000] {manager.py:997} INFO - 
================================================================================
DAG File Processing Stats

File Path                                   PID  Runtime      # DAGs    # Errors  Last Runtime    Last Run               Last # of DB Queries
----------------------------------------  -----  ---------  --------  ----------  --------------  -------------------  ----------------------
/opt/airflow/dags/crypto_pipeline_dag.py    609  0.00s             1           0  0.09s           2026-06-16T10:04:34                      12
================================================================================
[2026-06-16T10:05:35.395+0000] {manager.py:997} INFO - 
================================================================================
DAG File Processing Stats

File Path                                   PID  Runtime      # DAGs    # Errors  Last Runtime    Last Run               Last # of DB Queries
----------------------------------------  -----  ---------  --------  ----------  --------------  -------------------  ----------------------
/opt/airflow/dags/crypto_pipeline_dag.py    654  0.00s             1           0  0.09s           2026-06-16T10:05:05                      12
================================================================================
[2026-06-16T10:06:05.653+0000] {manager.py:997} INFO - 
================================================================================
DAG File Processing Stats

File Path                                   PID  Runtime      # DAGs    # Errors  Last Runtime    Last Run               Last # of DB Queries
----------------------------------------  -----  ---------  --------  ----------  --------------  -------------------  ----------------------
/opt/airflow/dags/crypto_pipeline_dag.py    659  0.00s             1           0  0.08s           2026-06-16T10:05:35                      12
================================================================================
[2026-06-16T10:06:35.944+0000] {manager.py:997} INFO - 
================================================================================
DAG File Processing Stats

File Path                                   PID  Runtime      # DAGs    # Errors  Last Runtime    Last Run               Last # of DB Queries
----------------------------------------  -----  ---------  --------  ----------  --------------  -------------------  ----------------------
/opt/airflow/dags/crypto_pipeline_dag.py    664  0.00s             1           0  0.09s           2026-06-16T10:06:05                      12
================================================================================
[2026-06-16T10:07:06.263+0000] {manager.py:997} INFO - 
================================================================================
DAG File Processing Stats

File Path                                   PID  Runtime      # DAGs    # Errors  Last Runtime    Last Run               Last # of DB Queries
----------------------------------------  -----  ---------  --------  ----------  --------------  -------------------  ----------------------
/opt/airflow/dags/crypto_pipeline_dag.py    669  0.00s             1           0  0.09s           2026-06-16T10:06:36                      12
================================================================================
[2026-06-16T10:07:36.573+0000] {manager.py:997} INFO - 
================================================================================
DAG File Processing Stats

File Path                                   PID  Runtime      # DAGs    # Errors  Last Runtime    Last Run               Last # of DB Queries
----------------------------------------  -----  ---------  --------  ----------  --------------  -------------------  ----------------------
/opt/airflow/dags/crypto_pipeline_dag.py    674  0.00s             1           0  0.09s           2026-06-16T10:07:06                      12
================================================================================
[2026-06-16T10:07:52.768+0000] {manager.py:821} INFO - Searching for files in /opt/airflow/dags
[2026-06-16T10:07:52.785+0000] {manager.py:824} INFO - There are 1 files in /opt/airflow/dags
[2026-06-16T10:08:06.926+0000] {manager.py:997} INFO - 
================================================================================
DAG File Processing Stats

File Path                                   PID  Runtime      # DAGs    # Errors  Last Runtime    Last Run               Last # of DB Queries
----------------------------------------  -----  ---------  --------  ----------  --------------  -------------------  ----------------------
/opt/airflow/dags/crypto_pipeline_dag.py    683  0.00s             1           0  0.09s           2026-06-16T10:07:36                      12
================================================================================
[2026-06-16T10:08:37.238+0000] {manager.py:997} INFO - 
================================================================================
DAG File Processing Stats

File Path                                   PID  Runtime      # DAGs    # Errors  Last Runtime    Last Run               Last # of DB Queries
----------------------------------------  -----  ---------  --------  ----------  --------------  -------------------  ----------------------
/opt/airflow/dags/crypto_pipeline_dag.py    688  0.00s             1           0  0.12s           2026-06-16T10:08:07                      12
================================================================================
[2026-06-16T10:09:07.783+0000] {manager.py:997} INFO - 
================================================================================
DAG File Processing Stats

File Path                                   PID  Runtime      # DAGs    # Errors  Last Runtime    Last Run               Last # of DB Queries
----------------------------------------  -----  ---------  --------  ----------  --------------  -------------------  ----------------------
/opt/airflow/dags/crypto_pipeline_dag.py    693  0.00s             1           0  0.10s           2026-06-16T10:08:37                      12
================================================================================
[2026-06-16T10:20:06.031+0000] {manager.py:821} INFO - Searching for files in /opt/airflow/dags
[2026-06-16T10:20:06.331+0000] {manager.py:824} INFO - There are 1 files in /opt/airflow/dags
[2026-06-16T10:20:06.856+0000] {manager.py:997} INFO - 
================================================================================
DAG File Processing Stats

File Path                                 PID    Runtime      # DAGs    # Errors  Last Runtime    Last Run               Last # of DB Queries
----------------------------------------  -----  ---------  --------  ----------  --------------  -------------------  ----------------------
/opt/airflow/dags/crypto_pipeline_dag.py                           1           0  0.25s           2026-06-16T10:20:06                      12
================================================================================
[2026-06-16T10:28:49.053+0000] {manager.py:821} INFO - Searching for files in /opt/airflow/dags
[2026-06-16T10:28:49.147+0000] {manager.py:824} INFO - There are 1 files in /opt/airflow/dags
[2026-06-16T10:29:15.459+0000] {manager.py:997} INFO - 
================================================================================
DAG File Processing Stats

File Path                                 PID    Runtime      # DAGs    # Errors  Last Runtime    Last Run               Last # of DB Queries
----------------------------------------  -----  ---------  --------  ----------  --------------  -------------------  ----------------------
/opt/airflow/dags/crypto_pipeline_dag.py                           1           0  0.16s           2026-06-16T10:28:49                      12
================================================================================
[2026-06-16T10:29:45.846+0000] {manager.py:997} INFO - 
================================================================================
DAG File Processing Stats

File Path                                 PID    Runtime      # DAGs    # Errors  Last Runtime    Last Run               Last # of DB Queries
----------------------------------------  -----  ---------  --------  ----------  --------------  -------------------  ----------------------
/opt/airflow/dags/crypto_pipeline_dag.py                           1           0  0.09s           2026-06-16T10:29:19                      12
================================================================================
[2026-06-16T10:30:15.306+0000] {manager.py:997} INFO - 
================================================================================
DAG File Processing Stats

File Path                                 PID    Runtime      # DAGs    # Errors  Last Runtime    Last Run               Last # of DB Queries
----------------------------------------  -----  ---------  --------  ----------  --------------  -------------------  ----------------------
/opt/airflow/dags/crypto_pipeline_dag.py                           1           0  0.08s           2026-06-16T10:29:49                      12
================================================================================
[2026-06-16T10:30:45.613+0000] {manager.py:997} INFO - 
================================================================================
DAG File Processing Stats

File Path                                 PID    Runtime      # DAGs    # Errors  Last Runtime    Last Run               Last # of DB Queries
----------------------------------------  -----  ---------  --------  ----------  --------------  -------------------  ----------------------
/opt/airflow/dags/crypto_pipeline_dag.py                           1           0  0.09s           2026-06-16T10:30:20                      12
================================================================================
[2026-06-16T10:31:16.072+0000] {manager.py:997} INFO - 
================================================================================
DAG File Processing Stats

File Path                                 PID    Runtime      # DAGs    # Errors  Last Runtime    Last Run               Last # of DB Queries
----------------------------------------  -----  ---------  --------  ----------  --------------  -------------------  ----------------------
/opt/airflow/dags/crypto_pipeline_dag.py                           1           0  0.08s           2026-06-16T10:30:51                      12
================================================================================
[2026-06-16T10:31:46.340+0000] {manager.py:997} INFO - 
================================================================================
DAG File Processing Stats

File Path                                 PID    Runtime      # DAGs    # Errors  Last Runtime    Last Run               Last # of DB Queries
----------------------------------------  -----  ---------  --------  ----------  --------------  -------------------  ----------------------
/opt/airflow/dags/crypto_pipeline_dag.py                           1           0  0.09s           2026-06-16T10:31:21                      12
================================================================================
[2026-06-16T10:32:16.865+0000] {manager.py:997} INFO - 
================================================================================
DAG File Processing Stats

File Path                                 PID    Runtime      # DAGs    # Errors  Last Runtime    Last Run               Last # of DB Queries
----------------------------------------  -----  ---------  --------  ----------  --------------  -------------------  ----------------------
/opt/airflow/dags/crypto_pipeline_dag.py                           1           0  0.09s           2026-06-16T10:31:51                      12
================================================================================
[2026-06-16T10:32:47.140+0000] {manager.py:997} INFO - 
================================================================================
DAG File Processing Stats

File Path                                 PID    Runtime      # DAGs    # Errors  Last Runtime    Last Run               Last # of DB Queries
----------------------------------------  -----  ---------  --------  ----------  --------------  -------------------  ----------------------
/opt/airflow/dags/crypto_pipeline_dag.py                           1           0  0.08s           2026-06-16T10:32:22                      12
================================================================================
[2026-06-16T10:33:17.474+0000] {manager.py:997} INFO - 
================================================================================
DAG File Processing Stats

File Path                                 PID    Runtime      # DAGs    # Errors  Last Runtime    Last Run               Last # of DB Queries
----------------------------------------  -----  ---------  --------  ----------  --------------  -------------------  ----------------------
/opt/airflow/dags/crypto_pipeline_dag.py                           1           0  0.08s           2026-06-16T10:32:52                      12
================================================================================
[2026-06-16T10:33:47.774+0000] {manager.py:997} INFO - 
================================================================================
DAG File Processing Stats

File Path                                 PID    Runtime      # DAGs    # Errors  Last Runtime    Last Run               Last # of DB Queries
----------------------------------------  -----  ---------  --------  ----------  --------------  -------------------  ----------------------
/opt/airflow/dags/crypto_pipeline_dag.py                           1           0  0.09s           2026-06-16T10:33:22                      12
================================================================================
[2026-06-16T10:33:49.796+0000] {manager.py:821} INFO - Searching for files in /opt/airflow/dags
[2026-06-16T10:33:49.815+0000] {manager.py:824} INFO - There are 1 files in /opt/airflow/dags
[2026-06-16T11:06:24.216+0000] {manager.py:821} INFO - Searching for files in /opt/airflow/dags
[2026-06-16T11:06:24.696+0000] {manager.py:824} INFO - There are 1 files in /opt/airflow/dags
[2026-06-16T11:06:32.005+0000] {manager.py:997} INFO - 
================================================================================
DAG File Processing Stats

File Path                                 PID    Runtime      # DAGs    # Errors  Last Runtime    Last Run               Last # of DB Queries
----------------------------------------  -----  ---------  --------  ----------  --------------  -------------------  ----------------------
/opt/airflow/dags/crypto_pipeline_dag.py                           1           0  0.21s           2026-06-16T11:06:24                      12
================================================================================
[2026-06-16T11:07:02.078+0000] {manager.py:997} INFO - 
================================================================================
DAG File Processing Stats

File Path                                 PID    Runtime      # DAGs    # Errors  Last Runtime    Last Run               Last # of DB Queries
----------------------------------------  -----  ---------  --------  ----------  --------------  -------------------  ----------------------
/opt/airflow/dags/crypto_pipeline_dag.py                           1           0  0.12s           2026-06-16T11:06:55                      12
================================================================================
[2026-06-16T11:07:32.392+0000] {manager.py:997} INFO - 
================================================================================
DAG File Processing Stats

File Path                                 PID    Runtime      # DAGs    # Errors  Last Runtime    Last Run               Last # of DB Queries
----------------------------------------  -----  ---------  --------  ----------  --------------  -------------------  ----------------------
/opt/airflow/dags/crypto_pipeline_dag.py                           1           0  0.10s           2026-06-16T11:07:25                      12
================================================================================
[2026-06-16T11:08:02.706+0000] {manager.py:997} INFO - 
================================================================================
DAG File Processing Stats

File Path                                 PID    Runtime      # DAGs    # Errors  Last Runtime    Last Run               Last # of DB Queries
----------------------------------------  -----  ---------  --------  ----------  --------------  -------------------  ----------------------
/opt/airflow/dags/crypto_pipeline_dag.py                           1           0  0.10s           2026-06-16T11:07:55                      12
================================================================================
[2026-06-16T11:08:33.063+0000] {manager.py:997} INFO - 
================================================================================
DAG File Processing Stats

File Path                                 PID    Runtime      # DAGs    # Errors  Last Runtime    Last Run               Last # of DB Queries
----------------------------------------  -----  ---------  --------  ----------  --------------  -------------------  ----------------------
/opt/airflow/dags/crypto_pipeline_dag.py                           1           0  0.08s           2026-06-16T11:08:26                      12
================================================================================
[2026-06-16T11:09:03.370+0000] {manager.py:997} INFO - 
================================================================================
DAG File Processing Stats

File Path                                 PID    Runtime      # DAGs    # Errors  Last Runtime    Last Run               Last # of DB Queries
----------------------------------------  -----  ---------  --------  ----------  --------------  -------------------  ----------------------
/opt/airflow/dags/crypto_pipeline_dag.py                           1           0  0.09s           2026-06-16T11:08:56                      12
================================================================================
[2026-06-16T11:09:33.651+0000] {manager.py:997} INFO - 
================================================================================
DAG File Processing Stats

File Path                                 PID    Runtime      # DAGs    # Errors  Last Runtime    Last Run               Last # of DB Queries
----------------------------------------  -----  ---------  --------  ----------  --------------  -------------------  ----------------------
/opt/airflow/dags/crypto_pipeline_dag.py                           1           0  0.08s           2026-06-16T11:09:26                      12
================================================================================
[2026-06-16T11:10:03.949+0000] {manager.py:997} INFO - 
================================================================================
DAG File Processing Stats

File Path                                 PID    Runtime      # DAGs    # Errors  Last Runtime    Last Run               Last # of DB Queries
----------------------------------------  -----  ---------  --------  ----------  --------------  -------------------  ----------------------
/opt/airflow/dags/crypto_pipeline_dag.py                           1           0  0.08s           2026-06-16T11:09:56                      12
================================================================================
[2026-06-16T11:10:34.224+0000] {manager.py:997} INFO - 
================================================================================
DAG File Processing Stats

File Path                                 PID    Runtime      # DAGs    # Errors  Last Runtime    Last Run               Last # of DB Queries
----------------------------------------  -----  ---------  --------  ----------  --------------  -------------------  ----------------------
/opt/airflow/dags/crypto_pipeline_dag.py                           1           0  0.08s           2026-06-16T11:10:27                      12
================================================================================
[2026-06-16T11:11:04.552+0000] {manager.py:997} INFO - 
================================================================================
DAG File Processing Stats

File Path                                 PID    Runtime      # DAGs    # Errors  Last Runtime    Last Run               Last # of DB Queries
----------------------------------------  -----  ---------  --------  ----------  --------------  -------------------  ----------------------
/opt/airflow/dags/crypto_pipeline_dag.py                           1           0  0.09s           2026-06-16T11:10:57                      12
================================================================================
[2026-06-16T11:11:24.731+0000] {manager.py:821} INFO - Searching for files in /opt/airflow/dags
[2026-06-16T11:11:24.748+0000] {manager.py:824} INFO - There are 1 files in /opt/airflow/dags
[2026-06-16T11:11:34.893+0000] {manager.py:997} INFO - 
================================================================================
DAG File Processing Stats

File Path                                 PID    Runtime      # DAGs    # Errors  Last Runtime    Last Run               Last # of DB Queries
----------------------------------------  -----  ---------  --------  ----------  --------------  -------------------  ----------------------
/opt/airflow/dags/crypto_pipeline_dag.py                           1           0  0.08s           2026-06-16T11:11:27                      12
================================================================================
[2026-06-16T11:12:05.199+0000] {manager.py:997} INFO - 
================================================================================
DAG File Processing Stats

File Path                                 PID    Runtime      # DAGs    # Errors  Last Runtime    Last Run               Last # of DB Queries
----------------------------------------  -----  ---------  --------  ----------  --------------  -------------------  ----------------------
/opt/airflow/dags/crypto_pipeline_dag.py                           1           0  0.09s           2026-06-16T11:11:58                      12
================================================================================
[2026-06-16T11:12:35.548+0000] {manager.py:997} INFO - 
================================================================================
DAG File Processing Stats

File Path                                 PID    Runtime      # DAGs    # Errors  Last Runtime    Last Run               Last # of DB Queries
----------------------------------------  -----  ---------  --------  ----------  --------------  -------------------  ----------------------
/opt/airflow/dags/crypto_pipeline_dag.py                           1           0  0.08s           2026-06-16T11:12:28                      12
================================================================================
[2026-06-16T11:13:05.848+0000] {manager.py:997} INFO - 
================================================================================
DAG File Processing Stats

File Path                                 PID    Runtime      # DAGs    # Errors  Last Runtime    Last Run               Last # of DB Queries
----------------------------------------  -----  ---------  --------  ----------  --------------  -------------------  ----------------------
/opt/airflow/dags/crypto_pipeline_dag.py                           1           0  0.09s           2026-06-16T11:12:58                      12
================================================================================
[2026-06-16T11:13:36.166+0000] {manager.py:997} INFO - 
================================================================================
DAG File Processing Stats

File Path                                 PID    Runtime      # DAGs    # Errors  Last Runtime    Last Run               Last # of DB Queries
----------------------------------------  -----  ---------  --------  ----------  --------------  -------------------  ----------------------
/opt/airflow/dags/crypto_pipeline_dag.py                           1           0  0.08s           2026-06-16T11:13:29                      12
================================================================================
[2026-06-16T11:14:06.424+0000] {manager.py:997} INFO - 
================================================================================
DAG File Processing Stats

File Path                                 PID    Runtime      # DAGs    # Errors  Last Runtime    Last Run               Last # of DB Queries
----------------------------------------  -----  ---------  --------  ----------  --------------  -------------------  ----------------------
/opt/airflow/dags/crypto_pipeline_dag.py                           1           0  0.08s           2026-06-16T11:13:59                      12
================================================================================
[2026-06-16T11:14:36.766+0000] {manager.py:997} INFO - 
================================================================================
DAG File Processing Stats

File Path                                 PID    Runtime      # DAGs    # Errors  Last Runtime    Last Run               Last # of DB Queries
----------------------------------------  -----  ---------  --------  ----------  --------------  -------------------  ----------------------
/opt/airflow/dags/crypto_pipeline_dag.py                           1           0  0.08s           2026-06-16T11:14:29                      12
================================================================================
[2026-06-16T11:15:59.093+0000] {manager.py:997} INFO - 
================================================================================
DAG File Processing Stats

File Path                                 PID    Runtime      # DAGs    # Errors  Last Runtime    Last Run               Last # of DB Queries
----------------------------------------  -----  ---------  --------  ----------  --------------  -------------------  ----------------------
/opt/airflow/dags/crypto_pipeline_dag.py                           1           0  0.10s           2026-06-16T11:15:37                      12
================================================================================
[2026-06-16T11:16:25.363+0000] {manager.py:821} INFO - Searching for files in /opt/airflow/dags
[2026-06-16T11:16:25.375+0000] {manager.py:824} INFO - There are 1 files in /opt/airflow/dags
[2026-06-16T11:16:29.416+0000] {manager.py:997} INFO - 
================================================================================
DAG File Processing Stats

File Path                                 PID    Runtime      # DAGs    # Errors  Last Runtime    Last Run               Last # of DB Queries
----------------------------------------  -----  ---------  --------  ----------  --------------  -------------------  ----------------------
/opt/airflow/dags/crypto_pipeline_dag.py                           1           0  0.08s           2026-06-16T11:16:08                      12
================================================================================
[2026-06-16T11:16:59.661+0000] {manager.py:997} INFO - 
================================================================================
DAG File Processing Stats

File Path                                 PID    Runtime      # DAGs    # Errors  Last Runtime    Last Run               Last # of DB Queries
----------------------------------------  -----  ---------  --------  ----------  --------------  -------------------  ----------------------
/opt/airflow/dags/crypto_pipeline_dag.py                           1           0  0.14s           2026-06-16T11:16:38                      12
================================================================================
[2026-06-16T11:17:29.879+0000] {manager.py:997} INFO - 
================================================================================
DAG File Processing Stats

File Path                                 PID    Runtime      # DAGs    # Errors  Last Runtime    Last Run               Last # of DB Queries
----------------------------------------  -----  ---------  --------  ----------  --------------  -------------------  ----------------------
/opt/airflow/dags/crypto_pipeline_dag.py                           1           0  0.09s           2026-06-16T11:17:08                      12
================================================================================
[2026-06-16T11:18:00.199+0000] {manager.py:997} INFO - 
================================================================================
DAG File Processing Stats

File Path                                 PID    Runtime      # DAGs    # Errors  Last Runtime    Last Run               Last # of DB Queries
----------------------------------------  -----  ---------  --------  ----------  --------------  -------------------  ----------------------
/opt/airflow/dags/crypto_pipeline_dag.py                           1           0  0.09s           2026-06-16T11:17:39                      12
================================================================================
[2026-06-16T11:18:30.420+0000] {manager.py:997} INFO - 
================================================================================
DAG File Processing Stats

File Path                                 PID    Runtime      # DAGs    # Errors  Last Runtime    Last Run               Last # of DB Queries
----------------------------------------  -----  ---------  --------  ----------  --------------  -------------------  ----------------------
/opt/airflow/dags/crypto_pipeline_dag.py                           1           0  0.10s           2026-06-16T11:18:09                      12
================================================================================
[2026-06-16T11:19:00.726+0000] {manager.py:997} INFO - 
================================================================================
DAG File Processing Stats

File Path                                 PID    Runtime      # DAGs    # Errors  Last Runtime    Last Run               Last # of DB Queries
----------------------------------------  -----  ---------  --------  ----------  --------------  -------------------  ----------------------
/opt/airflow/dags/crypto_pipeline_dag.py                           1           0  0.10s           2026-06-16T11:18:39                      12
================================================================================
[2026-06-16T11:19:30.961+0000] {manager.py:997} INFO - 
================================================================================
DAG File Processing Stats

File Path                                 PID    Runtime      # DAGs    # Errors  Last Runtime    Last Run               Last # of DB Queries
----------------------------------------  -----  ---------  --------  ----------  --------------  -------------------  ----------------------
/opt/airflow/dags/crypto_pipeline_dag.py                           1           0  0.10s           2026-06-16T11:19:09                      12
================================================================================
[2026-06-16T11:20:01.231+0000] {manager.py:997} INFO - 
================================================================================
DAG File Processing Stats

File Path                                 PID    Runtime      # DAGs    # Errors  Last Runtime    Last Run               Last # of DB Queries
----------------------------------------  -----  ---------  --------  ----------  --------------  -------------------  ----------------------
/opt/airflow/dags/crypto_pipeline_dag.py                           1           0  0.09s           2026-06-16T11:19:40                      12
================================================================================
[2026-06-16T11:20:31.481+0000] {manager.py:997} INFO - 
================================================================================
DAG File Processing Stats

File Path                                 PID    Runtime      # DAGs    # Errors  Last Runtime    Last Run               Last # of DB Queries
----------------------------------------  -----  ---------  --------  ----------  --------------  -------------------  ----------------------
/opt/airflow/dags/crypto_pipeline_dag.py                           1           0  0.10s           2026-06-16T11:20:10                      12
================================================================================
[2026-06-16T11:21:01.768+0000] {manager.py:997} INFO - 
================================================================================
DAG File Processing Stats

File Path                                 PID    Runtime      # DAGs    # Errors  Last Runtime    Last Run               Last # of DB Queries
----------------------------------------  -----  ---------  --------  ----------  --------------  -------------------  ----------------------
/opt/airflow/dags/crypto_pipeline_dag.py                           1           0  0.09s           2026-06-16T11:20:40                      12
================================================================================
[2026-06-16T11:21:26.027+0000] {manager.py:821} INFO - Searching for files in /opt/airflow/dags
[2026-06-16T11:21:26.045+0000] {manager.py:824} INFO - There are 1 files in /opt/airflow/dags
[2026-06-16T11:21:32.102+0000] {manager.py:997} INFO - 
================================================================================
DAG File Processing Stats

File Path                                 PID    Runtime      # DAGs    # Errors  Last Runtime    Last Run               Last # of DB Queries
----------------------------------------  -----  ---------  --------  ----------  --------------  -------------------  ----------------------
/opt/airflow/dags/crypto_pipeline_dag.py                           1           0  0.09s           2026-06-16T11:21:10                      12
================================================================================
[2026-06-16T11:22:02.378+0000] {manager.py:997} INFO - 
================================================================================
DAG File Processing Stats

File Path                                 PID    Runtime      # DAGs    # Errors  Last Runtime    Last Run               Last # of DB Queries
----------------------------------------  -----  ---------  --------  ----------  --------------  -------------------  ----------------------
/opt/airflow/dags/crypto_pipeline_dag.py                           1           0  0.10s           2026-06-16T11:21:41                      12
================================================================================
[2026-06-16T11:22:32.675+0000] {manager.py:997} INFO - 
================================================================================
DAG File Processing Stats

File Path                                 PID    Runtime      # DAGs    # Errors  Last Runtime    Last Run               Last # of DB Queries
----------------------------------------  -----  ---------  --------  ----------  --------------  -------------------  ----------------------
/opt/airflow/dags/crypto_pipeline_dag.py                           1           0  0.09s           2026-06-16T11:22:11                      12
================================================================================
[2026-06-16T11:23:02.952+0000] {manager.py:997} INFO - 
================================================================================
DAG File Processing Stats

File Path                                 PID    Runtime      # DAGs    # Errors  Last Runtime    Last Run               Last # of DB Queries
----------------------------------------  -----  ---------  --------  ----------  --------------  -------------------  ----------------------
/opt/airflow/dags/crypto_pipeline_dag.py                           1           0  0.10s           2026-06-16T11:22:41                      12
================================================================================
[2026-06-16T11:23:33.221+0000] {manager.py:997} INFO - 
================================================================================
DAG File Processing Stats

File Path                                 PID    Runtime      # DAGs    # Errors  Last Runtime    Last Run               Last # of DB Queries
----------------------------------------  -----  ---------  --------  ----------  --------------  -------------------  ----------------------
/opt/airflow/dags/crypto_pipeline_dag.py                           1           0  0.10s           2026-06-16T11:23:12                      12
================================================================================
[2026-06-16T11:24:03.456+0000] {manager.py:997} INFO - 
================================================================================
DAG File Processing Stats

File Path                                 PID    Runtime      # DAGs    # Errors  Last Runtime    Last Run               Last # of DB Queries
----------------------------------------  -----  ---------  --------  ----------  --------------  -------------------  ----------------------
/opt/airflow/dags/crypto_pipeline_dag.py                           1           0  0.08s           2026-06-16T11:23:42                      12
================================================================================
[2026-06-16T11:24:33.763+0000] {manager.py:997} INFO - 
================================================================================
DAG File Processing Stats

File Path                                 PID    Runtime      # DAGs    # Errors  Last Runtime    Last Run               Last # of DB Queries
----------------------------------------  -----  ---------  --------  ----------  --------------  -------------------  ----------------------
/opt/airflow/dags/crypto_pipeline_dag.py                           1           0  0.14s           2026-06-16T11:24:12                      12
================================================================================
[2026-06-16T11:25:04.108+0000] {manager.py:997} INFO - 
================================================================================
DAG File Processing Stats

File Path                                 PID    Runtime      # DAGs    # Errors  Last Runtime    Last Run               Last # of DB Queries
----------------------------------------  -----  ---------  --------  ----------  --------------  -------------------  ----------------------
/opt/airflow/dags/crypto_pipeline_dag.py                           1           0  0.09s           2026-06-16T11:24:42                      12
================================================================================
[2026-06-16T11:25:34.383+0000] {manager.py:997} INFO - 
================================================================================
DAG File Processing Stats

File Path                                 PID    Runtime      # DAGs    # Errors  Last Runtime    Last Run               Last # of DB Queries
----------------------------------------  -----  ---------  --------  ----------  --------------  -------------------  ----------------------
/opt/airflow/dags/crypto_pipeline_dag.py                           1           0  0.09s           2026-06-16T11:25:13                      12
================================================================================
[2026-06-16T11:26:04.664+0000] {manager.py:997} INFO - 
================================================================================
DAG File Processing Stats

File Path                                 PID    Runtime      # DAGs    # Errors  Last Runtime    Last Run               Last # of DB Queries
----------------------------------------  -----  ---------  --------  ----------  --------------  -------------------  ----------------------
/opt/airflow/dags/crypto_pipeline_dag.py                           1           0  0.09s           2026-06-16T11:25:43                      12
================================================================================
[2026-06-16T11:26:26.843+0000] {manager.py:821} INFO - Searching for files in /opt/airflow/dags
[2026-06-16T11:26:26.860+0000] {manager.py:824} INFO - There are 1 files in /opt/airflow/dags
[2026-06-16T11:26:34.942+0000] {manager.py:997} INFO - 
================================================================================
DAG File Processing Stats

File Path                                 PID    Runtime      # DAGs    # Errors  Last Runtime    Last Run               Last # of DB Queries
----------------------------------------  -----  ---------  --------  ----------  --------------  -------------------  ----------------------
/opt/airflow/dags/crypto_pipeline_dag.py                           1           0  0.09s           2026-06-16T11:26:13                      12
================================================================================
[2026-06-16T11:27:05.184+0000] {manager.py:997} INFO - 
================================================================================
DAG File Processing Stats

File Path                                 PID    Runtime      # DAGs    # Errors  Last Runtime    Last Run               Last # of DB Queries
----------------------------------------  -----  ---------  --------  ----------  --------------  -------------------  ----------------------
/opt/airflow/dags/crypto_pipeline_dag.py                           1           0  0.09s           2026-06-16T11:26:44                      12
================================================================================
[2026-06-16T11:27:35.443+0000] {manager.py:997} INFO - 
================================================================================
DAG File Processing Stats

File Path                                 PID    Runtime      # DAGs    # Errors  Last Runtime    Last Run               Last # of DB Queries
----------------------------------------  -----  ---------  --------  ----------  --------------  -------------------  ----------------------
/opt/airflow/dags/crypto_pipeline_dag.py                           1           0  0.12s           2026-06-16T11:27:14                      12
================================================================================
[2026-06-16T11:28:05.693+0000] {manager.py:997} INFO - 
================================================================================
DAG File Processing Stats

File Path                                 PID    Runtime      # DAGs    # Errors  Last Runtime    Last Run               Last # of DB Queries
----------------------------------------  -----  ---------  --------  ----------  --------------  -------------------  ----------------------
/opt/airflow/dags/crypto_pipeline_dag.py                           1           0  0.09s           2026-06-16T11:27:44                      12
================================================================================
[2026-06-16T11:28:35.975+0000] {manager.py:997} INFO - 
================================================================================
DAG File Processing Stats

File Path                                 PID    Runtime      # DAGs    # Errors  Last Runtime    Last Run               Last # of DB Queries
----------------------------------------  -----  ---------  --------  ----------  --------------  -------------------  ----------------------
/opt/airflow/dags/crypto_pipeline_dag.py                           1           0  0.11s           2026-06-16T11:28:14                      12
================================================================================
[2026-06-16T11:29:06.281+0000] {manager.py:997} INFO - 
================================================================================
DAG File Processing Stats

File Path                                 PID    Runtime      # DAGs    # Errors  Last Runtime    Last Run               Last # of DB Queries
----------------------------------------  -----  ---------  --------  ----------  --------------  -------------------  ----------------------
/opt/airflow/dags/crypto_pipeline_dag.py                           1           0  0.09s           2026-06-16T11:28:45                      12
================================================================================
[2026-06-16T11:29:36.533+0000] {manager.py:997} INFO - 
================================================================================
DAG File Processing Stats

File Path                                 PID    Runtime      # DAGs    # Errors  Last Runtime    Last Run               Last # of DB Queries
----------------------------------------  -----  ---------  --------  ----------  --------------  -------------------  ----------------------
/opt/airflow/dags/crypto_pipeline_dag.py                           1           0  0.09s           2026-06-16T11:29:15                      12
================================================================================
[2026-06-16T11:30:06.794+0000] {manager.py:997} INFO - 
================================================================================
DAG File Processing Stats

File Path                                 PID    Runtime      # DAGs    # Errors  Last Runtime    Last Run               Last # of DB Queries
----------------------------------------  -----  ---------  --------  ----------  --------------  -------------------  ----------------------
/opt/airflow/dags/crypto_pipeline_dag.py                           1           0  0.09s           2026-06-16T11:29:45                      12
================================================================================
[2026-06-16T11:30:37.031+0000] {manager.py:997} INFO - 
================================================================================
DAG File Processing Stats

File Path                                 PID    Runtime      # DAGs    # Errors  Last Runtime    Last Run               Last # of DB Queries
----------------------------------------  -----  ---------  --------  ----------  --------------  -------------------  ----------------------
/opt/airflow/dags/crypto_pipeline_dag.py                           1           0  0.09s           2026-06-16T11:30:15                      12
================================================================================
[2026-06-16T11:31:07.284+0000] {manager.py:997} INFO - 
================================================================================
DAG File Processing Stats

File Path                                 PID    Runtime      # DAGs    # Errors  Last Runtime    Last Run               Last # of DB Queries
----------------------------------------  -----  ---------  --------  ----------  --------------  -------------------  ----------------------
/opt/airflow/dags/crypto_pipeline_dag.py                           1           0  0.09s           2026-06-16T11:30:46                      12
================================================================================
[2026-06-16T11:31:27.543+0000] {manager.py:821} INFO - Searching for files in /opt/airflow/dags
[2026-06-16T11:31:27.560+0000] {manager.py:824} INFO - There are 1 files in /opt/airflow/dags
[2026-06-16T11:31:37.638+0000] {manager.py:997} INFO - 
================================================================================
DAG File Processing Stats

File Path                                 PID    Runtime      # DAGs    # Errors  Last Runtime    Last Run               Last # of DB Queries
----------------------------------------  -----  ---------  --------  ----------  --------------  -------------------  ----------------------
/opt/airflow/dags/crypto_pipeline_dag.py                           1           0  0.09s           2026-06-16T11:31:16                      12
================================================================================
[2026-06-16T11:32:07.840+0000] {manager.py:997} INFO - 
================================================================================
DAG File Processing Stats

File Path                                 PID    Runtime      # DAGs    # Errors  Last Runtime    Last Run               Last # of DB Queries
----------------------------------------  -----  ---------  --------  ----------  --------------  -------------------  ----------------------
/opt/airflow/dags/crypto_pipeline_dag.py                           1           0  0.12s           2026-06-16T11:31:46                      12
================================================================================
[2026-06-16T11:32:38.166+0000] {manager.py:997} INFO - 
================================================================================
DAG File Processing Stats

File Path                                 PID    Runtime      # DAGs    # Errors  Last Runtime    Last Run               Last # of DB Queries
----------------------------------------  -----  ---------  --------  ----------  --------------  -------------------  ----------------------
/opt/airflow/dags/crypto_pipeline_dag.py                           1           0  0.09s           2026-06-16T11:32:17                      12
================================================================================
[2026-06-16T11:33:08.435+0000] {manager.py:997} INFO - 
================================================================================
DAG File Processing Stats

File Path                                 PID    Runtime      # DAGs    # Errors  Last Runtime    Last Run               Last # of DB Queries
----------------------------------------  -----  ---------  --------  ----------  --------------  -------------------  ----------------------
/opt/airflow/dags/crypto_pipeline_dag.py                           1           0  0.09s           2026-06-16T11:32:47                      12
================================================================================
[2026-06-16T11:33:38.744+0000] {manager.py:997} INFO - 
================================================================================
DAG File Processing Stats

File Path                                 PID    Runtime      # DAGs    # Errors  Last Runtime    Last Run               Last # of DB Queries
----------------------------------------  -----  ---------  --------  ----------  --------------  -------------------  ----------------------
/opt/airflow/dags/crypto_pipeline_dag.py                           1           0  0.09s           2026-06-16T11:33:17                      12
================================================================================
[2026-06-16T11:34:08.968+0000] {manager.py:997} INFO - 
================================================================================
DAG File Processing Stats

File Path                                 PID    Runtime      # DAGs    # Errors  Last Runtime    Last Run               Last # of DB Queries
----------------------------------------  -----  ---------  --------  ----------  --------------  -------------------  ----------------------
/opt/airflow/dags/crypto_pipeline_dag.py                           1           0  0.10s           2026-06-16T11:33:47                      12
================================================================================
[2026-06-16T11:34:39.253+0000] {manager.py:997} INFO - 
================================================================================
DAG File Processing Stats

File Path                                 PID    Runtime      # DAGs    # Errors  Last Runtime    Last Run               Last # of DB Queries
----------------------------------------  -----  ---------  --------  ----------  --------------  -------------------  ----------------------
/opt/airflow/dags/crypto_pipeline_dag.py                           1           0  0.11s           2026-06-16T11:34:18                      12
================================================================================
[2026-06-16T11:35:09.508+0000] {manager.py:997} INFO - 
================================================================================
DAG File Processing Stats

File Path                                 PID    Runtime      # DAGs    # Errors  Last Runtime    Last Run               Last # of DB Queries
----------------------------------------  -----  ---------  --------  ----------  --------------  -------------------  ----------------------
/opt/airflow/dags/crypto_pipeline_dag.py                           1           0  0.12s           2026-06-16T11:34:48                      12
================================================================================
[2026-06-16T11:35:40.048+0000] {manager.py:997} INFO - 
================================================================================
DAG File Processing Stats

File Path                                 PID    Runtime      # DAGs    # Errors  Last Runtime    Last Run               Last # of DB Queries
----------------------------------------  -----  ---------  --------  ----------  --------------  -------------------  ----------------------
/opt/airflow/dags/crypto_pipeline_dag.py                           1           0  0.10s           2026-06-16T11:35:23                      11
================================================================================
[2026-06-16T11:36:05.782+0000] {manager.py:483} INFO - Processing files using up to 2 processes at a time 
[2026-06-16T11:36:05.783+0000] {manager.py:484} INFO - Process each file at most once every 30 seconds
[2026-06-16T11:36:05.784+0000] {manager.py:485} INFO - Checking for new files in /opt/airflow/dags every 300 seconds
[2026-06-16T11:36:05.784+0000] {manager.py:821} INFO - Searching for files in /opt/airflow/dags
[2026-06-16T11:36:05.806+0000] {manager.py:824} INFO - There are 1 files in /opt/airflow/dags
[2026-06-16T11:36:05.867+0000] {manager.py:997} INFO - 
================================================================================
DAG File Processing Stats

File Path                                   PID  Runtime      # DAGs    # Errors  Last Runtime    Last Run      Last # of DB Queries
----------------------------------------  -----  ---------  --------  ----------  --------------  ----------  ----------------------
/opt/airflow/dags/crypto_pipeline_dag.py    182  0.02s             0           0                                                   0
================================================================================
[2026-06-16T11:36:36.040+0000] {manager.py:997} INFO - 
================================================================================
DAG File Processing Stats

File Path                                   PID  Runtime      # DAGs    # Errors  Last Runtime    Last Run               Last # of DB Queries
----------------------------------------  -----  ---------  --------  ----------  --------------  -------------------  ----------------------
/opt/airflow/dags/crypto_pipeline_dag.py    211  0.00s             1           0  0.13s           2026-06-16T11:36:05                      11
================================================================================
[2026-06-16T11:37:06.382+0000] {manager.py:997} INFO - 
================================================================================
DAG File Processing Stats

File Path                                   PID  Runtime      # DAGs    # Errors  Last Runtime    Last Run               Last # of DB Queries
----------------------------------------  -----  ---------  --------  ----------  --------------  -------------------  ----------------------
/opt/airflow/dags/crypto_pipeline_dag.py    216  0.00s             1           0  0.13s           2026-06-16T11:36:36                      12
================================================================================
[2026-06-16T11:37:36.627+0000] {manager.py:997} INFO - 
================================================================================
DAG File Processing Stats

File Path                                   PID  Runtime      # DAGs    # Errors  Last Runtime    Last Run               Last # of DB Queries
----------------------------------------  -----  ---------  --------  ----------  --------------  -------------------  ----------------------
/opt/airflow/dags/crypto_pipeline_dag.py    221  0.00s             1           0  0.10s           2026-06-16T11:37:06                      12
================================================================================
[2026-06-16T11:38:06.938+0000] {manager.py:997} INFO - 
================================================================================
DAG File Processing Stats

File Path                                   PID  Runtime      # DAGs    # Errors  Last Runtime    Last Run               Last # of DB Queries
----------------------------------------  -----  ---------  --------  ----------  --------------  -------------------  ----------------------
/opt/airflow/dags/crypto_pipeline_dag.py    226  0.00s             1           0  0.09s           2026-06-16T11:37:36                      12
================================================================================
[2026-06-16T11:38:37.266+0000] {manager.py:997} INFO - 
================================================================================
DAG File Processing Stats

File Path                                   PID  Runtime      # DAGs    # Errors  Last Runtime    Last Run               Last # of DB Queries
----------------------------------------  -----  ---------  --------  ----------  --------------  -------------------  ----------------------
/opt/airflow/dags/crypto_pipeline_dag.py    231  0.01s             1           0  0.09s           2026-06-16T11:38:07                      12
================================================================================
[2026-06-16T11:39:07.505+0000] {manager.py:997} INFO - 
================================================================================
DAG File Processing Stats

File Path                                   PID  Runtime      # DAGs    # Errors  Last Runtime    Last Run               Last # of DB Queries
----------------------------------------  -----  ---------  --------  ----------  --------------  -------------------  ----------------------
/opt/airflow/dags/crypto_pipeline_dag.py    236  0.00s             1           0  0.12s           2026-06-16T11:38:37                      12
================================================================================
[2026-06-16T11:39:37.790+0000] {manager.py:997} INFO - 
================================================================================
DAG File Processing Stats

File Path                                   PID  Runtime      # DAGs    # Errors  Last Runtime    Last Run               Last # of DB Queries
----------------------------------------  -----  ---------  --------  ----------  --------------  -------------------  ----------------------
/opt/airflow/dags/crypto_pipeline_dag.py    267  0.00s             1           0  0.09s           2026-06-16T11:39:07                      12
================================================================================
[2026-06-16T11:40:08.060+0000] {manager.py:997} INFO - 
================================================================================
DAG File Processing Stats

File Path                                   PID  Runtime      # DAGs    # Errors  Last Runtime    Last Run               Last # of DB Queries
----------------------------------------  -----  ---------  --------  ----------  --------------  -------------------  ----------------------
/opt/airflow/dags/crypto_pipeline_dag.py    274  0.00s             1           0  0.09s           2026-06-16T11:39:37                      12
================================================================================
[2026-06-16T11:40:38.321+0000] {manager.py:997} INFO - 
================================================================================
DAG File Processing Stats

File Path                                   PID  Runtime      # DAGs    # Errors  Last Runtime    Last Run               Last # of DB Queries
----------------------------------------  -----  ---------  --------  ----------  --------------  -------------------  ----------------------
/opt/airflow/dags/crypto_pipeline_dag.py    279  0.00s             1           0  0.10s           2026-06-16T11:40:08                      12
================================================================================
[2026-06-16T11:41:06.568+0000] {manager.py:821} INFO - Searching for files in /opt/airflow/dags
[2026-06-16T11:41:06.582+0000] {manager.py:824} INFO - There are 1 files in /opt/airflow/dags
[2026-06-16T11:41:08.619+0000] {manager.py:997} INFO - 
================================================================================
DAG File Processing Stats

File Path                                   PID  Runtime      # DAGs    # Errors  Last Runtime    Last Run               Last # of DB Queries
----------------------------------------  -----  ---------  --------  ----------  --------------  -------------------  ----------------------
/opt/airflow/dags/crypto_pipeline_dag.py    284  0.00s             1           0  0.10s           2026-06-16T11:40:38                      12
================================================================================
[2026-06-16T11:41:38.889+0000] {manager.py:997} INFO - 
================================================================================
DAG File Processing Stats

File Path                                   PID  Runtime      # DAGs    # Errors  Last Runtime    Last Run               Last # of DB Queries
----------------------------------------  -----  ---------  --------  ----------  --------------  -------------------  ----------------------
/opt/airflow/dags/crypto_pipeline_dag.py    289  0.00s             1           0  0.09s           2026-06-16T11:41:08                      12
================================================================================
[2026-06-16T11:42:09.094+0000] {manager.py:997} INFO - 
================================================================================
DAG File Processing Stats

File Path                                   PID  Runtime      # DAGs    # Errors  Last Runtime    Last Run               Last # of DB Queries
----------------------------------------  -----  ---------  --------  ----------  --------------  -------------------  ----------------------
/opt/airflow/dags/crypto_pipeline_dag.py    294  0.00s             1           0  0.09s           2026-06-16T11:41:38                      12
================================================================================
[2026-06-16T11:42:39.374+0000] {manager.py:997} INFO - 
================================================================================
DAG File Processing Stats

File Path                                   PID  Runtime      # DAGs    # Errors  Last Runtime    Last Run               Last # of DB Queries
----------------------------------------  -----  ---------  --------  ----------  --------------  -------------------  ----------------------
/opt/airflow/dags/crypto_pipeline_dag.py    299  0.00s             1           0  0.11s           2026-06-16T11:42:09                      12
================================================================================
[2026-06-16T11:43:09.554+0000] {manager.py:997} INFO - 
================================================================================
DAG File Processing Stats

File Path                                   PID  Runtime      # DAGs    # Errors  Last Runtime    Last Run               Last # of DB Queries
----------------------------------------  -----  ---------  --------  ----------  --------------  -------------------  ----------------------
/opt/airflow/dags/crypto_pipeline_dag.py    304  0.00s             1           0  0.11s           2026-06-16T11:42:39                      12
================================================================================
[2026-06-16T11:43:39.852+0000] {manager.py:997} INFO - 
================================================================================
DAG File Processing Stats

File Path                                   PID  Runtime      # DAGs    # Errors  Last Runtime    Last Run               Last # of DB Queries
----------------------------------------  -----  ---------  --------  ----------  --------------  -------------------  ----------------------
/opt/airflow/dags/crypto_pipeline_dag.py    309  0.00s             1           0  0.13s           2026-06-16T11:43:09                      12
================================================================================
[2026-06-16T11:44:10.082+0000] {manager.py:997} INFO - 
================================================================================
DAG File Processing Stats

File Path                                   PID  Runtime      # DAGs    # Errors  Last Runtime    Last Run               Last # of DB Queries
----------------------------------------  -----  ---------  --------  ----------  --------------  -------------------  ----------------------
/opt/airflow/dags/crypto_pipeline_dag.py    314  0.00s             1           0  0.09s           2026-06-16T11:43:39                      12
================================================================================
[2026-06-16T11:44:40.288+0000] {manager.py:997} INFO - 
================================================================================
DAG File Processing Stats

File Path                                   PID  Runtime      # DAGs    # Errors  Last Runtime    Last Run               Last # of DB Queries
----------------------------------------  -----  ---------  --------  ----------  --------------  -------------------  ----------------------
/opt/airflow/dags/crypto_pipeline_dag.py    319  0.00s             1           0  0.11s           2026-06-16T11:44:10                      12
================================================================================
[2026-06-16T11:45:10.601+0000] {manager.py:997} INFO - 
================================================================================
DAG File Processing Stats

File Path                                   PID  Runtime      # DAGs    # Errors  Last Runtime    Last Run               Last # of DB Queries
----------------------------------------  -----  ---------  --------  ----------  --------------  -------------------  ----------------------
/opt/airflow/dags/crypto_pipeline_dag.py    324  0.00s             1           0  0.12s           2026-06-16T11:44:40                      12
================================================================================
[2026-06-16T11:45:40.871+0000] {manager.py:997} INFO - 
================================================================================
DAG File Processing Stats

File Path                                   PID  Runtime      # DAGs    # Errors  Last Runtime    Last Run               Last # of DB Queries
----------------------------------------  -----  ---------  --------  ----------  --------------  -------------------  ----------------------
/opt/airflow/dags/crypto_pipeline_dag.py    329  0.00s             1           0  0.11s           2026-06-16T11:45:10                      12
================================================================================
[2026-06-16T11:46:07.055+0000] {manager.py:821} INFO - Searching for files in /opt/airflow/dags
[2026-06-16T11:46:07.074+0000] {manager.py:824} INFO - There are 1 files in /opt/airflow/dags
[2026-06-16T11:46:11.121+0000] {manager.py:997} INFO - 
================================================================================
DAG File Processing Stats

File Path                                   PID  Runtime      # DAGs    # Errors  Last Runtime    Last Run               Last # of DB Queries
----------------------------------------  -----  ---------  --------  ----------  --------------  -------------------  ----------------------
/opt/airflow/dags/crypto_pipeline_dag.py    334  0.00s             1           0  0.12s           2026-06-16T11:45:40                      12
================================================================================
[2026-06-16T11:46:41.401+0000] {manager.py:997} INFO - 
================================================================================
DAG File Processing Stats

File Path                                   PID  Runtime      # DAGs    # Errors  Last Runtime    Last Run               Last # of DB Queries
----------------------------------------  -----  ---------  --------  ----------  --------------  -------------------  ----------------------
/opt/airflow/dags/crypto_pipeline_dag.py    339  0.00s             1           0  0.09s           2026-06-16T11:46:11                      12
================================================================================
[2026-06-16T11:47:11.633+0000] {manager.py:997} INFO - 
================================================================================
DAG File Processing Stats

File Path                                   PID  Runtime      # DAGs    # Errors  Last Runtime    Last Run               Last # of DB Queries
----------------------------------------  -----  ---------  --------  ----------  --------------  -------------------  ----------------------
/opt/airflow/dags/crypto_pipeline_dag.py    344  0.00s             1           0  0.11s           2026-06-16T11:46:41                      12
================================================================================
[2026-06-16T11:47:41.911+0000] {manager.py:997} INFO - 
================================================================================
DAG File Processing Stats

File Path                                   PID  Runtime      # DAGs    # Errors  Last Runtime    Last Run               Last # of DB Queries
----------------------------------------  -----  ---------  --------  ----------  --------------  -------------------  ----------------------
/opt/airflow/dags/crypto_pipeline_dag.py    349  0.00s             1           0  0.13s           2026-06-16T11:47:11                      12
================================================================================
[2026-06-16T11:48:12.141+0000] {manager.py:997} INFO - 
================================================================================
DAG File Processing Stats

File Path                                   PID  Runtime      # DAGs    # Errors  Last Runtime    Last Run               Last # of DB Queries
----------------------------------------  -----  ---------  --------  ----------  --------------  -------------------  ----------------------
/opt/airflow/dags/crypto_pipeline_dag.py    354  0.00s             1           0  0.10s           2026-06-16T11:47:42                      12
================================================================================
[2026-06-16T11:48:42.435+0000] {manager.py:997} INFO - 
================================================================================
DAG File Processing Stats

File Path                                   PID  Runtime      # DAGs    # Errors  Last Runtime    Last Run               Last # of DB Queries
----------------------------------------  -----  ---------  --------  ----------  --------------  -------------------  ----------------------
/opt/airflow/dags/crypto_pipeline_dag.py    359  0.00s             1           0  0.10s           2026-06-16T11:48:12                      12
================================================================================
[2026-06-16T11:49:12.696+0000] {manager.py:997} INFO - 
================================================================================
DAG File Processing Stats

File Path                                   PID  Runtime      # DAGs    # Errors  Last Runtime    Last Run               Last # of DB Queries
----------------------------------------  -----  ---------  --------  ----------  --------------  -------------------  ----------------------
/opt/airflow/dags/crypto_pipeline_dag.py    364  0.00s             1           0  0.10s           2026-06-16T11:48:42                      12
================================================================================
[2026-06-16T11:49:42.957+0000] {manager.py:997} INFO - 
================================================================================
DAG File Processing Stats

File Path                                   PID  Runtime      # DAGs    # Errors  Last Runtime    Last Run               Last # of DB Queries
----------------------------------------  -----  ---------  --------  ----------  --------------  -------------------  ----------------------
/opt/airflow/dags/crypto_pipeline_dag.py    376  0.00s             1           0  0.10s           2026-06-16T11:49:12                      12
================================================================================
[2026-06-16T11:50:13.228+0000] {manager.py:997} INFO - 
================================================================================
DAG File Processing Stats

File Path                                   PID  Runtime      # DAGs    # Errors  Last Runtime    Last Run               Last # of DB Queries
----------------------------------------  -----  ---------  --------  ----------  --------------  -------------------  ----------------------
/opt/airflow/dags/crypto_pipeline_dag.py    399  0.00s             1           0  0.09s           2026-06-16T11:49:43                      12
================================================================================
[2026-06-16T11:50:43.536+0000] {manager.py:997} INFO - 
================================================================================
DAG File Processing Stats

File Path                                   PID  Runtime      # DAGs    # Errors  Last Runtime    Last Run               Last # of DB Queries
----------------------------------------  -----  ---------  --------  ----------  --------------  -------------------  ----------------------
/opt/airflow/dags/crypto_pipeline_dag.py    404  0.00s             1           0  0.10s           2026-06-16T11:50:13                      12
================================================================================
[2026-06-16T11:51:07.723+0000] {manager.py:821} INFO - Searching for files in /opt/airflow/dags
[2026-06-16T11:51:07.733+0000] {manager.py:824} INFO - There are 1 files in /opt/airflow/dags
[2026-06-16T11:51:13.807+0000] {manager.py:997} INFO - 
================================================================================
DAG File Processing Stats

File Path                                   PID  Runtime      # DAGs    # Errors  Last Runtime    Last Run               Last # of DB Queries
----------------------------------------  -----  ---------  --------  ----------  --------------  -------------------  ----------------------
/opt/airflow/dags/crypto_pipeline_dag.py    409  0.00s             1           0  0.09s           2026-06-16T11:50:43                      12
================================================================================
[2026-06-16T11:51:44.058+0000] {manager.py:997} INFO - 
================================================================================
DAG File Processing Stats

File Path                                   PID  Runtime      # DAGs    # Errors  Last Runtime    Last Run               Last # of DB Queries
----------------------------------------  -----  ---------  --------  ----------  --------------  -------------------  ----------------------
/opt/airflow/dags/crypto_pipeline_dag.py    414  0.00s             1           0  0.09s           2026-06-16T11:51:13                      12
================================================================================
[2026-06-16T11:52:14.275+0000] {manager.py:997} INFO - 
================================================================================
DAG File Processing Stats

File Path                                   PID  Runtime      # DAGs    # Errors  Last Runtime    Last Run               Last # of DB Queries
----------------------------------------  -----  ---------  --------  ----------  --------------  -------------------  ----------------------
/opt/airflow/dags/crypto_pipeline_dag.py    419  0.00s             1           0  0.12s           2026-06-16T11:51:44                      12
================================================================================
[2026-06-16T11:52:44.625+0000] {manager.py:997} INFO - 
================================================================================
DAG File Processing Stats

File Path                                   PID  Runtime      # DAGs    # Errors  Last Runtime    Last Run               Last # of DB Queries
----------------------------------------  -----  ---------  --------  ----------  --------------  -------------------  ----------------------
/opt/airflow/dags/crypto_pipeline_dag.py    424  0.00s             1           0  0.09s           2026-06-16T11:52:14                      12
================================================================================
[2026-06-16T11:53:14.845+0000] {manager.py:997} INFO - 
================================================================================
DAG File Processing Stats

File Path                                   PID  Runtime      # DAGs    # Errors  Last Runtime    Last Run               Last # of DB Queries
----------------------------------------  -----  ---------  --------  ----------  --------------  -------------------  ----------------------
/opt/airflow/dags/crypto_pipeline_dag.py    429  0.00s             1           0  0.10s           2026-06-16T11:52:44                      12
================================================================================
[2026-06-16T11:53:45.120+0000] {manager.py:997} INFO - 
================================================================================
DAG File Processing Stats

File Path                                   PID  Runtime      # DAGs    # Errors  Last Runtime    Last Run               Last # of DB Queries
----------------------------------------  -----  ---------  --------  ----------  --------------  -------------------  ----------------------
/opt/airflow/dags/crypto_pipeline_dag.py    434  0.00s             1           0  0.11s           2026-06-16T11:53:14                      12
================================================================================
[2026-06-16T11:54:15.372+0000] {manager.py:997} INFO - 
================================================================================
DAG File Processing Stats

File Path                                   PID  Runtime      # DAGs    # Errors  Last Runtime    Last Run               Last # of DB Queries
----------------------------------------  -----  ---------  --------  ----------  --------------  -------------------  ----------------------
/opt/airflow/dags/crypto_pipeline_dag.py    439  0.00s             1           0  0.09s           2026-06-16T11:53:45                      12
================================================================================
[2026-06-16T11:54:45.634+0000] {manager.py:997} INFO - 
================================================================================
DAG File Processing Stats

File Path                                   PID  Runtime      # DAGs    # Errors  Last Runtime    Last Run               Last # of DB Queries
----------------------------------------  -----  ---------  --------  ----------  --------------  -------------------  ----------------------
/opt/airflow/dags/crypto_pipeline_dag.py    444  0.00s             1           0  0.11s           2026-06-16T11:54:15                      12
================================================================================
[2026-06-16T11:55:15.960+0000] {manager.py:997} INFO - 
================================================================================
DAG File Processing Stats

File Path                                   PID  Runtime      # DAGs    # Errors  Last Runtime    Last Run               Last # of DB Queries
----------------------------------------  -----  ---------  --------  ----------  --------------  -------------------  ----------------------
/opt/airflow/dags/crypto_pipeline_dag.py    449  0.00s             1           0  0.09s           2026-06-16T11:54:45                      12
================================================================================
[2026-06-16T11:55:46.197+0000] {manager.py:997} INFO - 
================================================================================
DAG File Processing Stats

File Path                                   PID  Runtime      # DAGs    # Errors  Last Runtime    Last Run               Last # of DB Queries
----------------------------------------  -----  ---------  --------  ----------  --------------  -------------------  ----------------------
/opt/airflow/dags/crypto_pipeline_dag.py    454  0.00s             1           0  0.09s           2026-06-16T11:55:16                      12
================================================================================
[2026-06-16T11:56:08.461+0000] {manager.py:821} INFO - Searching for files in /opt/airflow/dags
[2026-06-16T11:56:08.477+0000] {manager.py:824} INFO - There are 1 files in /opt/airflow/dags
[2026-06-16T11:56:16.562+0000] {manager.py:997} INFO - 
================================================================================
DAG File Processing Stats

File Path                                   PID  Runtime      # DAGs    # Errors  Last Runtime    Last Run               Last # of DB Queries
----------------------------------------  -----  ---------  --------  ----------  --------------  -------------------  ----------------------
/opt/airflow/dags/crypto_pipeline_dag.py    459  0.00s             1           0  0.09s           2026-06-16T11:55:46                      12
================================================================================
[2026-06-16T11:56:46.830+0000] {manager.py:997} INFO - 
================================================================================
DAG File Processing Stats

File Path                                   PID  Runtime      # DAGs    # Errors  Last Runtime    Last Run               Last # of DB Queries
----------------------------------------  -----  ---------  --------  ----------  --------------  -------------------  ----------------------
/opt/airflow/dags/crypto_pipeline_dag.py    464  0.00s             1           0  0.09s           2026-06-16T11:56:16                      12
================================================================================
[2026-06-16T11:57:17.120+0000] {manager.py:997} INFO - 
================================================================================
DAG File Processing Stats

File Path                                   PID  Runtime      # DAGs    # Errors  Last Runtime    Last Run               Last # of DB Queries
----------------------------------------  -----  ---------  --------  ----------  --------------  -------------------  ----------------------
/opt/airflow/dags/crypto_pipeline_dag.py    469  0.00s             1           0  0.09s           2026-06-16T11:56:46                      12
================================================================================
[2026-06-16T11:57:47.386+0000] {manager.py:997} INFO - 
================================================================================
DAG File Processing Stats

File Path                                   PID  Runtime      # DAGs    # Errors  Last Runtime    Last Run               Last # of DB Queries
----------------------------------------  -----  ---------  --------  ----------  --------------  -------------------  ----------------------
/opt/airflow/dags/crypto_pipeline_dag.py    474  0.00s             1           0  0.13s           2026-06-16T11:57:17                      12
================================================================================
[2026-06-16T11:58:17.673+0000] {manager.py:997} INFO - 
================================================================================
DAG File Processing Stats

File Path                                   PID  Runtime      # DAGs    # Errors  Last Runtime    Last Run               Last # of DB Queries
----------------------------------------  -----  ---------  --------  ----------  --------------  -------------------  ----------------------
/opt/airflow/dags/crypto_pipeline_dag.py    479  0.00s             1           0  0.09s           2026-06-16T11:57:47                      12
================================================================================
[2026-06-16T11:58:47.927+0000] {manager.py:997} INFO - 
================================================================================
DAG File Processing Stats

File Path                                   PID  Runtime      # DAGs    # Errors  Last Runtime    Last Run               Last # of DB Queries
----------------------------------------  -----  ---------  --------  ----------  --------------  -------------------  ----------------------
/opt/airflow/dags/crypto_pipeline_dag.py    484  0.00s             1           0  0.13s           2026-06-16T11:58:17                      12
================================================================================
[2026-06-16T11:59:18.323+0000] {manager.py:997} INFO - 
================================================================================
DAG File Processing Stats

File Path                                   PID  Runtime      # DAGs    # Errors  Last Runtime    Last Run               Last # of DB Queries
----------------------------------------  -----  ---------  --------  ----------  --------------  -------------------  ----------------------
/opt/airflow/dags/crypto_pipeline_dag.py    489  0.00s             1           0  0.09s           2026-06-16T11:58:48                      12
================================================================================
[2026-06-16T11:59:48.563+0000] {manager.py:997} INFO - 
================================================================================
DAG File Processing Stats

File Path                                   PID  Runtime      # DAGs    # Errors  Last Runtime    Last Run               Last # of DB Queries
----------------------------------------  -----  ---------  --------  ----------  --------------  -------------------  ----------------------
/opt/airflow/dags/crypto_pipeline_dag.py    494  0.00s             1           0  0.08s           2026-06-16T11:59:18                      12
================================================================================
[2026-06-16T12:00:18.932+0000] {manager.py:997} INFO - 
================================================================================
DAG File Processing Stats

File Path                                   PID  Runtime      # DAGs    # Errors  Last Runtime    Last Run               Last # of DB Queries
----------------------------------------  -----  ---------  --------  ----------  --------------  -------------------  ----------------------
/opt/airflow/dags/crypto_pipeline_dag.py    499  0.00s             1           0  0.09s           2026-06-16T11:59:48                      12
================================================================================
[2026-06-16T12:00:49.242+0000] {manager.py:997} INFO - 
================================================================================
DAG File Processing Stats

File Path                                   PID  Runtime      # DAGs    # Errors  Last Runtime    Last Run               Last # of DB Queries
----------------------------------------  -----  ---------  --------  ----------  --------------  -------------------  ----------------------
/opt/airflow/dags/crypto_pipeline_dag.py    504  0.00s             1           0  0.09s           2026-06-16T12:00:19                      12
================================================================================
[2026-06-16T12:01:09.373+0000] {manager.py:821} INFO - Searching for files in /opt/airflow/dags
[2026-06-16T12:01:09.395+0000] {manager.py:824} INFO - There are 1 files in /opt/airflow/dags
[2026-06-16T12:01:19.502+0000] {manager.py:997} INFO - 
================================================================================
DAG File Processing Stats

File Path                                 PID    Runtime      # DAGs    # Errors  Last Runtime    Last Run               Last # of DB Queries
----------------------------------------  -----  ---------  --------  ----------  --------------  -------------------  ----------------------
/opt/airflow/dags/crypto_pipeline_dag.py                           0           1  0.06s           2026-06-16T12:00:58                       3
================================================================================
[2026-06-16T12:01:21.554+0000] {manager.py:465} INFO - Exiting gracefully upon receiving signal 15
[2026-06-16T12:01:27.923+0000] {manager.py:483} INFO - Processing files using up to 2 processes at a time 
[2026-06-16T12:01:27.924+0000] {manager.py:484} INFO - Process each file at most once every 30 seconds
[2026-06-16T12:01:27.924+0000] {manager.py:485} INFO - Checking for new files in /opt/airflow/dags every 300 seconds
[2026-06-16T12:01:27.924+0000] {manager.py:821} INFO - Searching for files in /opt/airflow/dags
[2026-06-16T12:01:27.935+0000] {manager.py:824} INFO - There are 1 files in /opt/airflow/dags
[2026-06-16T12:01:27.983+0000] {manager.py:997} INFO - 
================================================================================
DAG File Processing Stats

File Path                                   PID  Runtime      # DAGs    # Errors  Last Runtime    Last Run      Last # of DB Queries
----------------------------------------  -----  ---------  --------  ----------  --------------  ----------  ----------------------
/opt/airflow/dags/crypto_pipeline_dag.py    175  0.02s             0           0                                                   0
================================================================================
[2026-06-16T12:01:58.178+0000] {manager.py:997} INFO - 
================================================================================
DAG File Processing Stats

File Path                                   PID  Runtime      # DAGs    # Errors  Last Runtime    Last Run               Last # of DB Queries
----------------------------------------  -----  ---------  --------  ----------  --------------  -------------------  ----------------------
/opt/airflow/dags/crypto_pipeline_dag.py    180  0.00s             0           1  0.05s           2026-06-16T12:01:28                       5
================================================================================
[2026-06-16T12:02:28.518+0000] {manager.py:997} INFO - 
================================================================================
DAG File Processing Stats

File Path                                   PID  Runtime      # DAGs    # Errors  Last Runtime    Last Run               Last # of DB Queries
----------------------------------------  -----  ---------  --------  ----------  --------------  -------------------  ----------------------
/opt/airflow/dags/crypto_pipeline_dag.py    192  0.00s             0           1  0.05s           2026-06-16T12:01:58                       5
================================================================================
[2026-06-16T12:02:58.814+0000] {manager.py:997} INFO - 
================================================================================
DAG File Processing Stats

File Path                                   PID  Runtime      # DAGs    # Errors  Last Runtime    Last Run               Last # of DB Queries
----------------------------------------  -----  ---------  --------  ----------  --------------  -------------------  ----------------------
/opt/airflow/dags/crypto_pipeline_dag.py    199  0.00s             0           1  0.05s           2026-06-16T12:02:28                       5
================================================================================
[2026-06-16T12:03:29.123+0000] {manager.py:997} INFO - 
================================================================================
DAG File Processing Stats

File Path                                   PID  Runtime      # DAGs    # Errors  Last Runtime    Last Run               Last # of DB Queries
----------------------------------------  -----  ---------  --------  ----------  --------------  -------------------  ----------------------
/opt/airflow/dags/crypto_pipeline_dag.py    204  0.00s             0           1  0.05s           2026-06-16T12:02:58                       5
================================================================================
[2026-06-16T12:03:59.606+0000] {manager.py:997} INFO - 
================================================================================
DAG File Processing Stats

File Path                                   PID  Runtime      # DAGs    # Errors  Last Runtime    Last Run               Last # of DB Queries
----------------------------------------  -----  ---------  --------  ----------  --------------  -------------------  ----------------------
/opt/airflow/dags/crypto_pipeline_dag.py    209  0.00s             0           1  0.08s           2026-06-16T12:03:29                       5
================================================================================
[2026-06-16T12:04:29.847+0000] {manager.py:997} INFO - 
================================================================================
DAG File Processing Stats

File Path                                   PID  Runtime      # DAGs    # Errors  Last Runtime    Last Run               Last # of DB Queries
----------------------------------------  -----  ---------  --------  ----------  --------------  -------------------  ----------------------
/opt/airflow/dags/crypto_pipeline_dag.py    214  0.00s             0           1  0.06s           2026-06-16T12:03:59                       5
================================================================================
[2026-06-16T12:05:00.136+0000] {manager.py:997} INFO - 
================================================================================
DAG File Processing Stats

File Path                                   PID  Runtime      # DAGs    # Errors  Last Runtime    Last Run               Last # of DB Queries
----------------------------------------  -----  ---------  --------  ----------  --------------  -------------------  ----------------------
/opt/airflow/dags/crypto_pipeline_dag.py    219  0.00s             0           1  0.05s           2026-06-16T12:04:29                       5
================================================================================
[2026-06-16T12:05:30.401+0000] {manager.py:997} INFO - 
================================================================================
DAG File Processing Stats

File Path                                   PID  Runtime      # DAGs    # Errors  Last Runtime    Last Run               Last # of DB Queries
----------------------------------------  -----  ---------  --------  ----------  --------------  -------------------  ----------------------
/opt/airflow/dags/crypto_pipeline_dag.py    224  0.00s             0           1  0.05s           2026-06-16T12:05:00                       5
================================================================================
[2026-06-16T12:06:00.631+0000] {manager.py:997} INFO - 
================================================================================
DAG File Processing Stats

File Path                                   PID  Runtime      # DAGs    # Errors  Last Runtime    Last Run               Last # of DB Queries
----------------------------------------  -----  ---------  --------  ----------  --------------  -------------------  ----------------------
/opt/airflow/dags/crypto_pipeline_dag.py    229  0.00s             0           1  0.05s           2026-06-16T12:05:30                       5
================================================================================
[2026-06-16T12:06:28.852+0000] {manager.py:821} INFO - Searching for files in /opt/airflow/dags
[2026-06-16T12:06:28.873+0000] {manager.py:824} INFO - There are 1 files in /opt/airflow/dags
[2026-06-16T12:06:30.912+0000] {manager.py:997} INFO - 
================================================================================
DAG File Processing Stats

File Path                                   PID  Runtime      # DAGs    # Errors  Last Runtime    Last Run               Last # of DB Queries
----------------------------------------  -----  ---------  --------  ----------  --------------  -------------------  ----------------------
/opt/airflow/dags/crypto_pipeline_dag.py    234  0.00s             0           1  0.05s           2026-06-16T12:06:00                       5
================================================================================
[2026-06-16T12:07:01.144+0000] {manager.py:997} INFO - 
================================================================================
DAG File Processing Stats

File Path                                   PID  Runtime      # DAGs    # Errors  Last Runtime    Last Run               Last # of DB Queries
----------------------------------------  -----  ---------  --------  ----------  --------------  -------------------  ----------------------
/opt/airflow/dags/crypto_pipeline_dag.py    239  0.00s             0           1  0.05s           2026-06-16T12:06:30                       5
================================================================================
[2026-06-16T12:07:31.385+0000] {manager.py:997} INFO - 
================================================================================
DAG File Processing Stats

File Path                                   PID  Runtime      # DAGs    # Errors  Last Runtime    Last Run               Last # of DB Queries
----------------------------------------  -----  ---------  --------  ----------  --------------  -------------------  ----------------------
/opt/airflow/dags/crypto_pipeline_dag.py    244  0.00s             0           1  0.06s           2026-06-16T12:07:01                       5
================================================================================
[2026-06-16T12:08:01.656+0000] {manager.py:997} INFO - 
================================================================================
DAG File Processing Stats

File Path                                   PID  Runtime      # DAGs    # Errors  Last Runtime    Last Run               Last # of DB Queries
----------------------------------------  -----  ---------  --------  ----------  --------------  -------------------  ----------------------
/opt/airflow/dags/crypto_pipeline_dag.py    249  0.00s             0           1  0.05s           2026-06-16T12:07:31                       5
================================================================================
[2026-06-16T12:49:15.920+0000] {manager.py:821} INFO - Searching for files in /opt/airflow/dags
[2026-06-16T12:49:16.345+0000] {manager.py:824} INFO - There are 1 files in /opt/airflow/dags
[2026-06-16T12:49:28.514+0000] {manager.py:997} INFO - 
================================================================================
DAG File Processing Stats

File Path                                 PID    Runtime      # DAGs    # Errors  Last Runtime    Last Run               Last # of DB Queries
----------------------------------------  -----  ---------  --------  ----------  --------------  -------------------  ----------------------
/opt/airflow/dags/crypto_pipeline_dag.py                           0           1  0.16s           2026-06-16T12:49:16                       5
================================================================================
[2026-06-16T12:49:58.928+0000] {manager.py:997} INFO - 
================================================================================
DAG File Processing Stats

File Path                                 PID    Runtime      # DAGs    # Errors  Last Runtime    Last Run               Last # of DB Queries
----------------------------------------  -----  ---------  --------  ----------  --------------  -------------------  ----------------------
/opt/airflow/dags/crypto_pipeline_dag.py                           0           1  0.07s           2026-06-16T12:49:46                       5
================================================================================
[2026-06-16T12:50:29.113+0000] {manager.py:997} INFO - 
================================================================================
DAG File Processing Stats

File Path                                 PID    Runtime      # DAGs    # Errors  Last Runtime    Last Run               Last # of DB Queries
----------------------------------------  -----  ---------  --------  ----------  --------------  -------------------  ----------------------
/opt/airflow/dags/crypto_pipeline_dag.py                           0           1  0.05s           2026-06-16T12:50:17                       5
================================================================================
[2026-06-16T12:50:59.356+0000] {manager.py:997} INFO - 
================================================================================
DAG File Processing Stats

File Path                                 PID    Runtime      # DAGs    # Errors  Last Runtime    Last Run               Last # of DB Queries
----------------------------------------  -----  ---------  --------  ----------  --------------  -------------------  ----------------------
/opt/airflow/dags/crypto_pipeline_dag.py                           0           1  0.06s           2026-06-16T12:50:47                       5
================================================================================
[2026-06-16T12:51:29.619+0000] {manager.py:997} INFO - 
================================================================================
DAG File Processing Stats

File Path                                 PID    Runtime      # DAGs    # Errors  Last Runtime    Last Run               Last # of DB Queries
----------------------------------------  -----  ---------  --------  ----------  --------------  -------------------  ----------------------
/opt/airflow/dags/crypto_pipeline_dag.py                           0           1  0.05s           2026-06-16T12:51:17                       5
================================================================================
[2026-06-16T12:51:59.845+0000] {manager.py:997} INFO - 
================================================================================
DAG File Processing Stats

File Path                                 PID    Runtime      # DAGs    # Errors  Last Runtime    Last Run               Last # of DB Queries
----------------------------------------  -----  ---------  --------  ----------  --------------  -------------------  ----------------------
/opt/airflow/dags/crypto_pipeline_dag.py                           0           1  0.05s           2026-06-16T12:51:47                       5
================================================================================
[2026-06-16T12:52:30.169+0000] {manager.py:997} INFO - 
================================================================================
DAG File Processing Stats

File Path                                 PID    Runtime      # DAGs    # Errors  Last Runtime    Last Run               Last # of DB Queries
----------------------------------------  -----  ---------  --------  ----------  --------------  -------------------  ----------------------
/opt/airflow/dags/crypto_pipeline_dag.py                           0           1  0.06s           2026-06-16T12:52:18                       5
================================================================================
[2026-06-16T12:53:00.501+0000] {manager.py:997} INFO - 
================================================================================
DAG File Processing Stats

File Path                                 PID    Runtime      # DAGs    # Errors  Last Runtime    Last Run               Last # of DB Queries
----------------------------------------  -----  ---------  --------  ----------  --------------  -------------------  ----------------------
/opt/airflow/dags/crypto_pipeline_dag.py                           0           1  0.05s           2026-06-16T12:52:48                       5
================================================================================
[2026-06-16T12:53:30.836+0000] {manager.py:997} INFO - 
================================================================================
DAG File Processing Stats

File Path                                 PID    Runtime      # DAGs    # Errors  Last Runtime    Last Run               Last # of DB Queries
----------------------------------------  -----  ---------  --------  ----------  --------------  -------------------  ----------------------
/opt/airflow/dags/crypto_pipeline_dag.py                           0           1  0.05s           2026-06-16T12:53:18                       5
================================================================================
[2026-06-16T12:54:01.137+0000] {manager.py:997} INFO - 
================================================================================
DAG File Processing Stats

File Path                                 PID    Runtime      # DAGs    # Errors  Last Runtime    Last Run               Last # of DB Queries
----------------------------------------  -----  ---------  --------  ----------  --------------  -------------------  ----------------------
/opt/airflow/dags/crypto_pipeline_dag.py                           0           1  0.05s           2026-06-16T12:53:49                       5
================================================================================
[2026-06-16T12:54:16.274+0000] {manager.py:821} INFO - Searching for files in /opt/airflow/dags
[2026-06-16T12:54:16.296+0000] {manager.py:824} INFO - There are 1 files in /opt/airflow/dags
[2026-06-16T12:54:31.459+0000] {manager.py:997} INFO - 
================================================================================
DAG File Processing Stats

File Path                                 PID    Runtime      # DAGs    # Errors  Last Runtime    Last Run               Last # of DB Queries
----------------------------------------  -----  ---------  --------  ----------  --------------  -------------------  ----------------------
/opt/airflow/dags/crypto_pipeline_dag.py                           0           1  0.05s           2026-06-16T12:54:19                       5
================================================================================
[2026-06-16T12:55:01.716+0000] {manager.py:997} INFO - 
================================================================================
DAG File Processing Stats

File Path                                 PID    Runtime      # DAGs    # Errors  Last Runtime    Last Run               Last # of DB Queries
----------------------------------------  -----  ---------  --------  ----------  --------------  -------------------  ----------------------
/opt/airflow/dags/crypto_pipeline_dag.py                           0           1  0.04s           2026-06-16T12:54:49                       5
================================================================================
[2026-06-16T12:55:32.002+0000] {manager.py:997} INFO - 
================================================================================
DAG File Processing Stats

File Path                                 PID    Runtime      # DAGs    # Errors  Last Runtime    Last Run               Last # of DB Queries
----------------------------------------  -----  ---------  --------  ----------  --------------  -------------------  ----------------------
/opt/airflow/dags/crypto_pipeline_dag.py                           0           1  0.04s           2026-06-16T12:55:19                       5
================================================================================
[2026-06-16T12:56:02.312+0000] {manager.py:997} INFO - 
================================================================================
DAG File Processing Stats

File Path                                 PID    Runtime      # DAGs    # Errors  Last Runtime    Last Run               Last # of DB Queries
----------------------------------------  -----  ---------  --------  ----------  --------------  -------------------  ----------------------
/opt/airflow/dags/crypto_pipeline_dag.py                           0           1  0.05s           2026-06-16T12:55:50                       5
================================================================================
[2026-06-16T12:56:32.694+0000] {manager.py:997} INFO - 
================================================================================
DAG File Processing Stats

File Path                                 PID    Runtime      # DAGs    # Errors  Last Runtime    Last Run               Last # of DB Queries
----------------------------------------  -----  ---------  --------  ----------  --------------  -------------------  ----------------------
/opt/airflow/dags/crypto_pipeline_dag.py                           0           1  0.06s           2026-06-16T12:56:20                       5
================================================================================
[2026-06-16T12:57:02.995+0000] {manager.py:997} INFO - 
================================================================================
DAG File Processing Stats

File Path                                 PID    Runtime      # DAGs    # Errors  Last Runtime    Last Run               Last # of DB Queries
----------------------------------------  -----  ---------  --------  ----------  --------------  -------------------  ----------------------
/opt/airflow/dags/crypto_pipeline_dag.py                           0           1  0.05s           2026-06-16T12:56:50                       5
================================================================================
[2026-06-16T12:57:33.280+0000] {manager.py:997} INFO - 
================================================================================
DAG File Processing Stats

File Path                                 PID    Runtime      # DAGs    # Errors  Last Runtime    Last Run               Last # of DB Queries
----------------------------------------  -----  ---------  --------  ----------  --------------  -------------------  ----------------------
/opt/airflow/dags/crypto_pipeline_dag.py                           0           1  0.06s           2026-06-16T12:57:21                       5
================================================================================
[2026-06-16T12:58:03.554+0000] {manager.py:997} INFO - 
================================================================================
DAG File Processing Stats

File Path                                 PID    Runtime      # DAGs    # Errors  Last Runtime    Last Run               Last # of DB Queries
----------------------------------------  -----  ---------  --------  ----------  --------------  -------------------  ----------------------
/opt/airflow/dags/crypto_pipeline_dag.py                           0           1  0.05s           2026-06-16T12:57:51                       5
================================================================================
[2026-06-16T12:58:33.859+0000] {manager.py:997} INFO - 
================================================================================
DAG File Processing Stats

File Path                                 PID    Runtime      # DAGs    # Errors  Last Runtime    Last Run               Last # of DB Queries
----------------------------------------  -----  ---------  --------  ----------  --------------  -------------------  ----------------------
/opt/airflow/dags/crypto_pipeline_dag.py                           0           1  0.05s           2026-06-16T12:58:21                       5
================================================================================
[2026-06-16T12:59:04.178+0000] {manager.py:997} INFO - 
================================================================================
DAG File Processing Stats

File Path                                 PID    Runtime      # DAGs    # Errors  Last Runtime    Last Run               Last # of DB Queries
----------------------------------------  -----  ---------  --------  ----------  --------------  -------------------  ----------------------
/opt/airflow/dags/crypto_pipeline_dag.py                           0           1  0.05s           2026-06-16T12:58:52                       5
================================================================================
[2026-06-16T12:59:16.295+0000] {manager.py:821} INFO - Searching for files in /opt/airflow/dags
[2026-06-16T12:59:16.315+0000] {manager.py:824} INFO - There are 1 files in /opt/airflow/dags
[2026-06-16T12:59:34.557+0000] {manager.py:997} INFO - 
================================================================================
DAG File Processing Stats

File Path                                 PID    Runtime      # DAGs    # Errors  Last Runtime    Last Run               Last # of DB Queries
----------------------------------------  -----  ---------  --------  ----------  --------------  -------------------  ----------------------
/opt/airflow/dags/crypto_pipeline_dag.py                           0           1  0.05s           2026-06-16T12:59:22                       5
================================================================================
[2026-06-16T13:00:04.919+0000] {manager.py:997} INFO - 
================================================================================
DAG File Processing Stats

File Path                                 PID    Runtime      # DAGs    # Errors  Last Runtime    Last Run               Last # of DB Queries
----------------------------------------  -----  ---------  --------  ----------  --------------  -------------------  ----------------------
/opt/airflow/dags/crypto_pipeline_dag.py                           0           1  0.05s           2026-06-16T12:59:52                       5
================================================================================
[2026-06-16T13:00:35.230+0000] {manager.py:997} INFO - 
================================================================================
DAG File Processing Stats

File Path                                 PID    Runtime      # DAGs    # Errors  Last Runtime    Last Run               Last # of DB Queries
----------------------------------------  -----  ---------  --------  ----------  --------------  -------------------  ----------------------
/opt/airflow/dags/crypto_pipeline_dag.py                           0           1  0.05s           2026-06-16T13:00:23                       5
================================================================================
[2026-06-16T13:01:05.578+0000] {manager.py:997} INFO - 
================================================================================
DAG File Processing Stats

File Path                                 PID    Runtime      # DAGs    # Errors  Last Runtime    Last Run               Last # of DB Queries
----------------------------------------  -----  ---------  --------  ----------  --------------  -------------------  ----------------------
/opt/airflow/dags/crypto_pipeline_dag.py                           0           1  0.05s           2026-06-16T13:00:53                       5
================================================================================
[2026-06-16T13:01:35.974+0000] {manager.py:997} INFO - 
================================================================================
DAG File Processing Stats

File Path                                 PID    Runtime      # DAGs    # Errors  Last Runtime    Last Run               Last # of DB Queries
----------------------------------------  -----  ---------  --------  ----------  --------------  -------------------  ----------------------
/opt/airflow/dags/crypto_pipeline_dag.py                           0           1  0.05s           2026-06-16T13:01:23                       5
================================================================================
[2026-06-16T13:02:06.291+0000] {manager.py:997} INFO - 
================================================================================
DAG File Processing Stats

File Path                                 PID    Runtime      # DAGs    # Errors  Last Runtime    Last Run               Last # of DB Queries
----------------------------------------  -----  ---------  --------  ----------  --------------  -------------------  ----------------------
/opt/airflow/dags/crypto_pipeline_dag.py                           0           1  0.05s           2026-06-16T13:01:54                       5
================================================================================
[2026-06-16T13:02:36.643+0000] {manager.py:997} INFO - 
================================================================================
DAG File Processing Stats

File Path                                 PID    Runtime      # DAGs    # Errors  Last Runtime    Last Run               Last # of DB Queries
----------------------------------------  -----  ---------  --------  ----------  --------------  -------------------  ----------------------
/opt/airflow/dags/crypto_pipeline_dag.py                           0           1  0.05s           2026-06-16T13:02:24                       5
================================================================================
[2026-06-16T13:03:06.902+0000] {manager.py:997} INFO - 
================================================================================
DAG File Processing Stats

File Path                                 PID    Runtime      # DAGs    # Errors  Last Runtime    Last Run               Last # of DB Queries
----------------------------------------  -----  ---------  --------  ----------  --------------  -------------------  ----------------------
/opt/airflow/dags/crypto_pipeline_dag.py                           0           1  0.05s           2026-06-16T13:02:54                       5
================================================================================
[2026-06-16T13:03:37.288+0000] {manager.py:997} INFO - 
================================================================================
DAG File Processing Stats

File Path                                 PID    Runtime      # DAGs    # Errors  Last Runtime    Last Run               Last # of DB Queries
----------------------------------------  -----  ---------  --------  ----------  --------------  -------------------  ----------------------
/opt/airflow/dags/crypto_pipeline_dag.py                           0           1  0.05s           2026-06-16T13:03:25                       5
================================================================================
[2026-06-16T13:04:07.551+0000] {manager.py:997} INFO - 
================================================================================
DAG File Processing Stats

File Path                                 PID    Runtime      # DAGs    # Errors  Last Runtime    Last Run               Last # of DB Queries
----------------------------------------  -----  ---------  --------  ----------  --------------  -------------------  ----------------------
/opt/airflow/dags/crypto_pipeline_dag.py                           0           1  0.06s           2026-06-16T13:03:55                       5
================================================================================
[2026-06-16T13:04:16.630+0000] {manager.py:821} INFO - Searching for files in /opt/airflow/dags
[2026-06-16T13:04:16.653+0000] {manager.py:824} INFO - There are 1 files in /opt/airflow/dags
[2026-06-16T13:04:37.869+0000] {manager.py:997} INFO - 
================================================================================
DAG File Processing Stats

File Path                                 PID    Runtime      # DAGs    # Errors  Last Runtime    Last Run               Last # of DB Queries
----------------------------------------  -----  ---------  --------  ----------  --------------  -------------------  ----------------------
/opt/airflow/dags/crypto_pipeline_dag.py                           0           1  0.06s           2026-06-16T13:04:25                       5
================================================================================
[2026-06-16T13:05:08.231+0000] {manager.py:997} INFO - 
================================================================================
DAG File Processing Stats

File Path                                 PID    Runtime      # DAGs    # Errors  Last Runtime    Last Run               Last # of DB Queries
----------------------------------------  -----  ---------  --------  ----------  --------------  -------------------  ----------------------
/opt/airflow/dags/crypto_pipeline_dag.py                           0           1  0.05s           2026-06-16T13:04:56                       5
================================================================================
[2026-06-16T13:05:38.614+0000] {manager.py:997} INFO - 
================================================================================
DAG File Processing Stats

File Path                                 PID    Runtime      # DAGs    # Errors  Last Runtime    Last Run               Last # of DB Queries
----------------------------------------  -----  ---------  --------  ----------  --------------  -------------------  ----------------------
/opt/airflow/dags/crypto_pipeline_dag.py                           0           1  0.05s           2026-06-16T13:05:26                       5
================================================================================
[2026-06-16T13:06:08.900+0000] {manager.py:997} INFO - 
================================================================================
DAG File Processing Stats

File Path                                 PID    Runtime      # DAGs    # Errors  Last Runtime    Last Run               Last # of DB Queries
----------------------------------------  -----  ---------  --------  ----------  --------------  -------------------  ----------------------
/opt/airflow/dags/crypto_pipeline_dag.py                           0           1  0.05s           2026-06-16T13:05:56                       5
================================================================================
[2026-06-16T13:06:39.150+0000] {manager.py:997} INFO - 
================================================================================
DAG File Processing Stats

File Path                                 PID    Runtime      # DAGs    # Errors  Last Runtime    Last Run               Last # of DB Queries
----------------------------------------  -----  ---------  --------  ----------  --------------  -------------------  ----------------------
/opt/airflow/dags/crypto_pipeline_dag.py                           0           1  0.05s           2026-06-16T13:06:27                       5
================================================================================
[2026-06-16T13:07:09.412+0000] {manager.py:997} INFO - 
================================================================================
DAG File Processing Stats

File Path                                 PID    Runtime      # DAGs    # Errors  Last Runtime    Last Run               Last # of DB Queries
----------------------------------------  -----  ---------  --------  ----------  --------------  -------------------  ----------------------
/opt/airflow/dags/crypto_pipeline_dag.py                           0           1  0.05s           2026-06-16T13:06:57                       5
================================================================================
[2026-06-16T13:07:39.741+0000] {manager.py:997} INFO - 
================================================================================
DAG File Processing Stats

File Path                                 PID    Runtime      # DAGs    # Errors  Last Runtime    Last Run               Last # of DB Queries
----------------------------------------  -----  ---------  --------  ----------  --------------  -------------------  ----------------------
/opt/airflow/dags/crypto_pipeline_dag.py                           0           1  0.05s           2026-06-16T13:07:27                       5
================================================================================
[2026-06-16T13:08:10.019+0000] {manager.py:997} INFO - 
================================================================================
DAG File Processing Stats

File Path                                 PID    Runtime      # DAGs    # Errors  Last Runtime    Last Run               Last # of DB Queries
----------------------------------------  -----  ---------  --------  ----------  --------------  -------------------  ----------------------
/opt/airflow/dags/crypto_pipeline_dag.py                           0           1  0.05s           2026-06-16T13:07:57                       5
================================================================================
[2026-06-16T13:08:40.242+0000] {manager.py:997} INFO - 
================================================================================
DAG File Processing Stats

File Path                                 PID    Runtime      # DAGs    # Errors  Last Runtime    Last Run               Last # of DB Queries
----------------------------------------  -----  ---------  --------  ----------  --------------  -------------------  ----------------------
/opt/airflow/dags/crypto_pipeline_dag.py                           0           1  0.05s           2026-06-16T13:08:28                       5
================================================================================
[2026-06-16T13:09:10.483+0000] {manager.py:997} INFO - 
================================================================================
DAG File Processing Stats

File Path                                 PID    Runtime      # DAGs    # Errors  Last Runtime    Last Run               Last # of DB Queries
----------------------------------------  -----  ---------  --------  ----------  --------------  -------------------  ----------------------
/opt/airflow/dags/crypto_pipeline_dag.py                           0           1  0.05s           2026-06-16T13:08:58                       5
================================================================================
[2026-06-16T13:09:17.536+0000] {manager.py:821} INFO - Searching for files in /opt/airflow/dags
[2026-06-16T13:09:17.560+0000] {manager.py:824} INFO - There are 1 files in /opt/airflow/dags
[2026-06-16T13:09:40.744+0000] {manager.py:997} INFO - 
================================================================================
DAG File Processing Stats

File Path                                 PID    Runtime      # DAGs    # Errors  Last Runtime    Last Run               Last # of DB Queries
----------------------------------------  -----  ---------  --------  ----------  --------------  -------------------  ----------------------
/opt/airflow/dags/crypto_pipeline_dag.py                           0           1  0.06s           2026-06-16T13:09:28                       5
================================================================================
[2026-06-16T13:10:11.012+0000] {manager.py:997} INFO - 
================================================================================
DAG File Processing Stats

File Path                                 PID    Runtime      # DAGs    # Errors  Last Runtime    Last Run               Last # of DB Queries
----------------------------------------  -----  ---------  --------  ----------  --------------  -------------------  ----------------------
/opt/airflow/dags/crypto_pipeline_dag.py                           0           1  0.06s           2026-06-16T13:09:58                       5
================================================================================
[2026-06-16T13:10:41.289+0000] {manager.py:997} INFO - 
================================================================================
DAG File Processing Stats

File Path                                 PID    Runtime      # DAGs    # Errors  Last Runtime    Last Run               Last # of DB Queries
----------------------------------------  -----  ---------  --------  ----------  --------------  -------------------  ----------------------
/opt/airflow/dags/crypto_pipeline_dag.py                           0           1  0.05s           2026-06-16T13:10:29                       5
================================================================================
[2026-06-16T13:11:11.538+0000] {manager.py:997} INFO - 
================================================================================
DAG File Processing Stats

File Path                                 PID    Runtime      # DAGs    # Errors  Last Runtime    Last Run               Last # of DB Queries
----------------------------------------  -----  ---------  --------  ----------  --------------  -------------------  ----------------------
/opt/airflow/dags/crypto_pipeline_dag.py                           0           1  0.05s           2026-06-16T13:10:59                       5
================================================================================
[2026-06-16T13:11:41.788+0000] {manager.py:997} INFO - 
================================================================================
DAG File Processing Stats

File Path                                 PID    Runtime      # DAGs    # Errors  Last Runtime    Last Run               Last # of DB Queries
----------------------------------------  -----  ---------  --------  ----------  --------------  -------------------  ----------------------
/opt/airflow/dags/crypto_pipeline_dag.py                           0           1  0.02s           2026-06-16T13:11:29                       5
================================================================================
[2026-06-16T13:12:12.039+0000] {manager.py:997} INFO - 
================================================================================
DAG File Processing Stats

File Path                                 PID    Runtime      # DAGs    # Errors  Last Runtime    Last Run               Last # of DB Queries
----------------------------------------  -----  ---------  --------  ----------  --------------  -------------------  ----------------------
/opt/airflow/dags/crypto_pipeline_dag.py                           0           1  0.05s           2026-06-16T13:11:59                       5
================================================================================
[2026-06-16T13:12:42.302+0000] {manager.py:997} INFO - 
================================================================================
DAG File Processing Stats

File Path                                 PID    Runtime      # DAGs    # Errors  Last Runtime    Last Run               Last # of DB Queries
----------------------------------------  -----  ---------  --------  ----------  --------------  -------------------  ----------------------
/opt/airflow/dags/crypto_pipeline_dag.py                           0           1  0.05s           2026-06-16T13:12:30                       5
================================================================================
[2026-06-16T13:13:12.564+0000] {manager.py:997} INFO - 
================================================================================
DAG File Processing Stats

File Path                                 PID    Runtime      # DAGs    # Errors  Last Runtime    Last Run               Last # of DB Queries
----------------------------------------  -----  ---------  --------  ----------  --------------  -------------------  ----------------------
/opt/airflow/dags/crypto_pipeline_dag.py                           0           1  0.05s           2026-06-16T13:13:00                       5
================================================================================
[2026-06-16T13:13:42.841+0000] {manager.py:997} INFO - 
================================================================================
DAG File Processing Stats

File Path                                 PID    Runtime      # DAGs    # Errors  Last Runtime    Last Run               Last # of DB Queries
----------------------------------------  -----  ---------  --------  ----------  --------------  -------------------  ----------------------
/opt/airflow/dags/crypto_pipeline_dag.py                           0           1  0.05s           2026-06-16T13:13:30                       5
================================================================================
[2026-06-16T13:14:13.092+0000] {manager.py:997} INFO - 
================================================================================
DAG File Processing Stats

File Path                                 PID    Runtime      # DAGs    # Errors  Last Runtime    Last Run               Last # of DB Queries
----------------------------------------  -----  ---------  --------  ----------  --------------  -------------------  ----------------------
/opt/airflow/dags/crypto_pipeline_dag.py                           0           1  0.05s           2026-06-16T13:14:01                       5
================================================================================
[2026-06-16T13:14:18.135+0000] {manager.py:821} INFO - Searching for files in /opt/airflow/dags
[2026-06-16T13:14:18.150+0000] {manager.py:824} INFO - There are 1 files in /opt/airflow/dags
[2026-06-16T13:14:43.336+0000] {manager.py:997} INFO - 
================================================================================
DAG File Processing Stats

File Path                                 PID    Runtime      # DAGs    # Errors  Last Runtime    Last Run               Last # of DB Queries
----------------------------------------  -----  ---------  --------  ----------  --------------  -------------------  ----------------------
/opt/airflow/dags/crypto_pipeline_dag.py                           0           1  0.06s           2026-06-16T13:14:31                       5
================================================================================
[2026-06-16T13:15:13.569+0000] {manager.py:997} INFO - 
================================================================================
DAG File Processing Stats

File Path                                 PID    Runtime      # DAGs    # Errors  Last Runtime    Last Run               Last # of DB Queries
----------------------------------------  -----  ---------  --------  ----------  --------------  -------------------  ----------------------
/opt/airflow/dags/crypto_pipeline_dag.py                           0           1  0.05s           2026-06-16T13:15:01                       5
================================================================================
[2026-06-16T13:15:43.883+0000] {manager.py:997} INFO - 
================================================================================
DAG File Processing Stats

File Path                                 PID    Runtime      # DAGs    # Errors  Last Runtime    Last Run               Last # of DB Queries
----------------------------------------  -----  ---------  --------  ----------  --------------  -------------------  ----------------------
/opt/airflow/dags/crypto_pipeline_dag.py                           1           0  0.24s           2026-06-16T13:15:21                      34
================================================================================
[2026-06-16T13:16:14.132+0000] {manager.py:997} INFO - 
================================================================================
DAG File Processing Stats

File Path                                 PID    Runtime      # DAGs    # Errors  Last Runtime    Last Run               Last # of DB Queries
----------------------------------------  -----  ---------  --------  ----------  --------------  -------------------  ----------------------
/opt/airflow/dags/crypto_pipeline_dag.py                           1           0  0.08s           2026-06-16T13:15:52                      12
================================================================================
[2026-06-16T13:16:44.440+0000] {manager.py:997} INFO - 
================================================================================
DAG File Processing Stats

File Path                                 PID    Runtime      # DAGs    # Errors  Last Runtime    Last Run               Last # of DB Queries
----------------------------------------  -----  ---------  --------  ----------  --------------  -------------------  ----------------------
/opt/airflow/dags/crypto_pipeline_dag.py                           1           0  0.08s           2026-06-16T13:16:22                      12
================================================================================
[2026-06-16T13:17:14.677+0000] {manager.py:997} INFO - 
================================================================================
DAG File Processing Stats

File Path                                 PID    Runtime      # DAGs    # Errors  Last Runtime    Last Run               Last # of DB Queries
----------------------------------------  -----  ---------  --------  ----------  --------------  -------------------  ----------------------
/opt/airflow/dags/crypto_pipeline_dag.py                           1           0  0.11s           2026-06-16T13:16:52                      12
================================================================================
[2026-06-16T13:17:44.947+0000] {manager.py:997} INFO - 
================================================================================
DAG File Processing Stats

File Path                                 PID    Runtime      # DAGs    # Errors  Last Runtime    Last Run               Last # of DB Queries
----------------------------------------  -----  ---------  --------  ----------  --------------  -------------------  ----------------------
/opt/airflow/dags/crypto_pipeline_dag.py                           1           0  0.10s           2026-06-16T13:17:22                      12
================================================================================
[2026-06-16T13:18:15.525+0000] {manager.py:997} INFO - 
================================================================================
DAG File Processing Stats

File Path                                 PID    Runtime      # DAGs    # Errors  Last Runtime    Last Run               Last # of DB Queries
----------------------------------------  -----  ---------  --------  ----------  --------------  -------------------  ----------------------
/opt/airflow/dags/crypto_pipeline_dag.py                           1           0  0.08s           2026-06-16T13:17:53                      12
================================================================================
[2026-06-16T13:18:45.822+0000] {manager.py:997} INFO - 
================================================================================
DAG File Processing Stats

File Path                                 PID    Runtime      # DAGs    # Errors  Last Runtime    Last Run               Last # of DB Queries
----------------------------------------  -----  ---------  --------  ----------  --------------  -------------------  ----------------------
/opt/airflow/dags/crypto_pipeline_dag.py                           1           0  0.08s           2026-06-16T13:18:23                      12
================================================================================
[2026-06-16T13:19:16.073+0000] {manager.py:997} INFO - 
================================================================================
DAG File Processing Stats

File Path                                 PID    Runtime      # DAGs    # Errors  Last Runtime    Last Run               Last # of DB Queries
----------------------------------------  -----  ---------  --------  ----------  --------------  -------------------  ----------------------
/opt/airflow/dags/crypto_pipeline_dag.py                           1           0  0.08s           2026-06-16T13:18:54                      12
================================================================================
[2026-06-16T13:19:19.091+0000] {manager.py:821} INFO - Searching for files in /opt/airflow/dags
[2026-06-16T13:19:19.110+0000] {manager.py:824} INFO - There are 1 files in /opt/airflow/dags
[2026-06-16T13:19:46.378+0000] {manager.py:997} INFO - 
================================================================================
DAG File Processing Stats

File Path                                 PID    Runtime      # DAGs    # Errors  Last Runtime    Last Run               Last # of DB Queries
----------------------------------------  -----  ---------  --------  ----------  --------------  -------------------  ----------------------
/opt/airflow/dags/crypto_pipeline_dag.py                           1           0  0.09s           2026-06-16T13:19:24                      12
================================================================================
[2026-06-16T13:20:16.657+0000] {manager.py:997} INFO - 
================================================================================
DAG File Processing Stats

File Path                                 PID    Runtime      # DAGs    # Errors  Last Runtime    Last Run               Last # of DB Queries
----------------------------------------  -----  ---------  --------  ----------  --------------  -------------------  ----------------------
/opt/airflow/dags/crypto_pipeline_dag.py                           1           0  0.11s           2026-06-16T13:19:54                      12
================================================================================
[2026-06-16T13:20:46.939+0000] {manager.py:997} INFO - 
================================================================================
DAG File Processing Stats

File Path                                 PID    Runtime      # DAGs    # Errors  Last Runtime    Last Run               Last # of DB Queries
----------------------------------------  -----  ---------  --------  ----------  --------------  -------------------  ----------------------
/opt/airflow/dags/crypto_pipeline_dag.py                           1           0  0.10s           2026-06-16T13:20:24                      12
================================================================================
[2026-06-16T13:21:17.177+0000] {manager.py:997} INFO - 
================================================================================
DAG File Processing Stats

File Path                                 PID    Runtime      # DAGs    # Errors  Last Runtime    Last Run               Last # of DB Queries
----------------------------------------  -----  ---------  --------  ----------  --------------  -------------------  ----------------------
/opt/airflow/dags/crypto_pipeline_dag.py                           1           0  0.09s           2026-06-16T13:20:55                      12
================================================================================
[2026-06-16T13:21:47.401+0000] {manager.py:997} INFO - 
================================================================================
DAG File Processing Stats

File Path                                 PID    Runtime      # DAGs    # Errors  Last Runtime    Last Run               Last # of DB Queries
----------------------------------------  -----  ---------  --------  ----------  --------------  -------------------  ----------------------
/opt/airflow/dags/crypto_pipeline_dag.py                           1           0  0.08s           2026-06-16T13:21:25                      12
================================================================================
[2026-06-16T13:22:17.600+0000] {manager.py:997} INFO - 
================================================================================
DAG File Processing Stats

File Path                                 PID    Runtime      # DAGs    # Errors  Last Runtime    Last Run               Last # of DB Queries
----------------------------------------  -----  ---------  --------  ----------  --------------  -------------------  ----------------------
/opt/airflow/dags/crypto_pipeline_dag.py                           1           0  0.09s           2026-06-16T13:21:55                      12
================================================================================
[2026-06-16T13:22:47.875+0000] {manager.py:997} INFO - 
================================================================================
DAG File Processing Stats

File Path                                 PID    Runtime      # DAGs    # Errors  Last Runtime    Last Run               Last # of DB Queries
----------------------------------------  -----  ---------  --------  ----------  --------------  -------------------  ----------------------
/opt/airflow/dags/crypto_pipeline_dag.py                           1           0  0.11s           2026-06-16T13:22:25                      12
================================================================================
[2026-06-16T13:23:18.104+0000] {manager.py:997} INFO - 
================================================================================
DAG File Processing Stats

File Path                                 PID    Runtime      # DAGs    # Errors  Last Runtime    Last Run               Last # of DB Queries
----------------------------------------  -----  ---------  --------  ----------  --------------  -------------------  ----------------------
/opt/airflow/dags/crypto_pipeline_dag.py                           1           0  0.09s           2026-06-16T13:22:56                      12
================================================================================
[2026-06-16T13:23:48.382+0000] {manager.py:997} INFO - 
================================================================================
DAG File Processing Stats

File Path                                 PID    Runtime      # DAGs    # Errors  Last Runtime    Last Run               Last # of DB Queries
----------------------------------------  -----  ---------  --------  ----------  --------------  -------------------  ----------------------
/opt/airflow/dags/crypto_pipeline_dag.py                           1           0  0.11s           2026-06-16T13:23:26                      12
================================================================================
[2026-06-16T13:24:18.626+0000] {manager.py:997} INFO - 
================================================================================
DAG File Processing Stats

File Path                                 PID    Runtime      # DAGs    # Errors  Last Runtime    Last Run               Last # of DB Queries
----------------------------------------  -----  ---------  --------  ----------  --------------  -------------------  ----------------------
/opt/airflow/dags/crypto_pipeline_dag.py                           1           0  0.09s           2026-06-16T13:23:56                      12
================================================================================
[2026-06-16T13:24:19.632+0000] {manager.py:821} INFO - Searching for files in /opt/airflow/dags
[2026-06-16T13:24:19.642+0000] {manager.py:824} INFO - There are 1 files in /opt/airflow/dags
[2026-06-16T13:24:48.908+0000] {manager.py:997} INFO - 
================================================================================
DAG File Processing Stats

File Path                                 PID    Runtime      # DAGs    # Errors  Last Runtime    Last Run               Last # of DB Queries
----------------------------------------  -----  ---------  --------  ----------  --------------  -------------------  ----------------------
/opt/airflow/dags/crypto_pipeline_dag.py                           1           0  0.10s           2026-06-16T13:24:26                      12
================================================================================
[2026-06-16T13:25:19.191+0000] {manager.py:997} INFO - 
================================================================================
DAG File Processing Stats

File Path                                 PID    Runtime      # DAGs    # Errors  Last Runtime    Last Run               Last # of DB Queries
----------------------------------------  -----  ---------  --------  ----------  --------------  -------------------  ----------------------
/opt/airflow/dags/crypto_pipeline_dag.py                           1           0  0.13s           2026-06-16T13:24:57                      12
================================================================================
[2026-06-16T13:25:49.512+0000] {manager.py:997} INFO - 
================================================================================
DAG File Processing Stats

File Path                                 PID    Runtime      # DAGs    # Errors  Last Runtime    Last Run               Last # of DB Queries
----------------------------------------  -----  ---------  --------  ----------  --------------  -------------------  ----------------------
/opt/airflow/dags/crypto_pipeline_dag.py                           1           0  0.12s           2026-06-16T13:25:27                      12
================================================================================
[2026-06-16T13:26:19.743+0000] {manager.py:997} INFO - 
================================================================================
DAG File Processing Stats

File Path                                 PID    Runtime      # DAGs    # Errors  Last Runtime    Last Run               Last # of DB Queries
----------------------------------------  -----  ---------  --------  ----------  --------------  -------------------  ----------------------
/opt/airflow/dags/crypto_pipeline_dag.py                           1           0  0.09s           2026-06-16T13:25:57                      12
================================================================================
[2026-06-16T13:26:50.067+0000] {manager.py:997} INFO - 
================================================================================
DAG File Processing Stats

File Path                                 PID    Runtime      # DAGs    # Errors  Last Runtime    Last Run               Last # of DB Queries
----------------------------------------  -----  ---------  --------  ----------  --------------  -------------------  ----------------------
/opt/airflow/dags/crypto_pipeline_dag.py                           1           0  0.09s           2026-06-16T13:26:27                      12
================================================================================
[2026-06-16T13:27:20.303+0000] {manager.py:997} INFO - 
================================================================================
DAG File Processing Stats

File Path                                 PID    Runtime      # DAGs    # Errors  Last Runtime    Last Run               Last # of DB Queries
----------------------------------------  -----  ---------  --------  ----------  --------------  -------------------  ----------------------
/opt/airflow/dags/crypto_pipeline_dag.py                           1           0  0.09s           2026-06-16T13:26:58                      12
================================================================================
[2026-06-16T13:27:50.641+0000] {manager.py:997} INFO - 
================================================================================
DAG File Processing Stats

File Path                                 PID    Runtime      # DAGs    # Errors  Last Runtime    Last Run               Last # of DB Queries
----------------------------------------  -----  ---------  --------  ----------  --------------  -------------------  ----------------------
/opt/airflow/dags/crypto_pipeline_dag.py                           1           0  0.09s           2026-06-16T13:27:28                      12
================================================================================
[2026-06-16T13:28:20.897+0000] {manager.py:997} INFO - 
================================================================================
DAG File Processing Stats

File Path                                 PID    Runtime      # DAGs    # Errors  Last Runtime    Last Run               Last # of DB Queries
----------------------------------------  -----  ---------  --------  ----------  --------------  -------------------  ----------------------
/opt/airflow/dags/crypto_pipeline_dag.py                           1           0  0.09s           2026-06-16T13:27:58                      12
================================================================================
[2026-06-16T13:28:51.170+0000] {manager.py:997} INFO - 
================================================================================
DAG File Processing Stats

File Path                                 PID    Runtime      # DAGs    # Errors  Last Runtime    Last Run               Last # of DB Queries
----------------------------------------  -----  ---------  --------  ----------  --------------  -------------------  ----------------------
/opt/airflow/dags/crypto_pipeline_dag.py                           1           0  0.09s           2026-06-16T13:28:29                      12
================================================================================
[2026-06-16T13:29:20.390+0000] {manager.py:821} INFO - Searching for files in /opt/airflow/dags
[2026-06-16T13:29:20.407+0000] {manager.py:824} INFO - There are 1 files in /opt/airflow/dags
[2026-06-16T13:29:21.421+0000] {manager.py:997} INFO - 
================================================================================
DAG File Processing Stats

File Path                                 PID    Runtime      # DAGs    # Errors  Last Runtime    Last Run               Last # of DB Queries
----------------------------------------  -----  ---------  --------  ----------  --------------  -------------------  ----------------------
/opt/airflow/dags/crypto_pipeline_dag.py                           1           0  0.10s           2026-06-16T13:28:59                      12
================================================================================
[2026-06-16T13:29:51.665+0000] {manager.py:997} INFO - 
================================================================================
DAG File Processing Stats

File Path                                 PID    Runtime      # DAGs    # Errors  Last Runtime    Last Run               Last # of DB Queries
----------------------------------------  -----  ---------  --------  ----------  --------------  -------------------  ----------------------
/opt/airflow/dags/crypto_pipeline_dag.py                           1           0  0.10s           2026-06-16T13:29:29                      12
================================================================================
[2026-06-16T13:30:21.915+0000] {manager.py:997} INFO - 
================================================================================
DAG File Processing Stats

File Path                                 PID    Runtime      # DAGs    # Errors  Last Runtime    Last Run               Last # of DB Queries
----------------------------------------  -----  ---------  --------  ----------  --------------  -------------------  ----------------------
/opt/airflow/dags/crypto_pipeline_dag.py                           1           0  0.11s           2026-06-16T13:29:59                      12
================================================================================
[2026-06-16T13:30:52.217+0000] {manager.py:997} INFO - 
================================================================================
DAG File Processing Stats

File Path                                 PID    Runtime      # DAGs    # Errors  Last Runtime    Last Run               Last # of DB Queries
----------------------------------------  -----  ---------  --------  ----------  --------------  -------------------  ----------------------
/opt/airflow/dags/crypto_pipeline_dag.py                           1           0  0.09s           2026-06-16T13:30:30                      12
================================================================================
[2026-06-16T13:31:22.469+0000] {manager.py:997} INFO - 
================================================================================
DAG File Processing Stats

File Path                                 PID    Runtime      # DAGs    # Errors  Last Runtime    Last Run               Last # of DB Queries
----------------------------------------  -----  ---------  --------  ----------  --------------  -------------------  ----------------------
/opt/airflow/dags/crypto_pipeline_dag.py                           1           0  0.09s           2026-06-16T13:31:00                      12
================================================================================
[2026-06-16T13:31:52.790+0000] {manager.py:997} INFO - 
================================================================================
DAG File Processing Stats

File Path                                 PID    Runtime      # DAGs    # Errors  Last Runtime    Last Run               Last # of DB Queries
----------------------------------------  -----  ---------  --------  ----------  --------------  -------------------  ----------------------
/opt/airflow/dags/crypto_pipeline_dag.py                           1           0  0.09s           2026-06-16T13:31:30                      12
================================================================================
[2026-06-16T13:32:23.054+0000] {manager.py:997} INFO - 
================================================================================
DAG File Processing Stats

File Path                                 PID    Runtime      # DAGs    # Errors  Last Runtime    Last Run               Last # of DB Queries
----------------------------------------  -----  ---------  --------  ----------  --------------  -------------------  ----------------------
/opt/airflow/dags/crypto_pipeline_dag.py                           1           0  0.09s           2026-06-16T13:32:00                      12
================================================================================
[2026-06-16T13:32:53.412+0000] {manager.py:997} INFO - 
================================================================================
DAG File Processing Stats

File Path                                 PID    Runtime      # DAGs    # Errors  Last Runtime    Last Run               Last # of DB Queries
----------------------------------------  -----  ---------  --------  ----------  --------------  -------------------  ----------------------
/opt/airflow/dags/crypto_pipeline_dag.py                           1           0  0.09s           2026-06-16T13:32:31                      12
================================================================================
[2026-06-16T13:33:23.670+0000] {manager.py:997} INFO - 
================================================================================
DAG File Processing Stats

File Path                                 PID    Runtime      # DAGs    # Errors  Last Runtime    Last Run               Last # of DB Queries
----------------------------------------  -----  ---------  --------  ----------  --------------  -------------------  ----------------------
/opt/airflow/dags/crypto_pipeline_dag.py                           1           0  0.09s           2026-06-16T13:33:01                      12
================================================================================
[2026-06-16T13:33:53.874+0000] {manager.py:997} INFO - 
================================================================================
DAG File Processing Stats

File Path                                 PID    Runtime      # DAGs    # Errors  Last Runtime    Last Run               Last # of DB Queries
----------------------------------------  -----  ---------  --------  ----------  --------------  -------------------  ----------------------
/opt/airflow/dags/crypto_pipeline_dag.py                           1           0  0.09s           2026-06-16T13:33:31                      12
================================================================================
[2026-06-16T13:34:21.072+0000] {manager.py:821} INFO - Searching for files in /opt/airflow/dags
[2026-06-16T13:34:21.089+0000] {manager.py:824} INFO - There are 1 files in /opt/airflow/dags
[2026-06-16T13:34:24.133+0000] {manager.py:997} INFO - 
================================================================================
DAG File Processing Stats

File Path                                 PID    Runtime      # DAGs    # Errors  Last Runtime    Last Run               Last # of DB Queries
----------------------------------------  -----  ---------  --------  ----------  --------------  -------------------  ----------------------
/opt/airflow/dags/crypto_pipeline_dag.py                           1           0  0.09s           2026-06-16T13:34:01                      12
================================================================================
[2026-06-16T13:34:54.443+0000] {manager.py:997} INFO - 
================================================================================
DAG File Processing Stats

File Path                                 PID    Runtime      # DAGs    # Errors  Last Runtime    Last Run               Last # of DB Queries
----------------------------------------  -----  ---------  --------  ----------  --------------  -------------------  ----------------------
/opt/airflow/dags/crypto_pipeline_dag.py                           1           0  0.09s           2026-06-16T13:34:32                      12
================================================================================
[2026-06-16T13:35:24.759+0000] {manager.py:997} INFO - 
================================================================================
DAG File Processing Stats

File Path                                 PID    Runtime      # DAGs    # Errors  Last Runtime    Last Run               Last # of DB Queries
----------------------------------------  -----  ---------  --------  ----------  --------------  -------------------  ----------------------
/opt/airflow/dags/crypto_pipeline_dag.py                           1           0  0.09s           2026-06-16T13:35:02                      12
================================================================================
[2026-06-16T13:35:55.056+0000] {manager.py:997} INFO - 
================================================================================
DAG File Processing Stats

File Path                                 PID    Runtime      # DAGs    # Errors  Last Runtime    Last Run               Last # of DB Queries
----------------------------------------  -----  ---------  --------  ----------  --------------  -------------------  ----------------------
/opt/airflow/dags/crypto_pipeline_dag.py                           1           0  0.09s           2026-06-16T13:35:32                      12
================================================================================
[2026-06-16T13:36:25.298+0000] {manager.py:997} INFO - 
================================================================================
DAG File Processing Stats

File Path                                 PID    Runtime      # DAGs    # Errors  Last Runtime    Last Run               Last # of DB Queries
----------------------------------------  -----  ---------  --------  ----------  --------------  -------------------  ----------------------
/opt/airflow/dags/crypto_pipeline_dag.py                           1           0  0.08s           2026-06-16T13:36:03                      12
================================================================================
[2026-06-16T13:36:55.568+0000] {manager.py:997} INFO - 
================================================================================
DAG File Processing Stats

File Path                                 PID    Runtime      # DAGs    # Errors  Last Runtime    Last Run               Last # of DB Queries
----------------------------------------  -----  ---------  --------  ----------  --------------  -------------------  ----------------------
/opt/airflow/dags/crypto_pipeline_dag.py                           1           0  0.11s           2026-06-16T13:36:33                      12
================================================================================
[2026-06-16T13:37:25.846+0000] {manager.py:997} INFO - 
================================================================================
DAG File Processing Stats

File Path                                 PID    Runtime      # DAGs    # Errors  Last Runtime    Last Run               Last # of DB Queries
----------------------------------------  -----  ---------  --------  ----------  --------------  -------------------  ----------------------
/opt/airflow/dags/crypto_pipeline_dag.py                           1           0  0.11s           2026-06-16T13:37:03                      12
================================================================================
[2026-06-16T13:37:56.109+0000] {manager.py:997} INFO - 
================================================================================
DAG File Processing Stats

File Path                                 PID    Runtime      # DAGs    # Errors  Last Runtime    Last Run               Last # of DB Queries
----------------------------------------  -----  ---------  --------  ----------  --------------  -------------------  ----------------------
/opt/airflow/dags/crypto_pipeline_dag.py                           1           0  0.08s           2026-06-16T13:37:33                      12
================================================================================
[2026-06-16T13:38:26.344+0000] {manager.py:997} INFO - 
================================================================================
DAG File Processing Stats

File Path                                 PID    Runtime      # DAGs    # Errors  Last Runtime    Last Run               Last # of DB Queries
----------------------------------------  -----  ---------  --------  ----------  --------------  -------------------  ----------------------
/opt/airflow/dags/crypto_pipeline_dag.py                           1           0  0.09s           2026-06-16T13:38:04                      12
================================================================================
[2026-06-16T13:38:56.630+0000] {manager.py:997} INFO - 
================================================================================
DAG File Processing Stats

File Path                                 PID    Runtime      # DAGs    # Errors  Last Runtime    Last Run               Last # of DB Queries
----------------------------------------  -----  ---------  --------  ----------  --------------  -------------------  ----------------------
/opt/airflow/dags/crypto_pipeline_dag.py                           1           0  0.10s           2026-06-16T13:38:34                      12
================================================================================
[2026-06-16T13:39:21.793+0000] {manager.py:821} INFO - Searching for files in /opt/airflow/dags
[2026-06-16T13:39:21.821+0000] {manager.py:824} INFO - There are 1 files in /opt/airflow/dags
[2026-06-16T13:39:26.888+0000] {manager.py:997} INFO - 
================================================================================
DAG File Processing Stats

File Path                                 PID    Runtime      # DAGs    # Errors  Last Runtime    Last Run               Last # of DB Queries
----------------------------------------  -----  ---------  --------  ----------  --------------  -------------------  ----------------------
/opt/airflow/dags/crypto_pipeline_dag.py                           1           0  0.09s           2026-06-16T13:39:04                      12
================================================================================
[2026-06-16T13:39:57.199+0000] {manager.py:997} INFO - 
================================================================================
DAG File Processing Stats

File Path                                 PID    Runtime      # DAGs    # Errors  Last Runtime    Last Run               Last # of DB Queries
----------------------------------------  -----  ---------  --------  ----------  --------------  -------------------  ----------------------
/opt/airflow/dags/crypto_pipeline_dag.py                           1           0  0.09s           2026-06-16T13:39:35                      12
================================================================================
[2026-06-16T13:40:27.521+0000] {manager.py:997} INFO - 
================================================================================
DAG File Processing Stats

File Path                                 PID    Runtime      # DAGs    # Errors  Last Runtime    Last Run               Last # of DB Queries
----------------------------------------  -----  ---------  --------  ----------  --------------  -------------------  ----------------------
/opt/airflow/dags/crypto_pipeline_dag.py                           1           0  0.09s           2026-06-16T13:40:05                      12
================================================================================
[2026-06-16T13:40:57.826+0000] {manager.py:997} INFO - 
================================================================================
DAG File Processing Stats

File Path                                 PID    Runtime      # DAGs    # Errors  Last Runtime    Last Run               Last # of DB Queries
----------------------------------------  -----  ---------  --------  ----------  --------------  -------------------  ----------------------
/opt/airflow/dags/crypto_pipeline_dag.py                           1           0  0.09s           2026-06-16T13:40:35                      12
================================================================================
[2026-06-16T13:41:28.082+0000] {manager.py:997} INFO - 
================================================================================
DAG File Processing Stats

File Path                                 PID    Runtime      # DAGs    # Errors  Last Runtime    Last Run               Last # of DB Queries
----------------------------------------  -----  ---------  --------  ----------  --------------  -------------------  ----------------------
/opt/airflow/dags/crypto_pipeline_dag.py                           1           0  0.09s           2026-06-16T13:41:06                      12
================================================================================
[2026-06-16T13:41:58.280+0000] {manager.py:997} INFO - 
================================================================================
DAG File Processing Stats

File Path                                 PID    Runtime      # DAGs    # Errors  Last Runtime    Last Run               Last # of DB Queries
----------------------------------------  -----  ---------  --------  ----------  --------------  -------------------  ----------------------
/opt/airflow/dags/crypto_pipeline_dag.py                           1           0  0.10s           2026-06-16T13:41:36                      12
================================================================================
[2026-06-16T13:42:28.636+0000] {manager.py:997} INFO - 
================================================================================
DAG File Processing Stats

File Path                                 PID    Runtime      # DAGs    # Errors  Last Runtime    Last Run               Last # of DB Queries
----------------------------------------  -----  ---------  --------  ----------  --------------  -------------------  ----------------------
/opt/airflow/dags/crypto_pipeline_dag.py                           1           0  0.09s           2026-06-16T13:42:06                      12
================================================================================
[2026-06-16T13:42:58.949+0000] {manager.py:997} INFO - 
================================================================================
DAG File Processing Stats

File Path                                 PID    Runtime      # DAGs    # Errors  Last Runtime    Last Run               Last # of DB Queries
----------------------------------------  -----  ---------  --------  ----------  --------------  -------------------  ----------------------
/opt/airflow/dags/crypto_pipeline_dag.py                           1           0  0.09s           2026-06-16T13:42:36                      12
================================================================================
[2026-06-16T13:43:29.194+0000] {manager.py:997} INFO - 
================================================================================
DAG File Processing Stats

File Path                                 PID    Runtime      # DAGs    # Errors  Last Runtime    Last Run               Last # of DB Queries
----------------------------------------  -----  ---------  --------  ----------  --------------  -------------------  ----------------------
/opt/airflow/dags/crypto_pipeline_dag.py                           1           0  0.09s           2026-06-16T13:43:07                      12
================================================================================
[2026-06-16T13:43:59.478+0000] {manager.py:997} INFO - 
================================================================================
DAG File Processing Stats

File Path                                 PID    Runtime      # DAGs    # Errors  Last Runtime    Last Run               Last # of DB Queries
----------------------------------------  -----  ---------  --------  ----------  --------------  -------------------  ----------------------
/opt/airflow/dags/crypto_pipeline_dag.py                           1           0  0.09s           2026-06-16T13:43:37                      12
================================================================================
[2026-06-16T13:44:22.707+0000] {manager.py:821} INFO - Searching for files in /opt/airflow/dags
[2026-06-16T13:44:22.721+0000] {manager.py:824} INFO - There are 1 files in /opt/airflow/dags
[2026-06-16T13:44:29.732+0000] {manager.py:997} INFO - 
================================================================================
DAG File Processing Stats

File Path                                 PID    Runtime      # DAGs    # Errors  Last Runtime    Last Run               Last # of DB Queries
----------------------------------------  -----  ---------  --------  ----------  --------------  -------------------  ----------------------
/opt/airflow/dags/crypto_pipeline_dag.py                           1           0  0.09s           2026-06-16T13:44:07                      12
================================================================================
[2026-06-16T13:44:59.933+0000] {manager.py:997} INFO - 
================================================================================
DAG File Processing Stats

File Path                                 PID    Runtime      # DAGs    # Errors  Last Runtime    Last Run               Last # of DB Queries
----------------------------------------  -----  ---------  --------  ----------  --------------  -------------------  ----------------------
/opt/airflow/dags/crypto_pipeline_dag.py                           1           0  0.12s           2026-06-16T13:44:37                      12
================================================================================
[2026-06-16T13:45:30.148+0000] {manager.py:997} INFO - 
================================================================================
DAG File Processing Stats

File Path                                 PID    Runtime      # DAGs    # Errors  Last Runtime    Last Run               Last # of DB Queries
----------------------------------------  -----  ---------  --------  ----------  --------------  -------------------  ----------------------
/opt/airflow/dags/crypto_pipeline_dag.py                           1           0  0.15s           2026-06-16T13:45:08                      12
================================================================================
[2026-06-16T13:46:00.447+0000] {manager.py:997} INFO - 
================================================================================
DAG File Processing Stats

File Path                                 PID    Runtime      # DAGs    # Errors  Last Runtime    Last Run               Last # of DB Queries
----------------------------------------  -----  ---------  --------  ----------  --------------  -------------------  ----------------------
/opt/airflow/dags/crypto_pipeline_dag.py                           1           0  0.15s           2026-06-16T13:45:38                      12
================================================================================
[2026-06-16T13:46:30.714+0000] {manager.py:997} INFO - 
================================================================================
DAG File Processing Stats

File Path                                 PID    Runtime      # DAGs    # Errors  Last Runtime    Last Run               Last # of DB Queries
----------------------------------------  -----  ---------  --------  ----------  --------------  -------------------  ----------------------
/opt/airflow/dags/crypto_pipeline_dag.py                           1           0  0.11s           2026-06-16T13:46:08                      12
================================================================================
[2026-06-16T13:47:00.979+0000] {manager.py:997} INFO - 
================================================================================
DAG File Processing Stats

File Path                                 PID    Runtime      # DAGs    # Errors  Last Runtime    Last Run               Last # of DB Queries
----------------------------------------  -----  ---------  --------  ----------  --------------  -------------------  ----------------------
/opt/airflow/dags/crypto_pipeline_dag.py                           1           0  0.09s           2026-06-16T13:46:38                      12
================================================================================
[2026-06-16T13:47:31.240+0000] {manager.py:997} INFO - 
================================================================================
DAG File Processing Stats

File Path                                 PID    Runtime      # DAGs    # Errors  Last Runtime    Last Run               Last # of DB Queries
----------------------------------------  -----  ---------  --------  ----------  --------------  -------------------  ----------------------
/opt/airflow/dags/crypto_pipeline_dag.py                           1           0  0.10s           2026-06-16T13:47:09                      12
================================================================================
[2026-06-16T13:48:01.523+0000] {manager.py:997} INFO - 
================================================================================
DAG File Processing Stats

File Path                                 PID    Runtime      # DAGs    # Errors  Last Runtime    Last Run               Last # of DB Queries
----------------------------------------  -----  ---------  --------  ----------  --------------  -------------------  ----------------------
/opt/airflow/dags/crypto_pipeline_dag.py                           1           0  0.09s           2026-06-16T13:47:39                      12
================================================================================
[2026-06-16T13:48:31.783+0000] {manager.py:997} INFO - 
================================================================================
DAG File Processing Stats

File Path                                 PID    Runtime      # DAGs    # Errors  Last Runtime    Last Run               Last # of DB Queries
----------------------------------------  -----  ---------  --------  ----------  --------------  -------------------  ----------------------
/opt/airflow/dags/crypto_pipeline_dag.py                           1           0  0.12s           2026-06-16T13:48:09                      12
================================================================================
[2026-06-16T13:49:02.139+0000] {manager.py:997} INFO - 
================================================================================
DAG File Processing Stats

File Path                                 PID    Runtime      # DAGs    # Errors  Last Runtime    Last Run               Last # of DB Queries
----------------------------------------  -----  ---------  --------  ----------  --------------  -------------------  ----------------------
/opt/airflow/dags/crypto_pipeline_dag.py                           1           0  0.09s           2026-06-16T13:48:39                      12
================================================================================
[2026-06-16T13:49:23.380+0000] {manager.py:821} INFO - Searching for files in /opt/airflow/dags
[2026-06-16T13:49:23.396+0000] {manager.py:824} INFO - There are 1 files in /opt/airflow/dags
[2026-06-16T13:49:32.437+0000] {manager.py:997} INFO - 
================================================================================
DAG File Processing Stats

File Path                                 PID    Runtime      # DAGs    # Errors  Last Runtime    Last Run               Last # of DB Queries
----------------------------------------  -----  ---------  --------  ----------  --------------  -------------------  ----------------------
/opt/airflow/dags/crypto_pipeline_dag.py                           1           0  0.08s           2026-06-16T13:49:10                      12
================================================================================
[2026-06-16T13:50:02.674+0000] {manager.py:997} INFO - 
================================================================================
DAG File Processing Stats

File Path                                 PID    Runtime      # DAGs    # Errors  Last Runtime    Last Run               Last # of DB Queries
----------------------------------------  -----  ---------  --------  ----------  --------------  -------------------  ----------------------
/opt/airflow/dags/crypto_pipeline_dag.py                           1           0  0.10s           2026-06-16T13:49:40                      12
================================================================================
[2026-06-16T13:50:32.974+0000] {manager.py:997} INFO - 
================================================================================
DAG File Processing Stats

File Path                                 PID    Runtime      # DAGs    # Errors  Last Runtime    Last Run               Last # of DB Queries
----------------------------------------  -----  ---------  --------  ----------  --------------  -------------------  ----------------------
/opt/airflow/dags/crypto_pipeline_dag.py                           1           0  0.10s           2026-06-16T13:50:10                      12
================================================================================
[2026-06-16T13:51:03.200+0000] {manager.py:997} INFO - 
================================================================================
DAG File Processing Stats

File Path                                 PID    Runtime      # DAGs    # Errors  Last Runtime    Last Run               Last # of DB Queries
----------------------------------------  -----  ---------  --------  ----------  --------------  -------------------  ----------------------
/opt/airflow/dags/crypto_pipeline_dag.py                           1           0  0.09s           2026-06-16T13:50:41                      12
================================================================================
[2026-06-16T13:51:33.469+0000] {manager.py:997} INFO - 
================================================================================
DAG File Processing Stats

File Path                                 PID    Runtime      # DAGs    # Errors  Last Runtime    Last Run               Last # of DB Queries
----------------------------------------  -----  ---------  --------  ----------  --------------  -------------------  ----------------------
/opt/airflow/dags/crypto_pipeline_dag.py                           1           0  0.12s           2026-06-16T13:51:11                      12
================================================================================
[2026-06-16T13:52:03.803+0000] {manager.py:997} INFO - 
================================================================================
DAG File Processing Stats

File Path                                 PID    Runtime      # DAGs    # Errors  Last Runtime    Last Run               Last # of DB Queries
----------------------------------------  -----  ---------  --------  ----------  --------------  -------------------  ----------------------
/opt/airflow/dags/crypto_pipeline_dag.py                           1           0  0.09s           2026-06-16T13:51:41                      12
================================================================================
[2026-06-16T13:52:34.073+0000] {manager.py:997} INFO - 
================================================================================
DAG File Processing Stats

File Path                                 PID    Runtime      # DAGs    # Errors  Last Runtime    Last Run               Last # of DB Queries
----------------------------------------  -----  ---------  --------  ----------  --------------  -------------------  ----------------------
/opt/airflow/dags/crypto_pipeline_dag.py                           1           0  0.13s           2026-06-16T13:52:19                      12
================================================================================
[2026-06-16T13:53:04.355+0000] {manager.py:997} INFO - 
================================================================================
DAG File Processing Stats

File Path                                 PID    Runtime      # DAGs    # Errors  Last Runtime    Last Run               Last # of DB Queries
----------------------------------------  -----  ---------  --------  ----------  --------------  -------------------  ----------------------
/opt/airflow/dags/crypto_pipeline_dag.py                           1           0  0.09s           2026-06-16T13:52:49                      12
================================================================================
[2026-06-16T13:53:34.625+0000] {manager.py:997} INFO - 
================================================================================
DAG File Processing Stats

File Path                                 PID    Runtime      # DAGs    # Errors  Last Runtime    Last Run               Last # of DB Queries
----------------------------------------  -----  ---------  --------  ----------  --------------  -------------------  ----------------------
/opt/airflow/dags/crypto_pipeline_dag.py                           1           0  0.08s           2026-06-16T13:53:19                      12
================================================================================
[2026-06-16T13:54:04.920+0000] {manager.py:997} INFO - 
================================================================================
DAG File Processing Stats

File Path                                 PID    Runtime      # DAGs    # Errors  Last Runtime    Last Run               Last # of DB Queries
----------------------------------------  -----  ---------  --------  ----------  --------------  -------------------  ----------------------
/opt/airflow/dags/crypto_pipeline_dag.py                           1           0  0.09s           2026-06-16T13:53:49                      12
================================================================================
[2026-06-16T13:54:24.101+0000] {manager.py:821} INFO - Searching for files in /opt/airflow/dags
[2026-06-16T13:54:24.115+0000] {manager.py:824} INFO - There are 1 files in /opt/airflow/dags
[2026-06-16T13:54:35.172+0000] {manager.py:997} INFO - 
================================================================================
DAG File Processing Stats

File Path                                 PID    Runtime      # DAGs    # Errors  Last Runtime    Last Run               Last # of DB Queries
----------------------------------------  -----  ---------  --------  ----------  --------------  -------------------  ----------------------
/opt/airflow/dags/crypto_pipeline_dag.py                           1           0  0.10s           2026-06-16T13:54:20                      12
================================================================================
[2026-06-16T13:55:05.434+0000] {manager.py:997} INFO - 
================================================================================
DAG File Processing Stats

File Path                                 PID    Runtime      # DAGs    # Errors  Last Runtime    Last Run               Last # of DB Queries
----------------------------------------  -----  ---------  --------  ----------  --------------  -------------------  ----------------------
/opt/airflow/dags/crypto_pipeline_dag.py                           1           0  0.13s           2026-06-16T13:54:50                      12
================================================================================
[2026-06-16T13:55:35.749+0000] {manager.py:997} INFO - 
================================================================================
DAG File Processing Stats

File Path                                 PID    Runtime      # DAGs    # Errors  Last Runtime    Last Run               Last # of DB Queries
----------------------------------------  -----  ---------  --------  ----------  --------------  -------------------  ----------------------
/opt/airflow/dags/crypto_pipeline_dag.py                           1           0  0.11s           2026-06-16T13:55:20                      12
================================================================================
[2026-06-16T13:56:06.025+0000] {manager.py:997} INFO - 
================================================================================
DAG File Processing Stats

File Path                                 PID    Runtime      # DAGs    # Errors  Last Runtime    Last Run               Last # of DB Queries
----------------------------------------  -----  ---------  --------  ----------  --------------  -------------------  ----------------------
/opt/airflow/dags/crypto_pipeline_dag.py                           1           0  0.12s           2026-06-16T13:55:51                      12
================================================================================
[2026-06-16T13:56:36.266+0000] {manager.py:997} INFO - 
================================================================================
DAG File Processing Stats

File Path                                 PID    Runtime      # DAGs    # Errors  Last Runtime    Last Run               Last # of DB Queries
----------------------------------------  -----  ---------  --------  ----------  --------------  -------------------  ----------------------
/opt/airflow/dags/crypto_pipeline_dag.py                           1           0  0.11s           2026-06-16T13:56:21                      12
================================================================================
[2026-06-16T13:57:06.599+0000] {manager.py:997} INFO - 
================================================================================
DAG File Processing Stats

File Path                                 PID    Runtime      # DAGs    # Errors  Last Runtime    Last Run               Last # of DB Queries
----------------------------------------  -----  ---------  --------  ----------  --------------  -------------------  ----------------------
/opt/airflow/dags/crypto_pipeline_dag.py                           1           0  0.22s           2026-06-16T13:56:51                      12
================================================================================
[2026-06-16T13:57:36.909+0000] {manager.py:997} INFO - 
================================================================================
DAG File Processing Stats

File Path                                 PID    Runtime      # DAGs    # Errors  Last Runtime    Last Run               Last # of DB Queries
----------------------------------------  -----  ---------  --------  ----------  --------------  -------------------  ----------------------
/opt/airflow/dags/crypto_pipeline_dag.py                           1           0  0.12s           2026-06-16T13:57:21                      12
================================================================================
[2026-06-16T13:58:07.143+0000] {manager.py:997} INFO - 
================================================================================
DAG File Processing Stats

File Path                                 PID    Runtime      # DAGs    # Errors  Last Runtime    Last Run               Last # of DB Queries
----------------------------------------  -----  ---------  --------  ----------  --------------  -------------------  ----------------------
/opt/airflow/dags/crypto_pipeline_dag.py                           1           0  0.09s           2026-06-16T13:57:52                      12
================================================================================
[2026-06-16T13:58:37.405+0000] {manager.py:997} INFO - 
================================================================================
DAG File Processing Stats

File Path                                 PID    Runtime      # DAGs    # Errors  Last Runtime    Last Run               Last # of DB Queries
----------------------------------------  -----  ---------  --------  ----------  --------------  -------------------  ----------------------
/opt/airflow/dags/crypto_pipeline_dag.py                           1           0  0.13s           2026-06-16T13:58:22                      12
================================================================================
[2026-06-16T13:59:07.735+0000] {manager.py:997} INFO - 
================================================================================
DAG File Processing Stats

File Path                                 PID    Runtime      # DAGs    # Errors  Last Runtime    Last Run               Last # of DB Queries
----------------------------------------  -----  ---------  --------  ----------  --------------  -------------------  ----------------------
/opt/airflow/dags/crypto_pipeline_dag.py                           1           0  0.11s           2026-06-16T13:58:52                      12
================================================================================
[2026-06-16T13:59:24.919+0000] {manager.py:821} INFO - Searching for files in /opt/airflow/dags
[2026-06-16T13:59:24.937+0000] {manager.py:824} INFO - There are 1 files in /opt/airflow/dags
[2026-06-16T13:59:38.011+0000] {manager.py:997} INFO - 
================================================================================
DAG File Processing Stats

File Path                                 PID    Runtime      # DAGs    # Errors  Last Runtime    Last Run               Last # of DB Queries
----------------------------------------  -----  ---------  --------  ----------  --------------  -------------------  ----------------------
/opt/airflow/dags/crypto_pipeline_dag.py                           1           0  0.12s           2026-06-16T13:59:23                      12
================================================================================
[2026-06-16T14:00:08.298+0000] {manager.py:997} INFO - 
================================================================================
DAG File Processing Stats

File Path                                 PID    Runtime      # DAGs    # Errors  Last Runtime    Last Run               Last # of DB Queries
----------------------------------------  -----  ---------  --------  ----------  --------------  -------------------  ----------------------
/opt/airflow/dags/crypto_pipeline_dag.py                           1           0  0.14s           2026-06-16T13:59:53                      12
================================================================================
[2026-06-16T14:00:38.529+0000] {manager.py:997} INFO - 
================================================================================
DAG File Processing Stats

File Path                                 PID    Runtime      # DAGs    # Errors  Last Runtime    Last Run               Last # of DB Queries
----------------------------------------  -----  ---------  --------  ----------  --------------  -------------------  ----------------------
/opt/airflow/dags/crypto_pipeline_dag.py                           1           0  0.09s           2026-06-16T14:00:23                      12
================================================================================
[2026-06-16T14:01:08.805+0000] {manager.py:997} INFO - 
================================================================================
DAG File Processing Stats

File Path                                 PID    Runtime      # DAGs    # Errors  Last Runtime    Last Run               Last # of DB Queries
----------------------------------------  -----  ---------  --------  ----------  --------------  -------------------  ----------------------
/opt/airflow/dags/crypto_pipeline_dag.py                           1           0  0.11s           2026-06-16T14:00:53                      12
================================================================================
[2026-06-16T14:01:39.091+0000] {manager.py:997} INFO - 
================================================================================
DAG File Processing Stats

File Path                                 PID    Runtime      # DAGs    # Errors  Last Runtime    Last Run               Last # of DB Queries
----------------------------------------  -----  ---------  --------  ----------  --------------  -------------------  ----------------------
/opt/airflow/dags/crypto_pipeline_dag.py                           1           0  0.13s           2026-06-16T14:01:24                      12
================================================================================
[2026-06-16T14:02:09.327+0000] {manager.py:997} INFO - 
================================================================================
DAG File Processing Stats

File Path                                 PID    Runtime      # DAGs    # Errors  Last Runtime    Last Run               Last # of DB Queries
----------------------------------------  -----  ---------  --------  ----------  --------------  -------------------  ----------------------
/opt/airflow/dags/crypto_pipeline_dag.py                           1           0  0.11s           2026-06-16T14:01:54                      12
================================================================================
[2026-06-16T14:02:39.542+0000] {manager.py:997} INFO - 
================================================================================
DAG File Processing Stats

File Path                                 PID    Runtime      # DAGs    # Errors  Last Runtime    Last Run               Last # of DB Queries
----------------------------------------  -----  ---------  --------  ----------  --------------  -------------------  ----------------------
/opt/airflow/dags/crypto_pipeline_dag.py                           1           0  0.09s           2026-06-16T14:02:24                      12
================================================================================
[2026-06-16T14:03:09.795+0000] {manager.py:997} INFO - 
================================================================================
DAG File Processing Stats

File Path                                 PID    Runtime      # DAGs    # Errors  Last Runtime    Last Run               Last # of DB Queries
----------------------------------------  -----  ---------  --------  ----------  --------------  -------------------  ----------------------
/opt/airflow/dags/crypto_pipeline_dag.py                           1           0  0.10s           2026-06-16T14:02:54                      12
================================================================================
[2026-06-16T14:03:40.022+0000] {manager.py:997} INFO - 
================================================================================
DAG File Processing Stats

File Path                                 PID    Runtime      # DAGs    # Errors  Last Runtime    Last Run               Last # of DB Queries
----------------------------------------  -----  ---------  --------  ----------  --------------  -------------------  ----------------------
/opt/airflow/dags/crypto_pipeline_dag.py                           1           0  0.13s           2026-06-16T14:03:25                      12
================================================================================
[2026-06-16T14:04:10.244+0000] {manager.py:997} INFO - 
================================================================================
DAG File Processing Stats

File Path                                 PID    Runtime      # DAGs    # Errors  Last Runtime    Last Run               Last # of DB Queries
----------------------------------------  -----  ---------  --------  ----------  --------------  -------------------  ----------------------
/opt/airflow/dags/crypto_pipeline_dag.py                           1           0  0.09s           2026-06-16T14:03:55                      12
================================================================================
[2026-06-16T14:04:25.361+0000] {manager.py:821} INFO - Searching for files in /opt/airflow/dags
[2026-06-16T14:04:25.377+0000] {manager.py:824} INFO - There are 1 files in /opt/airflow/dags
[2026-06-16T14:04:40.532+0000] {manager.py:997} INFO - 
================================================================================
DAG File Processing Stats

File Path                                 PID    Runtime      # DAGs    # Errors  Last Runtime    Last Run               Last # of DB Queries
----------------------------------------  -----  ---------  --------  ----------  --------------  -------------------  ----------------------
/opt/airflow/dags/crypto_pipeline_dag.py                           1           0  0.09s           2026-06-16T14:04:25                      12
================================================================================
[2026-06-16T14:05:10.770+0000] {manager.py:997} INFO - 
================================================================================
DAG File Processing Stats

File Path                                 PID    Runtime      # DAGs    # Errors  Last Runtime    Last Run               Last # of DB Queries
----------------------------------------  -----  ---------  --------  ----------  --------------  -------------------  ----------------------
/opt/airflow/dags/crypto_pipeline_dag.py                           1           0  0.16s           2026-06-16T14:04:55                      12
================================================================================
[2026-06-16T14:05:41.096+0000] {manager.py:997} INFO - 
================================================================================
DAG File Processing Stats

File Path                                 PID    Runtime      # DAGs    # Errors  Last Runtime    Last Run               Last # of DB Queries
----------------------------------------  -----  ---------  --------  ----------  --------------  -------------------  ----------------------
/opt/airflow/dags/crypto_pipeline_dag.py                           1           0  0.13s           2026-06-16T14:05:25                      12
================================================================================
[2026-06-16T14:06:11.337+0000] {manager.py:997} INFO - 
================================================================================
DAG File Processing Stats

File Path                                 PID    Runtime      # DAGs    # Errors  Last Runtime    Last Run               Last # of DB Queries
----------------------------------------  -----  ---------  --------  ----------  --------------  -------------------  ----------------------
/opt/airflow/dags/crypto_pipeline_dag.py                           1           0  0.14s           2026-06-16T14:05:56                      12
================================================================================
[2026-06-16T14:06:41.640+0000] {manager.py:997} INFO - 
================================================================================
DAG File Processing Stats

File Path                                 PID    Runtime      # DAGs    # Errors  Last Runtime    Last Run               Last # of DB Queries
----------------------------------------  -----  ---------  --------  ----------  --------------  -------------------  ----------------------
/opt/airflow/dags/crypto_pipeline_dag.py                           1           0  0.09s           2026-06-16T14:06:26                      12
================================================================================
[2026-06-16T14:07:11.875+0000] {manager.py:997} INFO - 
================================================================================
DAG File Processing Stats

File Path                                 PID    Runtime      # DAGs    # Errors  Last Runtime    Last Run               Last # of DB Queries
----------------------------------------  -----  ---------  --------  ----------  --------------  -------------------  ----------------------
/opt/airflow/dags/crypto_pipeline_dag.py                           1           0  0.10s           2026-06-16T14:06:56                      12
================================================================================
[2026-06-16T14:07:42.132+0000] {manager.py:997} INFO - 
================================================================================
DAG File Processing Stats

File Path                                 PID    Runtime      # DAGs    # Errors  Last Runtime    Last Run               Last # of DB Queries
----------------------------------------  -----  ---------  --------  ----------  --------------  -------------------  ----------------------
/opt/airflow/dags/crypto_pipeline_dag.py                           1           0  0.11s           2026-06-16T14:07:27                      12
================================================================================
[2026-06-16T14:08:12.394+0000] {manager.py:997} INFO - 
================================================================================
DAG File Processing Stats

File Path                                 PID    Runtime      # DAGs    # Errors  Last Runtime    Last Run               Last # of DB Queries
----------------------------------------  -----  ---------  --------  ----------  --------------  -------------------  ----------------------
/opt/airflow/dags/crypto_pipeline_dag.py                           1           0  0.16s           2026-06-16T14:07:57                      12
================================================================================
[2026-06-16T14:08:42.626+0000] {manager.py:997} INFO - 
================================================================================
DAG File Processing Stats

File Path                                 PID    Runtime      # DAGs    # Errors  Last Runtime    Last Run               Last # of DB Queries
----------------------------------------  -----  ---------  --------  ----------  --------------  -------------------  ----------------------
/opt/airflow/dags/crypto_pipeline_dag.py                           1           0  0.12s           2026-06-16T14:08:27                      12
================================================================================
[2026-06-16T14:09:12.973+0000] {manager.py:997} INFO - 
================================================================================
DAG File Processing Stats

File Path                                 PID    Runtime      # DAGs    # Errors  Last Runtime    Last Run               Last # of DB Queries
----------------------------------------  -----  ---------  --------  ----------  --------------  -------------------  ----------------------
/opt/airflow/dags/crypto_pipeline_dag.py                           1           0  0.11s           2026-06-16T14:08:57                      12
================================================================================
[2026-06-16T14:09:26.034+0000] {manager.py:821} INFO - Searching for files in /opt/airflow/dags
[2026-06-16T14:09:26.067+0000] {manager.py:824} INFO - There are 1 files in /opt/airflow/dags
[2026-06-16T14:09:43.261+0000] {manager.py:997} INFO - 
================================================================================
DAG File Processing Stats

File Path                                 PID    Runtime      # DAGs    # Errors  Last Runtime    Last Run               Last # of DB Queries
----------------------------------------  -----  ---------  --------  ----------  --------------  -------------------  ----------------------
/opt/airflow/dags/crypto_pipeline_dag.py                           1           0  0.09s           2026-06-16T14:09:28                      12
================================================================================
[2026-06-16T14:10:13.462+0000] {manager.py:997} INFO - 
================================================================================
DAG File Processing Stats

File Path                                 PID    Runtime      # DAGs    # Errors  Last Runtime    Last Run               Last # of DB Queries
----------------------------------------  -----  ---------  --------  ----------  --------------  -------------------  ----------------------
/opt/airflow/dags/crypto_pipeline_dag.py                           1           0  0.11s           2026-06-16T14:09:58                      12
================================================================================
[2026-06-16T14:10:43.784+0000] {manager.py:997} INFO - 
================================================================================
DAG File Processing Stats

File Path                                 PID    Runtime      # DAGs    # Errors  Last Runtime    Last Run               Last # of DB Queries
----------------------------------------  -----  ---------  --------  ----------  --------------  -------------------  ----------------------
/opt/airflow/dags/crypto_pipeline_dag.py                           1           0  0.10s           2026-06-16T14:10:28                      12
================================================================================
[2026-06-16T14:11:13.988+0000] {manager.py:997} INFO - 
================================================================================
DAG File Processing Stats

File Path                                 PID    Runtime      # DAGs    # Errors  Last Runtime    Last Run               Last # of DB Queries
----------------------------------------  -----  ---------  --------  ----------  --------------  -------------------  ----------------------
/opt/airflow/dags/crypto_pipeline_dag.py                           1           0  0.10s           2026-06-16T14:10:58                      12
================================================================================
[2026-06-16T14:11:44.265+0000] {manager.py:997} INFO - 
================================================================================
DAG File Processing Stats

File Path                                 PID    Runtime      # DAGs    # Errors  Last Runtime    Last Run               Last # of DB Queries
----------------------------------------  -----  ---------  --------  ----------  --------------  -------------------  ----------------------
/opt/airflow/dags/crypto_pipeline_dag.py                           1           0  0.13s           2026-06-16T14:11:29                      12
================================================================================
[2026-06-16T14:12:14.534+0000] {manager.py:997} INFO - 
================================================================================
DAG File Processing Stats

File Path                                 PID    Runtime      # DAGs    # Errors  Last Runtime    Last Run               Last # of DB Queries
----------------------------------------  -----  ---------  --------  ----------  --------------  -------------------  ----------------------
/opt/airflow/dags/crypto_pipeline_dag.py                           1           0  0.13s           2026-06-16T14:11:59                      12
================================================================================
[2026-06-16T14:12:44.765+0000] {manager.py:997} INFO - 
================================================================================
DAG File Processing Stats

File Path                                 PID    Runtime      # DAGs    # Errors  Last Runtime    Last Run               Last # of DB Queries
----------------------------------------  -----  ---------  --------  ----------  --------------  -------------------  ----------------------
/opt/airflow/dags/crypto_pipeline_dag.py                           1           0  0.10s           2026-06-16T14:12:29                      12
================================================================================
[2026-06-16T14:13:15.047+0000] {manager.py:997} INFO - 
================================================================================
DAG File Processing Stats

File Path                                 PID    Runtime      # DAGs    # Errors  Last Runtime    Last Run               Last # of DB Queries
----------------------------------------  -----  ---------  --------  ----------  --------------  -------------------  ----------------------
/opt/airflow/dags/crypto_pipeline_dag.py                           1           0  0.13s           2026-06-16T14:12:59                      12
================================================================================
[2026-06-16T14:13:45.347+0000] {manager.py:997} INFO - 
================================================================================
DAG File Processing Stats

File Path                                 PID    Runtime      # DAGs    # Errors  Last Runtime    Last Run               Last # of DB Queries
----------------------------------------  -----  ---------  --------  ----------  --------------  -------------------  ----------------------
/opt/airflow/dags/crypto_pipeline_dag.py                           1           0  0.16s           2026-06-16T14:13:30                      12
================================================================================
[2026-06-16T14:14:15.642+0000] {manager.py:997} INFO - 
================================================================================
DAG File Processing Stats

File Path                                 PID    Runtime      # DAGs    # Errors  Last Runtime    Last Run               Last # of DB Queries
----------------------------------------  -----  ---------  --------  ----------  --------------  -------------------  ----------------------
/opt/airflow/dags/crypto_pipeline_dag.py                           1           0  0.09s           2026-06-16T14:14:00                      12
================================================================================
[2026-06-16T14:14:26.698+0000] {manager.py:821} INFO - Searching for files in /opt/airflow/dags
[2026-06-16T14:14:26.710+0000] {manager.py:824} INFO - There are 1 files in /opt/airflow/dags
[2026-06-16T14:14:45.895+0000] {manager.py:997} INFO - 
================================================================================
DAG File Processing Stats

File Path                                 PID    Runtime      # DAGs    # Errors  Last Runtime    Last Run               Last # of DB Queries
----------------------------------------  -----  ---------  --------  ----------  --------------  -------------------  ----------------------
/opt/airflow/dags/crypto_pipeline_dag.py                           1           0  0.10s           2026-06-16T14:14:30                      12
================================================================================
[2026-06-16T14:15:16.148+0000] {manager.py:997} INFO - 
================================================================================
DAG File Processing Stats

File Path                                 PID    Runtime      # DAGs    # Errors  Last Runtime    Last Run               Last # of DB Queries
----------------------------------------  -----  ---------  --------  ----------  --------------  -------------------  ----------------------
/opt/airflow/dags/crypto_pipeline_dag.py                           1           0  0.15s           2026-06-16T14:15:01                      12
================================================================================
[2026-06-16T14:15:46.458+0000] {manager.py:997} INFO - 
================================================================================
DAG File Processing Stats

File Path                                 PID    Runtime      # DAGs    # Errors  Last Runtime    Last Run               Last # of DB Queries
----------------------------------------  -----  ---------  --------  ----------  --------------  -------------------  ----------------------
/opt/airflow/dags/crypto_pipeline_dag.py                           1           0  0.09s           2026-06-16T14:15:31                      12
================================================================================
[2026-06-16T14:16:16.697+0000] {manager.py:997} INFO - 
================================================================================
DAG File Processing Stats

File Path                                 PID    Runtime      # DAGs    # Errors  Last Runtime    Last Run               Last # of DB Queries
----------------------------------------  -----  ---------  --------  ----------  --------------  -------------------  ----------------------
/opt/airflow/dags/crypto_pipeline_dag.py                           1           0  0.16s           2026-06-16T14:16:01                      12
================================================================================
[2026-06-16T14:16:46.981+0000] {manager.py:997} INFO - 
================================================================================
DAG File Processing Stats

File Path                                 PID    Runtime      # DAGs    # Errors  Last Runtime    Last Run               Last # of DB Queries
----------------------------------------  -----  ---------  --------  ----------  --------------  -------------------  ----------------------
/opt/airflow/dags/crypto_pipeline_dag.py                           1           0  0.11s           2026-06-16T14:16:31                      12
================================================================================
[2026-06-16T14:17:17.171+0000] {manager.py:997} INFO - 
================================================================================
DAG File Processing Stats

File Path                                 PID    Runtime      # DAGs    # Errors  Last Runtime    Last Run               Last # of DB Queries
----------------------------------------  -----  ---------  --------  ----------  --------------  -------------------  ----------------------
/opt/airflow/dags/crypto_pipeline_dag.py                           1           0  0.11s           2026-06-16T14:17:02                      12
================================================================================
[2026-06-16T14:17:47.438+0000] {manager.py:997} INFO - 
================================================================================
DAG File Processing Stats

File Path                                 PID    Runtime      # DAGs    # Errors  Last Runtime    Last Run               Last # of DB Queries
----------------------------------------  -----  ---------  --------  ----------  --------------  -------------------  ----------------------
/opt/airflow/dags/crypto_pipeline_dag.py                           1           0  0.15s           2026-06-16T14:17:32                      12
================================================================================
[2026-06-16T14:18:17.696+0000] {manager.py:997} INFO - 
================================================================================
DAG File Processing Stats

File Path                                 PID    Runtime      # DAGs    # Errors  Last Runtime    Last Run               Last # of DB Queries
----------------------------------------  -----  ---------  --------  ----------  --------------  -------------------  ----------------------
/opt/airflow/dags/crypto_pipeline_dag.py                           1           0  0.11s           2026-06-16T14:18:02                      12
================================================================================
[2026-06-16T14:18:47.961+0000] {manager.py:997} INFO - 
================================================================================
DAG File Processing Stats

File Path                                 PID    Runtime      # DAGs    # Errors  Last Runtime    Last Run               Last # of DB Queries
----------------------------------------  -----  ---------  --------  ----------  --------------  -------------------  ----------------------
/opt/airflow/dags/crypto_pipeline_dag.py                           1           0  0.13s           2026-06-16T14:18:32                      12
================================================================================
[2026-06-16T14:19:18.178+0000] {manager.py:997} INFO - 
================================================================================
DAG File Processing Stats

File Path                                 PID    Runtime      # DAGs    # Errors  Last Runtime    Last Run               Last # of DB Queries
----------------------------------------  -----  ---------  --------  ----------  --------------  -------------------  ----------------------
/opt/airflow/dags/crypto_pipeline_dag.py                           1           0  0.11s           2026-06-16T14:19:03                      12
================================================================================
[2026-06-16T14:19:27.198+0000] {manager.py:821} INFO - Searching for files in /opt/airflow/dags
[2026-06-16T14:19:27.240+0000] {manager.py:824} INFO - There are 1 files in /opt/airflow/dags
[2026-06-16T14:19:48.438+0000] {manager.py:997} INFO - 
================================================================================
DAG File Processing Stats

File Path                                 PID    Runtime      # DAGs    # Errors  Last Runtime    Last Run               Last # of DB Queries
----------------------------------------  -----  ---------  --------  ----------  --------------  -------------------  ----------------------
/opt/airflow/dags/crypto_pipeline_dag.py                           1           0  0.10s           2026-06-16T14:19:33                      12
================================================================================
[2026-06-16T14:20:18.689+0000] {manager.py:997} INFO - 
================================================================================
DAG File Processing Stats

File Path                                 PID    Runtime      # DAGs    # Errors  Last Runtime    Last Run               Last # of DB Queries
----------------------------------------  -----  ---------  --------  ----------  --------------  -------------------  ----------------------
/opt/airflow/dags/crypto_pipeline_dag.py                           1           0  0.09s           2026-06-16T14:20:03                      12
================================================================================
[2026-06-16T14:20:48.980+0000] {manager.py:997} INFO - 
================================================================================
DAG File Processing Stats

File Path                                 PID    Runtime      # DAGs    # Errors  Last Runtime    Last Run               Last # of DB Queries
----------------------------------------  -----  ---------  --------  ----------  --------------  -------------------  ----------------------
/opt/airflow/dags/crypto_pipeline_dag.py                           1           0  0.11s           2026-06-16T14:20:33                      12
================================================================================
[2026-06-16T14:21:19.247+0000] {manager.py:997} INFO - 
================================================================================
DAG File Processing Stats

File Path                                 PID    Runtime      # DAGs    # Errors  Last Runtime    Last Run               Last # of DB Queries
----------------------------------------  -----  ---------  --------  ----------  --------------  -------------------  ----------------------
/opt/airflow/dags/crypto_pipeline_dag.py                           1           0  0.11s           2026-06-16T14:21:04                      12
================================================================================
[2026-06-16T14:21:49.448+0000] {manager.py:997} INFO - 
================================================================================
DAG File Processing Stats

File Path                                 PID    Runtime      # DAGs    # Errors  Last Runtime    Last Run               Last # of DB Queries
----------------------------------------  -----  ---------  --------  ----------  --------------  -------------------  ----------------------
/opt/airflow/dags/crypto_pipeline_dag.py                           1           0  0.09s           2026-06-16T14:21:34                      12
================================================================================
[2026-06-16T14:22:19.740+0000] {manager.py:997} INFO - 
================================================================================
DAG File Processing Stats

File Path                                 PID    Runtime      # DAGs    # Errors  Last Runtime    Last Run               Last # of DB Queries
----------------------------------------  -----  ---------  --------  ----------  --------------  -------------------  ----------------------
/opt/airflow/dags/crypto_pipeline_dag.py                           1           0  0.10s           2026-06-16T14:22:04                      12
================================================================================
[2026-06-16T14:22:49.982+0000] {manager.py:997} INFO - 
================================================================================
DAG File Processing Stats

File Path                                 PID    Runtime      # DAGs    # Errors  Last Runtime    Last Run               Last # of DB Queries
----------------------------------------  -----  ---------  --------  ----------  --------------  -------------------  ----------------------
/opt/airflow/dags/crypto_pipeline_dag.py                           1           0  0.10s           2026-06-16T14:22:34                      12
================================================================================
[2026-06-16T14:23:20.201+0000] {manager.py:997} INFO - 
================================================================================
DAG File Processing Stats

File Path                                 PID    Runtime      # DAGs    # Errors  Last Runtime    Last Run               Last # of DB Queries
----------------------------------------  -----  ---------  --------  ----------  --------------  -------------------  ----------------------
/opt/airflow/dags/crypto_pipeline_dag.py                           1           0  0.13s           2026-06-16T14:23:05                      12
================================================================================
[2026-06-16T14:23:50.549+0000] {manager.py:997} INFO - 
================================================================================
DAG File Processing Stats

File Path                                 PID    Runtime      # DAGs    # Errors  Last Runtime    Last Run               Last # of DB Queries
----------------------------------------  -----  ---------  --------  ----------  --------------  -------------------  ----------------------
/opt/airflow/dags/crypto_pipeline_dag.py                           1           0  0.17s           2026-06-16T14:23:35                      12
================================================================================
[2026-06-16T14:24:20.839+0000] {manager.py:997} INFO - 
================================================================================
DAG File Processing Stats

File Path                                 PID    Runtime      # DAGs    # Errors  Last Runtime    Last Run               Last # of DB Queries
----------------------------------------  -----  ---------  --------  ----------  --------------  -------------------  ----------------------
/opt/airflow/dags/crypto_pipeline_dag.py                           1           0  0.10s           2026-06-16T14:24:05                      12
================================================================================
[2026-06-16T14:24:27.858+0000] {manager.py:821} INFO - Searching for files in /opt/airflow/dags
[2026-06-16T14:24:27.892+0000] {manager.py:824} INFO - There are 1 files in /opt/airflow/dags
[2026-06-16T14:24:51.175+0000] {manager.py:997} INFO - 
================================================================================
DAG File Processing Stats

File Path                                 PID    Runtime      # DAGs    # Errors  Last Runtime    Last Run               Last # of DB Queries
----------------------------------------  -----  ---------  --------  ----------  --------------  -------------------  ----------------------
/opt/airflow/dags/crypto_pipeline_dag.py                           1           0  0.13s           2026-06-16T14:24:36                      12
================================================================================
[2026-06-16T14:25:21.453+0000] {manager.py:997} INFO - 
================================================================================
DAG File Processing Stats

File Path                                 PID    Runtime      # DAGs    # Errors  Last Runtime    Last Run               Last # of DB Queries
----------------------------------------  -----  ---------  --------  ----------  --------------  -------------------  ----------------------
/opt/airflow/dags/crypto_pipeline_dag.py                           1           0  0.10s           2026-06-16T14:25:06                      12
================================================================================
[2026-06-16T14:25:51.715+0000] {manager.py:997} INFO - 
================================================================================
DAG File Processing Stats

File Path                                 PID    Runtime      # DAGs    # Errors  Last Runtime    Last Run               Last # of DB Queries
----------------------------------------  -----  ---------  --------  ----------  --------------  -------------------  ----------------------
/opt/airflow/dags/crypto_pipeline_dag.py                           1           0  0.08s           2026-06-16T14:25:36                      12
================================================================================
[2026-06-16T14:26:21.948+0000] {manager.py:997} INFO - 
================================================================================
DAG File Processing Stats

File Path                                 PID    Runtime      # DAGs    # Errors  Last Runtime    Last Run               Last # of DB Queries
----------------------------------------  -----  ---------  --------  ----------  --------------  -------------------  ----------------------
/opt/airflow/dags/crypto_pipeline_dag.py                           1           0  0.12s           2026-06-16T14:26:06                      12
================================================================================
[2026-06-16T14:26:52.280+0000] {manager.py:997} INFO - 
================================================================================
DAG File Processing Stats

File Path                                 PID    Runtime      # DAGs    # Errors  Last Runtime    Last Run               Last # of DB Queries
----------------------------------------  -----  ---------  --------  ----------  --------------  -------------------  ----------------------
/opt/airflow/dags/crypto_pipeline_dag.py                           1           0  0.13s           2026-06-16T14:26:37                      12
================================================================================
[2026-06-16T14:27:22.537+0000] {manager.py:997} INFO - 
================================================================================
DAG File Processing Stats

File Path                                 PID    Runtime      # DAGs    # Errors  Last Runtime    Last Run               Last # of DB Queries
----------------------------------------  -----  ---------  --------  ----------  --------------  -------------------  ----------------------
/opt/airflow/dags/crypto_pipeline_dag.py                           1           0  0.14s           2026-06-16T14:27:07                      12
================================================================================
[2026-06-16T14:27:52.837+0000] {manager.py:997} INFO - 
================================================================================
DAG File Processing Stats

File Path                                 PID    Runtime      # DAGs    # Errors  Last Runtime    Last Run               Last # of DB Queries
----------------------------------------  -----  ---------  --------  ----------  --------------  -------------------  ----------------------
/opt/airflow/dags/crypto_pipeline_dag.py                           1           0  0.13s           2026-06-16T14:27:37                      12
================================================================================
[2026-06-16T14:28:23.097+0000] {manager.py:997} INFO - 
================================================================================
DAG File Processing Stats

File Path                                 PID    Runtime      # DAGs    # Errors  Last Runtime    Last Run               Last # of DB Queries
----------------------------------------  -----  ---------  --------  ----------  --------------  -------------------  ----------------------
/opt/airflow/dags/crypto_pipeline_dag.py                           1           0  0.09s           2026-06-16T14:28:08                      12
================================================================================
[2026-06-16T14:28:53.343+0000] {manager.py:997} INFO - 
================================================================================
DAG File Processing Stats

File Path                                 PID    Runtime      # DAGs    # Errors  Last Runtime    Last Run               Last # of DB Queries
----------------------------------------  -----  ---------  --------  ----------  --------------  -------------------  ----------------------
/opt/airflow/dags/crypto_pipeline_dag.py                           1           0  0.18s           2026-06-16T14:28:38                      12
================================================================================
[2026-06-16T14:29:23.626+0000] {manager.py:997} INFO - 
================================================================================
DAG File Processing Stats

File Path                                 PID    Runtime      # DAGs    # Errors  Last Runtime    Last Run               Last # of DB Queries
----------------------------------------  -----  ---------  --------  ----------  --------------  -------------------  ----------------------
/opt/airflow/dags/crypto_pipeline_dag.py                           1           0  0.11s           2026-06-16T14:29:08                      12
================================================================================
[2026-06-16T14:29:28.611+0000] {manager.py:821} INFO - Searching for files in /opt/airflow/dags
[2026-06-16T14:29:28.626+0000] {manager.py:824} INFO - There are 1 files in /opt/airflow/dags
[2026-06-16T14:29:53.867+0000] {manager.py:997} INFO - 
================================================================================
DAG File Processing Stats

File Path                                 PID    Runtime      # DAGs    # Errors  Last Runtime    Last Run               Last # of DB Queries
----------------------------------------  -----  ---------  --------  ----------  --------------  -------------------  ----------------------
/opt/airflow/dags/crypto_pipeline_dag.py                           1           0  0.09s           2026-06-16T14:29:38                      12
================================================================================
[2026-06-16T14:30:24.191+0000] {manager.py:997} INFO - 
================================================================================
DAG File Processing Stats

File Path                                 PID    Runtime      # DAGs    # Errors  Last Runtime    Last Run               Last # of DB Queries
----------------------------------------  -----  ---------  --------  ----------  --------------  -------------------  ----------------------
/opt/airflow/dags/crypto_pipeline_dag.py                           1           0  0.09s           2026-06-16T14:30:09                      12
================================================================================
[2026-06-16T14:30:54.480+0000] {manager.py:997} INFO - 
================================================================================
DAG File Processing Stats

File Path                                 PID    Runtime      # DAGs    # Errors  Last Runtime    Last Run               Last # of DB Queries
----------------------------------------  -----  ---------  --------  ----------  --------------  -------------------  ----------------------
/opt/airflow/dags/crypto_pipeline_dag.py                           1           0  0.09s           2026-06-16T14:30:39                      12
================================================================================
[2026-06-16T14:31:24.737+0000] {manager.py:997} INFO - 
================================================================================
DAG File Processing Stats

File Path                                 PID    Runtime      # DAGs    # Errors  Last Runtime    Last Run               Last # of DB Queries
----------------------------------------  -----  ---------  --------  ----------  --------------  -------------------  ----------------------
/opt/airflow/dags/crypto_pipeline_dag.py                           1           0  0.09s           2026-06-16T14:31:09                      12
================================================================================
[2026-06-16T14:31:55.001+0000] {manager.py:997} INFO - 
================================================================================
DAG File Processing Stats

File Path                                 PID    Runtime      # DAGs    # Errors  Last Runtime    Last Run               Last # of DB Queries
----------------------------------------  -----  ---------  --------  ----------  --------------  -------------------  ----------------------
/opt/airflow/dags/crypto_pipeline_dag.py                           1           0  0.13s           2026-06-16T14:31:40                      12
================================================================================
[2026-06-16T14:32:25.313+0000] {manager.py:997} INFO - 
================================================================================
DAG File Processing Stats

File Path                                 PID    Runtime      # DAGs    # Errors  Last Runtime    Last Run               Last # of DB Queries
----------------------------------------  -----  ---------  --------  ----------  --------------  -------------------  ----------------------
/opt/airflow/dags/crypto_pipeline_dag.py                           1           0  0.10s           2026-06-16T14:32:10                      12
================================================================================
[2026-06-16T14:32:55.571+0000] {manager.py:997} INFO - 
================================================================================
DAG File Processing Stats

File Path                                 PID    Runtime      # DAGs    # Errors  Last Runtime    Last Run               Last # of DB Queries
----------------------------------------  -----  ---------  --------  ----------  --------------  -------------------  ----------------------
/opt/airflow/dags/crypto_pipeline_dag.py                           1           0  0.18s           2026-06-16T14:32:40                      12
================================================================================
[2026-06-16T14:33:25.956+0000] {manager.py:997} INFO - 
================================================================================
DAG File Processing Stats

File Path                                 PID    Runtime      # DAGs    # Errors  Last Runtime    Last Run               Last # of DB Queries
----------------------------------------  -----  ---------  --------  ----------  --------------  -------------------  ----------------------
/opt/airflow/dags/crypto_pipeline_dag.py                           1           0  0.13s           2026-06-16T14:33:10                      12
================================================================================
[2026-06-16T14:33:56.180+0000] {manager.py:997} INFO - 
================================================================================
DAG File Processing Stats

File Path                                 PID    Runtime      # DAGs    # Errors  Last Runtime    Last Run               Last # of DB Queries
----------------------------------------  -----  ---------  --------  ----------  --------------  -------------------  ----------------------
/opt/airflow/dags/crypto_pipeline_dag.py                           1           0  0.10s           2026-06-16T14:33:41                      12
================================================================================
[2026-06-16T14:34:26.527+0000] {manager.py:997} INFO - 
================================================================================
DAG File Processing Stats

File Path                                 PID    Runtime      # DAGs    # Errors  Last Runtime    Last Run               Last # of DB Queries
----------------------------------------  -----  ---------  --------  ----------  --------------  -------------------  ----------------------
/opt/airflow/dags/crypto_pipeline_dag.py                           1           0  0.12s           2026-06-16T14:34:11                      12
================================================================================
[2026-06-16T14:34:29.543+0000] {manager.py:821} INFO - Searching for files in /opt/airflow/dags
[2026-06-16T14:34:29.565+0000] {manager.py:824} INFO - There are 1 files in /opt/airflow/dags
[2026-06-16T14:34:56.752+0000] {manager.py:997} INFO - 
================================================================================
DAG File Processing Stats

File Path                                 PID    Runtime      # DAGs    # Errors  Last Runtime    Last Run               Last # of DB Queries
----------------------------------------  -----  ---------  --------  ----------  --------------  -------------------  ----------------------
/opt/airflow/dags/crypto_pipeline_dag.py                           1           0  0.10s           2026-06-16T14:34:41                      12
================================================================================
[2026-06-16T14:35:27.004+0000] {manager.py:997} INFO - 
================================================================================
DAG File Processing Stats

File Path                                 PID    Runtime      # DAGs    # Errors  Last Runtime    Last Run               Last # of DB Queries
----------------------------------------  -----  ---------  --------  ----------  --------------  -------------------  ----------------------
/opt/airflow/dags/crypto_pipeline_dag.py                           1           0  0.15s           2026-06-16T14:35:12                      12
================================================================================
[2026-06-16T14:35:57.325+0000] {manager.py:997} INFO - 
================================================================================
DAG File Processing Stats

File Path                                 PID    Runtime      # DAGs    # Errors  Last Runtime    Last Run               Last # of DB Queries
----------------------------------------  -----  ---------  --------  ----------  --------------  -------------------  ----------------------
/opt/airflow/dags/crypto_pipeline_dag.py                           1           0  0.11s           2026-06-16T14:35:42                      12
================================================================================
[2026-06-16T14:36:27.575+0000] {manager.py:997} INFO - 
================================================================================
DAG File Processing Stats

File Path                                 PID    Runtime      # DAGs    # Errors  Last Runtime    Last Run               Last # of DB Queries
----------------------------------------  -----  ---------  --------  ----------  --------------  -------------------  ----------------------
/opt/airflow/dags/crypto_pipeline_dag.py                           1           0  0.09s           2026-06-16T14:36:12                      12
================================================================================
[2026-06-16T14:36:57.785+0000] {manager.py:997} INFO - 
================================================================================
DAG File Processing Stats

File Path                                 PID    Runtime      # DAGs    # Errors  Last Runtime    Last Run               Last # of DB Queries
----------------------------------------  -----  ---------  --------  ----------  --------------  -------------------  ----------------------
/opt/airflow/dags/crypto_pipeline_dag.py                           1           0  0.12s           2026-06-16T14:36:42                      12
================================================================================
[2026-06-16T14:37:28.038+0000] {manager.py:997} INFO - 
================================================================================
DAG File Processing Stats

File Path                                 PID    Runtime      # DAGs    # Errors  Last Runtime    Last Run               Last # of DB Queries
----------------------------------------  -----  ---------  --------  ----------  --------------  -------------------  ----------------------
/opt/airflow/dags/crypto_pipeline_dag.py                           1           0  0.11s           2026-06-16T14:37:13                      12
================================================================================
[2026-06-16T14:37:58.218+0000] {manager.py:997} INFO - 
================================================================================
DAG File Processing Stats

File Path                                 PID    Runtime      # DAGs    # Errors  Last Runtime    Last Run               Last # of DB Queries
----------------------------------------  -----  ---------  --------  ----------  --------------  -------------------  ----------------------
/opt/airflow/dags/crypto_pipeline_dag.py                           1           0  0.13s           2026-06-16T14:37:43                      12
================================================================================
[2026-06-16T14:38:28.531+0000] {manager.py:997} INFO - 
================================================================================
DAG File Processing Stats

File Path                                 PID    Runtime      # DAGs    # Errors  Last Runtime    Last Run               Last # of DB Queries
----------------------------------------  -----  ---------  --------  ----------  --------------  -------------------  ----------------------
/opt/airflow/dags/crypto_pipeline_dag.py                           1           0  0.16s           2026-06-16T14:38:13                      12
================================================================================
[2026-06-16T14:38:58.783+0000] {manager.py:997} INFO - 
================================================================================
DAG File Processing Stats

File Path                                 PID    Runtime      # DAGs    # Errors  Last Runtime    Last Run               Last # of DB Queries
----------------------------------------  -----  ---------  --------  ----------  --------------  -------------------  ----------------------
/opt/airflow/dags/crypto_pipeline_dag.py                           1           0  0.13s           2026-06-16T14:38:43                      12
================================================================================
[2026-06-16T14:39:29.055+0000] {manager.py:997} INFO - 
================================================================================
DAG File Processing Stats

File Path                                 PID    Runtime      # DAGs    # Errors  Last Runtime    Last Run               Last # of DB Queries
----------------------------------------  -----  ---------  --------  ----------  --------------  -------------------  ----------------------
/opt/airflow/dags/crypto_pipeline_dag.py                           1           0  0.49s           2026-06-16T14:39:27                      34
================================================================================
[2026-06-16T14:39:30.058+0000] {manager.py:821} INFO - Searching for files in /opt/airflow/dags
[2026-06-16T14:39:30.069+0000] {manager.py:824} INFO - There are 1 files in /opt/airflow/dags
[2026-06-16T14:39:59.285+0000] {manager.py:997} INFO - 
================================================================================
DAG File Processing Stats

File Path                                 PID    Runtime      # DAGs    # Errors  Last Runtime    Last Run               Last # of DB Queries
----------------------------------------  -----  ---------  --------  ----------  --------------  -------------------  ----------------------
/opt/airflow/dags/crypto_pipeline_dag.py                           1           0  0.09s           2026-06-16T14:39:35                      11
================================================================================
[2026-06-16T14:40:29.558+0000] {manager.py:997} INFO - 
================================================================================
DAG File Processing Stats

File Path                                 PID    Runtime      # DAGs    # Errors  Last Runtime    Last Run               Last # of DB Queries
----------------------------------------  -----  ---------  --------  ----------  --------------  -------------------  ----------------------
/opt/airflow/dags/crypto_pipeline_dag.py                           1           0  0.11s           2026-06-16T14:40:05                      12
================================================================================
[2026-06-16T14:40:59.806+0000] {manager.py:997} INFO - 
================================================================================
DAG File Processing Stats

File Path                                 PID    Runtime      # DAGs    # Errors  Last Runtime    Last Run               Last # of DB Queries
----------------------------------------  -----  ---------  --------  ----------  --------------  -------------------  ----------------------
/opt/airflow/dags/crypto_pipeline_dag.py                           1           0  0.10s           2026-06-16T14:40:35                      12
================================================================================
[2026-06-16T14:41:30.070+0000] {manager.py:997} INFO - 
================================================================================
DAG File Processing Stats

File Path                                 PID    Runtime      # DAGs    # Errors  Last Runtime    Last Run               Last # of DB Queries
----------------------------------------  -----  ---------  --------  ----------  --------------  -------------------  ----------------------
/opt/airflow/dags/crypto_pipeline_dag.py                           1           0  0.10s           2026-06-16T14:41:05                      12
================================================================================
[2026-06-16T14:42:00.344+0000] {manager.py:997} INFO - 
================================================================================
DAG File Processing Stats

File Path                                 PID    Runtime      # DAGs    # Errors  Last Runtime    Last Run               Last # of DB Queries
----------------------------------------  -----  ---------  --------  ----------  --------------  -------------------  ----------------------
/opt/airflow/dags/crypto_pipeline_dag.py                           1           0  0.13s           2026-06-16T14:41:36                      12
================================================================================
[2026-06-16T14:42:30.625+0000] {manager.py:997} INFO - 
================================================================================
DAG File Processing Stats

File Path                                 PID    Runtime      # DAGs    # Errors  Last Runtime    Last Run               Last # of DB Queries
----------------------------------------  -----  ---------  --------  ----------  --------------  -------------------  ----------------------
/opt/airflow/dags/crypto_pipeline_dag.py                           1           0  0.16s           2026-06-16T14:42:06                      12
================================================================================
[2026-06-16T14:43:00.888+0000] {manager.py:997} INFO - 
================================================================================
DAG File Processing Stats

File Path                                 PID    Runtime      # DAGs    # Errors  Last Runtime    Last Run               Last # of DB Queries
----------------------------------------  -----  ---------  --------  ----------  --------------  -------------------  ----------------------
/opt/airflow/dags/crypto_pipeline_dag.py                           1           0  0.14s           2026-06-16T14:42:36                      12
================================================================================
[2026-06-16T14:43:31.144+0000] {manager.py:997} INFO - 
================================================================================
DAG File Processing Stats

File Path                                 PID    Runtime      # DAGs    # Errors  Last Runtime    Last Run               Last # of DB Queries
----------------------------------------  -----  ---------  --------  ----------  --------------  -------------------  ----------------------
/opt/airflow/dags/crypto_pipeline_dag.py                           1           0  0.15s           2026-06-16T14:43:07                      12
================================================================================
[2026-06-16T14:44:01.421+0000] {manager.py:997} INFO - 
================================================================================
DAG File Processing Stats

File Path                                 PID    Runtime      # DAGs    # Errors  Last Runtime    Last Run               Last # of DB Queries
----------------------------------------  -----  ---------  --------  ----------  --------------  -------------------  ----------------------
/opt/airflow/dags/crypto_pipeline_dag.py                           1           0  0.20s           2026-06-16T14:43:48                      34
================================================================================
[2026-06-16T14:44:30.821+0000] {manager.py:821} INFO - Searching for files in /opt/airflow/dags
[2026-06-16T14:44:30.838+0000] {manager.py:824} INFO - There are 1 files in /opt/airflow/dags
[2026-06-16T14:44:31.860+0000] {manager.py:997} INFO - 
================================================================================
DAG File Processing Stats

File Path                                 PID    Runtime      # DAGs    # Errors  Last Runtime    Last Run               Last # of DB Queries
----------------------------------------  -----  ---------  --------  ----------  --------------  -------------------  ----------------------
/opt/airflow/dags/crypto_pipeline_dag.py                           1           0  0.10s           2026-06-16T14:44:18                      12
================================================================================
[2026-06-16T14:45:02.128+0000] {manager.py:997} INFO - 
================================================================================
DAG File Processing Stats

File Path                                 PID    Runtime      # DAGs    # Errors  Last Runtime    Last Run               Last # of DB Queries
----------------------------------------  -----  ---------  --------  ----------  --------------  -------------------  ----------------------
/opt/airflow/dags/crypto_pipeline_dag.py                           1           0  0.09s           2026-06-16T14:44:49                      12
================================================================================
[2026-06-16T14:45:32.326+0000] {manager.py:997} INFO - 
================================================================================
DAG File Processing Stats

File Path                                 PID    Runtime      # DAGs    # Errors  Last Runtime    Last Run               Last # of DB Queries
----------------------------------------  -----  ---------  --------  ----------  --------------  -------------------  ----------------------
/opt/airflow/dags/crypto_pipeline_dag.py                           1           0  0.09s           2026-06-16T14:45:19                      12
================================================================================
[2026-06-16T14:46:02.599+0000] {manager.py:997} INFO - 
================================================================================
DAG File Processing Stats

File Path                                 PID    Runtime      # DAGs    # Errors  Last Runtime    Last Run               Last # of DB Queries
----------------------------------------  -----  ---------  --------  ----------  --------------  -------------------  ----------------------
/opt/airflow/dags/crypto_pipeline_dag.py                           1           0  0.09s           2026-06-16T14:45:49                      12
================================================================================
[2026-06-16T14:46:32.893+0000] {manager.py:997} INFO - 
================================================================================
DAG File Processing Stats

File Path                                 PID    Runtime      # DAGs    # Errors  Last Runtime    Last Run               Last # of DB Queries
----------------------------------------  -----  ---------  --------  ----------  --------------  -------------------  ----------------------
/opt/airflow/dags/crypto_pipeline_dag.py                           1           0  0.11s           2026-06-16T14:46:19                      12
================================================================================
[2026-06-16T14:47:03.106+0000] {manager.py:997} INFO - 
================================================================================
DAG File Processing Stats

File Path                                 PID    Runtime      # DAGs    # Errors  Last Runtime    Last Run               Last # of DB Queries
----------------------------------------  -----  ---------  --------  ----------  --------------  -------------------  ----------------------
/opt/airflow/dags/crypto_pipeline_dag.py                           1           0  0.11s           2026-06-16T14:46:50                      12
================================================================================
[2026-06-16T14:47:33.307+0000] {manager.py:997} INFO - 
================================================================================
DAG File Processing Stats

File Path                                 PID    Runtime      # DAGs    # Errors  Last Runtime    Last Run               Last # of DB Queries
----------------------------------------  -----  ---------  --------  ----------  --------------  -------------------  ----------------------
/opt/airflow/dags/crypto_pipeline_dag.py                           1           0  0.12s           2026-06-16T14:47:20                      12
================================================================================
[2026-06-16T14:48:03.522+0000] {manager.py:997} INFO - 
================================================================================
DAG File Processing Stats

File Path                                 PID    Runtime      # DAGs    # Errors  Last Runtime    Last Run               Last # of DB Queries
----------------------------------------  -----  ---------  --------  ----------  --------------  -------------------  ----------------------
/opt/airflow/dags/crypto_pipeline_dag.py                           1           0  0.09s           2026-06-16T14:47:50                      12
================================================================================
[2026-06-16T14:48:33.756+0000] {manager.py:997} INFO - 
================================================================================
DAG File Processing Stats

File Path                                 PID    Runtime      # DAGs    # Errors  Last Runtime    Last Run               Last # of DB Queries
----------------------------------------  -----  ---------  --------  ----------  --------------  -------------------  ----------------------
/opt/airflow/dags/crypto_pipeline_dag.py                           1           0  0.12s           2026-06-16T14:48:20                      12
================================================================================
[2026-06-16T14:49:04.060+0000] {manager.py:997} INFO - 
================================================================================
DAG File Processing Stats

File Path                                 PID    Runtime      # DAGs    # Errors  Last Runtime    Last Run               Last # of DB Queries
----------------------------------------  -----  ---------  --------  ----------  --------------  -------------------  ----------------------
/opt/airflow/dags/crypto_pipeline_dag.py                           1           0  0.09s           2026-06-16T14:48:51                      12
================================================================================
[2026-06-16T14:49:31.318+0000] {manager.py:821} INFO - Searching for files in /opt/airflow/dags
[2026-06-16T14:49:31.337+0000] {manager.py:824} INFO - There are 1 files in /opt/airflow/dags
[2026-06-16T14:49:34.376+0000] {manager.py:997} INFO - 
================================================================================
DAG File Processing Stats

File Path                                 PID    Runtime      # DAGs    # Errors  Last Runtime    Last Run               Last # of DB Queries
----------------------------------------  -----  ---------  --------  ----------  --------------  -------------------  ----------------------
/opt/airflow/dags/crypto_pipeline_dag.py                           1           0  0.10s           2026-06-16T14:49:21                      12
================================================================================
[2026-06-16T14:50:04.649+0000] {manager.py:997} INFO - 
================================================================================
DAG File Processing Stats

File Path                                 PID    Runtime      # DAGs    # Errors  Last Runtime    Last Run               Last # of DB Queries
----------------------------------------  -----  ---------  --------  ----------  --------------  -------------------  ----------------------
/opt/airflow/dags/crypto_pipeline_dag.py                           1           0  0.08s           2026-06-16T14:49:51                      12
================================================================================
[2026-06-16T14:50:35.015+0000] {manager.py:997} INFO - 
================================================================================
DAG File Processing Stats

File Path                                 PID    Runtime      # DAGs    # Errors  Last Runtime    Last Run               Last # of DB Queries
----------------------------------------  -----  ---------  --------  ----------  --------------  -------------------  ----------------------
/opt/airflow/dags/crypto_pipeline_dag.py                           1           0  0.08s           2026-06-16T14:50:21                      12
================================================================================
[2026-06-16T14:51:05.252+0000] {manager.py:997} INFO - 
================================================================================
DAG File Processing Stats

File Path                                 PID    Runtime      # DAGs    # Errors  Last Runtime    Last Run               Last # of DB Queries
----------------------------------------  -----  ---------  --------  ----------  --------------  -------------------  ----------------------
/opt/airflow/dags/crypto_pipeline_dag.py                           1           0  0.09s           2026-06-16T14:50:52                      12
================================================================================
[2026-06-16T14:51:35.518+0000] {manager.py:997} INFO - 
================================================================================
DAG File Processing Stats

File Path                                 PID    Runtime      # DAGs    # Errors  Last Runtime    Last Run               Last # of DB Queries
----------------------------------------  -----  ---------  --------  ----------  --------------  -------------------  ----------------------
/opt/airflow/dags/crypto_pipeline_dag.py                           1           0  0.08s           2026-06-16T14:51:22                      12
================================================================================
[2026-06-16T14:52:05.726+0000] {manager.py:997} INFO - 
================================================================================
DAG File Processing Stats

File Path                                 PID    Runtime      # DAGs    # Errors  Last Runtime    Last Run               Last # of DB Queries
----------------------------------------  -----  ---------  --------  ----------  --------------  -------------------  ----------------------
/opt/airflow/dags/crypto_pipeline_dag.py                           1           0  0.08s           2026-06-16T14:51:52                      12
================================================================================
[2026-06-16T14:52:36.022+0000] {manager.py:997} INFO - 
================================================================================
DAG File Processing Stats

File Path                                 PID    Runtime      # DAGs    # Errors  Last Runtime    Last Run               Last # of DB Queries
----------------------------------------  -----  ---------  --------  ----------  --------------  -------------------  ----------------------
/opt/airflow/dags/crypto_pipeline_dag.py                           1           0  0.09s           2026-06-16T14:52:22                      12
================================================================================
[2026-06-16T14:53:06.301+0000] {manager.py:997} INFO - 
================================================================================
DAG File Processing Stats

File Path                                 PID    Runtime      # DAGs    # Errors  Last Runtime    Last Run               Last # of DB Queries
----------------------------------------  -----  ---------  --------  ----------  --------------  -------------------  ----------------------
/opt/airflow/dags/crypto_pipeline_dag.py                           1           0  0.08s           2026-06-16T14:52:53                      12
================================================================================
[2026-06-16T14:53:36.589+0000] {manager.py:997} INFO - 
================================================================================
DAG File Processing Stats

File Path                                 PID    Runtime      # DAGs    # Errors  Last Runtime    Last Run               Last # of DB Queries
----------------------------------------  -----  ---------  --------  ----------  --------------  -------------------  ----------------------
/opt/airflow/dags/crypto_pipeline_dag.py                           1           0  0.13s           2026-06-16T14:53:23                      12
================================================================================
[2026-06-16T14:54:06.926+0000] {manager.py:997} INFO - 
================================================================================
DAG File Processing Stats

File Path                                 PID    Runtime      # DAGs    # Errors  Last Runtime    Last Run               Last # of DB Queries
----------------------------------------  -----  ---------  --------  ----------  --------------  -------------------  ----------------------
/opt/airflow/dags/crypto_pipeline_dag.py                           1           0  0.09s           2026-06-16T14:53:53                      12
================================================================================
[2026-06-16T14:54:32.150+0000] {manager.py:821} INFO - Searching for files in /opt/airflow/dags
[2026-06-16T14:54:32.163+0000] {manager.py:824} INFO - There are 1 files in /opt/airflow/dags
[2026-06-16T14:54:37.221+0000] {manager.py:997} INFO - 
================================================================================
DAG File Processing Stats

File Path                                 PID    Runtime      # DAGs    # Errors  Last Runtime    Last Run               Last # of DB Queries
----------------------------------------  -----  ---------  --------  ----------  --------------  -------------------  ----------------------
/opt/airflow/dags/crypto_pipeline_dag.py                           1           0  0.15s           2026-06-16T14:54:24                      12
================================================================================
[2026-06-16T14:55:07.580+0000] {manager.py:997} INFO - 
================================================================================
DAG File Processing Stats

File Path                                 PID    Runtime      # DAGs    # Errors  Last Runtime    Last Run               Last # of DB Queries
----------------------------------------  -----  ---------  --------  ----------  --------------  -------------------  ----------------------
/opt/airflow/dags/crypto_pipeline_dag.py                           1           0  0.11s           2026-06-16T14:54:54                      12
================================================================================
[2026-06-16T14:55:37.873+0000] {manager.py:997} INFO - 
================================================================================
DAG File Processing Stats

File Path                                 PID    Runtime      # DAGs    # Errors  Last Runtime    Last Run               Last # of DB Queries
----------------------------------------  -----  ---------  --------  ----------  --------------  -------------------  ----------------------
/opt/airflow/dags/crypto_pipeline_dag.py                           1           0  0.10s           2026-06-16T14:55:24                      12
================================================================================
[2026-06-16T14:56:08.186+0000] {manager.py:997} INFO - 
================================================================================
DAG File Processing Stats

File Path                                 PID    Runtime      # DAGs    # Errors  Last Runtime    Last Run               Last # of DB Queries
----------------------------------------  -----  ---------  --------  ----------  --------------  -------------------  ----------------------
/opt/airflow/dags/crypto_pipeline_dag.py                           1           0  0.10s           2026-06-16T14:55:55                      12
================================================================================
[2026-06-16T14:56:38.549+0000] {manager.py:997} INFO - 
================================================================================
DAG File Processing Stats

File Path                                 PID    Runtime      # DAGs    # Errors  Last Runtime    Last Run               Last # of DB Queries
----------------------------------------  -----  ---------  --------  ----------  --------------  -------------------  ----------------------
/opt/airflow/dags/crypto_pipeline_dag.py                           1           0  0.08s           2026-06-16T14:56:25                      12
================================================================================
[2026-06-16T15:12:17.212+0000] {manager.py:821} INFO - Searching for files in /opt/airflow/dags
[2026-06-16T15:12:17.454+0000] {manager.py:824} INFO - There are 1 files in /opt/airflow/dags
[2026-06-16T15:12:42.869+0000] {manager.py:997} INFO - 
================================================================================
DAG File Processing Stats

File Path                                 PID    Runtime      # DAGs    # Errors  Last Runtime    Last Run               Last # of DB Queries
----------------------------------------  -----  ---------  --------  ----------  --------------  -------------------  ----------------------
/opt/airflow/dags/crypto_pipeline_dag.py                           1           0  0.36s           2026-06-16T15:12:17                      12
================================================================================
[2026-06-16T15:13:13.069+0000] {manager.py:997} INFO - 
================================================================================
DAG File Processing Stats

File Path                                 PID    Runtime      # DAGs    # Errors  Last Runtime    Last Run               Last # of DB Queries
----------------------------------------  -----  ---------  --------  ----------  --------------  -------------------  ----------------------
/opt/airflow/dags/crypto_pipeline_dag.py                           1           0  0.09s           2026-06-16T15:12:48                      12
================================================================================
[2026-06-16T15:13:43.327+0000] {manager.py:997} INFO - 
================================================================================
DAG File Processing Stats

File Path                                 PID    Runtime      # DAGs    # Errors  Last Runtime    Last Run               Last # of DB Queries
----------------------------------------  -----  ---------  --------  ----------  --------------  -------------------  ----------------------
/opt/airflow/dags/crypto_pipeline_dag.py                           1           0  0.10s           2026-06-16T15:13:18                      12
================================================================================
[2026-06-16T15:14:13.543+0000] {manager.py:997} INFO - 
================================================================================
DAG File Processing Stats

File Path                                 PID    Runtime      # DAGs    # Errors  Last Runtime    Last Run               Last # of DB Queries
----------------------------------------  -----  ---------  --------  ----------  --------------  -------------------  ----------------------
/opt/airflow/dags/crypto_pipeline_dag.py                           1           0  0.10s           2026-06-16T15:13:48                      12
================================================================================
[2026-06-16T15:14:43.783+0000] {manager.py:997} INFO - 
================================================================================
DAG File Processing Stats

File Path                                 PID    Runtime      # DAGs    # Errors  Last Runtime    Last Run               Last # of DB Queries
----------------------------------------  -----  ---------  --------  ----------  --------------  -------------------  ----------------------
/opt/airflow/dags/crypto_pipeline_dag.py                           1           0  0.10s           2026-06-16T15:14:18                      12
================================================================================
[2026-06-16T15:15:14.008+0000] {manager.py:997} INFO - 
================================================================================
DAG File Processing Stats

File Path                                 PID    Runtime      # DAGs    # Errors  Last Runtime    Last Run               Last # of DB Queries
----------------------------------------  -----  ---------  --------  ----------  --------------  -------------------  ----------------------
/opt/airflow/dags/crypto_pipeline_dag.py                           1           0  0.08s           2026-06-16T15:14:48                      12
================================================================================
[2026-06-16T15:15:44.284+0000] {manager.py:997} INFO - 
================================================================================
DAG File Processing Stats

File Path                                 PID    Runtime      # DAGs    # Errors  Last Runtime    Last Run               Last # of DB Queries
----------------------------------------  -----  ---------  --------  ----------  --------------  -------------------  ----------------------
/opt/airflow/dags/crypto_pipeline_dag.py                           1           0  0.10s           2026-06-16T15:15:19                      12
================================================================================
[2026-06-16T15:16:14.511+0000] {manager.py:997} INFO - 
================================================================================
DAG File Processing Stats

File Path                                 PID    Runtime      # DAGs    # Errors  Last Runtime    Last Run               Last # of DB Queries
----------------------------------------  -----  ---------  --------  ----------  --------------  -------------------  ----------------------
/opt/airflow/dags/crypto_pipeline_dag.py                           1           0  0.10s           2026-06-16T15:15:49                      12
================================================================================
[2026-06-16T15:16:44.753+0000] {manager.py:997} INFO - 
================================================================================
DAG File Processing Stats

File Path                                 PID    Runtime      # DAGs    # Errors  Last Runtime    Last Run               Last # of DB Queries
----------------------------------------  -----  ---------  --------  ----------  --------------  -------------------  ----------------------
/opt/airflow/dags/crypto_pipeline_dag.py                           1           0  0.11s           2026-06-16T15:16:19                      12
================================================================================
[2026-06-16T15:17:14.957+0000] {manager.py:997} INFO - 
================================================================================
DAG File Processing Stats

File Path                                 PID    Runtime      # DAGs    # Errors  Last Runtime    Last Run               Last # of DB Queries
----------------------------------------  -----  ---------  --------  ----------  --------------  -------------------  ----------------------
/opt/airflow/dags/crypto_pipeline_dag.py                           1           0  0.09s           2026-06-16T15:16:49                      12
================================================================================
[2026-06-16T15:17:17.976+0000] {manager.py:821} INFO - Searching for files in /opt/airflow/dags
[2026-06-16T15:17:17.989+0000] {manager.py:824} INFO - There are 1 files in /opt/airflow/dags
[2026-06-16T15:17:45.204+0000] {manager.py:997} INFO - 
================================================================================
DAG File Processing Stats

File Path                                 PID    Runtime      # DAGs    # Errors  Last Runtime    Last Run               Last # of DB Queries
----------------------------------------  -----  ---------  --------  ----------  --------------  -------------------  ----------------------
/opt/airflow/dags/crypto_pipeline_dag.py                           1           0  0.09s           2026-06-16T15:17:20                      12
================================================================================
[2026-06-16T15:18:15.410+0000] {manager.py:997} INFO - 
================================================================================
DAG File Processing Stats

File Path                                 PID    Runtime      # DAGs    # Errors  Last Runtime    Last Run               Last # of DB Queries
----------------------------------------  -----  ---------  --------  ----------  --------------  -------------------  ----------------------
/opt/airflow/dags/crypto_pipeline_dag.py                           1           0  0.09s           2026-06-16T15:17:50                      12
================================================================================
[2026-06-16T15:18:45.596+0000] {manager.py:997} INFO - 
================================================================================
DAG File Processing Stats

File Path                                 PID    Runtime      # DAGs    # Errors  Last Runtime    Last Run               Last # of DB Queries
----------------------------------------  -----  ---------  --------  ----------  --------------  -------------------  ----------------------
/opt/airflow/dags/crypto_pipeline_dag.py                           1           0  0.09s           2026-06-16T15:18:20                      12
================================================================================
[2026-06-16T15:19:15.770+0000] {manager.py:997} INFO - 
================================================================================
DAG File Processing Stats

File Path                                 PID    Runtime      # DAGs    # Errors  Last Runtime    Last Run               Last # of DB Queries
----------------------------------------  -----  ---------  --------  ----------  --------------  -------------------  ----------------------
/opt/airflow/dags/crypto_pipeline_dag.py                           1           0  0.10s           2026-06-16T15:18:50                      12
================================================================================
[2026-06-16T15:19:46.008+0000] {manager.py:997} INFO - 
================================================================================
DAG File Processing Stats

File Path                                 PID    Runtime      # DAGs    # Errors  Last Runtime    Last Run               Last # of DB Queries
----------------------------------------  -----  ---------  --------  ----------  --------------  -------------------  ----------------------
/opt/airflow/dags/crypto_pipeline_dag.py                           1           0  0.11s           2026-06-16T15:19:20                      12
================================================================================
[2026-06-16T15:20:16.236+0000] {manager.py:997} INFO - 
================================================================================
DAG File Processing Stats

File Path                                 PID    Runtime      # DAGs    # Errors  Last Runtime    Last Run               Last # of DB Queries
----------------------------------------  -----  ---------  --------  ----------  --------------  -------------------  ----------------------
/opt/airflow/dags/crypto_pipeline_dag.py                           1           0  0.09s           2026-06-16T15:19:51                      12
================================================================================
[2026-06-16T15:20:46.440+0000] {manager.py:997} INFO - 
================================================================================
DAG File Processing Stats

File Path                                 PID    Runtime      # DAGs    # Errors  Last Runtime    Last Run               Last # of DB Queries
----------------------------------------  -----  ---------  --------  ----------  --------------  -------------------  ----------------------
/opt/airflow/dags/crypto_pipeline_dag.py                           1           0  0.09s           2026-06-16T15:20:21                      12
================================================================================
[2026-06-16T15:21:16.672+0000] {manager.py:997} INFO - 
================================================================================
DAG File Processing Stats

File Path                                 PID    Runtime      # DAGs    # Errors  Last Runtime    Last Run               Last # of DB Queries
----------------------------------------  -----  ---------  --------  ----------  --------------  -------------------  ----------------------
/opt/airflow/dags/crypto_pipeline_dag.py                           1           0  0.09s           2026-06-16T15:20:51                      12
================================================================================
[2026-06-16T15:21:46.889+0000] {manager.py:997} INFO - 
================================================================================
DAG File Processing Stats

File Path                                 PID    Runtime      # DAGs    # Errors  Last Runtime    Last Run               Last # of DB Queries
----------------------------------------  -----  ---------  --------  ----------  --------------  -------------------  ----------------------
/opt/airflow/dags/crypto_pipeline_dag.py                           1           0  0.10s           2026-06-16T15:21:21                      12
================================================================================
[2026-06-16T15:22:17.086+0000] {manager.py:997} INFO - 
================================================================================
DAG File Processing Stats

File Path                                 PID    Runtime      # DAGs    # Errors  Last Runtime    Last Run               Last # of DB Queries
----------------------------------------  -----  ---------  --------  ----------  --------------  -------------------  ----------------------
/opt/airflow/dags/crypto_pipeline_dag.py                           1           0  0.09s           2026-06-16T15:21:52                      12
================================================================================
[2026-06-16T15:22:18.090+0000] {manager.py:821} INFO - Searching for files in /opt/airflow/dags
[2026-06-16T15:22:18.106+0000] {manager.py:824} INFO - There are 1 files in /opt/airflow/dags
[2026-06-16T15:22:47.294+0000] {manager.py:997} INFO - 
================================================================================
DAG File Processing Stats

File Path                                 PID    Runtime      # DAGs    # Errors  Last Runtime    Last Run               Last # of DB Queries
----------------------------------------  -----  ---------  --------  ----------  --------------  -------------------  ----------------------
/opt/airflow/dags/crypto_pipeline_dag.py                           1           0  0.10s           2026-06-16T15:22:22                      12
================================================================================
[2026-06-16T15:23:17.538+0000] {manager.py:997} INFO - 
================================================================================
DAG File Processing Stats

File Path                                 PID    Runtime      # DAGs    # Errors  Last Runtime    Last Run               Last # of DB Queries
----------------------------------------  -----  ---------  --------  ----------  --------------  -------------------  ----------------------
/opt/airflow/dags/crypto_pipeline_dag.py                           1           0  0.11s           2026-06-16T15:22:52                      12
================================================================================
[2026-06-16T15:23:47.710+0000] {manager.py:997} INFO - 
================================================================================
DAG File Processing Stats

File Path                                 PID    Runtime      # DAGs    # Errors  Last Runtime    Last Run               Last # of DB Queries
----------------------------------------  -----  ---------  --------  ----------  --------------  -------------------  ----------------------
/opt/airflow/dags/crypto_pipeline_dag.py                           1           0  0.09s           2026-06-16T15:23:22                      12
================================================================================
[2026-06-16T15:24:17.977+0000] {manager.py:997} INFO - 
================================================================================
DAG File Processing Stats

File Path                                 PID    Runtime      # DAGs    # Errors  Last Runtime    Last Run               Last # of DB Queries
----------------------------------------  -----  ---------  --------  ----------  --------------  -------------------  ----------------------
/opt/airflow/dags/crypto_pipeline_dag.py                           1           0  0.12s           2026-06-16T15:23:52                      12
================================================================================
[2026-06-16T15:24:48.167+0000] {manager.py:997} INFO - 
================================================================================
DAG File Processing Stats

File Path                                 PID    Runtime      # DAGs    # Errors  Last Runtime    Last Run               Last # of DB Queries
----------------------------------------  -----  ---------  --------  ----------  --------------  -------------------  ----------------------
/opt/airflow/dags/crypto_pipeline_dag.py                           1           0  0.09s           2026-06-16T15:24:23                      12
================================================================================
[2026-06-16T15:25:18.357+0000] {manager.py:997} INFO - 
================================================================================
DAG File Processing Stats

File Path                                 PID    Runtime      # DAGs    # Errors  Last Runtime    Last Run               Last # of DB Queries
----------------------------------------  -----  ---------  --------  ----------  --------------  -------------------  ----------------------
/opt/airflow/dags/crypto_pipeline_dag.py                           1           0  0.10s           2026-06-16T15:24:53                      12
================================================================================
[2026-06-16T15:25:48.622+0000] {manager.py:997} INFO - 
================================================================================
DAG File Processing Stats

File Path                                 PID    Runtime      # DAGs    # Errors  Last Runtime    Last Run               Last # of DB Queries
----------------------------------------  -----  ---------  --------  ----------  --------------  -------------------  ----------------------
/opt/airflow/dags/crypto_pipeline_dag.py                           1           0  0.11s           2026-06-16T15:25:23                      12
================================================================================
[2026-06-16T15:26:18.778+0000] {manager.py:997} INFO - 
================================================================================
DAG File Processing Stats

File Path                                 PID    Runtime      # DAGs    # Errors  Last Runtime    Last Run               Last # of DB Queries
----------------------------------------  -----  ---------  --------  ----------  --------------  -------------------  ----------------------
/opt/airflow/dags/crypto_pipeline_dag.py                           1           0  0.09s           2026-06-16T15:25:53                      12
================================================================================
[2026-06-16T15:26:49.034+0000] {manager.py:997} INFO - 
================================================================================
DAG File Processing Stats

File Path                                 PID    Runtime      # DAGs    # Errors  Last Runtime    Last Run               Last # of DB Queries
----------------------------------------  -----  ---------  --------  ----------  --------------  -------------------  ----------------------
/opt/airflow/dags/crypto_pipeline_dag.py                           1           0  0.10s           2026-06-16T15:26:23                      12
================================================================================
[2026-06-16T15:27:18.223+0000] {manager.py:821} INFO - Searching for files in /opt/airflow/dags
[2026-06-16T15:27:18.238+0000] {manager.py:824} INFO - There are 1 files in /opt/airflow/dags
[2026-06-16T15:27:19.256+0000] {manager.py:997} INFO - 
================================================================================
DAG File Processing Stats

File Path                                 PID    Runtime      # DAGs    # Errors  Last Runtime    Last Run               Last # of DB Queries
----------------------------------------  -----  ---------  --------  ----------  --------------  -------------------  ----------------------
/opt/airflow/dags/crypto_pipeline_dag.py                           1           0  0.09s           2026-06-16T15:26:54                      12
================================================================================
[2026-06-16T15:27:49.484+0000] {manager.py:997} INFO - 
================================================================================
DAG File Processing Stats

File Path                                 PID    Runtime      # DAGs    # Errors  Last Runtime    Last Run               Last # of DB Queries
----------------------------------------  -----  ---------  --------  ----------  --------------  -------------------  ----------------------
/opt/airflow/dags/crypto_pipeline_dag.py                           1           0  0.09s           2026-06-16T15:27:24                      12
================================================================================
[2026-06-16T15:28:19.768+0000] {manager.py:997} INFO - 
================================================================================
DAG File Processing Stats

File Path                                 PID    Runtime      # DAGs    # Errors  Last Runtime    Last Run               Last # of DB Queries
----------------------------------------  -----  ---------  --------  ----------  --------------  -------------------  ----------------------
/opt/airflow/dags/crypto_pipeline_dag.py                           1           0  0.09s           2026-06-16T15:27:54                      12
================================================================================
[2026-06-16T15:28:49.998+0000] {manager.py:997} INFO - 
================================================================================
DAG File Processing Stats

File Path                                 PID    Runtime      # DAGs    # Errors  Last Runtime    Last Run               Last # of DB Queries
----------------------------------------  -----  ---------  --------  ----------  --------------  -------------------  ----------------------
/opt/airflow/dags/crypto_pipeline_dag.py                           1           0  0.09s           2026-06-16T15:28:24                      12
================================================================================
[2026-06-16T15:29:20.228+0000] {manager.py:997} INFO - 
================================================================================
DAG File Processing Stats

File Path                                 PID    Runtime      # DAGs    # Errors  Last Runtime    Last Run               Last # of DB Queries
----------------------------------------  -----  ---------  --------  ----------  --------------  -------------------  ----------------------
/opt/airflow/dags/crypto_pipeline_dag.py                           1           0  0.09s           2026-06-16T15:28:55                      12
================================================================================
[2026-06-16T15:29:50.418+0000] {manager.py:997} INFO - 
================================================================================
DAG File Processing Stats

File Path                                 PID    Runtime      # DAGs    # Errors  Last Runtime    Last Run               Last # of DB Queries
----------------------------------------  -----  ---------  --------  ----------  --------------  -------------------  ----------------------
/opt/airflow/dags/crypto_pipeline_dag.py                           1           0  0.10s           2026-06-16T15:29:25                      12
================================================================================
[2026-06-16T15:30:20.678+0000] {manager.py:997} INFO - 
================================================================================
DAG File Processing Stats

File Path                                 PID    Runtime      # DAGs    # Errors  Last Runtime    Last Run               Last # of DB Queries
----------------------------------------  -----  ---------  --------  ----------  --------------  -------------------  ----------------------
/opt/airflow/dags/crypto_pipeline_dag.py                           1           0  0.15s           2026-06-16T15:29:55                      12
================================================================================
[2026-06-16T15:30:50.891+0000] {manager.py:997} INFO - 
================================================================================
DAG File Processing Stats

File Path                                 PID    Runtime      # DAGs    # Errors  Last Runtime    Last Run               Last # of DB Queries
----------------------------------------  -----  ---------  --------  ----------  --------------  -------------------  ----------------------
/opt/airflow/dags/crypto_pipeline_dag.py                           1           0  0.09s           2026-06-16T15:30:25                      12
================================================================================
[2026-06-16T15:31:21.070+0000] {manager.py:997} INFO - 
================================================================================
DAG File Processing Stats

File Path                                 PID    Runtime      # DAGs    # Errors  Last Runtime    Last Run               Last # of DB Queries
----------------------------------------  -----  ---------  --------  ----------  --------------  -------------------  ----------------------
/opt/airflow/dags/crypto_pipeline_dag.py                           1           0  0.09s           2026-06-16T15:30:55                      12
================================================================================
[2026-06-16T15:31:51.281+0000] {manager.py:997} INFO - 
================================================================================
DAG File Processing Stats

File Path                                 PID    Runtime      # DAGs    # Errors  Last Runtime    Last Run               Last # of DB Queries
----------------------------------------  -----  ---------  --------  ----------  --------------  -------------------  ----------------------
/opt/airflow/dags/crypto_pipeline_dag.py                           1           0  0.09s           2026-06-16T15:31:26                      12
================================================================================
[2026-06-16T15:32:18.444+0000] {manager.py:821} INFO - Searching for files in /opt/airflow/dags
[2026-06-16T15:32:18.472+0000] {manager.py:824} INFO - There are 1 files in /opt/airflow/dags
[2026-06-16T15:32:21.502+0000] {manager.py:997} INFO - 
================================================================================
DAG File Processing Stats

File Path                                 PID    Runtime      # DAGs    # Errors  Last Runtime    Last Run               Last # of DB Queries
----------------------------------------  -----  ---------  --------  ----------  --------------  -------------------  ----------------------
/opt/airflow/dags/crypto_pipeline_dag.py                           1           0  0.10s           2026-06-16T15:31:56                      12
================================================================================
[2026-06-16T15:32:51.726+0000] {manager.py:997} INFO - 
================================================================================
DAG File Processing Stats

File Path                                 PID    Runtime      # DAGs    # Errors  Last Runtime    Last Run               Last # of DB Queries
----------------------------------------  -----  ---------  --------  ----------  --------------  -------------------  ----------------------
/opt/airflow/dags/crypto_pipeline_dag.py                           1           0  0.11s           2026-06-16T15:32:26                      12
================================================================================
[2026-06-16T15:33:21.879+0000] {manager.py:997} INFO - 
================================================================================
DAG File Processing Stats

File Path                                 PID    Runtime      # DAGs    # Errors  Last Runtime    Last Run               Last # of DB Queries
----------------------------------------  -----  ---------  --------  ----------  --------------  -------------------  ----------------------
/opt/airflow/dags/crypto_pipeline_dag.py                           1           0  0.09s           2026-06-16T15:32:56                      12
================================================================================
[2026-06-16T15:33:52.052+0000] {manager.py:997} INFO - 
================================================================================
DAG File Processing Stats

File Path                                 PID    Runtime      # DAGs    # Errors  Last Runtime    Last Run               Last # of DB Queries
----------------------------------------  -----  ---------  --------  ----------  --------------  -------------------  ----------------------
/opt/airflow/dags/crypto_pipeline_dag.py                           1           0  0.11s           2026-06-16T15:33:27                      12
================================================================================
[2026-06-16T15:34:22.259+0000] {manager.py:997} INFO - 
================================================================================
DAG File Processing Stats

File Path                                 PID    Runtime      # DAGs    # Errors  Last Runtime    Last Run               Last # of DB Queries
----------------------------------------  -----  ---------  --------  ----------  --------------  -------------------  ----------------------
/opt/airflow/dags/crypto_pipeline_dag.py                           1           0  0.09s           2026-06-16T15:33:57                      12
================================================================================
[2026-06-16T15:34:52.478+0000] {manager.py:997} INFO - 
================================================================================
DAG File Processing Stats

File Path                                 PID    Runtime      # DAGs    # Errors  Last Runtime    Last Run               Last # of DB Queries
----------------------------------------  -----  ---------  --------  ----------  --------------  -------------------  ----------------------
/opt/airflow/dags/crypto_pipeline_dag.py                           1           0  0.12s           2026-06-16T15:34:27                      12
================================================================================
[2026-06-16T15:35:22.767+0000] {manager.py:997} INFO - 
================================================================================
DAG File Processing Stats

File Path                                 PID    Runtime      # DAGs    # Errors  Last Runtime    Last Run               Last # of DB Queries
----------------------------------------  -----  ---------  --------  ----------  --------------  -------------------  ----------------------
/opt/airflow/dags/crypto_pipeline_dag.py                           1           0  0.09s           2026-06-16T15:34:57                      12
================================================================================
[2026-06-16T15:35:52.943+0000] {manager.py:997} INFO - 
================================================================================
DAG File Processing Stats

File Path                                 PID    Runtime      # DAGs    # Errors  Last Runtime    Last Run               Last # of DB Queries
----------------------------------------  -----  ---------  --------  ----------  --------------  -------------------  ----------------------
/opt/airflow/dags/crypto_pipeline_dag.py                           1           0  0.08s           2026-06-16T15:35:27                      12
================================================================================
[2026-06-16T15:36:23.169+0000] {manager.py:997} INFO - 
================================================================================
DAG File Processing Stats

File Path                                 PID    Runtime      # DAGs    # Errors  Last Runtime    Last Run               Last # of DB Queries
----------------------------------------  -----  ---------  --------  ----------  --------------  -------------------  ----------------------
/opt/airflow/dags/crypto_pipeline_dag.py                           1           0  0.12s           2026-06-16T15:35:58                      12
================================================================================
[2026-06-16T15:36:53.372+0000] {manager.py:997} INFO - 
================================================================================
DAG File Processing Stats

File Path                                 PID    Runtime      # DAGs    # Errors  Last Runtime    Last Run               Last # of DB Queries
----------------------------------------  -----  ---------  --------  ----------  --------------  -------------------  ----------------------
/opt/airflow/dags/crypto_pipeline_dag.py                           1           0  0.10s           2026-06-16T15:36:28                      12
================================================================================
[2026-06-16T15:37:18.649+0000] {manager.py:821} INFO - Searching for files in /opt/airflow/dags
[2026-06-16T15:37:18.666+0000] {manager.py:824} INFO - There are 1 files in /opt/airflow/dags
[2026-06-16T15:37:23.638+0000] {manager.py:997} INFO - 
================================================================================
DAG File Processing Stats

File Path                                 PID    Runtime      # DAGs    # Errors  Last Runtime    Last Run               Last # of DB Queries
----------------------------------------  -----  ---------  --------  ----------  --------------  -------------------  ----------------------
/opt/airflow/dags/crypto_pipeline_dag.py                           1           0  0.09s           2026-06-16T15:36:58                      12
================================================================================
[2026-06-16T15:37:53.764+0000] {manager.py:997} INFO - 
================================================================================
DAG File Processing Stats

File Path                                 PID    Runtime      # DAGs    # Errors  Last Runtime    Last Run               Last # of DB Queries
----------------------------------------  -----  ---------  --------  ----------  --------------  -------------------  ----------------------
/opt/airflow/dags/crypto_pipeline_dag.py                           1           0  0.10s           2026-06-16T15:37:28                      12
================================================================================
[2026-06-16T15:38:23.978+0000] {manager.py:997} INFO - 
================================================================================
DAG File Processing Stats

File Path                                 PID    Runtime      # DAGs    # Errors  Last Runtime    Last Run               Last # of DB Queries
----------------------------------------  -----  ---------  --------  ----------  --------------  -------------------  ----------------------
/opt/airflow/dags/crypto_pipeline_dag.py                           1           0  0.09s           2026-06-16T15:37:58                      12
================================================================================
[2026-06-16T15:38:54.243+0000] {manager.py:997} INFO - 
================================================================================
DAG File Processing Stats

File Path                                 PID    Runtime      # DAGs    # Errors  Last Runtime    Last Run               Last # of DB Queries
----------------------------------------  -----  ---------  --------  ----------  --------------  -------------------  ----------------------
/opt/airflow/dags/crypto_pipeline_dag.py                           1           0  0.08s           2026-06-16T15:38:29                      12
================================================================================
[2026-06-16T15:39:24.426+0000] {manager.py:997} INFO - 
================================================================================
DAG File Processing Stats

File Path                                 PID    Runtime      # DAGs    # Errors  Last Runtime    Last Run               Last # of DB Queries
----------------------------------------  -----  ---------  --------  ----------  --------------  -------------------  ----------------------
/opt/airflow/dags/crypto_pipeline_dag.py                           1           0  0.09s           2026-06-16T15:38:59                      12
================================================================================
[2026-06-16T15:39:54.693+0000] {manager.py:997} INFO - 
================================================================================
DAG File Processing Stats

File Path                                 PID    Runtime      # DAGs    # Errors  Last Runtime    Last Run               Last # of DB Queries
----------------------------------------  -----  ---------  --------  ----------  --------------  -------------------  ----------------------
/opt/airflow/dags/crypto_pipeline_dag.py                           1           0  0.09s           2026-06-16T15:39:29                      12
================================================================================
[2026-06-16T15:40:24.904+0000] {manager.py:997} INFO - 
================================================================================
DAG File Processing Stats

File Path                                 PID    Runtime      # DAGs    # Errors  Last Runtime    Last Run               Last # of DB Queries
----------------------------------------  -----  ---------  --------  ----------  --------------  -------------------  ----------------------
/opt/airflow/dags/crypto_pipeline_dag.py                           1           0  0.09s           2026-06-16T15:39:59                      12
================================================================================
[2026-06-16T15:40:55.107+0000] {manager.py:997} INFO - 
================================================================================
DAG File Processing Stats

File Path                                 PID    Runtime      # DAGs    # Errors  Last Runtime    Last Run               Last # of DB Queries
----------------------------------------  -----  ---------  --------  ----------  --------------  -------------------  ----------------------
/opt/airflow/dags/crypto_pipeline_dag.py                           1           0  0.09s           2026-06-16T15:40:30                      12
================================================================================
[2026-06-16T15:41:25.311+0000] {manager.py:997} INFO - 
================================================================================
DAG File Processing Stats

File Path                                 PID    Runtime      # DAGs    # Errors  Last Runtime    Last Run               Last # of DB Queries
----------------------------------------  -----  ---------  --------  ----------  --------------  -------------------  ----------------------
/opt/airflow/dags/crypto_pipeline_dag.py                           1           0  0.11s           2026-06-16T15:41:00                      12
================================================================================
[2026-06-16T15:41:55.536+0000] {manager.py:997} INFO - 
================================================================================
DAG File Processing Stats

File Path                                 PID    Runtime      # DAGs    # Errors  Last Runtime    Last Run               Last # of DB Queries
----------------------------------------  -----  ---------  --------  ----------  --------------  -------------------  ----------------------
/opt/airflow/dags/crypto_pipeline_dag.py                           1           0  0.11s           2026-06-16T15:41:30                      12
================================================================================
[2026-06-16T15:42:18.770+0000] {manager.py:821} INFO - Searching for files in /opt/airflow/dags
[2026-06-16T15:42:18.783+0000] {manager.py:824} INFO - There are 1 files in /opt/airflow/dags
[2026-06-16T15:42:25.770+0000] {manager.py:997} INFO - 
================================================================================
DAG File Processing Stats

File Path                                 PID    Runtime      # DAGs    # Errors  Last Runtime    Last Run               Last # of DB Queries
----------------------------------------  -----  ---------  --------  ----------  --------------  -------------------  ----------------------
/opt/airflow/dags/crypto_pipeline_dag.py                           1           0  0.10s           2026-06-16T15:42:00                      12
================================================================================
[2026-06-16T15:42:55.935+0000] {manager.py:997} INFO - 
================================================================================
DAG File Processing Stats

File Path                                 PID    Runtime      # DAGs    # Errors  Last Runtime    Last Run               Last # of DB Queries
----------------------------------------  -----  ---------  --------  ----------  --------------  -------------------  ----------------------
/opt/airflow/dags/crypto_pipeline_dag.py                           1           0  0.10s           2026-06-16T15:42:30                      12
================================================================================
[2026-06-16T15:43:26.163+0000] {manager.py:997} INFO - 
================================================================================
DAG File Processing Stats

File Path                                 PID    Runtime      # DAGs    # Errors  Last Runtime    Last Run               Last # of DB Queries
----------------------------------------  -----  ---------  --------  ----------  --------------  -------------------  ----------------------
/opt/airflow/dags/crypto_pipeline_dag.py                           1           0  0.13s           2026-06-16T15:43:01                      12
================================================================================
[2026-06-16T15:43:56.426+0000] {manager.py:997} INFO - 
================================================================================
DAG File Processing Stats

File Path                                 PID    Runtime      # DAGs    # Errors  Last Runtime    Last Run               Last # of DB Queries
----------------------------------------  -----  ---------  --------  ----------  --------------  -------------------  ----------------------
/opt/airflow/dags/crypto_pipeline_dag.py                           1           0  0.09s           2026-06-16T15:43:31                      12
================================================================================
[2026-06-16T15:44:26.626+0000] {manager.py:997} INFO - 
================================================================================
DAG File Processing Stats

File Path                                 PID    Runtime      # DAGs    # Errors  Last Runtime    Last Run               Last # of DB Queries
----------------------------------------  -----  ---------  --------  ----------  --------------  -------------------  ----------------------
/opt/airflow/dags/crypto_pipeline_dag.py                           1           0  0.09s           2026-06-16T15:44:01                      12
================================================================================
[2026-06-16T15:44:56.871+0000] {manager.py:997} INFO - 
================================================================================
DAG File Processing Stats

File Path                                 PID    Runtime      # DAGs    # Errors  Last Runtime    Last Run               Last # of DB Queries
----------------------------------------  -----  ---------  --------  ----------  --------------  -------------------  ----------------------
/opt/airflow/dags/crypto_pipeline_dag.py                           1           0  0.10s           2026-06-16T15:44:31                      12
================================================================================
[2026-06-16T15:45:27.078+0000] {manager.py:997} INFO - 
================================================================================
DAG File Processing Stats

File Path                                 PID    Runtime      # DAGs    # Errors  Last Runtime    Last Run               Last # of DB Queries
----------------------------------------  -----  ---------  --------  ----------  --------------  -------------------  ----------------------
/opt/airflow/dags/crypto_pipeline_dag.py                           1           0  0.09s           2026-06-16T15:45:02                      12
================================================================================
[2026-06-16T15:45:57.306+0000] {manager.py:997} INFO - 
================================================================================
DAG File Processing Stats

File Path                                 PID    Runtime      # DAGs    # Errors  Last Runtime    Last Run               Last # of DB Queries
----------------------------------------  -----  ---------  --------  ----------  --------------  -------------------  ----------------------
/opt/airflow/dags/crypto_pipeline_dag.py                           1           0  0.09s           2026-06-16T15:45:32                      12
================================================================================
[2026-06-16T15:46:27.524+0000] {manager.py:997} INFO - 
================================================================================
DAG File Processing Stats

File Path                                 PID    Runtime      # DAGs    # Errors  Last Runtime    Last Run               Last # of DB Queries
----------------------------------------  -----  ---------  --------  ----------  --------------  -------------------  ----------------------
/opt/airflow/dags/crypto_pipeline_dag.py                           1           0  0.10s           2026-06-16T15:46:02                      12
================================================================================
[2026-06-16T15:46:57.714+0000] {manager.py:997} INFO - 
================================================================================
DAG File Processing Stats

File Path                                 PID    Runtime      # DAGs    # Errors  Last Runtime    Last Run               Last # of DB Queries
----------------------------------------  -----  ---------  --------  ----------  --------------  -------------------  ----------------------
/opt/airflow/dags/crypto_pipeline_dag.py                           1           0  0.09s           2026-06-16T15:46:32                      12
================================================================================
[2026-06-16T15:47:18.907+0000] {manager.py:821} INFO - Searching for files in /opt/airflow/dags
[2026-06-16T15:47:18.921+0000] {manager.py:824} INFO - There are 1 files in /opt/airflow/dags
[2026-06-16T15:47:27.936+0000] {manager.py:997} INFO - 
================================================================================
DAG File Processing Stats

File Path                                 PID    Runtime      # DAGs    # Errors  Last Runtime    Last Run               Last # of DB Queries
----------------------------------------  -----  ---------  --------  ----------  --------------  -------------------  ----------------------
/opt/airflow/dags/crypto_pipeline_dag.py                           1           0  0.08s           2026-06-16T15:47:02                      12
================================================================================
[2026-06-16T15:47:58.134+0000] {manager.py:997} INFO - 
================================================================================
DAG File Processing Stats

File Path                                 PID    Runtime      # DAGs    # Errors  Last Runtime    Last Run               Last # of DB Queries
----------------------------------------  -----  ---------  --------  ----------  --------------  -------------------  ----------------------
/opt/airflow/dags/crypto_pipeline_dag.py                           1           0  0.11s           2026-06-16T15:47:33                      12
================================================================================
[2026-06-16T15:48:28.455+0000] {manager.py:997} INFO - 
================================================================================
DAG File Processing Stats

File Path                                 PID    Runtime      # DAGs    # Errors  Last Runtime    Last Run               Last # of DB Queries
----------------------------------------  -----  ---------  --------  ----------  --------------  -------------------  ----------------------
/opt/airflow/dags/crypto_pipeline_dag.py                           1           0  0.09s           2026-06-16T15:48:03                      12
================================================================================
[2026-06-16T15:48:58.714+0000] {manager.py:997} INFO - 
================================================================================
DAG File Processing Stats

File Path                                 PID    Runtime      # DAGs    # Errors  Last Runtime    Last Run               Last # of DB Queries
----------------------------------------  -----  ---------  --------  ----------  --------------  -------------------  ----------------------
/opt/airflow/dags/crypto_pipeline_dag.py                           1           0  0.08s           2026-06-16T15:48:33                      12
================================================================================
[2026-06-16T15:49:28.992+0000] {manager.py:997} INFO - 
================================================================================
DAG File Processing Stats

File Path                                 PID    Runtime      # DAGs    # Errors  Last Runtime    Last Run               Last # of DB Queries
----------------------------------------  -----  ---------  --------  ----------  --------------  -------------------  ----------------------
/opt/airflow/dags/crypto_pipeline_dag.py                           1           0  0.08s           2026-06-16T15:49:03                      12
================================================================================
[2026-06-16T15:49:59.235+0000] {manager.py:997} INFO - 
================================================================================
DAG File Processing Stats

File Path                                 PID    Runtime      # DAGs    # Errors  Last Runtime    Last Run               Last # of DB Queries
----------------------------------------  -----  ---------  --------  ----------  --------------  -------------------  ----------------------
/opt/airflow/dags/crypto_pipeline_dag.py                           1           0  0.08s           2026-06-16T15:49:34                      12
================================================================================
[2026-06-16T15:50:29.496+0000] {manager.py:997} INFO - 
================================================================================
DAG File Processing Stats

File Path                                 PID    Runtime      # DAGs    # Errors  Last Runtime    Last Run               Last # of DB Queries
----------------------------------------  -----  ---------  --------  ----------  --------------  -------------------  ----------------------
/opt/airflow/dags/crypto_pipeline_dag.py                           1           0  0.09s           2026-06-16T15:50:04                      12
================================================================================
[2026-06-16T15:50:59.723+0000] {manager.py:997} INFO - 
================================================================================
DAG File Processing Stats

File Path                                 PID    Runtime      # DAGs    # Errors  Last Runtime    Last Run               Last # of DB Queries
----------------------------------------  -----  ---------  --------  ----------  --------------  -------------------  ----------------------
/opt/airflow/dags/crypto_pipeline_dag.py                           1           0  0.09s           2026-06-16T15:50:34                      12
================================================================================
[2026-06-16T15:51:30.017+0000] {manager.py:997} INFO - 
================================================================================
DAG File Processing Stats

File Path                                 PID    Runtime      # DAGs    # Errors  Last Runtime    Last Run               Last # of DB Queries
----------------------------------------  -----  ---------  --------  ----------  --------------  -------------------  ----------------------
/opt/airflow/dags/crypto_pipeline_dag.py                           1           0  0.19s           2026-06-16T15:51:04                      33
================================================================================
[2026-06-16T15:52:00.273+0000] {manager.py:997} INFO - 
================================================================================
DAG File Processing Stats

File Path                                 PID    Runtime      # DAGs    # Errors  Last Runtime    Last Run               Last # of DB Queries
----------------------------------------  -----  ---------  --------  ----------  --------------  -------------------  ----------------------
/opt/airflow/dags/crypto_pipeline_dag.py                           1           0  0.09s           2026-06-16T15:51:35                      12
================================================================================
[2026-06-16T15:52:19.392+0000] {manager.py:821} INFO - Searching for files in /opt/airflow/dags
[2026-06-16T15:52:19.408+0000] {manager.py:824} INFO - There are 1 files in /opt/airflow/dags
[2026-06-16T15:52:30.501+0000] {manager.py:997} INFO - 
================================================================================
DAG File Processing Stats

File Path                                 PID    Runtime      # DAGs    # Errors  Last Runtime    Last Run               Last # of DB Queries
----------------------------------------  -----  ---------  --------  ----------  --------------  -------------------  ----------------------
/opt/airflow/dags/crypto_pipeline_dag.py                           1           0  0.09s           2026-06-16T15:52:05                      12
================================================================================
[2026-06-16T15:53:00.732+0000] {manager.py:997} INFO - 
================================================================================
DAG File Processing Stats

File Path                                 PID    Runtime      # DAGs    # Errors  Last Runtime    Last Run               Last # of DB Queries
----------------------------------------  -----  ---------  --------  ----------  --------------  -------------------  ----------------------
/opt/airflow/dags/crypto_pipeline_dag.py                           1           0  0.10s           2026-06-16T15:52:35                      12
================================================================================
[2026-06-16T15:53:31.007+0000] {manager.py:997} INFO - 
================================================================================
DAG File Processing Stats

File Path                                 PID    Runtime      # DAGs    # Errors  Last Runtime    Last Run               Last # of DB Queries
----------------------------------------  -----  ---------  --------  ----------  --------------  -------------------  ----------------------
/opt/airflow/dags/crypto_pipeline_dag.py                           1           0  0.09s           2026-06-16T15:53:05                      12
================================================================================
[2026-06-16T15:54:01.238+0000] {manager.py:997} INFO - 
================================================================================
DAG File Processing Stats

File Path                                 PID    Runtime      # DAGs    # Errors  Last Runtime    Last Run               Last # of DB Queries
----------------------------------------  -----  ---------  --------  ----------  --------------  -------------------  ----------------------
/opt/airflow/dags/crypto_pipeline_dag.py                           1           0  0.09s           2026-06-16T15:53:36                      12
================================================================================
[2026-06-16T15:54:31.523+0000] {manager.py:997} INFO - 
================================================================================
DAG File Processing Stats

File Path                                 PID    Runtime      # DAGs    # Errors  Last Runtime    Last Run               Last # of DB Queries
----------------------------------------  -----  ---------  --------  ----------  --------------  -------------------  ----------------------
/opt/airflow/dags/crypto_pipeline_dag.py                           1           0  0.09s           2026-06-16T15:54:06                      12
================================================================================
[2026-06-16T15:55:01.761+0000] {manager.py:997} INFO - 
================================================================================
DAG File Processing Stats

File Path                                 PID    Runtime      # DAGs    # Errors  Last Runtime    Last Run               Last # of DB Queries
----------------------------------------  -----  ---------  --------  ----------  --------------  -------------------  ----------------------
/opt/airflow/dags/crypto_pipeline_dag.py                           1           0  0.10s           2026-06-16T15:54:36                      12
================================================================================
[2026-06-16T15:55:31.992+0000] {manager.py:997} INFO - 
================================================================================
DAG File Processing Stats

File Path                                 PID    Runtime      # DAGs    # Errors  Last Runtime    Last Run               Last # of DB Queries
----------------------------------------  -----  ---------  --------  ----------  --------------  -------------------  ----------------------
/opt/airflow/dags/crypto_pipeline_dag.py                           1           0  0.09s           2026-06-16T15:55:06                      12
================================================================================
[2026-06-16T15:56:02.211+0000] {manager.py:997} INFO - 
================================================================================
DAG File Processing Stats

File Path                                 PID    Runtime      # DAGs    # Errors  Last Runtime    Last Run               Last # of DB Queries
----------------------------------------  -----  ---------  --------  ----------  --------------  -------------------  ----------------------
/opt/airflow/dags/crypto_pipeline_dag.py                           1           0  0.09s           2026-06-16T15:55:37                      12
================================================================================
[2026-06-16T15:56:32.419+0000] {manager.py:997} INFO - 
================================================================================
DAG File Processing Stats

File Path                                 PID    Runtime      # DAGs    # Errors  Last Runtime    Last Run               Last # of DB Queries
----------------------------------------  -----  ---------  --------  ----------  --------------  -------------------  ----------------------
/opt/airflow/dags/crypto_pipeline_dag.py                           1           0  0.09s           2026-06-16T15:56:07                      12
================================================================================
[2026-06-16T15:57:02.641+0000] {manager.py:997} INFO - 
================================================================================
DAG File Processing Stats

File Path                                 PID    Runtime      # DAGs    # Errors  Last Runtime    Last Run               Last # of DB Queries
----------------------------------------  -----  ---------  --------  ----------  --------------  -------------------  ----------------------
/opt/airflow/dags/crypto_pipeline_dag.py                           1           0  0.09s           2026-06-16T15:56:37                      12
================================================================================
[2026-06-16T15:57:19.742+0000] {manager.py:821} INFO - Searching for files in /opt/airflow/dags
[2026-06-16T15:57:19.753+0000] {manager.py:824} INFO - There are 1 files in /opt/airflow/dags
[2026-06-16T15:57:32.882+0000] {manager.py:997} INFO - 
================================================================================
DAG File Processing Stats

File Path                                 PID    Runtime      # DAGs    # Errors  Last Runtime    Last Run               Last # of DB Queries
----------------------------------------  -----  ---------  --------  ----------  --------------  -------------------  ----------------------
/opt/airflow/dags/crypto_pipeline_dag.py                           1           0  0.14s           2026-06-16T15:57:07                      12
================================================================================
[2026-06-16T15:58:03.112+0000] {manager.py:997} INFO - 
================================================================================
DAG File Processing Stats

File Path                                 PID    Runtime      # DAGs    # Errors  Last Runtime    Last Run               Last # of DB Queries
----------------------------------------  -----  ---------  --------  ----------  --------------  -------------------  ----------------------
/opt/airflow/dags/crypto_pipeline_dag.py                           1           0  0.10s           2026-06-16T15:57:38                      12
================================================================================
[2026-06-16T15:58:33.317+0000] {manager.py:997} INFO - 
================================================================================
DAG File Processing Stats

File Path                                 PID    Runtime      # DAGs    # Errors  Last Runtime    Last Run               Last # of DB Queries
----------------------------------------  -----  ---------  --------  ----------  --------------  -------------------  ----------------------
/opt/airflow/dags/crypto_pipeline_dag.py                           1           0  0.09s           2026-06-16T15:58:08                      12
================================================================================
[2026-06-16T15:59:03.540+0000] {manager.py:997} INFO - 
================================================================================
DAG File Processing Stats

File Path                                 PID    Runtime      # DAGs    # Errors  Last Runtime    Last Run               Last # of DB Queries
----------------------------------------  -----  ---------  --------  ----------  --------------  -------------------  ----------------------
/opt/airflow/dags/crypto_pipeline_dag.py                           1           0  0.08s           2026-06-16T15:58:38                      12
================================================================================
[2026-06-16T15:59:33.781+0000] {manager.py:997} INFO - 
================================================================================
DAG File Processing Stats

File Path                                 PID    Runtime      # DAGs    # Errors  Last Runtime    Last Run               Last # of DB Queries
----------------------------------------  -----  ---------  --------  ----------  --------------  -------------------  ----------------------
/opt/airflow/dags/crypto_pipeline_dag.py                           1           0  0.11s           2026-06-16T15:59:08                      12
================================================================================
[2026-06-16T16:00:04.077+0000] {manager.py:997} INFO - 
================================================================================
DAG File Processing Stats

File Path                                 PID    Runtime      # DAGs    # Errors  Last Runtime    Last Run               Last # of DB Queries
----------------------------------------  -----  ---------  --------  ----------  --------------  -------------------  ----------------------
/opt/airflow/dags/crypto_pipeline_dag.py                           1           0  0.09s           2026-06-16T15:59:38                      12
================================================================================
[2026-06-16T16:00:34.324+0000] {manager.py:997} INFO - 
================================================================================
DAG File Processing Stats

File Path                                 PID    Runtime      # DAGs    # Errors  Last Runtime    Last Run               Last # of DB Queries
----------------------------------------  -----  ---------  --------  ----------  --------------  -------------------  ----------------------
/opt/airflow/dags/crypto_pipeline_dag.py                           1           0  0.09s           2026-06-16T16:00:09                      12
================================================================================
[2026-06-18T08:26:12.416+0000] {manager.py:483} INFO - Processing files using up to 2 processes at a time 
[2026-06-18T08:26:12.417+0000] {manager.py:484} INFO - Process each file at most once every 30 seconds
[2026-06-18T08:26:12.417+0000] {manager.py:485} INFO - Checking for new files in /opt/airflow/dags every 300 seconds
[2026-06-18T08:26:12.419+0000] {manager.py:821} INFO - Searching for files in /opt/airflow/dags
[2026-06-18T08:26:12.442+0000] {manager.py:824} INFO - There are 1 files in /opt/airflow/dags
[2026-06-18T08:26:27.620+0000] {manager.py:997} INFO - 
================================================================================
DAG File Processing Stats

File Path                                 PID    Runtime      # DAGs    # Errors  Last Runtime    Last Run               Last # of DB Queries
----------------------------------------  -----  ---------  --------  ----------  --------------  -------------------  ----------------------
/opt/airflow/dags/crypto_pipeline_dag.py                           1           0  0.20s           2026-06-18T08:26:12                      12
================================================================================
[2026-06-18T08:26:57.847+0000] {manager.py:997} INFO - 
================================================================================
DAG File Processing Stats

File Path                                 PID    Runtime      # DAGs    # Errors  Last Runtime    Last Run               Last # of DB Queries
----------------------------------------  -----  ---------  --------  ----------  --------------  -------------------  ----------------------
/opt/airflow/dags/crypto_pipeline_dag.py                           1           0  0.12s           2026-06-18T08:26:42                      12
================================================================================
[2026-06-18T08:27:28.157+0000] {manager.py:997} INFO - 
================================================================================
DAG File Processing Stats

File Path                                 PID    Runtime      # DAGs    # Errors  Last Runtime    Last Run               Last # of DB Queries
----------------------------------------  -----  ---------  --------  ----------  --------------  -------------------  ----------------------
/opt/airflow/dags/crypto_pipeline_dag.py                           1           0  0.13s           2026-06-18T08:27:13                      12
================================================================================
[2026-06-18T08:27:58.448+0000] {manager.py:997} INFO - 
================================================================================
DAG File Processing Stats

File Path                                 PID    Runtime      # DAGs    # Errors  Last Runtime    Last Run               Last # of DB Queries
----------------------------------------  -----  ---------  --------  ----------  --------------  -------------------  ----------------------
/opt/airflow/dags/crypto_pipeline_dag.py                           1           0  0.20s           2026-06-18T08:27:43                      12
================================================================================
[2026-06-18T08:28:28.719+0000] {manager.py:997} INFO - 
================================================================================
DAG File Processing Stats

File Path                                 PID    Runtime      # DAGs    # Errors  Last Runtime    Last Run               Last # of DB Queries
----------------------------------------  -----  ---------  --------  ----------  --------------  -------------------  ----------------------
/opt/airflow/dags/crypto_pipeline_dag.py                           1           0  0.11s           2026-06-18T08:28:13                      12
================================================================================
[2026-06-18T08:28:58.965+0000] {manager.py:997} INFO - 
================================================================================
DAG File Processing Stats

File Path                                 PID    Runtime      # DAGs    # Errors  Last Runtime    Last Run               Last # of DB Queries
----------------------------------------  -----  ---------  --------  ----------  --------------  -------------------  ----------------------
/opt/airflow/dags/crypto_pipeline_dag.py                           1           0  0.10s           2026-06-18T08:28:43                      12
================================================================================
[2026-06-18T08:29:29.331+0000] {manager.py:997} INFO - 
================================================================================
DAG File Processing Stats

File Path                                 PID    Runtime      # DAGs    # Errors  Last Runtime    Last Run               Last # of DB Queries
----------------------------------------  -----  ---------  --------  ----------  --------------  -------------------  ----------------------
/opt/airflow/dags/crypto_pipeline_dag.py                           1           0  0.09s           2026-06-18T08:29:14                      12
================================================================================
[2026-06-18T08:29:59.623+0000] {manager.py:997} INFO - 
================================================================================
DAG File Processing Stats

File Path                                 PID    Runtime      # DAGs    # Errors  Last Runtime    Last Run               Last # of DB Queries
----------------------------------------  -----  ---------  --------  ----------  --------------  -------------------  ----------------------
/opt/airflow/dags/crypto_pipeline_dag.py                           1           0  0.08s           2026-06-18T08:29:44                      12
================================================================================
[2026-06-18T08:30:29.836+0000] {manager.py:997} INFO - 
================================================================================
DAG File Processing Stats

File Path                                 PID    Runtime      # DAGs    # Errors  Last Runtime    Last Run               Last # of DB Queries
----------------------------------------  -----  ---------  --------  ----------  --------------  -------------------  ----------------------
/opt/airflow/dags/crypto_pipeline_dag.py                           1           0  0.09s           2026-06-18T08:30:14                      12
================================================================================
[2026-06-18T08:31:00.199+0000] {manager.py:997} INFO - 
================================================================================
DAG File Processing Stats

File Path                                 PID    Runtime      # DAGs    # Errors  Last Runtime    Last Run               Last # of DB Queries
----------------------------------------  -----  ---------  --------  ----------  --------------  -------------------  ----------------------
/opt/airflow/dags/crypto_pipeline_dag.py                           1           0  0.10s           2026-06-18T08:30:45                      12
================================================================================
[2026-06-18T08:31:13.326+0000] {manager.py:821} INFO - Searching for files in /opt/airflow/dags
[2026-06-18T08:31:13.354+0000] {manager.py:824} INFO - There are 1 files in /opt/airflow/dags
[2026-06-18T08:31:30.550+0000] {manager.py:997} INFO - 
================================================================================
DAG File Processing Stats

File Path                                 PID    Runtime      # DAGs    # Errors  Last Runtime    Last Run               Last # of DB Queries
----------------------------------------  -----  ---------  --------  ----------  --------------  -------------------  ----------------------
/opt/airflow/dags/crypto_pipeline_dag.py                           1           0  0.12s           2026-06-18T08:31:15                      12
================================================================================
[2026-06-18T08:32:00.861+0000] {manager.py:997} INFO - 
================================================================================
DAG File Processing Stats

File Path                                 PID    Runtime      # DAGs    # Errors  Last Runtime    Last Run               Last # of DB Queries
----------------------------------------  -----  ---------  --------  ----------  --------------  -------------------  ----------------------
/opt/airflow/dags/crypto_pipeline_dag.py                           1           0  0.12s           2026-06-18T08:31:45                      12
================================================================================
[2026-06-18T08:32:31.143+0000] {manager.py:997} INFO - 
================================================================================
DAG File Processing Stats

File Path                                 PID    Runtime      # DAGs    # Errors  Last Runtime    Last Run               Last # of DB Queries
----------------------------------------  -----  ---------  --------  ----------  --------------  -------------------  ----------------------
/opt/airflow/dags/crypto_pipeline_dag.py                           1           0  0.18s           2026-06-18T08:32:16                      12
================================================================================
[2026-06-18T08:33:01.429+0000] {manager.py:997} INFO - 
================================================================================
DAG File Processing Stats

File Path                                 PID    Runtime      # DAGs    # Errors  Last Runtime    Last Run               Last # of DB Queries
----------------------------------------  -----  ---------  --------  ----------  --------------  -------------------  ----------------------
/opt/airflow/dags/crypto_pipeline_dag.py                           1           0  0.10s           2026-06-18T08:32:46                      12
================================================================================
[2026-06-18T08:33:31.732+0000] {manager.py:997} INFO - 
================================================================================
DAG File Processing Stats

File Path                                 PID    Runtime      # DAGs    # Errors  Last Runtime    Last Run               Last # of DB Queries
----------------------------------------  -----  ---------  --------  ----------  --------------  -------------------  ----------------------
/opt/airflow/dags/crypto_pipeline_dag.py                           1           0  0.09s           2026-06-18T08:33:16                      12
================================================================================
[2026-06-18T08:34:02.038+0000] {manager.py:997} INFO - 
================================================================================
DAG File Processing Stats

File Path                                 PID    Runtime      # DAGs    # Errors  Last Runtime    Last Run               Last # of DB Queries
----------------------------------------  -----  ---------  --------  ----------  --------------  -------------------  ----------------------
/opt/airflow/dags/crypto_pipeline_dag.py                           1           0  0.09s           2026-06-18T08:33:46                      12
================================================================================
[2026-06-18T08:34:32.333+0000] {manager.py:997} INFO - 
================================================================================
DAG File Processing Stats

File Path                                 PID    Runtime      # DAGs    # Errors  Last Runtime    Last Run               Last # of DB Queries
----------------------------------------  -----  ---------  --------  ----------  --------------  -------------------  ----------------------
/opt/airflow/dags/crypto_pipeline_dag.py                           1           0  0.10s           2026-06-18T08:34:17                      12
================================================================================
[2026-06-18T08:35:02.596+0000] {manager.py:997} INFO - 
================================================================================
DAG File Processing Stats

File Path                                 PID    Runtime      # DAGs    # Errors  Last Runtime    Last Run               Last # of DB Queries
----------------------------------------  -----  ---------  --------  ----------  --------------  -------------------  ----------------------
/opt/airflow/dags/crypto_pipeline_dag.py                           1           0  0.09s           2026-06-18T08:34:47                      12
================================================================================
[2026-06-18T08:35:32.934+0000] {manager.py:997} INFO - 
================================================================================
DAG File Processing Stats

File Path                                 PID    Runtime      # DAGs    # Errors  Last Runtime    Last Run               Last # of DB Queries
----------------------------------------  -----  ---------  --------  ----------  --------------  -------------------  ----------------------
/opt/airflow/dags/crypto_pipeline_dag.py                           1           0  0.09s           2026-06-18T08:35:17                      12
================================================================================
[2026-06-18T08:36:03.255+0000] {manager.py:997} INFO - 
================================================================================
DAG File Processing Stats

File Path                                 PID    Runtime      # DAGs    # Errors  Last Runtime    Last Run               Last # of DB Queries
----------------------------------------  -----  ---------  --------  ----------  --------------  -------------------  ----------------------
/opt/airflow/dags/crypto_pipeline_dag.py                           1           0  0.09s           2026-06-18T08:35:48                      12
================================================================================
[2026-06-18T08:36:13.341+0000] {manager.py:821} INFO - Searching for files in /opt/airflow/dags
[2026-06-18T08:36:13.359+0000] {manager.py:824} INFO - There are 1 files in /opt/airflow/dags
[2026-06-18T08:36:33.609+0000] {manager.py:997} INFO - 
================================================================================
DAG File Processing Stats

File Path                                 PID    Runtime      # DAGs    # Errors  Last Runtime    Last Run               Last # of DB Queries
----------------------------------------  -----  ---------  --------  ----------  --------------  -------------------  ----------------------
/opt/airflow/dags/crypto_pipeline_dag.py                           1           0  0.10s           2026-06-18T08:36:18                      12
================================================================================
[2026-06-18T08:37:03.949+0000] {manager.py:997} INFO - 
================================================================================
DAG File Processing Stats

File Path                                 PID    Runtime      # DAGs    # Errors  Last Runtime    Last Run               Last # of DB Queries
----------------------------------------  -----  ---------  --------  ----------  --------------  -------------------  ----------------------
/opt/airflow/dags/crypto_pipeline_dag.py                           1           0  0.13s           2026-06-18T08:36:48                      12
================================================================================
[2026-06-18T08:37:34.330+0000] {manager.py:997} INFO - 
================================================================================
DAG File Processing Stats

File Path                                 PID    Runtime      # DAGs    # Errors  Last Runtime    Last Run               Last # of DB Queries
----------------------------------------  -----  ---------  --------  ----------  --------------  -------------------  ----------------------
/opt/airflow/dags/crypto_pipeline_dag.py                           1           0  0.09s           2026-06-18T08:37:19                      12
================================================================================
[2026-06-18T08:38:04.614+0000] {manager.py:997} INFO - 
================================================================================
DAG File Processing Stats

File Path                                 PID    Runtime      # DAGs    # Errors  Last Runtime    Last Run               Last # of DB Queries
----------------------------------------  -----  ---------  --------  ----------  --------------  -------------------  ----------------------
/opt/airflow/dags/crypto_pipeline_dag.py                           1           0  0.12s           2026-06-18T08:37:49                      12
================================================================================
[2026-06-18T08:38:34.880+0000] {manager.py:997} INFO - 
================================================================================
DAG File Processing Stats

File Path                                 PID    Runtime      # DAGs    # Errors  Last Runtime    Last Run               Last # of DB Queries
----------------------------------------  -----  ---------  --------  ----------  --------------  -------------------  ----------------------
/opt/airflow/dags/crypto_pipeline_dag.py                           1           0  0.11s           2026-06-18T08:38:19                      12
================================================================================
[2026-06-18T08:39:05.233+0000] {manager.py:997} INFO - 
================================================================================
DAG File Processing Stats

File Path                                 PID    Runtime      # DAGs    # Errors  Last Runtime    Last Run               Last # of DB Queries
----------------------------------------  -----  ---------  --------  ----------  --------------  -------------------  ----------------------
/opt/airflow/dags/crypto_pipeline_dag.py                           1           0  0.09s           2026-06-18T08:38:50                      12
================================================================================
[2026-06-18T08:39:35.519+0000] {manager.py:997} INFO - 
================================================================================
DAG File Processing Stats

File Path                                 PID    Runtime      # DAGs    # Errors  Last Runtime    Last Run               Last # of DB Queries
----------------------------------------  -----  ---------  --------  ----------  --------------  -------------------  ----------------------
/opt/airflow/dags/crypto_pipeline_dag.py                           1           0  0.09s           2026-06-18T08:39:20                      12
================================================================================
[2026-06-18T08:40:05.850+0000] {manager.py:997} INFO - 
================================================================================
DAG File Processing Stats

File Path                                 PID    Runtime      # DAGs    # Errors  Last Runtime    Last Run               Last # of DB Queries
----------------------------------------  -----  ---------  --------  ----------  --------------  -------------------  ----------------------
/opt/airflow/dags/crypto_pipeline_dag.py                           1           0  0.09s           2026-06-18T08:39:50                      12
================================================================================
[2026-06-18T08:40:36.147+0000] {manager.py:997} INFO - 
================================================================================
DAG File Processing Stats

File Path                                 PID    Runtime      # DAGs    # Errors  Last Runtime    Last Run               Last # of DB Queries
----------------------------------------  -----  ---------  --------  ----------  --------------  -------------------  ----------------------
/opt/airflow/dags/crypto_pipeline_dag.py                           1           0  0.13s           2026-06-18T08:40:21                      12
================================================================================
[2026-06-18T08:41:06.489+0000] {manager.py:997} INFO - 
================================================================================
DAG File Processing Stats

File Path                                 PID    Runtime      # DAGs    # Errors  Last Runtime    Last Run               Last # of DB Queries
----------------------------------------  -----  ---------  --------  ----------  --------------  -------------------  ----------------------
/opt/airflow/dags/crypto_pipeline_dag.py                           1           0  0.13s           2026-06-18T08:40:51                      12
================================================================================
[2026-06-18T08:41:13.560+0000] {manager.py:821} INFO - Searching for files in /opt/airflow/dags
[2026-06-18T08:41:13.576+0000] {manager.py:824} INFO - There are 1 files in /opt/airflow/dags
[2026-06-18T08:41:36.799+0000] {manager.py:997} INFO - 
================================================================================
DAG File Processing Stats

File Path                                 PID    Runtime      # DAGs    # Errors  Last Runtime    Last Run               Last # of DB Queries
----------------------------------------  -----  ---------  --------  ----------  --------------  -------------------  ----------------------
/opt/airflow/dags/crypto_pipeline_dag.py                           1           0  0.10s           2026-06-18T08:41:21                      12
================================================================================
[2026-06-18T08:42:07.161+0000] {manager.py:997} INFO - 
================================================================================
DAG File Processing Stats

File Path                                 PID    Runtime      # DAGs    # Errors  Last Runtime    Last Run               Last # of DB Queries
----------------------------------------  -----  ---------  --------  ----------  --------------  -------------------  ----------------------
/opt/airflow/dags/crypto_pipeline_dag.py                           1           0  0.08s           2026-06-18T08:41:52                      12
================================================================================
[2026-06-18T08:42:37.448+0000] {manager.py:997} INFO - 
================================================================================
DAG File Processing Stats

File Path                                 PID    Runtime      # DAGs    # Errors  Last Runtime    Last Run               Last # of DB Queries
----------------------------------------  -----  ---------  --------  ----------  --------------  -------------------  ----------------------
/opt/airflow/dags/crypto_pipeline_dag.py                           1           0  0.09s           2026-06-18T08:42:22                      12
================================================================================
[2026-06-18T08:43:07.735+0000] {manager.py:997} INFO - 
================================================================================
DAG File Processing Stats

File Path                                 PID    Runtime      # DAGs    # Errors  Last Runtime    Last Run               Last # of DB Queries
----------------------------------------  -----  ---------  --------  ----------  --------------  -------------------  ----------------------
/opt/airflow/dags/crypto_pipeline_dag.py                           1           0  0.09s           2026-06-18T08:42:52                      12
================================================================================
[2026-06-18T08:43:37.999+0000] {manager.py:997} INFO - 
================================================================================
DAG File Processing Stats

File Path                                 PID    Runtime      # DAGs    # Errors  Last Runtime    Last Run               Last # of DB Queries
----------------------------------------  -----  ---------  --------  ----------  --------------  -------------------  ----------------------
/opt/airflow/dags/crypto_pipeline_dag.py                           1           0  0.11s           2026-06-18T08:43:22                      12
================================================================================
[2026-06-18T08:44:08.340+0000] {manager.py:997} INFO - 
================================================================================
DAG File Processing Stats

File Path                                 PID    Runtime      # DAGs    # Errors  Last Runtime    Last Run               Last # of DB Queries
----------------------------------------  -----  ---------  --------  ----------  --------------  -------------------  ----------------------
/opt/airflow/dags/crypto_pipeline_dag.py                           1           0  0.09s           2026-06-18T08:43:53                      12
================================================================================
[2026-06-18T08:44:38.630+0000] {manager.py:997} INFO - 
================================================================================
DAG File Processing Stats

File Path                                 PID    Runtime      # DAGs    # Errors  Last Runtime    Last Run               Last # of DB Queries
----------------------------------------  -----  ---------  --------  ----------  --------------  -------------------  ----------------------
/opt/airflow/dags/crypto_pipeline_dag.py                           1           0  0.09s           2026-06-18T08:44:23                      12
================================================================================
[2026-06-18T08:45:08.930+0000] {manager.py:997} INFO - 
================================================================================
DAG File Processing Stats

File Path                                 PID    Runtime      # DAGs    # Errors  Last Runtime    Last Run               Last # of DB Queries
----------------------------------------  -----  ---------  --------  ----------  --------------  -------------------  ----------------------
/opt/airflow/dags/crypto_pipeline_dag.py                           1           0  0.08s           2026-06-18T08:44:53                      12
================================================================================
[2026-06-18T08:45:39.238+0000] {manager.py:997} INFO - 
================================================================================
DAG File Processing Stats

File Path                                 PID    Runtime      # DAGs    # Errors  Last Runtime    Last Run               Last # of DB Queries
----------------------------------------  -----  ---------  --------  ----------  --------------  -------------------  ----------------------
/opt/airflow/dags/crypto_pipeline_dag.py                           1           0  0.09s           2026-06-18T08:45:24                      12
================================================================================
[2026-06-18T08:46:09.521+0000] {manager.py:997} INFO - 
================================================================================
DAG File Processing Stats

File Path                                 PID    Runtime      # DAGs    # Errors  Last Runtime    Last Run               Last # of DB Queries
----------------------------------------  -----  ---------  --------  ----------  --------------  -------------------  ----------------------
/opt/airflow/dags/crypto_pipeline_dag.py                           1           0  0.11s           2026-06-18T08:45:54                      12
================================================================================
[2026-06-18T08:46:13.681+0000] {manager.py:821} INFO - Searching for files in /opt/airflow/dags
[2026-06-18T08:46:13.698+0000] {manager.py:824} INFO - There are 1 files in /opt/airflow/dags
[2026-06-18T08:46:39.807+0000] {manager.py:997} INFO - 
================================================================================
DAG File Processing Stats

File Path                                 PID    Runtime      # DAGs    # Errors  Last Runtime    Last Run               Last # of DB Queries
----------------------------------------  -----  ---------  --------  ----------  --------------  -------------------  ----------------------
/opt/airflow/dags/crypto_pipeline_dag.py                           1           0  0.08s           2026-06-18T08:46:24                      12
================================================================================
[2026-06-18T08:47:10.139+0000] {manager.py:997} INFO - 
================================================================================
DAG File Processing Stats

File Path                                 PID    Runtime      # DAGs    # Errors  Last Runtime    Last Run               Last # of DB Queries
----------------------------------------  -----  ---------  --------  ----------  --------------  -------------------  ----------------------
/opt/airflow/dags/crypto_pipeline_dag.py                           1           0  0.09s           2026-06-18T08:46:55                      12
================================================================================
[2026-06-18T08:47:40.406+0000] {manager.py:997} INFO - 
================================================================================
DAG File Processing Stats

File Path                                 PID    Runtime      # DAGs    # Errors  Last Runtime    Last Run               Last # of DB Queries
----------------------------------------  -----  ---------  --------  ----------  --------------  -------------------  ----------------------
/opt/airflow/dags/crypto_pipeline_dag.py                           1           0  0.10s           2026-06-18T08:47:25                      12
================================================================================
[2026-06-18T08:48:10.700+0000] {manager.py:997} INFO - 
================================================================================
DAG File Processing Stats

File Path                                 PID    Runtime      # DAGs    # Errors  Last Runtime    Last Run               Last # of DB Queries
----------------------------------------  -----  ---------  --------  ----------  --------------  -------------------  ----------------------
/opt/airflow/dags/crypto_pipeline_dag.py                           1           0  0.21s           2026-06-18T08:47:55                      12
================================================================================
[2026-06-18T08:48:40.903+0000] {manager.py:997} INFO - 
================================================================================
DAG File Processing Stats

File Path                                 PID    Runtime      # DAGs    # Errors  Last Runtime    Last Run               Last # of DB Queries
----------------------------------------  -----  ---------  --------  ----------  --------------  -------------------  ----------------------
/opt/airflow/dags/crypto_pipeline_dag.py                           1           0  0.18s           2026-06-18T08:48:25                      12
================================================================================
[2026-06-18T08:49:11.114+0000] {manager.py:997} INFO - 
================================================================================
DAG File Processing Stats

File Path                                 PID    Runtime      # DAGs    # Errors  Last Runtime    Last Run               Last # of DB Queries
----------------------------------------  -----  ---------  --------  ----------  --------------  -------------------  ----------------------
/opt/airflow/dags/crypto_pipeline_dag.py                           1           0  0.10s           2026-06-18T08:48:56                      12
================================================================================
[2026-06-18T08:49:41.397+0000] {manager.py:997} INFO - 
================================================================================
DAG File Processing Stats

File Path                                 PID    Runtime      # DAGs    # Errors  Last Runtime    Last Run               Last # of DB Queries
----------------------------------------  -----  ---------  --------  ----------  --------------  -------------------  ----------------------
/opt/airflow/dags/crypto_pipeline_dag.py                           1           0  0.15s           2026-06-18T08:49:26                      12
================================================================================
[2026-06-18T08:50:11.778+0000] {manager.py:997} INFO - 
================================================================================
DAG File Processing Stats

File Path                                 PID    Runtime      # DAGs    # Errors  Last Runtime    Last Run               Last # of DB Queries
----------------------------------------  -----  ---------  --------  ----------  --------------  -------------------  ----------------------
/opt/airflow/dags/crypto_pipeline_dag.py                           1           0  0.11s           2026-06-18T08:49:56                      12
================================================================================
[2026-06-18T08:50:42.052+0000] {manager.py:997} INFO - 
================================================================================
DAG File Processing Stats

File Path                                 PID    Runtime      # DAGs    # Errors  Last Runtime    Last Run               Last # of DB Queries
----------------------------------------  -----  ---------  --------  ----------  --------------  -------------------  ----------------------
/opt/airflow/dags/crypto_pipeline_dag.py                           1           0  0.09s           2026-06-18T08:50:27                      12
================================================================================
[2026-06-18T08:51:12.286+0000] {manager.py:997} INFO - 
================================================================================
DAG File Processing Stats

File Path                                 PID    Runtime      # DAGs    # Errors  Last Runtime    Last Run               Last # of DB Queries
----------------------------------------  -----  ---------  --------  ----------  --------------  -------------------  ----------------------
/opt/airflow/dags/crypto_pipeline_dag.py                           1           0  0.09s           2026-06-18T08:50:57                      12
================================================================================
[2026-06-18T08:51:14.296+0000] {manager.py:821} INFO - Searching for files in /opt/airflow/dags
[2026-06-18T08:51:14.308+0000] {manager.py:824} INFO - There are 1 files in /opt/airflow/dags
[2026-06-18T08:51:42.546+0000] {manager.py:997} INFO - 
================================================================================
DAG File Processing Stats

File Path                                 PID    Runtime      # DAGs    # Errors  Last Runtime    Last Run               Last # of DB Queries
----------------------------------------  -----  ---------  --------  ----------  --------------  -------------------  ----------------------
/opt/airflow/dags/crypto_pipeline_dag.py                           1           0  0.09s           2026-06-18T08:51:27                      12
================================================================================
[2026-06-18T08:52:12.821+0000] {manager.py:997} INFO - 
================================================================================
DAG File Processing Stats

File Path                                 PID    Runtime      # DAGs    # Errors  Last Runtime    Last Run               Last # of DB Queries
----------------------------------------  -----  ---------  --------  ----------  --------------  -------------------  ----------------------
/opt/airflow/dags/crypto_pipeline_dag.py                           1           0  0.09s           2026-06-18T08:51:57                      12
================================================================================
[2026-06-18T08:52:43.034+0000] {manager.py:997} INFO - 
================================================================================
DAG File Processing Stats

File Path                                 PID    Runtime      # DAGs    # Errors  Last Runtime    Last Run               Last # of DB Queries
----------------------------------------  -----  ---------  --------  ----------  --------------  -------------------  ----------------------
/opt/airflow/dags/crypto_pipeline_dag.py                           1           0  0.09s           2026-06-18T08:52:28                      12
================================================================================
[2026-06-18T08:53:13.237+0000] {manager.py:997} INFO - 
================================================================================
DAG File Processing Stats

File Path                                 PID    Runtime      # DAGs    # Errors  Last Runtime    Last Run               Last # of DB Queries
----------------------------------------  -----  ---------  --------  ----------  --------------  -------------------  ----------------------
/opt/airflow/dags/crypto_pipeline_dag.py                           1           0  0.10s           2026-06-18T08:52:58                      12
================================================================================
[2026-06-18T08:53:43.421+0000] {manager.py:997} INFO - 
================================================================================
DAG File Processing Stats

File Path                                 PID    Runtime      # DAGs    # Errors  Last Runtime    Last Run               Last # of DB Queries
----------------------------------------  -----  ---------  --------  ----------  --------------  -------------------  ----------------------
/opt/airflow/dags/crypto_pipeline_dag.py                           1           0  0.10s           2026-06-18T08:53:28                      12
================================================================================
[2026-06-18T08:54:13.647+0000] {manager.py:997} INFO - 
================================================================================
DAG File Processing Stats

File Path                                 PID    Runtime      # DAGs    # Errors  Last Runtime    Last Run               Last # of DB Queries
----------------------------------------  -----  ---------  --------  ----------  --------------  -------------------  ----------------------
/opt/airflow/dags/crypto_pipeline_dag.py                           1           0  0.11s           2026-06-18T08:53:58                      12
================================================================================
[2026-06-18T08:54:44.983+0000] {manager.py:997} INFO - 
================================================================================
DAG File Processing Stats

File Path                                 PID    Runtime      # DAGs    # Errors  Last Runtime    Last Run               Last # of DB Queries
----------------------------------------  -----  ---------  --------  ----------  --------------  -------------------  ----------------------
/opt/airflow/dags/crypto_pipeline_dag.py                           1           0  0.11s           2026-06-18T08:54:28                      12
================================================================================
[2026-06-18T08:55:15.283+0000] {manager.py:997} INFO - 
================================================================================
DAG File Processing Stats

File Path                                 PID    Runtime      # DAGs    # Errors  Last Runtime    Last Run               Last # of DB Queries
----------------------------------------  -----  ---------  --------  ----------  --------------  -------------------  ----------------------
/opt/airflow/dags/crypto_pipeline_dag.py                           1           0  0.17s           2026-06-18T08:54:59                      12
================================================================================
[2026-06-18T08:55:45.684+0000] {manager.py:997} INFO - 
================================================================================
DAG File Processing Stats

File Path                                 PID    Runtime      # DAGs    # Errors  Last Runtime    Last Run               Last # of DB Queries
----------------------------------------  -----  ---------  --------  ----------  --------------  -------------------  ----------------------
/opt/airflow/dags/crypto_pipeline_dag.py                           1           0  0.30s           2026-06-18T08:55:29                      12
================================================================================
[2026-06-18T08:56:15.029+0000] {manager.py:821} INFO - Searching for files in /opt/airflow/dags
[2026-06-18T08:56:15.045+0000] {manager.py:824} INFO - There are 1 files in /opt/airflow/dags
[2026-06-18T08:56:16.065+0000] {manager.py:997} INFO - 
================================================================================
DAG File Processing Stats

File Path                                 PID    Runtime      # DAGs    # Errors  Last Runtime    Last Run               Last # of DB Queries
----------------------------------------  -----  ---------  --------  ----------  --------------  -------------------  ----------------------
/opt/airflow/dags/crypto_pipeline_dag.py                           1           0  0.12s           2026-06-18T08:55:59                      12
================================================================================
[2026-06-18T08:56:46.368+0000] {manager.py:997} INFO - 
================================================================================
DAG File Processing Stats

File Path                                 PID    Runtime      # DAGs    # Errors  Last Runtime    Last Run               Last # of DB Queries
----------------------------------------  -----  ---------  --------  ----------  --------------  -------------------  ----------------------
/opt/airflow/dags/crypto_pipeline_dag.py                           1           0  0.10s           2026-06-18T08:56:30                      12
================================================================================
[2026-06-18T08:57:16.605+0000] {manager.py:997} INFO - 
================================================================================
DAG File Processing Stats

File Path                                 PID    Runtime      # DAGs    # Errors  Last Runtime    Last Run               Last # of DB Queries
----------------------------------------  -----  ---------  --------  ----------  --------------  -------------------  ----------------------
/opt/airflow/dags/crypto_pipeline_dag.py                           1           0  0.10s           2026-06-18T08:57:00                      12
================================================================================
[2026-06-18T08:57:46.955+0000] {manager.py:997} INFO - 
================================================================================
DAG File Processing Stats

File Path                                 PID    Runtime      # DAGs    # Errors  Last Runtime    Last Run               Last # of DB Queries
----------------------------------------  -----  ---------  --------  ----------  --------------  -------------------  ----------------------
/opt/airflow/dags/crypto_pipeline_dag.py                           1           0  0.08s           2026-06-18T08:57:30                      12
================================================================================
[2026-06-18T08:58:17.266+0000] {manager.py:997} INFO - 
================================================================================
DAG File Processing Stats

File Path                                 PID    Runtime      # DAGs    # Errors  Last Runtime    Last Run               Last # of DB Queries
----------------------------------------  -----  ---------  --------  ----------  --------------  -------------------  ----------------------
/opt/airflow/dags/crypto_pipeline_dag.py                           1           0  0.09s           2026-06-18T08:58:01                      12
================================================================================
[2026-06-18T08:58:47.570+0000] {manager.py:997} INFO - 
================================================================================
DAG File Processing Stats

File Path                                 PID    Runtime      # DAGs    # Errors  Last Runtime    Last Run               Last # of DB Queries
----------------------------------------  -----  ---------  --------  ----------  --------------  -------------------  ----------------------
/opt/airflow/dags/crypto_pipeline_dag.py                           1           0  0.08s           2026-06-18T08:58:31                      12
================================================================================
[2026-06-18T08:59:17.907+0000] {manager.py:997} INFO - 
================================================================================
DAG File Processing Stats

File Path                                 PID    Runtime      # DAGs    # Errors  Last Runtime    Last Run               Last # of DB Queries
----------------------------------------  -----  ---------  --------  ----------  --------------  -------------------  ----------------------
/opt/airflow/dags/crypto_pipeline_dag.py                           1           0  0.09s           2026-06-18T08:59:01                      12
================================================================================
[2026-06-18T08:59:48.236+0000] {manager.py:997} INFO - 
================================================================================
DAG File Processing Stats

File Path                                 PID    Runtime      # DAGs    # Errors  Last Runtime    Last Run               Last # of DB Queries
----------------------------------------  -----  ---------  --------  ----------  --------------  -------------------  ----------------------
/opt/airflow/dags/crypto_pipeline_dag.py                           1           0  0.13s           2026-06-18T08:59:32                      12
================================================================================
[2026-06-18T09:00:18.559+0000] {manager.py:997} INFO - 
================================================================================
DAG File Processing Stats

File Path                                 PID    Runtime      # DAGs    # Errors  Last Runtime    Last Run               Last # of DB Queries
----------------------------------------  -----  ---------  --------  ----------  --------------  -------------------  ----------------------
/opt/airflow/dags/crypto_pipeline_dag.py                           1           0  0.10s           2026-06-18T09:00:02                      12
================================================================================
[2026-06-18T09:00:48.925+0000] {manager.py:997} INFO - 
================================================================================
DAG File Processing Stats

File Path                                 PID    Runtime      # DAGs    # Errors  Last Runtime    Last Run               Last # of DB Queries
----------------------------------------  -----  ---------  --------  ----------  --------------  -------------------  ----------------------
/opt/airflow/dags/crypto_pipeline_dag.py                           1           0  0.10s           2026-06-18T09:00:32                      12
================================================================================
[2026-06-18T09:01:15.208+0000] {manager.py:821} INFO - Searching for files in /opt/airflow/dags
[2026-06-18T09:01:15.224+0000] {manager.py:824} INFO - There are 1 files in /opt/airflow/dags
[2026-06-18T09:01:19.271+0000] {manager.py:997} INFO - 
================================================================================
DAG File Processing Stats

File Path                                 PID    Runtime      # DAGs    # Errors  Last Runtime    Last Run               Last # of DB Queries
----------------------------------------  -----  ---------  --------  ----------  --------------  -------------------  ----------------------
/opt/airflow/dags/crypto_pipeline_dag.py                           1           0  0.08s           2026-06-18T09:01:03                      12
================================================================================
[2026-06-18T09:01:49.578+0000] {manager.py:997} INFO - 
================================================================================
DAG File Processing Stats

File Path                                 PID    Runtime      # DAGs    # Errors  Last Runtime    Last Run               Last # of DB Queries
----------------------------------------  -----  ---------  --------  ----------  --------------  -------------------  ----------------------
/opt/airflow/dags/crypto_pipeline_dag.py                           1           0  0.08s           2026-06-18T09:01:33                      12
================================================================================
[2026-06-18T09:02:19.938+0000] {manager.py:997} INFO - 
================================================================================
DAG File Processing Stats

File Path                                 PID    Runtime      # DAGs    # Errors  Last Runtime    Last Run               Last # of DB Queries
----------------------------------------  -----  ---------  --------  ----------  --------------  -------------------  ----------------------
/opt/airflow/dags/crypto_pipeline_dag.py                           1           0  0.09s           2026-06-18T09:02:03                      12
================================================================================
[2026-06-18T09:11:31.857+0000] {manager.py:821} INFO - Searching for files in /opt/airflow/dags
[2026-06-18T09:11:32.719+0000] {manager.py:824} INFO - There are 1 files in /opt/airflow/dags
[2026-06-18T09:11:49.030+0000] {manager.py:997} INFO - 
================================================================================
DAG File Processing Stats

File Path                                 PID    Runtime      # DAGs    # Errors  Last Runtime    Last Run               Last # of DB Queries
----------------------------------------  -----  ---------  --------  ----------  --------------  -------------------  ----------------------
/opt/airflow/dags/crypto_pipeline_dag.py                           1           0  0.21s           2026-06-18T09:11:33                      12
================================================================================
[2026-06-18T09:12:19.297+0000] {manager.py:997} INFO - 
================================================================================
DAG File Processing Stats

File Path                                 PID    Runtime      # DAGs    # Errors  Last Runtime    Last Run               Last # of DB Queries
----------------------------------------  -----  ---------  --------  ----------  --------------  -------------------  ----------------------
/opt/airflow/dags/crypto_pipeline_dag.py                           1           0  0.09s           2026-06-18T09:12:03                      12
================================================================================
[2026-06-18T09:12:49.601+0000] {manager.py:997} INFO - 
================================================================================
DAG File Processing Stats

File Path                                 PID    Runtime      # DAGs    # Errors  Last Runtime    Last Run               Last # of DB Queries
----------------------------------------  -----  ---------  --------  ----------  --------------  -------------------  ----------------------
/opt/airflow/dags/crypto_pipeline_dag.py                           1           0  0.18s           2026-06-18T09:12:33                      12
================================================================================
[2026-06-18T09:13:19.924+0000] {manager.py:997} INFO - 
================================================================================
DAG File Processing Stats

File Path                                 PID    Runtime      # DAGs    # Errors  Last Runtime    Last Run               Last # of DB Queries
----------------------------------------  -----  ---------  --------  ----------  --------------  -------------------  ----------------------
/opt/airflow/dags/crypto_pipeline_dag.py                           1           0  0.10s           2026-06-18T09:13:03                      12
================================================================================
[2026-06-18T09:13:50.130+0000] {manager.py:997} INFO - 
================================================================================
DAG File Processing Stats

File Path                                 PID    Runtime      # DAGs    # Errors  Last Runtime    Last Run               Last # of DB Queries
----------------------------------------  -----  ---------  --------  ----------  --------------  -------------------  ----------------------
/opt/airflow/dags/crypto_pipeline_dag.py                           1           0  0.11s           2026-06-18T09:13:34                      12
================================================================================
[2026-06-18T09:14:20.418+0000] {manager.py:997} INFO - 
================================================================================
DAG File Processing Stats

File Path                                 PID    Runtime      # DAGs    # Errors  Last Runtime    Last Run               Last # of DB Queries
----------------------------------------  -----  ---------  --------  ----------  --------------  -------------------  ----------------------
/opt/airflow/dags/crypto_pipeline_dag.py                           1           0  0.16s           2026-06-18T09:14:04                      12
================================================================================
[2026-06-18T09:14:50.709+0000] {manager.py:997} INFO - 
================================================================================
DAG File Processing Stats

File Path                                 PID    Runtime      # DAGs    # Errors  Last Runtime    Last Run               Last # of DB Queries
----------------------------------------  -----  ---------  --------  ----------  --------------  -------------------  ----------------------
/opt/airflow/dags/crypto_pipeline_dag.py                           1           0  0.11s           2026-06-18T09:14:34                      12
================================================================================
[2026-06-18T09:15:20.941+0000] {manager.py:997} INFO - 
================================================================================
DAG File Processing Stats

File Path                                 PID    Runtime      # DAGs    # Errors  Last Runtime    Last Run               Last # of DB Queries
----------------------------------------  -----  ---------  --------  ----------  --------------  -------------------  ----------------------
/opt/airflow/dags/crypto_pipeline_dag.py                           1           0  0.09s           2026-06-18T09:15:04                      12
================================================================================
[2026-06-18T09:15:51.171+0000] {manager.py:997} INFO - 
================================================================================
DAG File Processing Stats

File Path                                 PID    Runtime      # DAGs    # Errors  Last Runtime    Last Run               Last # of DB Queries
----------------------------------------  -----  ---------  --------  ----------  --------------  -------------------  ----------------------
/opt/airflow/dags/crypto_pipeline_dag.py                           1           0  0.11s           2026-06-18T09:15:35                      12
================================================================================
[2026-06-18T09:16:21.448+0000] {manager.py:997} INFO - 
================================================================================
DAG File Processing Stats

File Path                                 PID    Runtime      # DAGs    # Errors  Last Runtime    Last Run               Last # of DB Queries
----------------------------------------  -----  ---------  --------  ----------  --------------  -------------------  ----------------------
/opt/airflow/dags/crypto_pipeline_dag.py                           1           0  0.10s           2026-06-18T09:16:05                      12
================================================================================
[2026-06-18T09:16:32.506+0000] {manager.py:821} INFO - Searching for files in /opt/airflow/dags
[2026-06-18T09:16:32.559+0000] {manager.py:824} INFO - There are 1 files in /opt/airflow/dags
[2026-06-18T09:16:51.750+0000] {manager.py:997} INFO - 
================================================================================
DAG File Processing Stats

File Path                                 PID    Runtime      # DAGs    # Errors  Last Runtime    Last Run               Last # of DB Queries
----------------------------------------  -----  ---------  --------  ----------  --------------  -------------------  ----------------------
/opt/airflow/dags/crypto_pipeline_dag.py                           1           0  0.09s           2026-06-18T09:16:35                      12
================================================================================
[2026-06-18T09:17:21.987+0000] {manager.py:997} INFO - 
================================================================================
DAG File Processing Stats

File Path                                 PID    Runtime      # DAGs    # Errors  Last Runtime    Last Run               Last # of DB Queries
----------------------------------------  -----  ---------  --------  ----------  --------------  -------------------  ----------------------
/opt/airflow/dags/crypto_pipeline_dag.py                           1           0  0.09s           2026-06-18T09:17:05                      12
================================================================================
[2026-06-18T09:17:52.434+0000] {manager.py:997} INFO - 
================================================================================
DAG File Processing Stats

File Path                                 PID    Runtime      # DAGs    # Errors  Last Runtime    Last Run               Last # of DB Queries
----------------------------------------  -----  ---------  --------  ----------  --------------  -------------------  ----------------------
/opt/airflow/dags/crypto_pipeline_dag.py                           1           0  0.17s           2026-06-18T09:17:36                      12
================================================================================
[2026-06-18T09:18:22.673+0000] {manager.py:997} INFO - 
================================================================================
DAG File Processing Stats

File Path                                 PID    Runtime      # DAGs    # Errors  Last Runtime    Last Run               Last # of DB Queries
----------------------------------------  -----  ---------  --------  ----------  --------------  -------------------  ----------------------
/opt/airflow/dags/crypto_pipeline_dag.py                           1           0  0.10s           2026-06-18T09:18:06                      12
================================================================================
[2026-06-18T09:18:52.997+0000] {manager.py:997} INFO - 
================================================================================
DAG File Processing Stats

File Path                                 PID    Runtime      # DAGs    # Errors  Last Runtime    Last Run               Last # of DB Queries
----------------------------------------  -----  ---------  --------  ----------  --------------  -------------------  ----------------------
/opt/airflow/dags/crypto_pipeline_dag.py                           1           0  0.10s           2026-06-18T09:18:36                      12
================================================================================
[2026-06-18T09:19:23.255+0000] {manager.py:997} INFO - 
================================================================================
DAG File Processing Stats

File Path                                 PID    Runtime      # DAGs    # Errors  Last Runtime    Last Run               Last # of DB Queries
----------------------------------------  -----  ---------  --------  ----------  --------------  -------------------  ----------------------
/opt/airflow/dags/crypto_pipeline_dag.py                           1           0  0.10s           2026-06-18T09:19:07                      12
================================================================================
[2026-06-18T09:19:53.549+0000] {manager.py:997} INFO - 
================================================================================
DAG File Processing Stats

File Path                                 PID    Runtime      # DAGs    # Errors  Last Runtime    Last Run               Last # of DB Queries
----------------------------------------  -----  ---------  --------  ----------  --------------  -------------------  ----------------------
/opt/airflow/dags/crypto_pipeline_dag.py                           1           0  0.10s           2026-06-18T09:19:37                      12
================================================================================
[2026-06-18T09:20:23.846+0000] {manager.py:997} INFO - 
================================================================================
DAG File Processing Stats

File Path                                 PID    Runtime      # DAGs    # Errors  Last Runtime    Last Run               Last # of DB Queries
----------------------------------------  -----  ---------  --------  ----------  --------------  -------------------  ----------------------
/opt/airflow/dags/crypto_pipeline_dag.py                           1           0  0.14s           2026-06-18T09:20:07                      12
================================================================================
[2026-06-18T09:20:54.202+0000] {manager.py:997} INFO - 
================================================================================
DAG File Processing Stats

File Path                                 PID    Runtime      # DAGs    # Errors  Last Runtime    Last Run               Last # of DB Queries
----------------------------------------  -----  ---------  --------  ----------  --------------  -------------------  ----------------------
/opt/airflow/dags/crypto_pipeline_dag.py                           1           0  0.23s           2026-06-18T09:20:38                      12
================================================================================
[2026-06-18T09:21:24.465+0000] {manager.py:997} INFO - 
================================================================================
DAG File Processing Stats

File Path                                 PID    Runtime      # DAGs    # Errors  Last Runtime    Last Run               Last # of DB Queries
----------------------------------------  -----  ---------  --------  ----------  --------------  -------------------  ----------------------
/opt/airflow/dags/crypto_pipeline_dag.py                           1           0  0.09s           2026-06-18T09:21:08                      12
================================================================================
[2026-06-18T09:21:32.560+0000] {manager.py:821} INFO - Searching for files in /opt/airflow/dags
[2026-06-18T09:21:32.582+0000] {manager.py:824} INFO - There are 1 files in /opt/airflow/dags
[2026-06-18T09:21:54.766+0000] {manager.py:997} INFO - 
================================================================================
DAG File Processing Stats

File Path                                 PID    Runtime      # DAGs    # Errors  Last Runtime    Last Run               Last # of DB Queries
----------------------------------------  -----  ---------  --------  ----------  --------------  -------------------  ----------------------
/opt/airflow/dags/crypto_pipeline_dag.py                           1           0  0.12s           2026-06-18T09:21:38                      12
================================================================================
[2026-06-18T09:22:25.030+0000] {manager.py:997} INFO - 
================================================================================
DAG File Processing Stats

File Path                                 PID    Runtime      # DAGs    # Errors  Last Runtime    Last Run               Last # of DB Queries
----------------------------------------  -----  ---------  --------  ----------  --------------  -------------------  ----------------------
/opt/airflow/dags/crypto_pipeline_dag.py                           1           0  0.17s           2026-06-18T09:22:09                      12
================================================================================
[2026-06-18T09:22:55.342+0000] {manager.py:997} INFO - 
================================================================================
DAG File Processing Stats

File Path                                 PID    Runtime      # DAGs    # Errors  Last Runtime    Last Run               Last # of DB Queries
----------------------------------------  -----  ---------  --------  ----------  --------------  -------------------  ----------------------
/opt/airflow/dags/crypto_pipeline_dag.py                           1           0  0.13s           2026-06-18T09:22:39                      12
================================================================================
[2026-06-18T09:23:25.599+0000] {manager.py:997} INFO - 
================================================================================
DAG File Processing Stats

File Path                                 PID    Runtime      # DAGs    # Errors  Last Runtime    Last Run               Last # of DB Queries
----------------------------------------  -----  ---------  --------  ----------  --------------  -------------------  ----------------------
/opt/airflow/dags/crypto_pipeline_dag.py                           1           0  0.09s           2026-06-18T09:23:09                      12
================================================================================
[2026-06-18T09:23:55.800+0000] {manager.py:997} INFO - 
================================================================================
DAG File Processing Stats

File Path                                 PID    Runtime      # DAGs    # Errors  Last Runtime    Last Run               Last # of DB Queries
----------------------------------------  -----  ---------  --------  ----------  --------------  -------------------  ----------------------
/opt/airflow/dags/crypto_pipeline_dag.py                           1           0  0.12s           2026-06-18T09:23:39                      12
================================================================================
[2026-06-18T09:24:26.094+0000] {manager.py:997} INFO - 
================================================================================
DAG File Processing Stats

File Path                                 PID    Runtime      # DAGs    # Errors  Last Runtime    Last Run               Last # of DB Queries
----------------------------------------  -----  ---------  --------  ----------  --------------  -------------------  ----------------------
/opt/airflow/dags/crypto_pipeline_dag.py                           1           0  0.11s           2026-06-18T09:24:10                      12
================================================================================
[2026-06-18T09:24:56.342+0000] {manager.py:997} INFO - 
================================================================================
DAG File Processing Stats

File Path                                 PID    Runtime      # DAGs    # Errors  Last Runtime    Last Run               Last # of DB Queries
----------------------------------------  -----  ---------  --------  ----------  --------------  -------------------  ----------------------
/opt/airflow/dags/crypto_pipeline_dag.py                           1           0  0.12s           2026-06-18T09:24:40                      12
================================================================================
[2026-06-18T09:25:26.586+0000] {manager.py:997} INFO - 
================================================================================
DAG File Processing Stats

File Path                                 PID    Runtime      # DAGs    # Errors  Last Runtime    Last Run               Last # of DB Queries
----------------------------------------  -----  ---------  --------  ----------  --------------  -------------------  ----------------------
/opt/airflow/dags/crypto_pipeline_dag.py                           1           0  0.11s           2026-06-18T09:25:10                      12
================================================================================
[2026-06-18T09:25:56.875+0000] {manager.py:997} INFO - 
================================================================================
DAG File Processing Stats

File Path                                 PID    Runtime      # DAGs    # Errors  Last Runtime    Last Run               Last # of DB Queries
----------------------------------------  -----  ---------  --------  ----------  --------------  -------------------  ----------------------
/opt/airflow/dags/crypto_pipeline_dag.py                           1           0  0.08s           2026-06-18T09:25:40                      12
================================================================================
[2026-06-18T09:26:27.151+0000] {manager.py:997} INFO - 
================================================================================
DAG File Processing Stats

File Path                                 PID    Runtime      # DAGs    # Errors  Last Runtime    Last Run               Last # of DB Queries
----------------------------------------  -----  ---------  --------  ----------  --------------  -------------------  ----------------------
/opt/airflow/dags/crypto_pipeline_dag.py                           1           0  0.09s           2026-06-18T09:26:11                      12
================================================================================
[2026-06-18T09:26:33.183+0000] {manager.py:821} INFO - Searching for files in /opt/airflow/dags
[2026-06-18T09:26:33.197+0000] {manager.py:824} INFO - There are 1 files in /opt/airflow/dags
[2026-06-18T09:26:57.455+0000] {manager.py:997} INFO - 
================================================================================
DAG File Processing Stats

File Path                                 PID    Runtime      # DAGs    # Errors  Last Runtime    Last Run               Last # of DB Queries
----------------------------------------  -----  ---------  --------  ----------  --------------  -------------------  ----------------------
/opt/airflow/dags/crypto_pipeline_dag.py                           1           0  0.17s           2026-06-18T09:26:41                      12
================================================================================
[2026-06-18T09:27:27.787+0000] {manager.py:997} INFO - 
================================================================================
DAG File Processing Stats

File Path                                 PID    Runtime      # DAGs    # Errors  Last Runtime    Last Run               Last # of DB Queries
----------------------------------------  -----  ---------  --------  ----------  --------------  -------------------  ----------------------
/opt/airflow/dags/crypto_pipeline_dag.py                           1           0  0.14s           2026-06-18T09:27:11                      12
================================================================================
[2026-06-18T09:27:58.105+0000] {manager.py:997} INFO - 
================================================================================
DAG File Processing Stats

File Path                                 PID    Runtime      # DAGs    # Errors  Last Runtime    Last Run               Last # of DB Queries
----------------------------------------  -----  ---------  --------  ----------  --------------  -------------------  ----------------------
/opt/airflow/dags/crypto_pipeline_dag.py                           1           0  0.09s           2026-06-18T09:27:41                      12
================================================================================
[2026-06-18T09:28:28.350+0000] {manager.py:997} INFO - 
================================================================================
DAG File Processing Stats

File Path                                 PID    Runtime      # DAGs    # Errors  Last Runtime    Last Run               Last # of DB Queries
----------------------------------------  -----  ---------  --------  ----------  --------------  -------------------  ----------------------
/opt/airflow/dags/crypto_pipeline_dag.py                           1           0  0.09s           2026-06-18T09:28:12                      12
================================================================================
[2026-06-18T09:28:58.608+0000] {manager.py:997} INFO - 
================================================================================
DAG File Processing Stats

File Path                                 PID    Runtime      # DAGs    # Errors  Last Runtime    Last Run               Last # of DB Queries
----------------------------------------  -----  ---------  --------  ----------  --------------  -------------------  ----------------------
/opt/airflow/dags/crypto_pipeline_dag.py                           1           0  0.14s           2026-06-18T09:28:42                      12
================================================================================
[2026-06-18T09:29:28.857+0000] {manager.py:997} INFO - 
================================================================================
DAG File Processing Stats

File Path                                 PID    Runtime      # DAGs    # Errors  Last Runtime    Last Run               Last # of DB Queries
----------------------------------------  -----  ---------  --------  ----------  --------------  -------------------  ----------------------
/opt/airflow/dags/crypto_pipeline_dag.py                           1           0  0.09s           2026-06-18T09:29:12                      12
================================================================================
[2026-06-18T09:29:59.084+0000] {manager.py:997} INFO - 
================================================================================
DAG File Processing Stats

File Path                                 PID    Runtime      # DAGs    # Errors  Last Runtime    Last Run               Last # of DB Queries
----------------------------------------  -----  ---------  --------  ----------  --------------  -------------------  ----------------------
/opt/airflow/dags/crypto_pipeline_dag.py                           1           0  0.09s           2026-06-18T09:29:43                      12
================================================================================
[2026-06-18T09:30:29.361+0000] {manager.py:997} INFO - 
================================================================================
DAG File Processing Stats

File Path                                 PID    Runtime      # DAGs    # Errors  Last Runtime    Last Run               Last # of DB Queries
----------------------------------------  -----  ---------  --------  ----------  --------------  -------------------  ----------------------
/opt/airflow/dags/crypto_pipeline_dag.py                           1           0  0.67s           2026-06-18T09:30:14                      12
================================================================================
[2026-06-18T09:30:59.700+0000] {manager.py:997} INFO - 
================================================================================
DAG File Processing Stats

File Path                                 PID    Runtime      # DAGs    # Errors  Last Runtime    Last Run               Last # of DB Queries
----------------------------------------  -----  ---------  --------  ----------  --------------  -------------------  ----------------------
/opt/airflow/dags/crypto_pipeline_dag.py                           1           0  0.18s           2026-06-18T09:30:44                      12
================================================================================
[2026-06-18T09:31:29.941+0000] {manager.py:997} INFO - 
================================================================================
DAG File Processing Stats

File Path                                 PID    Runtime      # DAGs    # Errors  Last Runtime    Last Run               Last # of DB Queries
----------------------------------------  -----  ---------  --------  ----------  --------------  -------------------  ----------------------
/opt/airflow/dags/crypto_pipeline_dag.py                           1           0  0.11s           2026-06-18T09:31:14                      12
================================================================================
[2026-06-18T09:31:33.970+0000] {manager.py:821} INFO - Searching for files in /opt/airflow/dags
[2026-06-18T09:31:33.983+0000] {manager.py:824} INFO - There are 1 files in /opt/airflow/dags
[2026-06-18T09:32:00.185+0000] {manager.py:997} INFO - 
================================================================================
DAG File Processing Stats

File Path                                 PID    Runtime      # DAGs    # Errors  Last Runtime    Last Run               Last # of DB Queries
----------------------------------------  -----  ---------  --------  ----------  --------------  -------------------  ----------------------
/opt/airflow/dags/crypto_pipeline_dag.py                           1           0  0.10s           2026-06-18T09:31:45                      12
================================================================================
[2026-06-18T09:32:30.424+0000] {manager.py:997} INFO - 
================================================================================
DAG File Processing Stats

File Path                                 PID    Runtime      # DAGs    # Errors  Last Runtime    Last Run               Last # of DB Queries
----------------------------------------  -----  ---------  --------  ----------  --------------  -------------------  ----------------------
/opt/airflow/dags/crypto_pipeline_dag.py                           1           0  0.10s           2026-06-18T09:32:15                      12
================================================================================
[2026-06-18T09:33:00.664+0000] {manager.py:997} INFO - 
================================================================================
DAG File Processing Stats

File Path                                 PID    Runtime      # DAGs    # Errors  Last Runtime    Last Run               Last # of DB Queries
----------------------------------------  -----  ---------  --------  ----------  --------------  -------------------  ----------------------
/opt/airflow/dags/crypto_pipeline_dag.py                           1           0  0.09s           2026-06-18T09:32:45                      12
================================================================================
[2026-06-18T09:33:30.942+0000] {manager.py:997} INFO - 
================================================================================
DAG File Processing Stats

File Path                                 PID    Runtime      # DAGs    # Errors  Last Runtime    Last Run               Last # of DB Queries
----------------------------------------  -----  ---------  --------  ----------  --------------  -------------------  ----------------------
/opt/airflow/dags/crypto_pipeline_dag.py                           1           0  0.09s           2026-06-18T09:33:15                      12
================================================================================
[2026-06-18T09:34:01.209+0000] {manager.py:997} INFO - 
================================================================================
DAG File Processing Stats

File Path                                 PID    Runtime      # DAGs    # Errors  Last Runtime    Last Run               Last # of DB Queries
----------------------------------------  -----  ---------  --------  ----------  --------------  -------------------  ----------------------
/opt/airflow/dags/crypto_pipeline_dag.py                           1           0  0.09s           2026-06-18T09:33:46                      12
================================================================================
[2026-06-18T09:34:31.517+0000] {manager.py:997} INFO - 
================================================================================
DAG File Processing Stats

File Path                                 PID    Runtime      # DAGs    # Errors  Last Runtime    Last Run               Last # of DB Queries
----------------------------------------  -----  ---------  --------  ----------  --------------  -------------------  ----------------------
/opt/airflow/dags/crypto_pipeline_dag.py                           1           0  0.09s           2026-06-18T09:34:16                      12
================================================================================
[2026-06-18T09:35:01.800+0000] {manager.py:997} INFO - 
================================================================================
DAG File Processing Stats

File Path                                 PID    Runtime      # DAGs    # Errors  Last Runtime    Last Run               Last # of DB Queries
----------------------------------------  -----  ---------  --------  ----------  --------------  -------------------  ----------------------
/opt/airflow/dags/crypto_pipeline_dag.py                           1           0  0.08s           2026-06-18T09:34:46                      12
================================================================================
[2026-06-18T09:35:32.096+0000] {manager.py:997} INFO - 
================================================================================
DAG File Processing Stats

File Path                                 PID    Runtime      # DAGs    # Errors  Last Runtime    Last Run               Last # of DB Queries
----------------------------------------  -----  ---------  --------  ----------  --------------  -------------------  ----------------------
/opt/airflow/dags/crypto_pipeline_dag.py                           1           0  0.09s           2026-06-18T09:35:17                      12
================================================================================
[2026-06-18T09:36:02.409+0000] {manager.py:997} INFO - 
================================================================================
DAG File Processing Stats

File Path                                 PID    Runtime      # DAGs    # Errors  Last Runtime    Last Run               Last # of DB Queries
----------------------------------------  -----  ---------  --------  ----------  --------------  -------------------  ----------------------
/opt/airflow/dags/crypto_pipeline_dag.py                           1           0  0.09s           2026-06-18T09:35:47                      12
================================================================================
[2026-06-18T09:36:32.714+0000] {manager.py:997} INFO - 
================================================================================
DAG File Processing Stats

File Path                                 PID    Runtime      # DAGs    # Errors  Last Runtime    Last Run               Last # of DB Queries
----------------------------------------  -----  ---------  --------  ----------  --------------  -------------------  ----------------------
/opt/airflow/dags/crypto_pipeline_dag.py                           1           0  0.09s           2026-06-18T09:36:17                      12
================================================================================
[2026-06-18T09:36:34.731+0000] {manager.py:821} INFO - Searching for files in /opt/airflow/dags
[2026-06-18T09:36:34.745+0000] {manager.py:824} INFO - There are 1 files in /opt/airflow/dags
[2026-06-18T09:37:02.983+0000] {manager.py:997} INFO - 
================================================================================
DAG File Processing Stats

File Path                                 PID    Runtime      # DAGs    # Errors  Last Runtime    Last Run               Last # of DB Queries
----------------------------------------  -----  ---------  --------  ----------  --------------  -------------------  ----------------------
/opt/airflow/dags/crypto_pipeline_dag.py                           1           0  0.09s           2026-06-18T09:36:47                      12
================================================================================
[2026-06-18T09:37:33.212+0000] {manager.py:997} INFO - 
================================================================================
DAG File Processing Stats

File Path                                 PID    Runtime      # DAGs    # Errors  Last Runtime    Last Run               Last # of DB Queries
----------------------------------------  -----  ---------  --------  ----------  --------------  -------------------  ----------------------
/opt/airflow/dags/crypto_pipeline_dag.py                           1           0  0.10s           2026-06-18T09:37:18                      12
================================================================================
[2026-06-18T09:38:03.511+0000] {manager.py:997} INFO - 
================================================================================
DAG File Processing Stats

File Path                                 PID    Runtime      # DAGs    # Errors  Last Runtime    Last Run               Last # of DB Queries
----------------------------------------  -----  ---------  --------  ----------  --------------  -------------------  ----------------------
/opt/airflow/dags/crypto_pipeline_dag.py                           1           0  0.09s           2026-06-18T09:37:48                      12
================================================================================
[2026-06-18T09:38:33.752+0000] {manager.py:997} INFO - 
================================================================================
DAG File Processing Stats

File Path                                 PID    Runtime      # DAGs    # Errors  Last Runtime    Last Run               Last # of DB Queries
----------------------------------------  -----  ---------  --------  ----------  --------------  -------------------  ----------------------
/opt/airflow/dags/crypto_pipeline_dag.py                           1           0  0.09s           2026-06-18T09:38:18                      12
================================================================================
[2026-06-18T09:39:03.987+0000] {manager.py:997} INFO - 
================================================================================
DAG File Processing Stats

File Path                                 PID    Runtime      # DAGs    # Errors  Last Runtime    Last Run               Last # of DB Queries
----------------------------------------  -----  ---------  --------  ----------  --------------  -------------------  ----------------------
/opt/airflow/dags/crypto_pipeline_dag.py                           1           0  0.10s           2026-06-18T09:38:48                      12
================================================================================
[2026-06-18T09:39:34.221+0000] {manager.py:997} INFO - 
================================================================================
DAG File Processing Stats

File Path                                 PID    Runtime      # DAGs    # Errors  Last Runtime    Last Run               Last # of DB Queries
----------------------------------------  -----  ---------  --------  ----------  --------------  -------------------  ----------------------
/opt/airflow/dags/crypto_pipeline_dag.py                           1           0  0.10s           2026-06-18T09:39:19                      12
================================================================================
[2026-06-18T09:40:04.556+0000] {manager.py:997} INFO - 
================================================================================
DAG File Processing Stats

File Path                                 PID    Runtime      # DAGs    # Errors  Last Runtime    Last Run               Last # of DB Queries
----------------------------------------  -----  ---------  --------  ----------  --------------  -------------------  ----------------------
/opt/airflow/dags/crypto_pipeline_dag.py                           1           0  0.09s           2026-06-18T09:39:49                      12
================================================================================
[2026-06-18T09:40:34.849+0000] {manager.py:997} INFO - 
================================================================================
DAG File Processing Stats

File Path                                 PID    Runtime      # DAGs    # Errors  Last Runtime    Last Run               Last # of DB Queries
----------------------------------------  -----  ---------  --------  ----------  --------------  -------------------  ----------------------
/opt/airflow/dags/crypto_pipeline_dag.py                           1           0  0.09s           2026-06-18T09:40:19                      12
================================================================================
[2026-06-18T09:41:05.089+0000] {manager.py:997} INFO - 
================================================================================
DAG File Processing Stats

File Path                                 PID    Runtime      # DAGs    # Errors  Last Runtime    Last Run               Last # of DB Queries
----------------------------------------  -----  ---------  --------  ----------  --------------  -------------------  ----------------------
/opt/airflow/dags/crypto_pipeline_dag.py                           1           0  0.09s           2026-06-18T09:40:50                      12
================================================================================
[2026-06-18T09:41:35.369+0000] {manager.py:821} INFO - Searching for files in /opt/airflow/dags
[2026-06-18T09:41:35.390+0000] {manager.py:824} INFO - There are 1 files in /opt/airflow/dags
[2026-06-18T09:41:35.399+0000] {manager.py:997} INFO - 
================================================================================
DAG File Processing Stats

File Path                                 PID    Runtime      # DAGs    # Errors  Last Runtime    Last Run               Last # of DB Queries
----------------------------------------  -----  ---------  --------  ----------  --------------  -------------------  ----------------------
/opt/airflow/dags/crypto_pipeline_dag.py                           1           0  0.09s           2026-06-18T09:41:20                      12
================================================================================
[2026-06-18T09:42:05.618+0000] {manager.py:997} INFO - 
================================================================================
DAG File Processing Stats

File Path                                 PID    Runtime      # DAGs    # Errors  Last Runtime    Last Run               Last # of DB Queries
----------------------------------------  -----  ---------  --------  ----------  --------------  -------------------  ----------------------
/opt/airflow/dags/crypto_pipeline_dag.py                           1           0  0.08s           2026-06-18T09:41:50                      12
================================================================================
[2026-06-18T09:42:35.870+0000] {manager.py:997} INFO - 
================================================================================
DAG File Processing Stats

File Path                                 PID    Runtime      # DAGs    # Errors  Last Runtime    Last Run               Last # of DB Queries
----------------------------------------  -----  ---------  --------  ----------  --------------  -------------------  ----------------------
/opt/airflow/dags/crypto_pipeline_dag.py                           1           0  0.10s           2026-06-18T09:42:20                      12
================================================================================
[2026-06-18T09:43:06.163+0000] {manager.py:997} INFO - 
================================================================================
DAG File Processing Stats

File Path                                 PID    Runtime      # DAGs    # Errors  Last Runtime    Last Run               Last # of DB Queries
----------------------------------------  -----  ---------  --------  ----------  --------------  -------------------  ----------------------
/opt/airflow/dags/crypto_pipeline_dag.py                           1           0  0.09s           2026-06-18T09:42:51                      12
================================================================================
[2026-06-18T09:43:36.426+0000] {manager.py:997} INFO - 
================================================================================
DAG File Processing Stats

File Path                                 PID    Runtime      # DAGs    # Errors  Last Runtime    Last Run               Last # of DB Queries
----------------------------------------  -----  ---------  --------  ----------  --------------  -------------------  ----------------------
/opt/airflow/dags/crypto_pipeline_dag.py                           1           0  0.10s           2026-06-18T09:43:21                      12
================================================================================
[2026-06-18T09:44:06.723+0000] {manager.py:997} INFO - 
================================================================================
DAG File Processing Stats

File Path                                 PID    Runtime      # DAGs    # Errors  Last Runtime    Last Run               Last # of DB Queries
----------------------------------------  -----  ---------  --------  ----------  --------------  -------------------  ----------------------
/opt/airflow/dags/crypto_pipeline_dag.py                           1           0  0.11s           2026-06-18T09:43:51                      12
================================================================================
[2026-06-18T09:44:37.035+0000] {manager.py:997} INFO - 
================================================================================
DAG File Processing Stats

File Path                                 PID    Runtime      # DAGs    # Errors  Last Runtime    Last Run               Last # of DB Queries
----------------------------------------  -----  ---------  --------  ----------  --------------  -------------------  ----------------------
/opt/airflow/dags/crypto_pipeline_dag.py                           1           0  0.10s           2026-06-18T09:44:21                      12
================================================================================
[2026-06-18T09:45:07.271+0000] {manager.py:997} INFO - 
================================================================================
DAG File Processing Stats

File Path                                 PID    Runtime      # DAGs    # Errors  Last Runtime    Last Run               Last # of DB Queries
----------------------------------------  -----  ---------  --------  ----------  --------------  -------------------  ----------------------
/opt/airflow/dags/crypto_pipeline_dag.py                           1           0  0.09s           2026-06-18T09:44:52                      12
================================================================================
[2026-06-18T09:45:37.582+0000] {manager.py:997} INFO - 
================================================================================
DAG File Processing Stats

File Path                                 PID    Runtime      # DAGs    # Errors  Last Runtime    Last Run               Last # of DB Queries
----------------------------------------  -----  ---------  --------  ----------  --------------  -------------------  ----------------------
/opt/airflow/dags/crypto_pipeline_dag.py                           1           0  0.13s           2026-06-18T09:45:22                      12
================================================================================
[2026-06-18T09:46:07.971+0000] {manager.py:997} INFO - 
================================================================================
DAG File Processing Stats

File Path                                 PID    Runtime      # DAGs    # Errors  Last Runtime    Last Run               Last # of DB Queries
----------------------------------------  -----  ---------  --------  ----------  --------------  -------------------  ----------------------
/opt/airflow/dags/crypto_pipeline_dag.py                           1           0  0.11s           2026-06-18T09:45:52                      12
================================================================================
[2026-06-18T09:46:36.278+0000] {manager.py:821} INFO - Searching for files in /opt/airflow/dags
[2026-06-18T09:46:36.294+0000] {manager.py:824} INFO - There are 1 files in /opt/airflow/dags
[2026-06-18T09:46:38.325+0000] {manager.py:997} INFO - 
================================================================================
DAG File Processing Stats

File Path                                 PID    Runtime      # DAGs    # Errors  Last Runtime    Last Run               Last # of DB Queries
----------------------------------------  -----  ---------  --------  ----------  --------------  -------------------  ----------------------
/opt/airflow/dags/crypto_pipeline_dag.py                           1           0  0.09s           2026-06-18T09:46:23                      12
================================================================================
[2026-06-18T09:47:08.576+0000] {manager.py:997} INFO - 
================================================================================
DAG File Processing Stats

File Path                                 PID    Runtime      # DAGs    # Errors  Last Runtime    Last Run               Last # of DB Queries
----------------------------------------  -----  ---------  --------  ----------  --------------  -------------------  ----------------------
/opt/airflow/dags/crypto_pipeline_dag.py                           1           0  0.10s           2026-06-18T09:46:53                      12
================================================================================
[2026-06-18T09:47:38.911+0000] {manager.py:997} INFO - 
================================================================================
DAG File Processing Stats

File Path                                 PID    Runtime      # DAGs    # Errors  Last Runtime    Last Run               Last # of DB Queries
----------------------------------------  -----  ---------  --------  ----------  --------------  -------------------  ----------------------
/opt/airflow/dags/crypto_pipeline_dag.py                           1           0  0.12s           2026-06-18T09:47:23                      12
================================================================================
[2026-06-18T09:48:09.170+0000] {manager.py:997} INFO - 
================================================================================
DAG File Processing Stats

File Path                                 PID    Runtime      # DAGs    # Errors  Last Runtime    Last Run               Last # of DB Queries
----------------------------------------  -----  ---------  --------  ----------  --------------  -------------------  ----------------------
/opt/airflow/dags/crypto_pipeline_dag.py                           1           0  0.09s           2026-06-18T09:47:54                      12
================================================================================
[2026-06-18T09:48:39.458+0000] {manager.py:997} INFO - 
================================================================================
DAG File Processing Stats

File Path                                 PID    Runtime      # DAGs    # Errors  Last Runtime    Last Run               Last # of DB Queries
----------------------------------------  -----  ---------  --------  ----------  --------------  -------------------  ----------------------
/opt/airflow/dags/crypto_pipeline_dag.py                           1           0  0.09s           2026-06-18T09:48:24                      12
================================================================================
[2026-06-18T09:49:09.766+0000] {manager.py:997} INFO - 
================================================================================
DAG File Processing Stats

File Path                                 PID    Runtime      # DAGs    # Errors  Last Runtime    Last Run               Last # of DB Queries
----------------------------------------  -----  ---------  --------  ----------  --------------  -------------------  ----------------------
/opt/airflow/dags/crypto_pipeline_dag.py                           1           0  0.09s           2026-06-18T09:48:54                      12
================================================================================
[2026-06-18T09:49:40.070+0000] {manager.py:997} INFO - 
================================================================================
DAG File Processing Stats

File Path                                 PID    Runtime      # DAGs    # Errors  Last Runtime    Last Run               Last # of DB Queries
----------------------------------------  -----  ---------  --------  ----------  --------------  -------------------  ----------------------
/opt/airflow/dags/crypto_pipeline_dag.py                           1           0  0.09s           2026-06-18T09:49:25                      12
================================================================================
[2026-06-18T09:50:10.343+0000] {manager.py:997} INFO - 
================================================================================
DAG File Processing Stats

File Path                                 PID    Runtime      # DAGs    # Errors  Last Runtime    Last Run               Last # of DB Queries
----------------------------------------  -----  ---------  --------  ----------  --------------  -------------------  ----------------------
/opt/airflow/dags/crypto_pipeline_dag.py                           1           0  0.09s           2026-06-18T09:49:55                      12
================================================================================
[2026-06-18T09:50:40.616+0000] {manager.py:997} INFO - 
================================================================================
DAG File Processing Stats

File Path                                 PID    Runtime      # DAGs    # Errors  Last Runtime    Last Run               Last # of DB Queries
----------------------------------------  -----  ---------  --------  ----------  --------------  -------------------  ----------------------
/opt/airflow/dags/crypto_pipeline_dag.py                           1           0  0.10s           2026-06-18T09:50:25                      12
================================================================================
[2026-06-18T09:51:10.993+0000] {manager.py:997} INFO - 
================================================================================
DAG File Processing Stats

File Path                                 PID    Runtime      # DAGs    # Errors  Last Runtime    Last Run               Last # of DB Queries
----------------------------------------  -----  ---------  --------  ----------  --------------  -------------------  ----------------------
/opt/airflow/dags/crypto_pipeline_dag.py                           1           0  0.10s           2026-06-18T09:50:55                      12
================================================================================
[2026-06-18T09:51:36.306+0000] {manager.py:821} INFO - Searching for files in /opt/airflow/dags
[2026-06-18T09:51:36.325+0000] {manager.py:824} INFO - There are 1 files in /opt/airflow/dags
[2026-06-18T09:51:41.266+0000] {manager.py:997} INFO - 
================================================================================
DAG File Processing Stats

File Path                                 PID    Runtime      # DAGs    # Errors  Last Runtime    Last Run               Last # of DB Queries
----------------------------------------  -----  ---------  --------  ----------  --------------  -------------------  ----------------------
/opt/airflow/dags/crypto_pipeline_dag.py                           1           0  0.10s           2026-06-18T09:51:26                      12
================================================================================
[2026-06-18T09:52:11.635+0000] {manager.py:997} INFO - 
================================================================================
DAG File Processing Stats

File Path                                 PID    Runtime      # DAGs    # Errors  Last Runtime    Last Run               Last # of DB Queries
----------------------------------------  -----  ---------  --------  ----------  --------------  -------------------  ----------------------
/opt/airflow/dags/crypto_pipeline_dag.py                           1           0  0.09s           2026-06-18T09:51:56                      12
================================================================================
[2026-06-18T09:52:41.895+0000] {manager.py:997} INFO - 
================================================================================
DAG File Processing Stats

File Path                                 PID    Runtime      # DAGs    # Errors  Last Runtime    Last Run               Last # of DB Queries
----------------------------------------  -----  ---------  --------  ----------  --------------  -------------------  ----------------------
/opt/airflow/dags/crypto_pipeline_dag.py                           1           0  0.12s           2026-06-18T09:52:26                      12
================================================================================
[2026-06-18T09:53:12.285+0000] {manager.py:997} INFO - 
================================================================================
DAG File Processing Stats

File Path                                 PID    Runtime      # DAGs    # Errors  Last Runtime    Last Run               Last # of DB Queries
----------------------------------------  -----  ---------  --------  ----------  --------------  -------------------  ----------------------
/opt/airflow/dags/crypto_pipeline_dag.py                           1           0  0.08s           2026-06-18T09:52:57                      12
================================================================================
[2026-06-18T09:53:42.518+0000] {manager.py:997} INFO - 
================================================================================
DAG File Processing Stats

File Path                                 PID    Runtime      # DAGs    # Errors  Last Runtime    Last Run               Last # of DB Queries
----------------------------------------  -----  ---------  --------  ----------  --------------  -------------------  ----------------------
/opt/airflow/dags/crypto_pipeline_dag.py                           1           0  0.09s           2026-06-18T09:53:27                      12
================================================================================
[2026-06-18T09:54:12.791+0000] {manager.py:997} INFO - 
================================================================================
DAG File Processing Stats

File Path                                 PID    Runtime      # DAGs    # Errors  Last Runtime    Last Run               Last # of DB Queries
----------------------------------------  -----  ---------  --------  ----------  --------------  -------------------  ----------------------
/opt/airflow/dags/crypto_pipeline_dag.py                           1           0  0.09s           2026-06-18T09:53:57                      12
================================================================================
[2026-06-18T09:54:43.085+0000] {manager.py:997} INFO - 
================================================================================
DAG File Processing Stats

File Path                                 PID    Runtime      # DAGs    # Errors  Last Runtime    Last Run               Last # of DB Queries
----------------------------------------  -----  ---------  --------  ----------  --------------  -------------------  ----------------------
/opt/airflow/dags/crypto_pipeline_dag.py                           1           0  0.09s           2026-06-18T09:54:28                      12
================================================================================
[2026-06-18T09:55:13.342+0000] {manager.py:997} INFO - 
================================================================================
DAG File Processing Stats

File Path                                 PID    Runtime      # DAGs    # Errors  Last Runtime    Last Run               Last # of DB Queries
----------------------------------------  -----  ---------  --------  ----------  --------------  -------------------  ----------------------
/opt/airflow/dags/crypto_pipeline_dag.py                           1           0  0.10s           2026-06-18T09:54:58                      12
================================================================================
[2026-06-18T09:55:43.602+0000] {manager.py:997} INFO - 
================================================================================
DAG File Processing Stats

File Path                                 PID    Runtime      # DAGs    # Errors  Last Runtime    Last Run               Last # of DB Queries
----------------------------------------  -----  ---------  --------  ----------  --------------  -------------------  ----------------------
/opt/airflow/dags/crypto_pipeline_dag.py                           1           0  0.09s           2026-06-18T09:55:28                      12
================================================================================
[2026-06-18T09:56:13.894+0000] {manager.py:997} INFO - 
================================================================================
DAG File Processing Stats

File Path                                 PID    Runtime      # DAGs    # Errors  Last Runtime    Last Run               Last # of DB Queries
----------------------------------------  -----  ---------  --------  ----------  --------------  -------------------  ----------------------
/opt/airflow/dags/crypto_pipeline_dag.py                           1           0  0.10s           2026-06-18T09:55:58                      12
================================================================================
[2026-06-18T09:56:37.096+0000] {manager.py:821} INFO - Searching for files in /opt/airflow/dags
[2026-06-18T09:56:37.116+0000] {manager.py:824} INFO - There are 1 files in /opt/airflow/dags
[2026-06-18T09:56:44.175+0000] {manager.py:997} INFO - 
================================================================================
DAG File Processing Stats

File Path                                 PID    Runtime      # DAGs    # Errors  Last Runtime    Last Run               Last # of DB Queries
----------------------------------------  -----  ---------  --------  ----------  --------------  -------------------  ----------------------
/opt/airflow/dags/crypto_pipeline_dag.py                           1           0  0.09s           2026-06-18T09:56:29                      12
================================================================================
[2026-06-18T09:57:14.435+0000] {manager.py:997} INFO - 
================================================================================
DAG File Processing Stats

File Path                                 PID    Runtime      # DAGs    # Errors  Last Runtime    Last Run               Last # of DB Queries
----------------------------------------  -----  ---------  --------  ----------  --------------  -------------------  ----------------------
/opt/airflow/dags/crypto_pipeline_dag.py                           1           0  0.09s           2026-06-18T09:56:59                      12
================================================================================
[2026-06-18T09:57:44.730+0000] {manager.py:997} INFO - 
================================================================================
DAG File Processing Stats

File Path                                 PID    Runtime      # DAGs    # Errors  Last Runtime    Last Run               Last # of DB Queries
----------------------------------------  -----  ---------  --------  ----------  --------------  -------------------  ----------------------
/opt/airflow/dags/crypto_pipeline_dag.py                           1           0  0.09s           2026-06-18T09:57:29                      12
================================================================================
[2026-06-18T09:58:14.977+0000] {manager.py:997} INFO - 
================================================================================
DAG File Processing Stats

File Path                                 PID    Runtime      # DAGs    # Errors  Last Runtime    Last Run               Last # of DB Queries
----------------------------------------  -----  ---------  --------  ----------  --------------  -------------------  ----------------------
/opt/airflow/dags/crypto_pipeline_dag.py                           1           0  0.09s           2026-06-18T09:57:59                      12
================================================================================
[2026-06-18T09:58:45.280+0000] {manager.py:997} INFO - 
================================================================================
DAG File Processing Stats

File Path                                 PID    Runtime      # DAGs    # Errors  Last Runtime    Last Run               Last # of DB Queries
----------------------------------------  -----  ---------  --------  ----------  --------------  -------------------  ----------------------
/opt/airflow/dags/crypto_pipeline_dag.py                           1           0  0.09s           2026-06-18T09:58:30                      12
================================================================================
[2026-06-18T09:59:15.550+0000] {manager.py:997} INFO - 
================================================================================
DAG File Processing Stats

File Path                                 PID    Runtime      # DAGs    # Errors  Last Runtime    Last Run               Last # of DB Queries
----------------------------------------  -----  ---------  --------  ----------  --------------  -------------------  ----------------------
/opt/airflow/dags/crypto_pipeline_dag.py                           1           0  0.09s           2026-06-18T09:59:00                      12
================================================================================
[2026-06-18T09:59:45.859+0000] {manager.py:997} INFO - 
================================================================================
DAG File Processing Stats

File Path                                 PID    Runtime      # DAGs    # Errors  Last Runtime    Last Run               Last # of DB Queries
----------------------------------------  -----  ---------  --------  ----------  --------------  -------------------  ----------------------
/opt/airflow/dags/crypto_pipeline_dag.py                           1           0  0.09s           2026-06-18T09:59:30                      12
================================================================================
[2026-06-18T10:00:16.125+0000] {manager.py:997} INFO - 
================================================================================
DAG File Processing Stats

File Path                                 PID    Runtime      # DAGs    # Errors  Last Runtime    Last Run               Last # of DB Queries
----------------------------------------  -----  ---------  --------  ----------  --------------  -------------------  ----------------------
/opt/airflow/dags/crypto_pipeline_dag.py                           1           0  0.09s           2026-06-18T10:00:01                      12
================================================================================
[2026-06-18T10:00:46.436+0000] {manager.py:997} INFO - 
================================================================================
DAG File Processing Stats

File Path                                 PID    Runtime      # DAGs    # Errors  Last Runtime    Last Run               Last # of DB Queries
----------------------------------------  -----  ---------  --------  ----------  --------------  -------------------  ----------------------
/opt/airflow/dags/crypto_pipeline_dag.py                           1           0  0.09s           2026-06-18T10:00:31                      12
================================================================================
[2026-06-18T10:01:16.691+0000] {manager.py:997} INFO - 
================================================================================
DAG File Processing Stats

File Path                                 PID    Runtime      # DAGs    # Errors  Last Runtime    Last Run               Last # of DB Queries
----------------------------------------  -----  ---------  --------  ----------  --------------  -------------------  ----------------------
/opt/airflow/dags/crypto_pipeline_dag.py                           1           0  0.09s           2026-06-18T10:01:01                      12
================================================================================
[2026-06-18T10:01:37.888+0000] {manager.py:821} INFO - Searching for files in /opt/airflow/dags
[2026-06-18T10:01:37.906+0000] {manager.py:824} INFO - There are 1 files in /opt/airflow/dags
[2026-06-18T10:01:46.989+0000] {manager.py:997} INFO - 
================================================================================
DAG File Processing Stats

File Path                                 PID    Runtime      # DAGs    # Errors  Last Runtime    Last Run               Last # of DB Queries
----------------------------------------  -----  ---------  --------  ----------  --------------  -------------------  ----------------------
/opt/airflow/dags/crypto_pipeline_dag.py                           1           0  0.09s           2026-06-18T10:01:31                      12
================================================================================
[2026-06-18T10:02:17.207+0000] {manager.py:997} INFO - 
================================================================================
DAG File Processing Stats

File Path                                 PID    Runtime      # DAGs    # Errors  Last Runtime    Last Run               Last # of DB Queries
----------------------------------------  -----  ---------  --------  ----------  --------------  -------------------  ----------------------
/opt/airflow/dags/crypto_pipeline_dag.py                           1           0  0.09s           2026-06-18T10:02:02                      12
================================================================================
[2026-06-18T10:02:47.480+0000] {manager.py:997} INFO - 
================================================================================
DAG File Processing Stats

File Path                                 PID    Runtime      # DAGs    # Errors  Last Runtime    Last Run               Last # of DB Queries
----------------------------------------  -----  ---------  --------  ----------  --------------  -------------------  ----------------------
/opt/airflow/dags/crypto_pipeline_dag.py                           1           0  0.10s           2026-06-18T10:02:32                      12
================================================================================
[2026-06-18T10:03:17.774+0000] {manager.py:997} INFO - 
================================================================================
DAG File Processing Stats

File Path                                 PID    Runtime      # DAGs    # Errors  Last Runtime    Last Run               Last # of DB Queries
----------------------------------------  -----  ---------  --------  ----------  --------------  -------------------  ----------------------
/opt/airflow/dags/crypto_pipeline_dag.py                           1           0  0.08s           2026-06-18T10:03:02                      12
================================================================================
[2026-06-18T10:03:48.086+0000] {manager.py:997} INFO - 
================================================================================
DAG File Processing Stats

File Path                                 PID    Runtime      # DAGs    # Errors  Last Runtime    Last Run               Last # of DB Queries
----------------------------------------  -----  ---------  --------  ----------  --------------  -------------------  ----------------------
/opt/airflow/dags/crypto_pipeline_dag.py                           1           0  0.09s           2026-06-18T10:03:32                      12
================================================================================
[2026-06-18T10:04:18.349+0000] {manager.py:997} INFO - 
================================================================================
DAG File Processing Stats

File Path                                 PID    Runtime      # DAGs    # Errors  Last Runtime    Last Run               Last # of DB Queries
----------------------------------------  -----  ---------  --------  ----------  --------------  -------------------  ----------------------
/opt/airflow/dags/crypto_pipeline_dag.py                           1           0  0.12s           2026-06-18T10:04:03                      12
================================================================================
[2026-06-18T10:04:48.693+0000] {manager.py:997} INFO - 
================================================================================
DAG File Processing Stats

File Path                                 PID    Runtime      # DAGs    # Errors  Last Runtime    Last Run               Last # of DB Queries
----------------------------------------  -----  ---------  --------  ----------  --------------  -------------------  ----------------------
/opt/airflow/dags/crypto_pipeline_dag.py                           1           0  0.09s           2026-06-18T10:04:33                      12
================================================================================
[2026-06-18T10:05:18.980+0000] {manager.py:997} INFO - 
================================================================================
DAG File Processing Stats

File Path                                 PID    Runtime      # DAGs    # Errors  Last Runtime    Last Run               Last # of DB Queries
----------------------------------------  -----  ---------  --------  ----------  --------------  -------------------  ----------------------
/opt/airflow/dags/crypto_pipeline_dag.py                           1           0  0.10s           2026-06-18T10:05:03                      12
================================================================================
[2026-06-18T10:05:49.259+0000] {manager.py:997} INFO - 
================================================================================
DAG File Processing Stats

File Path                                 PID    Runtime      # DAGs    # Errors  Last Runtime    Last Run               Last # of DB Queries
----------------------------------------  -----  ---------  --------  ----------  --------------  -------------------  ----------------------
/opt/airflow/dags/crypto_pipeline_dag.py                           1           0  0.13s           2026-06-18T10:05:34                      12
================================================================================
[2026-06-18T10:06:19.546+0000] {manager.py:997} INFO - 
================================================================================
DAG File Processing Stats

File Path                                 PID    Runtime      # DAGs    # Errors  Last Runtime    Last Run               Last # of DB Queries
----------------------------------------  -----  ---------  --------  ----------  --------------  -------------------  ----------------------
/opt/airflow/dags/crypto_pipeline_dag.py                           1           0  0.09s           2026-06-18T10:06:04                      12
================================================================================
[2026-06-18T10:06:38.702+0000] {manager.py:821} INFO - Searching for files in /opt/airflow/dags
[2026-06-18T10:06:38.717+0000] {manager.py:824} INFO - There are 1 files in /opt/airflow/dags
[2026-06-18T10:06:49.815+0000] {manager.py:997} INFO - 
================================================================================
DAG File Processing Stats

File Path                                 PID    Runtime      # DAGs    # Errors  Last Runtime    Last Run               Last # of DB Queries
----------------------------------------  -----  ---------  --------  ----------  --------------  -------------------  ----------------------
/opt/airflow/dags/crypto_pipeline_dag.py                           1           0  0.08s           2026-06-18T10:06:34                      12
================================================================================
[2026-06-18T10:07:20.050+0000] {manager.py:997} INFO - 
================================================================================
DAG File Processing Stats

File Path                                 PID    Runtime      # DAGs    # Errors  Last Runtime    Last Run               Last # of DB Queries
----------------------------------------  -----  ---------  --------  ----------  --------------  -------------------  ----------------------
/opt/airflow/dags/crypto_pipeline_dag.py                           1           0  0.10s           2026-06-18T10:07:05                      12
================================================================================
[2026-06-18T10:07:50.340+0000] {manager.py:997} INFO - 
================================================================================
DAG File Processing Stats

File Path                                 PID    Runtime      # DAGs    # Errors  Last Runtime    Last Run               Last # of DB Queries
----------------------------------------  -----  ---------  --------  ----------  --------------  -------------------  ----------------------
/opt/airflow/dags/crypto_pipeline_dag.py                           1           0  0.09s           2026-06-18T10:07:35                      12
================================================================================
[2026-06-18T10:08:20.570+0000] {manager.py:997} INFO - 
================================================================================
DAG File Processing Stats

File Path                                 PID    Runtime      # DAGs    # Errors  Last Runtime    Last Run               Last # of DB Queries
----------------------------------------  -----  ---------  --------  ----------  --------------  -------------------  ----------------------
/opt/airflow/dags/crypto_pipeline_dag.py                           1           0  0.11s           2026-06-18T10:08:05                      12
================================================================================
[2026-06-18T10:08:50.861+0000] {manager.py:997} INFO - 
================================================================================
DAG File Processing Stats

File Path                                 PID    Runtime      # DAGs    # Errors  Last Runtime    Last Run               Last # of DB Queries
----------------------------------------  -----  ---------  --------  ----------  --------------  -------------------  ----------------------
/opt/airflow/dags/crypto_pipeline_dag.py                           1           0  0.10s           2026-06-18T10:08:35                      12
================================================================================
[2026-06-18T10:09:21.108+0000] {manager.py:997} INFO - 
================================================================================
DAG File Processing Stats

File Path                                 PID    Runtime      # DAGs    # Errors  Last Runtime    Last Run               Last # of DB Queries
----------------------------------------  -----  ---------  --------  ----------  --------------  -------------------  ----------------------
/opt/airflow/dags/crypto_pipeline_dag.py                           1           0  0.09s           2026-06-18T10:09:06                      12
================================================================================
[2026-06-18T10:09:51.379+0000] {manager.py:997} INFO - 
================================================================================
DAG File Processing Stats

File Path                                 PID    Runtime      # DAGs    # Errors  Last Runtime    Last Run               Last # of DB Queries
----------------------------------------  -----  ---------  --------  ----------  --------------  -------------------  ----------------------
/opt/airflow/dags/crypto_pipeline_dag.py                           1           0  0.10s           2026-06-18T10:09:36                      12
================================================================================
[2026-06-18T10:10:21.661+0000] {manager.py:997} INFO - 
================================================================================
DAG File Processing Stats

File Path                                 PID    Runtime      # DAGs    # Errors  Last Runtime    Last Run               Last # of DB Queries
----------------------------------------  -----  ---------  --------  ----------  --------------  -------------------  ----------------------
/opt/airflow/dags/crypto_pipeline_dag.py                           1           0  0.11s           2026-06-18T10:10:06                      12
================================================================================
[2026-06-18T10:10:51.962+0000] {manager.py:997} INFO - 
================================================================================
DAG File Processing Stats

File Path                                 PID    Runtime      # DAGs    # Errors  Last Runtime    Last Run               Last # of DB Queries
----------------------------------------  -----  ---------  --------  ----------  --------------  -------------------  ----------------------
/opt/airflow/dags/crypto_pipeline_dag.py                           1           0  0.10s           2026-06-18T10:10:36                      12
================================================================================
[2026-06-18T10:11:22.207+0000] {manager.py:997} INFO - 
================================================================================
DAG File Processing Stats

File Path                                 PID    Runtime      # DAGs    # Errors  Last Runtime    Last Run               Last # of DB Queries
----------------------------------------  -----  ---------  --------  ----------  --------------  -------------------  ----------------------
/opt/airflow/dags/crypto_pipeline_dag.py                           1           0  0.09s           2026-06-18T10:11:07                      12
================================================================================
[2026-06-18T10:11:39.389+0000] {manager.py:821} INFO - Searching for files in /opt/airflow/dags
[2026-06-18T10:11:39.405+0000] {manager.py:824} INFO - There are 1 files in /opt/airflow/dags
[2026-06-18T10:11:52.526+0000] {manager.py:997} INFO - 
================================================================================
DAG File Processing Stats

File Path                                 PID    Runtime      # DAGs    # Errors  Last Runtime    Last Run               Last # of DB Queries
----------------------------------------  -----  ---------  --------  ----------  --------------  -------------------  ----------------------
/opt/airflow/dags/crypto_pipeline_dag.py                           1           0  0.09s           2026-06-18T10:11:37                      12
================================================================================
[2026-06-18T10:12:22.783+0000] {manager.py:997} INFO - 
================================================================================
DAG File Processing Stats

File Path                                 PID    Runtime      # DAGs    # Errors  Last Runtime    Last Run               Last # of DB Queries
----------------------------------------  -----  ---------  --------  ----------  --------------  -------------------  ----------------------
/opt/airflow/dags/crypto_pipeline_dag.py                           1           0  0.09s           2026-06-18T10:12:07                      12
================================================================================
[2026-06-18T10:12:53.030+0000] {manager.py:997} INFO - 
================================================================================
DAG File Processing Stats

File Path                                 PID    Runtime      # DAGs    # Errors  Last Runtime    Last Run               Last # of DB Queries
----------------------------------------  -----  ---------  --------  ----------  --------------  -------------------  ----------------------
/opt/airflow/dags/crypto_pipeline_dag.py                           1           0  0.11s           2026-06-18T10:12:37                      12
================================================================================
[2026-06-18T10:13:23.383+0000] {manager.py:997} INFO - 
================================================================================
DAG File Processing Stats

File Path                                 PID    Runtime      # DAGs    # Errors  Last Runtime    Last Run               Last # of DB Queries
----------------------------------------  -----  ---------  --------  ----------  --------------  -------------------  ----------------------
/opt/airflow/dags/crypto_pipeline_dag.py                           1           0  0.09s           2026-06-18T10:13:08                      12
================================================================================
[2026-06-18T10:13:53.616+0000] {manager.py:997} INFO - 
================================================================================
DAG File Processing Stats

File Path                                 PID    Runtime      # DAGs    # Errors  Last Runtime    Last Run               Last # of DB Queries
----------------------------------------  -----  ---------  --------  ----------  --------------  -------------------  ----------------------
/opt/airflow/dags/crypto_pipeline_dag.py                           1           0  0.11s           2026-06-18T10:13:38                      12
================================================================================
[2026-06-18T10:14:23.936+0000] {manager.py:997} INFO - 
================================================================================
DAG File Processing Stats

File Path                                 PID    Runtime      # DAGs    # Errors  Last Runtime    Last Run               Last # of DB Queries
----------------------------------------  -----  ---------  --------  ----------  --------------  -------------------  ----------------------
/opt/airflow/dags/crypto_pipeline_dag.py                           1           0  0.09s           2026-06-18T10:14:08                      12
================================================================================
[2026-06-18T10:14:54.184+0000] {manager.py:997} INFO - 
================================================================================
DAG File Processing Stats

File Path                                 PID    Runtime      # DAGs    # Errors  Last Runtime    Last Run               Last # of DB Queries
----------------------------------------  -----  ---------  --------  ----------  --------------  -------------------  ----------------------
/opt/airflow/dags/crypto_pipeline_dag.py                           1           0  0.10s           2026-06-18T10:14:39                      12
================================================================================
[2026-06-18T10:15:24.500+0000] {manager.py:997} INFO - 
================================================================================
DAG File Processing Stats

File Path                                 PID    Runtime      # DAGs    # Errors  Last Runtime    Last Run               Last # of DB Queries
----------------------------------------  -----  ---------  --------  ----------  --------------  -------------------  ----------------------
/opt/airflow/dags/crypto_pipeline_dag.py                           1           0  0.12s           2026-06-18T10:15:09                      12
================================================================================
[2026-06-18T10:15:54.767+0000] {manager.py:997} INFO - 
================================================================================
DAG File Processing Stats

File Path                                 PID    Runtime      # DAGs    # Errors  Last Runtime    Last Run               Last # of DB Queries
----------------------------------------  -----  ---------  --------  ----------  --------------  -------------------  ----------------------
/opt/airflow/dags/crypto_pipeline_dag.py                           1           0  0.09s           2026-06-18T10:15:39                      12
================================================================================
[2026-06-18T10:16:25.062+0000] {manager.py:997} INFO - 
================================================================================
DAG File Processing Stats

File Path                                 PID    Runtime      # DAGs    # Errors  Last Runtime    Last Run               Last # of DB Queries
----------------------------------------  -----  ---------  --------  ----------  --------------  -------------------  ----------------------
/opt/airflow/dags/crypto_pipeline_dag.py                           1           0  0.09s           2026-06-18T10:16:09                      12
================================================================================
[2026-06-18T10:16:40.176+0000] {manager.py:821} INFO - Searching for files in /opt/airflow/dags
[2026-06-18T10:16:40.192+0000] {manager.py:824} INFO - There are 1 files in /opt/airflow/dags
[2026-06-18T10:16:55.348+0000] {manager.py:997} INFO - 
================================================================================
DAG File Processing Stats

File Path                                 PID    Runtime      # DAGs    # Errors  Last Runtime    Last Run               Last # of DB Queries
----------------------------------------  -----  ---------  --------  ----------  --------------  -------------------  ----------------------
/opt/airflow/dags/crypto_pipeline_dag.py                           1           0  0.10s           2026-06-18T10:16:40                      12
================================================================================
[2026-06-18T10:17:25.618+0000] {manager.py:997} INFO - 
================================================================================
DAG File Processing Stats

File Path                                 PID    Runtime      # DAGs    # Errors  Last Runtime    Last Run               Last # of DB Queries
----------------------------------------  -----  ---------  --------  ----------  --------------  -------------------  ----------------------
/opt/airflow/dags/crypto_pipeline_dag.py                           1           0  0.10s           2026-06-18T10:17:10                      12
================================================================================
[2026-06-18T10:17:55.840+0000] {manager.py:997} INFO - 
================================================================================
DAG File Processing Stats

File Path                                 PID    Runtime      # DAGs    # Errors  Last Runtime    Last Run               Last # of DB Queries
----------------------------------------  -----  ---------  --------  ----------  --------------  -------------------  ----------------------
/opt/airflow/dags/crypto_pipeline_dag.py                           1           0  0.11s           2026-06-18T10:17:40                      12
================================================================================
[2026-06-18T10:18:26.070+0000] {manager.py:997} INFO - 
================================================================================
DAG File Processing Stats

File Path                                 PID    Runtime      # DAGs    # Errors  Last Runtime    Last Run               Last # of DB Queries
----------------------------------------  -----  ---------  --------  ----------  --------------  -------------------  ----------------------
/opt/airflow/dags/crypto_pipeline_dag.py                           1           0  0.09s           2026-06-18T10:18:11                      12
================================================================================
[2026-06-18T10:18:56.433+0000] {manager.py:997} INFO - 
================================================================================
DAG File Processing Stats

File Path                                 PID    Runtime      # DAGs    # Errors  Last Runtime    Last Run               Last # of DB Queries
----------------------------------------  -----  ---------  --------  ----------  --------------  -------------------  ----------------------
/opt/airflow/dags/crypto_pipeline_dag.py                           1           0  0.08s           2026-06-18T10:18:41                      12
================================================================================
[2026-06-18T10:19:26.759+0000] {manager.py:997} INFO - 
================================================================================
DAG File Processing Stats

File Path                                 PID    Runtime      # DAGs    # Errors  Last Runtime    Last Run               Last # of DB Queries
----------------------------------------  -----  ---------  --------  ----------  --------------  -------------------  ----------------------
/opt/airflow/dags/crypto_pipeline_dag.py                           1           0  0.09s           2026-06-18T10:19:11                      12
================================================================================
[2026-06-18T10:19:57.032+0000] {manager.py:997} INFO - 
================================================================================
DAG File Processing Stats

File Path                                 PID    Runtime      # DAGs    # Errors  Last Runtime    Last Run               Last # of DB Queries
----------------------------------------  -----  ---------  --------  ----------  --------------  -------------------  ----------------------
/opt/airflow/dags/crypto_pipeline_dag.py                           1           0  0.09s           2026-06-18T10:19:41                      12
================================================================================
[2026-06-18T10:20:27.359+0000] {manager.py:997} INFO - 
================================================================================
DAG File Processing Stats

File Path                                 PID    Runtime      # DAGs    # Errors  Last Runtime    Last Run               Last # of DB Queries
----------------------------------------  -----  ---------  --------  ----------  --------------  -------------------  ----------------------
/opt/airflow/dags/crypto_pipeline_dag.py                           1           0  0.09s           2026-06-18T10:20:12                      12
================================================================================
[2026-06-18T10:20:57.714+0000] {manager.py:997} INFO - 
================================================================================
DAG File Processing Stats

File Path                                 PID    Runtime      # DAGs    # Errors  Last Runtime    Last Run               Last # of DB Queries
----------------------------------------  -----  ---------  --------  ----------  --------------  -------------------  ----------------------
/opt/airflow/dags/crypto_pipeline_dag.py                           1           0  0.08s           2026-06-18T10:20:42                      12
================================================================================
[2026-06-18T10:21:28.028+0000] {manager.py:997} INFO - 
================================================================================
DAG File Processing Stats

File Path                                 PID    Runtime      # DAGs    # Errors  Last Runtime    Last Run               Last # of DB Queries
----------------------------------------  -----  ---------  --------  ----------  --------------  -------------------  ----------------------
/opt/airflow/dags/crypto_pipeline_dag.py                           1           0  0.09s           2026-06-18T10:21:12                      12
================================================================================
[2026-06-18T10:21:41.130+0000] {manager.py:821} INFO - Searching for files in /opt/airflow/dags
[2026-06-18T10:21:41.150+0000] {manager.py:824} INFO - There are 1 files in /opt/airflow/dags
[2026-06-18T10:21:58.336+0000] {manager.py:997} INFO - 
================================================================================
DAG File Processing Stats

File Path                                 PID    Runtime      # DAGs    # Errors  Last Runtime    Last Run               Last # of DB Queries
----------------------------------------  -----  ---------  --------  ----------  --------------  -------------------  ----------------------
/opt/airflow/dags/crypto_pipeline_dag.py                           1           0  0.08s           2026-06-18T10:21:43                      12
================================================================================
[2026-06-18T10:22:28.707+0000] {manager.py:997} INFO - 
================================================================================
DAG File Processing Stats

File Path                                 PID    Runtime      # DAGs    # Errors  Last Runtime    Last Run               Last # of DB Queries
----------------------------------------  -----  ---------  --------  ----------  --------------  -------------------  ----------------------
/opt/airflow/dags/crypto_pipeline_dag.py                           1           0  0.21s           2026-06-18T10:22:13                      12
================================================================================
[2026-06-18T10:22:59.041+0000] {manager.py:997} INFO - 
================================================================================
DAG File Processing Stats

File Path                                 PID    Runtime      # DAGs    # Errors  Last Runtime    Last Run               Last # of DB Queries
----------------------------------------  -----  ---------  --------  ----------  --------------  -------------------  ----------------------
/opt/airflow/dags/crypto_pipeline_dag.py                           1           0  0.08s           2026-06-18T10:22:43                      12
================================================================================
[2026-06-18T10:23:29.370+0000] {manager.py:997} INFO - 
================================================================================
DAG File Processing Stats

File Path                                 PID    Runtime      # DAGs    # Errors  Last Runtime    Last Run               Last # of DB Queries
----------------------------------------  -----  ---------  --------  ----------  --------------  -------------------  ----------------------
/opt/airflow/dags/crypto_pipeline_dag.py                           1           0  0.09s           2026-06-18T10:23:14                      12
================================================================================
[2026-06-18T10:23:59.713+0000] {manager.py:997} INFO - 
================================================================================
DAG File Processing Stats

File Path                                 PID    Runtime      # DAGs    # Errors  Last Runtime    Last Run               Last # of DB Queries
----------------------------------------  -----  ---------  --------  ----------  --------------  -------------------  ----------------------
/opt/airflow/dags/crypto_pipeline_dag.py                           1           0  0.09s           2026-06-18T10:23:44                      12
================================================================================
[2026-06-18T10:24:30.040+0000] {manager.py:997} INFO - 
================================================================================
DAG File Processing Stats

File Path                                 PID    Runtime      # DAGs    # Errors  Last Runtime    Last Run               Last # of DB Queries
----------------------------------------  -----  ---------  --------  ----------  --------------  -------------------  ----------------------
/opt/airflow/dags/crypto_pipeline_dag.py                           1           0  0.08s           2026-06-18T10:24:14                      12
================================================================================
[2026-06-18T10:25:00.324+0000] {manager.py:997} INFO - 
================================================================================
DAG File Processing Stats

File Path                                 PID    Runtime      # DAGs    # Errors  Last Runtime    Last Run               Last # of DB Queries
----------------------------------------  -----  ---------  --------  ----------  --------------  -------------------  ----------------------
/opt/airflow/dags/crypto_pipeline_dag.py                           1           0  0.10s           2026-06-18T10:24:45                      12
================================================================================
[2026-06-18T11:03:47.144+0000] {manager.py:821} INFO - Searching for files in /opt/airflow/dags
[2026-06-18T11:03:47.299+0000] {manager.py:824} INFO - There are 1 files in /opt/airflow/dags
[2026-06-18T11:03:50.360+0000] {manager.py:997} INFO - 
================================================================================
DAG File Processing Stats

File Path                                 PID    Runtime      # DAGs    # Errors  Last Runtime    Last Run               Last # of DB Queries
----------------------------------------  -----  ---------  --------  ----------  --------------  -------------------  ----------------------
/opt/airflow/dags/crypto_pipeline_dag.py                           1           0  0.18s           2026-06-18T11:03:47                      12
================================================================================
[2026-06-18T11:04:20.552+0000] {manager.py:997} INFO - 
================================================================================
DAG File Processing Stats

File Path                                 PID    Runtime      # DAGs    # Errors  Last Runtime    Last Run               Last # of DB Queries
----------------------------------------  -----  ---------  --------  ----------  --------------  -------------------  ----------------------
/opt/airflow/dags/crypto_pipeline_dag.py                           1           0  0.09s           2026-06-18T11:04:17                      12
================================================================================
[2026-06-18T11:04:50.871+0000] {manager.py:997} INFO - 
================================================================================
DAG File Processing Stats

File Path                                 PID    Runtime      # DAGs    # Errors  Last Runtime    Last Run               Last # of DB Queries
----------------------------------------  -----  ---------  --------  ----------  --------------  -------------------  ----------------------
/opt/airflow/dags/crypto_pipeline_dag.py                           1           0  0.10s           2026-06-18T11:04:47                      12
================================================================================
[2026-06-18T11:05:21.069+0000] {manager.py:997} INFO - 
================================================================================
DAG File Processing Stats

File Path                                 PID    Runtime      # DAGs    # Errors  Last Runtime    Last Run               Last # of DB Queries
----------------------------------------  -----  ---------  --------  ----------  --------------  -------------------  ----------------------
/opt/airflow/dags/crypto_pipeline_dag.py                           1           0  0.12s           2026-06-18T11:05:18                      12
================================================================================
[2026-06-18T11:05:51.412+0000] {manager.py:997} INFO - 
================================================================================
DAG File Processing Stats

File Path                                 PID    Runtime      # DAGs    # Errors  Last Runtime    Last Run               Last # of DB Queries
----------------------------------------  -----  ---------  --------  ----------  --------------  -------------------  ----------------------
/opt/airflow/dags/crypto_pipeline_dag.py                           1           0  0.09s           2026-06-18T11:05:48                      12
================================================================================
[2026-06-18T11:06:21.677+0000] {manager.py:997} INFO - 
================================================================================
DAG File Processing Stats

File Path                                 PID    Runtime      # DAGs    # Errors  Last Runtime    Last Run               Last # of DB Queries
----------------------------------------  -----  ---------  --------  ----------  --------------  -------------------  ----------------------
/opt/airflow/dags/crypto_pipeline_dag.py                           1           0  0.15s           2026-06-18T11:06:18                      12
================================================================================
[2026-06-18T11:06:51.980+0000] {manager.py:997} INFO - 
================================================================================
DAG File Processing Stats

File Path                                 PID    Runtime      # DAGs    # Errors  Last Runtime    Last Run               Last # of DB Queries
----------------------------------------  -----  ---------  --------  ----------  --------------  -------------------  ----------------------
/opt/airflow/dags/crypto_pipeline_dag.py                           1           0  0.10s           2026-06-18T11:06:48                      12
================================================================================
[2026-06-18T11:07:22.231+0000] {manager.py:997} INFO - 
================================================================================
DAG File Processing Stats

File Path                                 PID    Runtime      # DAGs    # Errors  Last Runtime    Last Run               Last # of DB Queries
----------------------------------------  -----  ---------  --------  ----------  --------------  -------------------  ----------------------
/opt/airflow/dags/crypto_pipeline_dag.py                           1           0  0.11s           2026-06-18T11:07:19                      12
================================================================================
[2026-06-18T11:07:52.557+0000] {manager.py:997} INFO - 
================================================================================
DAG File Processing Stats

File Path                                 PID    Runtime      # DAGs    # Errors  Last Runtime    Last Run               Last # of DB Queries
----------------------------------------  -----  ---------  --------  ----------  --------------  -------------------  ----------------------
/opt/airflow/dags/crypto_pipeline_dag.py                           1           0  0.09s           2026-06-18T11:07:49                      12
================================================================================
[2026-06-18T11:08:22.872+0000] {manager.py:997} INFO - 
================================================================================
DAG File Processing Stats

File Path                                 PID    Runtime      # DAGs    # Errors  Last Runtime    Last Run               Last # of DB Queries
----------------------------------------  -----  ---------  --------  ----------  --------------  -------------------  ----------------------
/opt/airflow/dags/crypto_pipeline_dag.py                           1           0  0.10s           2026-06-18T11:08:19                      12
================================================================================
[2026-06-18T11:08:48.062+0000] {manager.py:821} INFO - Searching for files in /opt/airflow/dags
[2026-06-18T11:08:48.086+0000] {manager.py:824} INFO - There are 1 files in /opt/airflow/dags
[2026-06-18T11:08:53.152+0000] {manager.py:997} INFO - 
================================================================================
DAG File Processing Stats

File Path                                 PID    Runtime      # DAGs    # Errors  Last Runtime    Last Run               Last # of DB Queries
----------------------------------------  -----  ---------  --------  ----------  --------------  -------------------  ----------------------
/opt/airflow/dags/crypto_pipeline_dag.py                           1           0  0.11s           2026-06-18T11:08:50                      12
================================================================================
[2026-06-18T11:09:23.450+0000] {manager.py:997} INFO - 
================================================================================
DAG File Processing Stats

File Path                                 PID    Runtime      # DAGs    # Errors  Last Runtime    Last Run               Last # of DB Queries
----------------------------------------  -----  ---------  --------  ----------  --------------  -------------------  ----------------------
/opt/airflow/dags/crypto_pipeline_dag.py                           1           0  0.11s           2026-06-18T11:09:20                      12
================================================================================
[2026-06-18T11:09:53.722+0000] {manager.py:997} INFO - 
================================================================================
DAG File Processing Stats

File Path                                 PID    Runtime      # DAGs    # Errors  Last Runtime    Last Run               Last # of DB Queries
----------------------------------------  -----  ---------  --------  ----------  --------------  -------------------  ----------------------
/opt/airflow/dags/crypto_pipeline_dag.py                           1           0  0.09s           2026-06-18T11:09:50                      12
================================================================================
[2026-06-18T11:10:23.992+0000] {manager.py:997} INFO - 
================================================================================
DAG File Processing Stats

File Path                                 PID    Runtime      # DAGs    # Errors  Last Runtime    Last Run               Last # of DB Queries
----------------------------------------  -----  ---------  --------  ----------  --------------  -------------------  ----------------------
/opt/airflow/dags/crypto_pipeline_dag.py                           1           0  0.10s           2026-06-18T11:10:21                      12
================================================================================
[2026-06-18T11:10:54.289+0000] {manager.py:997} INFO - 
================================================================================
DAG File Processing Stats

File Path                                 PID    Runtime      # DAGs    # Errors  Last Runtime    Last Run               Last # of DB Queries
----------------------------------------  -----  ---------  --------  ----------  --------------  -------------------  ----------------------
/opt/airflow/dags/crypto_pipeline_dag.py                           1           0  0.09s           2026-06-18T11:10:51                      12
================================================================================
[2026-06-18T11:11:24.588+0000] {manager.py:997} INFO - 
================================================================================
DAG File Processing Stats

File Path                                 PID    Runtime      # DAGs    # Errors  Last Runtime    Last Run               Last # of DB Queries
----------------------------------------  -----  ---------  --------  ----------  --------------  -------------------  ----------------------
/opt/airflow/dags/crypto_pipeline_dag.py                           1           0  0.10s           2026-06-18T11:11:21                      12
================================================================================
[2026-06-18T11:11:54.909+0000] {manager.py:997} INFO - 
================================================================================
DAG File Processing Stats

File Path                                 PID    Runtime      # DAGs    # Errors  Last Runtime    Last Run               Last # of DB Queries
----------------------------------------  -----  ---------  --------  ----------  --------------  -------------------  ----------------------
/opt/airflow/dags/crypto_pipeline_dag.py                           1           0  0.09s           2026-06-18T11:11:51                      12
================================================================================
[2026-06-18T11:12:25.192+0000] {manager.py:997} INFO - 
================================================================================
DAG File Processing Stats

File Path                                 PID    Runtime      # DAGs    # Errors  Last Runtime    Last Run               Last # of DB Queries
----------------------------------------  -----  ---------  --------  ----------  --------------  -------------------  ----------------------
/opt/airflow/dags/crypto_pipeline_dag.py                           1           0  0.09s           2026-06-18T11:12:22                      12
================================================================================
[2026-06-18T11:12:55.464+0000] {manager.py:997} INFO - 
================================================================================
DAG File Processing Stats

File Path                                 PID    Runtime      # DAGs    # Errors  Last Runtime    Last Run               Last # of DB Queries
----------------------------------------  -----  ---------  --------  ----------  --------------  -------------------  ----------------------
/opt/airflow/dags/crypto_pipeline_dag.py                           1           0  0.12s           2026-06-18T11:12:52                      12
================================================================================
[2026-06-18T11:13:25.749+0000] {manager.py:997} INFO - 
================================================================================
DAG File Processing Stats

File Path                                 PID    Runtime      # DAGs    # Errors  Last Runtime    Last Run               Last # of DB Queries
----------------------------------------  -----  ---------  --------  ----------  --------------  -------------------  ----------------------
/opt/airflow/dags/crypto_pipeline_dag.py                           1           0  0.09s           2026-06-18T11:13:22                      12
================================================================================
[2026-06-18T11:13:48.939+0000] {manager.py:821} INFO - Searching for files in /opt/airflow/dags
[2026-06-18T11:13:48.958+0000] {manager.py:824} INFO - There are 1 files in /opt/airflow/dags
[2026-06-18T11:13:56.034+0000] {manager.py:997} INFO - 
================================================================================
DAG File Processing Stats

File Path                                 PID    Runtime      # DAGs    # Errors  Last Runtime    Last Run               Last # of DB Queries
----------------------------------------  -----  ---------  --------  ----------  --------------  -------------------  ----------------------
/opt/airflow/dags/crypto_pipeline_dag.py                           1           0  0.09s           2026-06-18T11:13:53                      12
================================================================================
[2026-06-18T11:14:26.327+0000] {manager.py:997} INFO - 
================================================================================
DAG File Processing Stats

File Path                                 PID    Runtime      # DAGs    # Errors  Last Runtime    Last Run               Last # of DB Queries
----------------------------------------  -----  ---------  --------  ----------  --------------  -------------------  ----------------------
/opt/airflow/dags/crypto_pipeline_dag.py                           1           0  0.09s           2026-06-18T11:14:23                      12
================================================================================
[2026-06-18T11:14:56.584+0000] {manager.py:997} INFO - 
================================================================================
DAG File Processing Stats

File Path                                 PID    Runtime      # DAGs    # Errors  Last Runtime    Last Run               Last # of DB Queries
----------------------------------------  -----  ---------  --------  ----------  --------------  -------------------  ----------------------
/opt/airflow/dags/crypto_pipeline_dag.py                           1           0  0.09s           2026-06-18T11:14:53                      12
================================================================================
[2026-06-18T11:15:26.837+0000] {manager.py:997} INFO - 
================================================================================
DAG File Processing Stats

File Path                                 PID    Runtime      # DAGs    # Errors  Last Runtime    Last Run               Last # of DB Queries
----------------------------------------  -----  ---------  --------  ----------  --------------  -------------------  ----------------------
/opt/airflow/dags/crypto_pipeline_dag.py                           1           0  0.08s           2026-06-18T11:15:23                      12
================================================================================
[2026-06-18T11:15:57.150+0000] {manager.py:997} INFO - 
================================================================================
DAG File Processing Stats

File Path                                 PID    Runtime      # DAGs    # Errors  Last Runtime    Last Run               Last # of DB Queries
----------------------------------------  -----  ---------  --------  ----------  --------------  -------------------  ----------------------
/opt/airflow/dags/crypto_pipeline_dag.py                           1           0  0.09s           2026-06-18T11:15:54                      12
================================================================================
[2026-06-18T11:16:27.397+0000] {manager.py:997} INFO - 
================================================================================
DAG File Processing Stats

File Path                                 PID    Runtime      # DAGs    # Errors  Last Runtime    Last Run               Last # of DB Queries
----------------------------------------  -----  ---------  --------  ----------  --------------  -------------------  ----------------------
/opt/airflow/dags/crypto_pipeline_dag.py                           1           0  0.10s           2026-06-18T11:16:24                      12
================================================================================
[2026-06-18T11:16:57.679+0000] {manager.py:997} INFO - 
================================================================================
DAG File Processing Stats

File Path                                 PID    Runtime      # DAGs    # Errors  Last Runtime    Last Run               Last # of DB Queries
----------------------------------------  -----  ---------  --------  ----------  --------------  -------------------  ----------------------
/opt/airflow/dags/crypto_pipeline_dag.py                           1           0  0.10s           2026-06-18T11:16:54                      12
================================================================================
[2026-06-18T11:17:27.927+0000] {manager.py:997} INFO - 
================================================================================
DAG File Processing Stats

File Path                                 PID    Runtime      # DAGs    # Errors  Last Runtime    Last Run               Last # of DB Queries
----------------------------------------  -----  ---------  --------  ----------  --------------  -------------------  ----------------------
/opt/airflow/dags/crypto_pipeline_dag.py                           1           0  0.09s           2026-06-18T11:17:24                      12
================================================================================
[2026-06-18T11:17:58.238+0000] {manager.py:997} INFO - 
================================================================================
DAG File Processing Stats

File Path                                 PID    Runtime      # DAGs    # Errors  Last Runtime    Last Run               Last # of DB Queries
----------------------------------------  -----  ---------  --------  ----------  --------------  -------------------  ----------------------
/opt/airflow/dags/crypto_pipeline_dag.py                           1           0  0.09s           2026-06-18T11:17:55                      12
================================================================================
[2026-06-18T11:18:28.541+0000] {manager.py:997} INFO - 
================================================================================
DAG File Processing Stats

File Path                                 PID    Runtime      # DAGs    # Errors  Last Runtime    Last Run               Last # of DB Queries
----------------------------------------  -----  ---------  --------  ----------  --------------  -------------------  ----------------------
/opt/airflow/dags/crypto_pipeline_dag.py                           1           0  0.08s           2026-06-18T11:18:25                      12
================================================================================
[2026-06-18T11:18:49.681+0000] {manager.py:821} INFO - Searching for files in /opt/airflow/dags
[2026-06-18T11:18:49.699+0000] {manager.py:824} INFO - There are 1 files in /opt/airflow/dags
[2026-06-18T11:18:58.801+0000] {manager.py:997} INFO - 
================================================================================
DAG File Processing Stats

File Path                                 PID    Runtime      # DAGs    # Errors  Last Runtime    Last Run               Last # of DB Queries
----------------------------------------  -----  ---------  --------  ----------  --------------  -------------------  ----------------------
/opt/airflow/dags/crypto_pipeline_dag.py                           1           0  0.10s           2026-06-18T11:18:55                      12
================================================================================
[2026-06-18T11:19:29.086+0000] {manager.py:997} INFO - 
================================================================================
DAG File Processing Stats

File Path                                 PID    Runtime      # DAGs    # Errors  Last Runtime    Last Run               Last # of DB Queries
----------------------------------------  -----  ---------  --------  ----------  --------------  -------------------  ----------------------
/opt/airflow/dags/crypto_pipeline_dag.py                           1           0  0.09s           2026-06-18T11:19:26                      12
================================================================================
[2026-06-18T11:19:59.349+0000] {manager.py:997} INFO - 
================================================================================
DAG File Processing Stats

File Path                                 PID    Runtime      # DAGs    # Errors  Last Runtime    Last Run               Last # of DB Queries
----------------------------------------  -----  ---------  --------  ----------  --------------  -------------------  ----------------------
/opt/airflow/dags/crypto_pipeline_dag.py                           1           0  0.09s           2026-06-18T11:19:56                      12
================================================================================
[2026-06-18T11:20:29.653+0000] {manager.py:997} INFO - 
================================================================================
DAG File Processing Stats

File Path                                 PID    Runtime      # DAGs    # Errors  Last Runtime    Last Run               Last # of DB Queries
----------------------------------------  -----  ---------  --------  ----------  --------------  -------------------  ----------------------
/opt/airflow/dags/crypto_pipeline_dag.py                           1           0  0.10s           2026-06-18T11:20:26                      12
================================================================================
[2026-06-18T11:20:59.883+0000] {manager.py:997} INFO - 
================================================================================
DAG File Processing Stats

File Path                                 PID    Runtime      # DAGs    # Errors  Last Runtime    Last Run               Last # of DB Queries
----------------------------------------  -----  ---------  --------  ----------  --------------  -------------------  ----------------------
/opt/airflow/dags/crypto_pipeline_dag.py                           1           0  0.11s           2026-06-18T11:20:56                      12
================================================================================
[2026-06-18T11:21:30.193+0000] {manager.py:997} INFO - 
================================================================================
DAG File Processing Stats

File Path                                 PID    Runtime      # DAGs    # Errors  Last Runtime    Last Run               Last # of DB Queries
----------------------------------------  -----  ---------  --------  ----------  --------------  -------------------  ----------------------
/opt/airflow/dags/crypto_pipeline_dag.py                           1           0  0.09s           2026-06-18T11:21:27                      12
================================================================================
[2026-06-18T11:22:00.421+0000] {manager.py:997} INFO - 
================================================================================
DAG File Processing Stats

File Path                                 PID    Runtime      # DAGs    # Errors  Last Runtime    Last Run               Last # of DB Queries
----------------------------------------  -----  ---------  --------  ----------  --------------  -------------------  ----------------------
/opt/airflow/dags/crypto_pipeline_dag.py                           1           0  0.10s           2026-06-18T11:21:57                      12
================================================================================
[2026-06-18T11:22:30.756+0000] {manager.py:997} INFO - 
================================================================================
DAG File Processing Stats

File Path                                 PID    Runtime      # DAGs    # Errors  Last Runtime    Last Run               Last # of DB Queries
----------------------------------------  -----  ---------  --------  ----------  --------------  -------------------  ----------------------
/opt/airflow/dags/crypto_pipeline_dag.py                           1           0  0.12s           2026-06-18T11:22:27                      12
================================================================================
[2026-06-18T11:23:01.005+0000] {manager.py:997} INFO - 
================================================================================
DAG File Processing Stats

File Path                                 PID    Runtime      # DAGs    # Errors  Last Runtime    Last Run               Last # of DB Queries
----------------------------------------  -----  ---------  --------  ----------  --------------  -------------------  ----------------------
/opt/airflow/dags/crypto_pipeline_dag.py                           1           0  0.09s           2026-06-18T11:22:58                      12
================================================================================
[2026-06-18T11:23:31.279+0000] {manager.py:997} INFO - 
================================================================================
DAG File Processing Stats

File Path                                 PID    Runtime      # DAGs    # Errors  Last Runtime    Last Run               Last # of DB Queries
----------------------------------------  -----  ---------  --------  ----------  --------------  -------------------  ----------------------
/opt/airflow/dags/crypto_pipeline_dag.py                           1           0  0.09s           2026-06-18T11:23:28                      12
================================================================================
[2026-06-18T11:23:50.399+0000] {manager.py:821} INFO - Searching for files in /opt/airflow/dags
[2026-06-18T11:23:50.412+0000] {manager.py:824} INFO - There are 1 files in /opt/airflow/dags
[2026-06-18T11:24:01.553+0000] {manager.py:997} INFO - 
================================================================================
DAG File Processing Stats

File Path                                 PID    Runtime      # DAGs    # Errors  Last Runtime    Last Run               Last # of DB Queries
----------------------------------------  -----  ---------  --------  ----------  --------------  -------------------  ----------------------
/opt/airflow/dags/crypto_pipeline_dag.py                           1           0  0.09s           2026-06-18T11:23:58                      12
================================================================================
[2026-06-18T11:24:31.839+0000] {manager.py:997} INFO - 
================================================================================
DAG File Processing Stats

File Path                                 PID    Runtime      # DAGs    # Errors  Last Runtime    Last Run               Last # of DB Queries
----------------------------------------  -----  ---------  --------  ----------  --------------  -------------------  ----------------------
/opt/airflow/dags/crypto_pipeline_dag.py                           1           0  0.09s           2026-06-18T11:24:28                      12
================================================================================
[2026-06-18T11:25:02.124+0000] {manager.py:997} INFO - 
================================================================================
DAG File Processing Stats

File Path                                 PID    Runtime      # DAGs    # Errors  Last Runtime    Last Run               Last # of DB Queries
----------------------------------------  -----  ---------  --------  ----------  --------------  -------------------  ----------------------
/opt/airflow/dags/crypto_pipeline_dag.py                           1           0  0.09s           2026-06-18T11:24:59                      12
================================================================================
[2026-06-18T11:25:32.399+0000] {manager.py:997} INFO - 
================================================================================
DAG File Processing Stats

File Path                                 PID    Runtime      # DAGs    # Errors  Last Runtime    Last Run               Last # of DB Queries
----------------------------------------  -----  ---------  --------  ----------  --------------  -------------------  ----------------------
/opt/airflow/dags/crypto_pipeline_dag.py                           1           0  0.09s           2026-06-18T11:25:29                      12
================================================================================
[2026-06-18T11:26:02.712+0000] {manager.py:997} INFO - 
================================================================================
DAG File Processing Stats

File Path                                 PID    Runtime      # DAGs    # Errors  Last Runtime    Last Run               Last # of DB Queries
----------------------------------------  -----  ---------  --------  ----------  --------------  -------------------  ----------------------
/opt/airflow/dags/crypto_pipeline_dag.py                           1           0  0.09s           2026-06-18T11:25:59                      12
================================================================================
[2026-06-18T11:26:32.981+0000] {manager.py:997} INFO - 
================================================================================
DAG File Processing Stats

File Path                                 PID    Runtime      # DAGs    # Errors  Last Runtime    Last Run               Last # of DB Queries
----------------------------------------  -----  ---------  --------  ----------  --------------  -------------------  ----------------------
/opt/airflow/dags/crypto_pipeline_dag.py                           1           0  0.11s           2026-06-18T11:26:30                      12
================================================================================
[2026-06-18T11:27:03.299+0000] {manager.py:997} INFO - 
================================================================================
DAG File Processing Stats

File Path                                 PID    Runtime      # DAGs    # Errors  Last Runtime    Last Run               Last # of DB Queries
----------------------------------------  -----  ---------  --------  ----------  --------------  -------------------  ----------------------
/opt/airflow/dags/crypto_pipeline_dag.py                           1           0  0.10s           2026-06-18T11:27:00                      12
================================================================================
[2026-06-18T11:27:33.594+0000] {manager.py:997} INFO - 
================================================================================
DAG File Processing Stats

File Path                                 PID    Runtime      # DAGs    # Errors  Last Runtime    Last Run               Last # of DB Queries
----------------------------------------  -----  ---------  --------  ----------  --------------  -------------------  ----------------------
/opt/airflow/dags/crypto_pipeline_dag.py                           1           0  0.09s           2026-06-18T11:27:30                      12
================================================================================
[2026-06-18T11:28:03.914+0000] {manager.py:997} INFO - 
================================================================================
DAG File Processing Stats

File Path                                 PID    Runtime      # DAGs    # Errors  Last Runtime    Last Run               Last # of DB Queries
----------------------------------------  -----  ---------  --------  ----------  --------------  -------------------  ----------------------
/opt/airflow/dags/crypto_pipeline_dag.py                           1           0  0.09s           2026-06-18T11:28:00                      12
================================================================================
[2026-06-18T11:28:34.149+0000] {manager.py:997} INFO - 
================================================================================
DAG File Processing Stats

File Path                                 PID    Runtime      # DAGs    # Errors  Last Runtime    Last Run               Last # of DB Queries
----------------------------------------  -----  ---------  --------  ----------  --------------  -------------------  ----------------------
/opt/airflow/dags/crypto_pipeline_dag.py                           1           0  0.09s           2026-06-18T11:28:31                      12
================================================================================
[2026-06-18T11:28:51.261+0000] {manager.py:821} INFO - Searching for files in /opt/airflow/dags
[2026-06-18T11:28:51.277+0000] {manager.py:824} INFO - There are 1 files in /opt/airflow/dags
[2026-06-18T11:29:04.417+0000] {manager.py:997} INFO - 
================================================================================
DAG File Processing Stats

File Path                                 PID    Runtime      # DAGs    # Errors  Last Runtime    Last Run               Last # of DB Queries
----------------------------------------  -----  ---------  --------  ----------  --------------  -------------------  ----------------------
/opt/airflow/dags/crypto_pipeline_dag.py                           1           0  0.09s           2026-06-18T11:29:01                      12
================================================================================
[2026-06-18T11:29:34.717+0000] {manager.py:997} INFO - 
================================================================================
DAG File Processing Stats

File Path                                 PID    Runtime      # DAGs    # Errors  Last Runtime    Last Run               Last # of DB Queries
----------------------------------------  -----  ---------  --------  ----------  --------------  -------------------  ----------------------
/opt/airflow/dags/crypto_pipeline_dag.py                           1           0  0.10s           2026-06-18T11:29:31                      12
================================================================================
[2026-06-18T11:30:04.983+0000] {manager.py:997} INFO - 
================================================================================
DAG File Processing Stats

File Path                                 PID    Runtime      # DAGs    # Errors  Last Runtime    Last Run               Last # of DB Queries
----------------------------------------  -----  ---------  --------  ----------  --------------  -------------------  ----------------------
/opt/airflow/dags/crypto_pipeline_dag.py                           1           0  0.09s           2026-06-18T11:30:02                      12
================================================================================
[2026-06-18T11:30:35.229+0000] {manager.py:997} INFO - 
================================================================================
DAG File Processing Stats

File Path                                 PID    Runtime      # DAGs    # Errors  Last Runtime    Last Run               Last # of DB Queries
----------------------------------------  -----  ---------  --------  ----------  --------------  -------------------  ----------------------
/opt/airflow/dags/crypto_pipeline_dag.py                           1           0  0.09s           2026-06-18T11:30:32                      12
================================================================================
[2026-06-18T11:31:05.502+0000] {manager.py:997} INFO - 
================================================================================
DAG File Processing Stats

File Path                                 PID    Runtime      # DAGs    # Errors  Last Runtime    Last Run               Last # of DB Queries
----------------------------------------  -----  ---------  --------  ----------  --------------  -------------------  ----------------------
/opt/airflow/dags/crypto_pipeline_dag.py                           1           0  0.09s           2026-06-18T11:31:02                      12
================================================================================
[2026-06-18T11:31:35.764+0000] {manager.py:997} INFO - 
================================================================================
DAG File Processing Stats

File Path                                 PID    Runtime      # DAGs    # Errors  Last Runtime    Last Run               Last # of DB Queries
----------------------------------------  -----  ---------  --------  ----------  --------------  -------------------  ----------------------
/opt/airflow/dags/crypto_pipeline_dag.py                           1           0  0.09s           2026-06-18T11:31:32                      12
================================================================================
[2026-06-18T11:32:06.013+0000] {manager.py:997} INFO - 
================================================================================
DAG File Processing Stats

File Path                                 PID    Runtime      # DAGs    # Errors  Last Runtime    Last Run               Last # of DB Queries
----------------------------------------  -----  ---------  --------  ----------  --------------  -------------------  ----------------------
/opt/airflow/dags/crypto_pipeline_dag.py                           1           0  0.11s           2026-06-18T11:32:03                      12
================================================================================
[2026-06-18T11:32:36.315+0000] {manager.py:997} INFO - 
================================================================================
DAG File Processing Stats

File Path                                 PID    Runtime      # DAGs    # Errors  Last Runtime    Last Run               Last # of DB Queries
----------------------------------------  -----  ---------  --------  ----------  --------------  -------------------  ----------------------
/opt/airflow/dags/crypto_pipeline_dag.py                           1           0  0.10s           2026-06-18T11:32:33                      12
================================================================================
[2026-06-18T11:33:06.558+0000] {manager.py:997} INFO - 
================================================================================
DAG File Processing Stats

File Path                                 PID    Runtime      # DAGs    # Errors  Last Runtime    Last Run               Last # of DB Queries
----------------------------------------  -----  ---------  --------  ----------  --------------  -------------------  ----------------------
/opt/airflow/dags/crypto_pipeline_dag.py                           1           0  0.10s           2026-06-18T11:33:03                      12
================================================================================
[2026-06-18T11:33:36.829+0000] {manager.py:997} INFO - 
================================================================================
DAG File Processing Stats

File Path                                 PID    Runtime      # DAGs    # Errors  Last Runtime    Last Run               Last # of DB Queries
----------------------------------------  -----  ---------  --------  ----------  --------------  -------------------  ----------------------
/opt/airflow/dags/crypto_pipeline_dag.py                           1           0  0.11s           2026-06-18T11:33:33                      12
================================================================================
[2026-06-18T11:33:51.934+0000] {manager.py:821} INFO - Searching for files in /opt/airflow/dags
[2026-06-18T11:33:51.960+0000] {manager.py:824} INFO - There are 1 files in /opt/airflow/dags
[2026-06-18T11:34:07.146+0000] {manager.py:997} INFO - 
================================================================================
DAG File Processing Stats

File Path                                 PID    Runtime      # DAGs    # Errors  Last Runtime    Last Run               Last # of DB Queries
----------------------------------------  -----  ---------  --------  ----------  --------------  -------------------  ----------------------
/opt/airflow/dags/crypto_pipeline_dag.py                           1           0  0.09s           2026-06-18T11:34:04                      12
================================================================================
[2026-06-18T11:34:37.433+0000] {manager.py:997} INFO - 
================================================================================
DAG File Processing Stats

File Path                                 PID    Runtime      # DAGs    # Errors  Last Runtime    Last Run               Last # of DB Queries
----------------------------------------  -----  ---------  --------  ----------  --------------  -------------------  ----------------------
/opt/airflow/dags/crypto_pipeline_dag.py                           1           0  0.09s           2026-06-18T11:34:34                      12
================================================================================
[2026-06-18T11:35:07.701+0000] {manager.py:997} INFO - 
================================================================================
DAG File Processing Stats

File Path                                 PID    Runtime      # DAGs    # Errors  Last Runtime    Last Run               Last # of DB Queries
----------------------------------------  -----  ---------  --------  ----------  --------------  -------------------  ----------------------
/opt/airflow/dags/crypto_pipeline_dag.py                           1           0  0.09s           2026-06-18T11:35:04                      12
================================================================================
[2026-06-18T11:35:37.987+0000] {manager.py:997} INFO - 
================================================================================
DAG File Processing Stats

File Path                                 PID    Runtime      # DAGs    # Errors  Last Runtime    Last Run               Last # of DB Queries
----------------------------------------  -----  ---------  --------  ----------  --------------  -------------------  ----------------------
/opt/airflow/dags/crypto_pipeline_dag.py                           1           0  0.09s           2026-06-18T11:35:35                      12
================================================================================
[2026-06-18T11:36:08.259+0000] {manager.py:997} INFO - 
================================================================================
DAG File Processing Stats

File Path                                 PID    Runtime      # DAGs    # Errors  Last Runtime    Last Run               Last # of DB Queries
----------------------------------------  -----  ---------  --------  ----------  --------------  -------------------  ----------------------
/opt/airflow/dags/crypto_pipeline_dag.py                           1           0  0.09s           2026-06-18T11:36:05                      12
================================================================================
[2026-06-18T11:36:38.513+0000] {manager.py:997} INFO - 
================================================================================
DAG File Processing Stats

File Path                                 PID    Runtime      # DAGs    # Errors  Last Runtime    Last Run               Last # of DB Queries
----------------------------------------  -----  ---------  --------  ----------  --------------  -------------------  ----------------------
/opt/airflow/dags/crypto_pipeline_dag.py                           1           0  0.09s           2026-06-18T11:36:35                      12
================================================================================
[2026-06-18T11:37:08.767+0000] {manager.py:997} INFO - 
================================================================================
DAG File Processing Stats

File Path                                 PID    Runtime      # DAGs    # Errors  Last Runtime    Last Run               Last # of DB Queries
----------------------------------------  -----  ---------  --------  ----------  --------------  -------------------  ----------------------
/opt/airflow/dags/crypto_pipeline_dag.py                           1           0  0.09s           2026-06-18T11:37:05                      12
================================================================================
[2026-06-18T11:37:39.038+0000] {manager.py:997} INFO - 
================================================================================
DAG File Processing Stats

File Path                                 PID    Runtime      # DAGs    # Errors  Last Runtime    Last Run               Last # of DB Queries
----------------------------------------  -----  ---------  --------  ----------  --------------  -------------------  ----------------------
/opt/airflow/dags/crypto_pipeline_dag.py                           1           0  0.10s           2026-06-18T11:37:36                      12
================================================================================
[2026-06-18T11:38:09.342+0000] {manager.py:997} INFO - 
================================================================================
DAG File Processing Stats

File Path                                 PID    Runtime      # DAGs    # Errors  Last Runtime    Last Run               Last # of DB Queries
----------------------------------------  -----  ---------  --------  ----------  --------------  -------------------  ----------------------
/opt/airflow/dags/crypto_pipeline_dag.py                           1           0  0.09s           2026-06-18T11:38:06                      12
================================================================================
[2026-06-18T11:38:39.555+0000] {manager.py:997} INFO - 
================================================================================
DAG File Processing Stats

File Path                                 PID    Runtime      # DAGs    # Errors  Last Runtime    Last Run               Last # of DB Queries
----------------------------------------  -----  ---------  --------  ----------  --------------  -------------------  ----------------------
/opt/airflow/dags/crypto_pipeline_dag.py                           1           0  0.10s           2026-06-18T11:38:36                      12
================================================================================
[2026-06-18T11:38:52.621+0000] {manager.py:821} INFO - Searching for files in /opt/airflow/dags
[2026-06-18T11:38:52.725+0000] {manager.py:824} INFO - There are 1 files in /opt/airflow/dags
[2026-06-18T11:39:09.907+0000] {manager.py:997} INFO - 
================================================================================
DAG File Processing Stats

File Path                                 PID    Runtime      # DAGs    # Errors  Last Runtime    Last Run               Last # of DB Queries
----------------------------------------  -----  ---------  --------  ----------  --------------  -------------------  ----------------------
/opt/airflow/dags/crypto_pipeline_dag.py                           1           0  0.12s           2026-06-18T11:39:06                      12
================================================================================
[2026-06-18T11:39:40.225+0000] {manager.py:997} INFO - 
================================================================================
DAG File Processing Stats

File Path                                 PID    Runtime      # DAGs    # Errors  Last Runtime    Last Run               Last # of DB Queries
----------------------------------------  -----  ---------  --------  ----------  --------------  -------------------  ----------------------
/opt/airflow/dags/crypto_pipeline_dag.py                           1           0  0.09s           2026-06-18T11:39:37                      12
================================================================================
[2026-06-18T11:40:10.547+0000] {manager.py:997} INFO - 
================================================================================
DAG File Processing Stats

File Path                                 PID    Runtime      # DAGs    # Errors  Last Runtime    Last Run               Last # of DB Queries
----------------------------------------  -----  ---------  --------  ----------  --------------  -------------------  ----------------------
/opt/airflow/dags/crypto_pipeline_dag.py                           1           0  0.11s           2026-06-18T11:40:07                      12
================================================================================
[2026-06-18T11:40:40.806+0000] {manager.py:997} INFO - 
================================================================================
DAG File Processing Stats

File Path                                 PID    Runtime      # DAGs    # Errors  Last Runtime    Last Run               Last # of DB Queries
----------------------------------------  -----  ---------  --------  ----------  --------------  -------------------  ----------------------
/opt/airflow/dags/crypto_pipeline_dag.py                           1           0  0.09s           2026-06-18T11:40:37                      12
================================================================================
[2026-06-18T11:41:11.068+0000] {manager.py:997} INFO - 
================================================================================
DAG File Processing Stats

File Path                                 PID    Runtime      # DAGs    # Errors  Last Runtime    Last Run               Last # of DB Queries
----------------------------------------  -----  ---------  --------  ----------  --------------  -------------------  ----------------------
/opt/airflow/dags/crypto_pipeline_dag.py                           1           0  0.09s           2026-06-18T11:41:08                      12
================================================================================
[2026-06-18T11:41:40.809+0000] {manager.py:997} INFO - 
================================================================================
DAG File Processing Stats

File Path                                 PID    Runtime      # DAGs    # Errors  Last Runtime    Last Run               Last # of DB Queries
----------------------------------------  -----  ---------  --------  ----------  --------------  -------------------  ----------------------
/opt/airflow/dags/crypto_pipeline_dag.py                           1           0  0.09s           2026-06-18T11:41:38                      12
================================================================================
[2026-06-18T11:42:11.626+0000] {manager.py:997} INFO - 
================================================================================
DAG File Processing Stats

File Path                                 PID    Runtime      # DAGs    # Errors  Last Runtime    Last Run               Last # of DB Queries
----------------------------------------  -----  ---------  --------  ----------  --------------  -------------------  ----------------------
/opt/airflow/dags/crypto_pipeline_dag.py                           1           0  0.11s           2026-06-18T11:42:09                      12
================================================================================
[2026-06-18T11:42:41.888+0000] {manager.py:997} INFO - 
================================================================================
DAG File Processing Stats

File Path                                 PID    Runtime      # DAGs    # Errors  Last Runtime    Last Run               Last # of DB Queries
----------------------------------------  -----  ---------  --------  ----------  --------------  -------------------  ----------------------
/opt/airflow/dags/crypto_pipeline_dag.py                           1           0  0.09s           2026-06-18T11:42:39                      12
================================================================================
[2026-06-18T11:43:12.123+0000] {manager.py:997} INFO - 
================================================================================
DAG File Processing Stats

File Path                                 PID    Runtime      # DAGs    # Errors  Last Runtime    Last Run               Last # of DB Queries
----------------------------------------  -----  ---------  --------  ----------  --------------  -------------------  ----------------------
/opt/airflow/dags/crypto_pipeline_dag.py                           1           0  0.10s           2026-06-18T11:43:10                      12
================================================================================
[2026-06-18T11:43:42.334+0000] {manager.py:997} INFO - 
================================================================================
DAG File Processing Stats

File Path                                 PID    Runtime      # DAGs    # Errors  Last Runtime    Last Run               Last # of DB Queries
----------------------------------------  -----  ---------  --------  ----------  --------------  -------------------  ----------------------
/opt/airflow/dags/crypto_pipeline_dag.py                           1           0  0.09s           2026-06-18T11:43:40                      12
================================================================================
[2026-06-18T11:43:53.390+0000] {manager.py:821} INFO - Searching for files in /opt/airflow/dags
[2026-06-18T11:43:53.405+0000] {manager.py:824} INFO - There are 1 files in /opt/airflow/dags
[2026-06-18T11:44:12.599+0000] {manager.py:997} INFO - 
================================================================================
DAG File Processing Stats

File Path                                 PID    Runtime      # DAGs    # Errors  Last Runtime    Last Run               Last # of DB Queries
----------------------------------------  -----  ---------  --------  ----------  --------------  -------------------  ----------------------
/opt/airflow/dags/crypto_pipeline_dag.py                           1           0  0.10s           2026-06-18T11:44:10                      12
================================================================================
[2026-06-18T11:44:42.888+0000] {manager.py:997} INFO - 
================================================================================
DAG File Processing Stats

File Path                                 PID    Runtime      # DAGs    # Errors  Last Runtime    Last Run               Last # of DB Queries
----------------------------------------  -----  ---------  --------  ----------  --------------  -------------------  ----------------------
/opt/airflow/dags/crypto_pipeline_dag.py                           1           0  0.12s           2026-06-18T11:44:40                      12
================================================================================
[2026-06-18T11:45:13.156+0000] {manager.py:997} INFO - 
================================================================================
DAG File Processing Stats

File Path                                 PID    Runtime      # DAGs    # Errors  Last Runtime    Last Run               Last # of DB Queries
----------------------------------------  -----  ---------  --------  ----------  --------------  -------------------  ----------------------
/opt/airflow/dags/crypto_pipeline_dag.py                           1           0  0.10s           2026-06-18T11:45:11                      12
================================================================================
[2026-06-18T11:45:43.382+0000] {manager.py:997} INFO - 
================================================================================
DAG File Processing Stats

File Path                                 PID    Runtime      # DAGs    # Errors  Last Runtime    Last Run               Last # of DB Queries
----------------------------------------  -----  ---------  --------  ----------  --------------  -------------------  ----------------------
/opt/airflow/dags/crypto_pipeline_dag.py                           1           0  0.09s           2026-06-18T11:45:41                      12
================================================================================
[2026-06-18T11:46:13.654+0000] {manager.py:997} INFO - 
================================================================================
DAG File Processing Stats

File Path                                 PID    Runtime      # DAGs    # Errors  Last Runtime    Last Run               Last # of DB Queries
----------------------------------------  -----  ---------  --------  ----------  --------------  -------------------  ----------------------
/opt/airflow/dags/crypto_pipeline_dag.py                           1           0  0.09s           2026-06-18T11:46:11                      12
================================================================================
[2026-06-18T11:46:43.908+0000] {manager.py:997} INFO - 
================================================================================
DAG File Processing Stats

File Path                                 PID    Runtime      # DAGs    # Errors  Last Runtime    Last Run               Last # of DB Queries
----------------------------------------  -----  ---------  --------  ----------  --------------  -------------------  ----------------------
/opt/airflow/dags/crypto_pipeline_dag.py                           1           0  0.11s           2026-06-18T11:46:41                      12
================================================================================
[2026-06-18T11:47:14.164+0000] {manager.py:997} INFO - 
================================================================================
DAG File Processing Stats

File Path                                 PID    Runtime      # DAGs    # Errors  Last Runtime    Last Run               Last # of DB Queries
----------------------------------------  -----  ---------  --------  ----------  --------------  -------------------  ----------------------
/opt/airflow/dags/crypto_pipeline_dag.py                           1           0  0.09s           2026-06-18T11:47:12                      12
================================================================================
[2026-06-18T11:47:44.380+0000] {manager.py:997} INFO - 
================================================================================
DAG File Processing Stats

File Path                                 PID    Runtime      # DAGs    # Errors  Last Runtime    Last Run               Last # of DB Queries
----------------------------------------  -----  ---------  --------  ----------  --------------  -------------------  ----------------------
/opt/airflow/dags/crypto_pipeline_dag.py                           1           0  0.09s           2026-06-18T11:47:42                      12
================================================================================
[2026-06-18T11:48:14.643+0000] {manager.py:997} INFO - 
================================================================================
DAG File Processing Stats

File Path                                 PID    Runtime      # DAGs    # Errors  Last Runtime    Last Run               Last # of DB Queries
----------------------------------------  -----  ---------  --------  ----------  --------------  -------------------  ----------------------
/opt/airflow/dags/crypto_pipeline_dag.py                           1           0  0.12s           2026-06-18T11:48:12                      12
================================================================================
[2026-06-18T11:48:44.932+0000] {manager.py:997} INFO - 
================================================================================
DAG File Processing Stats

File Path                                 PID    Runtime      # DAGs    # Errors  Last Runtime    Last Run               Last # of DB Queries
----------------------------------------  -----  ---------  --------  ----------  --------------  -------------------  ----------------------
/opt/airflow/dags/crypto_pipeline_dag.py                           1           0  0.10s           2026-06-18T11:48:42                      12
================================================================================
[2026-06-18T11:48:54.010+0000] {manager.py:821} INFO - Searching for files in /opt/airflow/dags
[2026-06-18T11:48:54.026+0000] {manager.py:824} INFO - There are 1 files in /opt/airflow/dags
[2026-06-18T11:49:15.145+0000] {manager.py:997} INFO - 
================================================================================
DAG File Processing Stats

File Path                                 PID    Runtime      # DAGs    # Errors  Last Runtime    Last Run               Last # of DB Queries
----------------------------------------  -----  ---------  --------  ----------  --------------  -------------------  ----------------------
/opt/airflow/dags/crypto_pipeline_dag.py                           1           0  0.09s           2026-06-18T11:49:13                      12
================================================================================
[2026-06-18T11:49:45.402+0000] {manager.py:997} INFO - 
================================================================================
DAG File Processing Stats

File Path                                 PID    Runtime      # DAGs    # Errors  Last Runtime    Last Run               Last # of DB Queries
----------------------------------------  -----  ---------  --------  ----------  --------------  -------------------  ----------------------
/opt/airflow/dags/crypto_pipeline_dag.py                           1           0  0.09s           2026-06-18T11:49:43                      12
================================================================================
[2026-06-18T11:50:15.682+0000] {manager.py:997} INFO - 
================================================================================
DAG File Processing Stats

File Path                                 PID    Runtime      # DAGs    # Errors  Last Runtime    Last Run               Last # of DB Queries
----------------------------------------  -----  ---------  --------  ----------  --------------  -------------------  ----------------------
/opt/airflow/dags/crypto_pipeline_dag.py                           1           0  0.09s           2026-06-18T11:50:13                      12
================================================================================
[2026-06-18T11:50:45.947+0000] {manager.py:997} INFO - 
================================================================================
DAG File Processing Stats

File Path                                 PID    Runtime      # DAGs    # Errors  Last Runtime    Last Run               Last # of DB Queries
----------------------------------------  -----  ---------  --------  ----------  --------------  -------------------  ----------------------
/opt/airflow/dags/crypto_pipeline_dag.py                           1           0  0.09s           2026-06-18T11:50:43                      12
================================================================================
[2026-06-18T11:51:16.178+0000] {manager.py:997} INFO - 
================================================================================
DAG File Processing Stats

File Path                                 PID    Runtime      # DAGs    # Errors  Last Runtime    Last Run               Last # of DB Queries
----------------------------------------  -----  ---------  --------  ----------  --------------  -------------------  ----------------------
/opt/airflow/dags/crypto_pipeline_dag.py                           1           0  0.09s           2026-06-18T11:51:14                      12
================================================================================
[2026-06-18T11:51:46.480+0000] {manager.py:997} INFO - 
================================================================================
DAG File Processing Stats

File Path                                 PID    Runtime      # DAGs    # Errors  Last Runtime    Last Run               Last # of DB Queries
----------------------------------------  -----  ---------  --------  ----------  --------------  -------------------  ----------------------
/opt/airflow/dags/crypto_pipeline_dag.py                           1           0  0.10s           2026-06-18T11:51:44                      12
================================================================================
[2026-06-18T11:52:16.755+0000] {manager.py:997} INFO - 
================================================================================
DAG File Processing Stats

File Path                                 PID    Runtime      # DAGs    # Errors  Last Runtime    Last Run               Last # of DB Queries
----------------------------------------  -----  ---------  --------  ----------  --------------  -------------------  ----------------------
/opt/airflow/dags/crypto_pipeline_dag.py                           1           0  0.09s           2026-06-18T11:52:14                      12
================================================================================
[2026-06-18T11:52:47.019+0000] {manager.py:997} INFO - 
================================================================================
DAG File Processing Stats

File Path                                 PID    Runtime      # DAGs    # Errors  Last Runtime    Last Run               Last # of DB Queries
----------------------------------------  -----  ---------  --------  ----------  --------------  -------------------  ----------------------
/opt/airflow/dags/crypto_pipeline_dag.py                           1           0  0.09s           2026-06-18T11:52:45                      12
================================================================================
[2026-06-18T11:53:17.256+0000] {manager.py:997} INFO - 
================================================================================
DAG File Processing Stats

File Path                                 PID    Runtime      # DAGs    # Errors  Last Runtime    Last Run               Last # of DB Queries
----------------------------------------  -----  ---------  --------  ----------  --------------  -------------------  ----------------------
/opt/airflow/dags/crypto_pipeline_dag.py                           1           0  0.11s           2026-06-18T11:53:15                      12
================================================================================
[2026-06-18T11:53:47.536+0000] {manager.py:997} INFO - 
================================================================================
DAG File Processing Stats

File Path                                 PID    Runtime      # DAGs    # Errors  Last Runtime    Last Run               Last # of DB Queries
----------------------------------------  -----  ---------  --------  ----------  --------------  -------------------  ----------------------
/opt/airflow/dags/crypto_pipeline_dag.py                           1           0  0.10s           2026-06-18T11:53:45                      12
================================================================================
[2026-06-18T11:53:54.593+0000] {manager.py:821} INFO - Searching for files in /opt/airflow/dags
[2026-06-18T11:53:54.608+0000] {manager.py:824} INFO - There are 1 files in /opt/airflow/dags
[2026-06-18T11:54:17.813+0000] {manager.py:997} INFO - 
================================================================================
DAG File Processing Stats

File Path                                 PID    Runtime      # DAGs    # Errors  Last Runtime    Last Run               Last # of DB Queries
----------------------------------------  -----  ---------  --------  ----------  --------------  -------------------  ----------------------
/opt/airflow/dags/crypto_pipeline_dag.py                           1           0  0.09s           2026-06-18T11:54:15                      12
================================================================================
[2026-06-18T11:54:48.127+0000] {manager.py:997} INFO - 
================================================================================
DAG File Processing Stats

File Path                                 PID    Runtime      # DAGs    # Errors  Last Runtime    Last Run               Last # of DB Queries
----------------------------------------  -----  ---------  --------  ----------  --------------  -------------------  ----------------------
/opt/airflow/dags/crypto_pipeline_dag.py                           1           0  0.09s           2026-06-18T11:54:46                      12
================================================================================
[2026-06-18T11:55:18.402+0000] {manager.py:997} INFO - 
================================================================================
DAG File Processing Stats

File Path                                 PID    Runtime      # DAGs    # Errors  Last Runtime    Last Run               Last # of DB Queries
----------------------------------------  -----  ---------  --------  ----------  --------------  -------------------  ----------------------
/opt/airflow/dags/crypto_pipeline_dag.py                           1           0  0.09s           2026-06-18T11:55:16                      12
================================================================================
[2026-06-18T11:55:48.660+0000] {manager.py:997} INFO - 
================================================================================
DAG File Processing Stats

File Path                                 PID    Runtime      # DAGs    # Errors  Last Runtime    Last Run               Last # of DB Queries
----------------------------------------  -----  ---------  --------  ----------  --------------  -------------------  ----------------------
/opt/airflow/dags/crypto_pipeline_dag.py                           1           0  0.09s           2026-06-18T11:55:46                      12
================================================================================
[2026-06-18T11:56:18.937+0000] {manager.py:997} INFO - 
================================================================================
DAG File Processing Stats

File Path                                 PID    Runtime      # DAGs    # Errors  Last Runtime    Last Run               Last # of DB Queries
----------------------------------------  -----  ---------  --------  ----------  --------------  -------------------  ----------------------
/opt/airflow/dags/crypto_pipeline_dag.py                           1           0  0.11s           2026-06-18T11:56:17                      12
================================================================================
[2026-06-18T11:56:49.236+0000] {manager.py:997} INFO - 
================================================================================
DAG File Processing Stats

File Path                                 PID    Runtime      # DAGs    # Errors  Last Runtime    Last Run               Last # of DB Queries
----------------------------------------  -----  ---------  --------  ----------  --------------  -------------------  ----------------------
/opt/airflow/dags/crypto_pipeline_dag.py                           1           0  0.09s           2026-06-18T11:56:47                      12
================================================================================
[2026-06-18T11:57:19.505+0000] {manager.py:997} INFO - 
================================================================================
DAG File Processing Stats

File Path                                 PID    Runtime      # DAGs    # Errors  Last Runtime    Last Run               Last # of DB Queries
----------------------------------------  -----  ---------  --------  ----------  --------------  -------------------  ----------------------
/opt/airflow/dags/crypto_pipeline_dag.py                           1           0  0.09s           2026-06-18T11:57:17                      12
================================================================================
[2026-06-18T11:57:49.757+0000] {manager.py:997} INFO - 
================================================================================
DAG File Processing Stats

File Path                                 PID    Runtime      # DAGs    # Errors  Last Runtime    Last Run               Last # of DB Queries
----------------------------------------  -----  ---------  --------  ----------  --------------  -------------------  ----------------------
/opt/airflow/dags/crypto_pipeline_dag.py                           1           0  0.12s           2026-06-18T11:57:47                      12
================================================================================
[2026-06-18T11:58:20.034+0000] {manager.py:997} INFO - 
================================================================================
DAG File Processing Stats

File Path                                 PID    Runtime      # DAGs    # Errors  Last Runtime    Last Run               Last # of DB Queries
----------------------------------------  -----  ---------  --------  ----------  --------------  -------------------  ----------------------
/opt/airflow/dags/crypto_pipeline_dag.py                           1           0  0.10s           2026-06-18T11:58:18                      12
================================================================================
[2026-06-18T11:58:50.280+0000] {manager.py:997} INFO - 
================================================================================
DAG File Processing Stats

File Path                                 PID    Runtime      # DAGs    # Errors  Last Runtime    Last Run               Last # of DB Queries
----------------------------------------  -----  ---------  --------  ----------  --------------  -------------------  ----------------------
/opt/airflow/dags/crypto_pipeline_dag.py                           1           0  0.10s           2026-06-18T11:58:48                      12
================================================================================
[2026-06-18T11:58:55.312+0000] {manager.py:821} INFO - Searching for files in /opt/airflow/dags
[2026-06-18T11:58:55.331+0000] {manager.py:824} INFO - There are 1 files in /opt/airflow/dags
[2026-06-18T11:59:20.546+0000] {manager.py:997} INFO - 
================================================================================
DAG File Processing Stats

File Path                                 PID    Runtime      # DAGs    # Errors  Last Runtime    Last Run               Last # of DB Queries
----------------------------------------  -----  ---------  --------  ----------  --------------  -------------------  ----------------------
/opt/airflow/dags/crypto_pipeline_dag.py                           1           0  0.10s           2026-06-18T11:59:18                      12
================================================================================
[2026-06-18T11:59:50.844+0000] {manager.py:997} INFO - 
================================================================================
DAG File Processing Stats

File Path                                 PID    Runtime      # DAGs    # Errors  Last Runtime    Last Run               Last # of DB Queries
----------------------------------------  -----  ---------  --------  ----------  --------------  -------------------  ----------------------
/opt/airflow/dags/crypto_pipeline_dag.py                           1           0  0.09s           2026-06-18T11:59:48                      12
================================================================================
[2026-06-18T12:00:21.143+0000] {manager.py:997} INFO - 
================================================================================
DAG File Processing Stats

File Path                                 PID    Runtime      # DAGs    # Errors  Last Runtime    Last Run               Last # of DB Queries
----------------------------------------  -----  ---------  --------  ----------  --------------  -------------------  ----------------------
/opt/airflow/dags/crypto_pipeline_dag.py                           1           0  0.08s           2026-06-18T12:00:19                      12
================================================================================
[2026-06-18T12:00:51.423+0000] {manager.py:997} INFO - 
================================================================================
DAG File Processing Stats

File Path                                 PID    Runtime      # DAGs    # Errors  Last Runtime    Last Run               Last # of DB Queries
----------------------------------------  -----  ---------  --------  ----------  --------------  -------------------  ----------------------
/opt/airflow/dags/crypto_pipeline_dag.py                           1           0  0.10s           2026-06-18T12:00:49                      12
================================================================================
[2026-06-18T12:01:21.672+0000] {manager.py:997} INFO - 
================================================================================
DAG File Processing Stats

File Path                                 PID    Runtime      # DAGs    # Errors  Last Runtime    Last Run               Last # of DB Queries
----------------------------------------  -----  ---------  --------  ----------  --------------  -------------------  ----------------------
/opt/airflow/dags/crypto_pipeline_dag.py                           1           0  0.10s           2026-06-18T12:01:19                      12
================================================================================
[2026-06-18T12:01:51.901+0000] {manager.py:997} INFO - 
================================================================================
DAG File Processing Stats

File Path                                 PID    Runtime      # DAGs    # Errors  Last Runtime    Last Run               Last # of DB Queries
----------------------------------------  -----  ---------  --------  ----------  --------------  -------------------  ----------------------
/opt/airflow/dags/crypto_pipeline_dag.py                           1           0  0.10s           2026-06-18T12:01:49                      12
================================================================================
[2026-06-18T12:02:22.149+0000] {manager.py:997} INFO - 
================================================================================
DAG File Processing Stats

File Path                                 PID    Runtime      # DAGs    # Errors  Last Runtime    Last Run               Last # of DB Queries
----------------------------------------  -----  ---------  --------  ----------  --------------  -------------------  ----------------------
/opt/airflow/dags/crypto_pipeline_dag.py                           1           0  0.10s           2026-06-18T12:02:20                      12
================================================================================
[2026-06-18T12:02:52.419+0000] {manager.py:997} INFO - 
================================================================================
DAG File Processing Stats

File Path                                 PID    Runtime      # DAGs    # Errors  Last Runtime    Last Run               Last # of DB Queries
----------------------------------------  -----  ---------  --------  ----------  --------------  -------------------  ----------------------
/opt/airflow/dags/crypto_pipeline_dag.py                           1           0  0.09s           2026-06-18T12:02:50                      12
================================================================================
[2026-06-18T12:03:22.743+0000] {manager.py:997} INFO - 
================================================================================
DAG File Processing Stats

File Path                                 PID    Runtime      # DAGs    # Errors  Last Runtime    Last Run               Last # of DB Queries
----------------------------------------  -----  ---------  --------  ----------  --------------  -------------------  ----------------------
/opt/airflow/dags/crypto_pipeline_dag.py                           1           0  0.09s           2026-06-18T12:03:20                      12
================================================================================
[2026-06-18T12:03:53.034+0000] {manager.py:997} INFO - 
================================================================================
DAG File Processing Stats

File Path                                 PID    Runtime      # DAGs    # Errors  Last Runtime    Last Run               Last # of DB Queries
----------------------------------------  -----  ---------  --------  ----------  --------------  -------------------  ----------------------
/opt/airflow/dags/crypto_pipeline_dag.py                           1           0  0.09s           2026-06-18T12:03:51                      12
================================================================================
[2026-06-18T12:03:56.064+0000] {manager.py:821} INFO - Searching for files in /opt/airflow/dags
[2026-06-18T12:03:56.082+0000] {manager.py:824} INFO - There are 1 files in /opt/airflow/dags
[2026-06-18T12:04:23.328+0000] {manager.py:997} INFO - 
================================================================================
DAG File Processing Stats

File Path                                 PID    Runtime      # DAGs    # Errors  Last Runtime    Last Run               Last # of DB Queries
----------------------------------------  -----  ---------  --------  ----------  --------------  -------------------  ----------------------
/opt/airflow/dags/crypto_pipeline_dag.py                           1           0  0.08s           2026-06-18T12:04:21                      12
================================================================================
[2026-06-18T12:04:53.665+0000] {manager.py:997} INFO - 
================================================================================
DAG File Processing Stats

File Path                                 PID    Runtime      # DAGs    # Errors  Last Runtime    Last Run               Last # of DB Queries
----------------------------------------  -----  ---------  --------  ----------  --------------  -------------------  ----------------------
/opt/airflow/dags/crypto_pipeline_dag.py                           1           0  0.08s           2026-06-18T12:04:51                      12
================================================================================
[2026-06-18T12:05:23.966+0000] {manager.py:997} INFO - 
================================================================================
DAG File Processing Stats

File Path                                 PID    Runtime      # DAGs    # Errors  Last Runtime    Last Run               Last # of DB Queries
----------------------------------------  -----  ---------  --------  ----------  --------------  -------------------  ----------------------
/opt/airflow/dags/crypto_pipeline_dag.py                           1           0  0.09s           2026-06-18T12:05:22                      12
================================================================================
[2026-06-18T12:05:54.301+0000] {manager.py:997} INFO - 
================================================================================
DAG File Processing Stats

File Path                                 PID    Runtime      # DAGs    # Errors  Last Runtime    Last Run               Last # of DB Queries
----------------------------------------  -----  ---------  --------  ----------  --------------  -------------------  ----------------------
/opt/airflow/dags/crypto_pipeline_dag.py                           1           0  0.09s           2026-06-18T12:05:52                      12
================================================================================
[2026-06-18T12:06:24.607+0000] {manager.py:997} INFO - 
================================================================================
DAG File Processing Stats

File Path                                 PID    Runtime      # DAGs    # Errors  Last Runtime    Last Run               Last # of DB Queries
----------------------------------------  -----  ---------  --------  ----------  --------------  -------------------  ----------------------
/opt/airflow/dags/crypto_pipeline_dag.py                           1           0  0.08s           2026-06-18T12:06:22                      12
================================================================================
[2026-06-18T12:06:54.951+0000] {manager.py:997} INFO - 
================================================================================
DAG File Processing Stats

File Path                                 PID    Runtime      # DAGs    # Errors  Last Runtime    Last Run               Last # of DB Queries
----------------------------------------  -----  ---------  --------  ----------  --------------  -------------------  ----------------------
/opt/airflow/dags/crypto_pipeline_dag.py                           1           0  0.08s           2026-06-18T12:06:52                      12
================================================================================
[2026-06-18T12:07:25.261+0000] {manager.py:997} INFO - 
================================================================================
DAG File Processing Stats

File Path                                 PID    Runtime      # DAGs    # Errors  Last Runtime    Last Run               Last # of DB Queries
----------------------------------------  -----  ---------  --------  ----------  --------------  -------------------  ----------------------
/opt/airflow/dags/crypto_pipeline_dag.py                           1           0  0.09s           2026-06-18T12:07:23                      12
================================================================================
[2026-06-18T12:07:55.612+0000] {manager.py:997} INFO - 
================================================================================
DAG File Processing Stats

File Path                                 PID    Runtime      # DAGs    # Errors  Last Runtime    Last Run               Last # of DB Queries
----------------------------------------  -----  ---------  --------  ----------  --------------  -------------------  ----------------------
/opt/airflow/dags/crypto_pipeline_dag.py                           1           0  0.08s           2026-06-18T12:07:53                      12
================================================================================
[2026-06-18T13:24:26.372+0000] {manager.py:821} INFO - Searching for files in /opt/airflow/dags
[2026-06-18T13:24:26.754+0000] {manager.py:824} INFO - There are 1 files in /opt/airflow/dags
[2026-06-18T13:24:51.046+0000] {manager.py:997} INFO - 
================================================================================
DAG File Processing Stats

File Path                                 PID    Runtime      # DAGs    # Errors  Last Runtime    Last Run               Last # of DB Queries
----------------------------------------  -----  ---------  --------  ----------  --------------  -------------------  ----------------------
/opt/airflow/dags/crypto_pipeline_dag.py                           1           0  0.16s           2026-06-18T13:24:26                      12
================================================================================
[2026-06-18T13:25:21.345+0000] {manager.py:997} INFO - 
================================================================================
DAG File Processing Stats

File Path                                 PID    Runtime      # DAGs    # Errors  Last Runtime    Last Run               Last # of DB Queries
----------------------------------------  -----  ---------  --------  ----------  --------------  -------------------  ----------------------
/opt/airflow/dags/crypto_pipeline_dag.py                           1           0  0.09s           2026-06-18T13:24:57                      12
================================================================================
[2026-06-18T13:25:51.696+0000] {manager.py:997} INFO - 
================================================================================
DAG File Processing Stats

File Path                                 PID    Runtime      # DAGs    # Errors  Last Runtime    Last Run               Last # of DB Queries
----------------------------------------  -----  ---------  --------  ----------  --------------  -------------------  ----------------------
/opt/airflow/dags/crypto_pipeline_dag.py                           1           0  0.16s           2026-06-18T13:25:27                      12
================================================================================
[2026-06-18T13:26:22.018+0000] {manager.py:997} INFO - 
================================================================================
DAG File Processing Stats

File Path                                 PID    Runtime      # DAGs    # Errors  Last Runtime    Last Run               Last # of DB Queries
----------------------------------------  -----  ---------  --------  ----------  --------------  -------------------  ----------------------
/opt/airflow/dags/crypto_pipeline_dag.py                           1           0  0.08s           2026-06-18T13:25:57                      12
================================================================================
[2026-06-18T13:26:52.351+0000] {manager.py:997} INFO - 
================================================================================
DAG File Processing Stats

File Path                                 PID    Runtime      # DAGs    # Errors  Last Runtime    Last Run               Last # of DB Queries
----------------------------------------  -----  ---------  --------  ----------  --------------  -------------------  ----------------------
/opt/airflow/dags/crypto_pipeline_dag.py                           1           0  0.11s           2026-06-18T13:26:28                      12
================================================================================
[2026-06-18T13:27:22.700+0000] {manager.py:997} INFO - 
================================================================================
DAG File Processing Stats

File Path                                 PID    Runtime      # DAGs    # Errors  Last Runtime    Last Run               Last # of DB Queries
----------------------------------------  -----  ---------  --------  ----------  --------------  -------------------  ----------------------
/opt/airflow/dags/crypto_pipeline_dag.py                           1           0  0.09s           2026-06-18T13:26:58                      12
================================================================================
[2026-06-18T13:27:53.033+0000] {manager.py:997} INFO - 
================================================================================
DAG File Processing Stats

File Path                                 PID    Runtime      # DAGs    # Errors  Last Runtime    Last Run               Last # of DB Queries
----------------------------------------  -----  ---------  --------  ----------  --------------  -------------------  ----------------------
/opt/airflow/dags/crypto_pipeline_dag.py                           1           0  0.09s           2026-06-18T13:27:28                      12
================================================================================
[2026-06-18T13:28:23.373+0000] {manager.py:997} INFO - 
================================================================================
DAG File Processing Stats

File Path                                 PID    Runtime      # DAGs    # Errors  Last Runtime    Last Run               Last # of DB Queries
----------------------------------------  -----  ---------  --------  ----------  --------------  -------------------  ----------------------
/opt/airflow/dags/crypto_pipeline_dag.py                           1           0  0.09s           2026-06-18T13:27:59                      12
================================================================================
[2026-06-18T13:28:53.657+0000] {manager.py:997} INFO - 
================================================================================
DAG File Processing Stats

File Path                                 PID    Runtime      # DAGs    # Errors  Last Runtime    Last Run               Last # of DB Queries
----------------------------------------  -----  ---------  --------  ----------  --------------  -------------------  ----------------------
/opt/airflow/dags/crypto_pipeline_dag.py                           1           0  0.08s           2026-06-18T13:28:29                      12
================================================================================
[2026-06-18T13:29:24.043+0000] {manager.py:997} INFO - 
================================================================================
DAG File Processing Stats

File Path                                 PID    Runtime      # DAGs    # Errors  Last Runtime    Last Run               Last # of DB Queries
----------------------------------------  -----  ---------  --------  ----------  --------------  -------------------  ----------------------
/opt/airflow/dags/crypto_pipeline_dag.py                           1           0  0.08s           2026-06-18T13:28:59                      12
================================================================================
[2026-06-18T13:29:27.075+0000] {manager.py:821} INFO - Searching for files in /opt/airflow/dags
[2026-06-18T13:29:27.090+0000] {manager.py:824} INFO - There are 1 files in /opt/airflow/dags
[2026-06-18T15:47:45.251+0000] {manager.py:821} INFO - Searching for files in /opt/airflow/dags
[2026-06-18T15:47:45.710+0000] {manager.py:824} INFO - There are 1 files in /opt/airflow/dags
[2026-06-18T15:47:51.017+0000] {manager.py:997} INFO - 
================================================================================
DAG File Processing Stats

File Path                                 PID    Runtime      # DAGs    # Errors  Last Runtime    Last Run               Last # of DB Queries
----------------------------------------  -----  ---------  --------  ----------  --------------  -------------------  ----------------------
/opt/airflow/dags/crypto_pipeline_dag.py                           1           0  0.34s           2026-06-18T15:47:46                      12
================================================================================
[2026-06-18T15:48:22.372+0000] {manager.py:997} INFO - 
================================================================================
DAG File Processing Stats

File Path                                 PID    Runtime      # DAGs    # Errors  Last Runtime    Last Run               Last # of DB Queries
----------------------------------------  -----  ---------  --------  ----------  --------------  -------------------  ----------------------
/opt/airflow/dags/crypto_pipeline_dag.py                           1           0  0.08s           2026-06-18T15:48:16                      12
================================================================================
[2026-06-18T15:48:52.738+0000] {manager.py:997} INFO - 
================================================================================
DAG File Processing Stats

File Path                                 PID    Runtime      # DAGs    # Errors  Last Runtime    Last Run               Last # of DB Queries
----------------------------------------  -----  ---------  --------  ----------  --------------  -------------------  ----------------------
/opt/airflow/dags/crypto_pipeline_dag.py                           1           0  0.10s           2026-06-18T15:48:46                      12
================================================================================
[2026-06-18T15:49:23.056+0000] {manager.py:997} INFO - 
================================================================================
DAG File Processing Stats

File Path                                 PID    Runtime      # DAGs    # Errors  Last Runtime    Last Run               Last # of DB Queries
----------------------------------------  -----  ---------  --------  ----------  --------------  -------------------  ----------------------
/opt/airflow/dags/crypto_pipeline_dag.py                           1           0  0.08s           2026-06-18T15:49:17                      12
================================================================================
[2026-06-18T15:49:54.589+0000] {manager.py:997} INFO - 
================================================================================
DAG File Processing Stats

File Path                                 PID    Runtime      # DAGs    # Errors  Last Runtime    Last Run               Last # of DB Queries
----------------------------------------  -----  ---------  --------  ----------  --------------  -------------------  ----------------------
/opt/airflow/dags/crypto_pipeline_dag.py                           1           0  0.09s           2026-06-18T15:49:47                      12
================================================================================
[2026-06-18T16:00:37.049+0000] {manager.py:821} INFO - Searching for files in /opt/airflow/dags
[2026-06-18T16:00:37.073+0000] {manager.py:824} INFO - There are 1 files in /opt/airflow/dags
[2026-06-18T16:00:46.162+0000] {manager.py:997} INFO - 
================================================================================
DAG File Processing Stats

File Path                                 PID    Runtime      # DAGs    # Errors  Last Runtime    Last Run               Last # of DB Queries
----------------------------------------  -----  ---------  --------  ----------  --------------  -------------------  ----------------------
/opt/airflow/dags/crypto_pipeline_dag.py                           1           0  0.09s           2026-06-18T16:00:37                      12
================================================================================
[2026-06-18T16:01:16.551+0000] {manager.py:997} INFO - 
================================================================================
DAG File Processing Stats

File Path                                 PID    Runtime      # DAGs    # Errors  Last Runtime    Last Run               Last # of DB Queries
----------------------------------------  -----  ---------  --------  ----------  --------------  -------------------  ----------------------
/opt/airflow/dags/crypto_pipeline_dag.py                           1           0  0.08s           2026-06-18T16:01:07                      12
================================================================================
