[2026-06-16T09:36:16.418+0000] {processor.py:186} INFO - Started process (PID=175) to work on /opt/airflow/dags/crypto_pipeline_dag.py
[2026-06-16T09:36:16.418+0000] {processor.py:914} INFO - Processing file /opt/airflow/dags/crypto_pipeline_dag.py for tasks to queue
[2026-06-16T09:36:16.421+0000] {logging_mixin.py:190} INFO - [2026-06-16T09:36:16.420+0000] {dagbag.py:588} INFO - Filling up the DagBag from /opt/airflow/dags/crypto_pipeline_dag.py
[2026-06-16T09:36:16.430+0000] {logging_mixin.py:190} INFO - [2026-06-16T09:36:16.427+0000] {dagbag.py:387} ERROR - Failed to import: /opt/airflow/dags/crypto_pipeline_dag.py
Traceback (most recent call last):
  File "/home/airflow/.local/lib/python3.12/site-packages/airflow/models/dagbag.py", line 383, in parse
    loader.exec_module(new_module)
  File "<frozen importlib._bootstrap_external>", line 999, in exec_module
  File "<frozen importlib._bootstrap>", line 488, in _call_with_frames_removed
  File "/opt/airflow/dags/crypto_pipeline_dag.py", line 4, in <module>
    from airflow.providers.standard.operators.bash import BashOperator
ModuleNotFoundError: No module named 'airflow.providers.standard'
[2026-06-16T09:36:16.432+0000] {processor.py:927} WARNING - No viable dags retrieved from /opt/airflow/dags/crypto_pipeline_dag.py
[2026-06-16T09:36:16.448+0000] {processor.py:208} INFO - Processing /opt/airflow/dags/crypto_pipeline_dag.py took 0.036 seconds
[2026-06-16T09:36:46.658+0000] {processor.py:186} INFO - Started process (PID=180) to work on /opt/airflow/dags/crypto_pipeline_dag.py
[2026-06-16T09:36:46.658+0000] {processor.py:914} INFO - Processing file /opt/airflow/dags/crypto_pipeline_dag.py for tasks to queue
[2026-06-16T09:36:46.660+0000] {logging_mixin.py:190} INFO - [2026-06-16T09:36:46.660+0000] {dagbag.py:588} INFO - Filling up the DagBag from /opt/airflow/dags/crypto_pipeline_dag.py
[2026-06-16T09:36:46.670+0000] {logging_mixin.py:190} INFO - [2026-06-16T09:36:46.667+0000] {dagbag.py:387} ERROR - Failed to import: /opt/airflow/dags/crypto_pipeline_dag.py
Traceback (most recent call last):
  File "/home/airflow/.local/lib/python3.12/site-packages/airflow/models/dagbag.py", line 383, in parse
    loader.exec_module(new_module)
  File "<frozen importlib._bootstrap_external>", line 999, in exec_module
  File "<frozen importlib._bootstrap>", line 488, in _call_with_frames_removed
  File "/opt/airflow/dags/crypto_pipeline_dag.py", line 4, in <module>
    from airflow.providers.standard.operators.bash import BashOperator
ModuleNotFoundError: No module named 'airflow.providers.standard'
[2026-06-16T09:36:46.671+0000] {processor.py:927} WARNING - No viable dags retrieved from /opt/airflow/dags/crypto_pipeline_dag.py
[2026-06-16T09:36:46.688+0000] {processor.py:208} INFO - Processing /opt/airflow/dags/crypto_pipeline_dag.py took 0.034 seconds
[2026-06-16T09:37:01.802+0000] {processor.py:186} INFO - Started process (PID=185) to work on /opt/airflow/dags/crypto_pipeline_dag.py
[2026-06-16T09:37:01.803+0000] {processor.py:914} INFO - Processing file /opt/airflow/dags/crypto_pipeline_dag.py for tasks to queue
[2026-06-16T09:37:01.805+0000] {logging_mixin.py:190} INFO - [2026-06-16T09:37:01.805+0000] {dagbag.py:588} INFO - Filling up the DagBag from /opt/airflow/dags/crypto_pipeline_dag.py
[2026-06-16T09:37:01.837+0000] {processor.py:925} INFO - DAG(s) 'crypto_pipeline_dag' retrieved from /opt/airflow/dags/crypto_pipeline_dag.py
[2026-06-16T09:37:02.005+0000] {logging_mixin.py:190} INFO - [2026-06-16T09:37:02.005+0000] {override.py:1912} INFO - Created Permission View: can delete on DAG:crypto_pipeline_dag
[2026-06-16T09:37:02.012+0000] {logging_mixin.py:190} INFO - [2026-06-16T09:37:02.012+0000] {override.py:1912} INFO - Created Permission View: can read on DAG:crypto_pipeline_dag
[2026-06-16T09:37:02.016+0000] {logging_mixin.py:190} INFO - [2026-06-16T09:37:02.016+0000] {override.py:1912} INFO - Created Permission View: can edit on DAG:crypto_pipeline_dag
[2026-06-16T09:37:02.021+0000] {logging_mixin.py:190} INFO - [2026-06-16T09:37:02.021+0000] {override.py:1912} INFO - Created Permission View: can create on DAG Run:crypto_pipeline_dag
[2026-06-16T09:37:02.025+0000] {logging_mixin.py:190} INFO - [2026-06-16T09:37:02.025+0000] {override.py:1912} INFO - Created Permission View: can delete on DAG Run:crypto_pipeline_dag
[2026-06-16T09:37:02.030+0000] {logging_mixin.py:190} INFO - [2026-06-16T09:37:02.029+0000] {override.py:1912} INFO - Created Permission View: can read on DAG Run:crypto_pipeline_dag
[2026-06-16T09:37:02.034+0000] {logging_mixin.py:190} INFO - [2026-06-16T09:37:02.034+0000] {override.py:1912} INFO - Created Permission View: menu access on DAG Run:crypto_pipeline_dag
[2026-06-16T09:37:02.034+0000] {logging_mixin.py:190} INFO - [2026-06-16T09:37:02.034+0000] {dag.py:3239} INFO - Sync 1 DAGs
[2026-06-16T09:37:02.043+0000] {logging_mixin.py:190} INFO - [2026-06-16T09:37:02.043+0000] {dag.py:3262} INFO - Creating ORM DAG for crypto_pipeline_dag
[2026-06-16T09:37:02.052+0000] {logging_mixin.py:190} INFO - [2026-06-16T09:37:02.051+0000] {dag.py:4180} INFO - Setting next_dagrun for crypto_pipeline_dag to 2026-06-15 00:00:00+00:00, run_after=2026-06-16 00:00:00+00:00
[2026-06-16T09:37:02.068+0000] {processor.py:208} INFO - Processing /opt/airflow/dags/crypto_pipeline_dag.py took 0.272 seconds
[2026-06-16T09:37:32.328+0000] {processor.py:186} INFO - Started process (PID=190) to work on /opt/airflow/dags/crypto_pipeline_dag.py
[2026-06-16T09:37:32.329+0000] {processor.py:914} INFO - Processing file /opt/airflow/dags/crypto_pipeline_dag.py for tasks to queue
[2026-06-16T09:37:32.330+0000] {logging_mixin.py:190} INFO - [2026-06-16T09:37:32.330+0000] {dagbag.py:588} INFO - Filling up the DagBag from /opt/airflow/dags/crypto_pipeline_dag.py
[2026-06-16T09:37:32.348+0000] {processor.py:925} INFO - DAG(s) 'crypto_pipeline_dag' retrieved from /opt/airflow/dags/crypto_pipeline_dag.py
[2026-06-16T09:37:32.372+0000] {logging_mixin.py:190} INFO - [2026-06-16T09:37:32.371+0000] {dag.py:3239} INFO - Sync 1 DAGs
[2026-06-16T09:37:32.389+0000] {logging_mixin.py:190} INFO - [2026-06-16T09:37:32.389+0000] {dag.py:4180} INFO - Setting next_dagrun for crypto_pipeline_dag to 2026-06-15 00:00:00+00:00, run_after=2026-06-16 00:00:00+00:00
[2026-06-16T09:37:32.405+0000] {processor.py:208} INFO - Processing /opt/airflow/dags/crypto_pipeline_dag.py took 0.084 seconds
[2026-06-16T09:37:49.390+0000] {processor.py:186} INFO - Started process (PID=175) to work on /opt/airflow/dags/crypto_pipeline_dag.py
[2026-06-16T09:37:49.390+0000] {processor.py:914} INFO - Processing file /opt/airflow/dags/crypto_pipeline_dag.py for tasks to queue
[2026-06-16T09:37:49.392+0000] {logging_mixin.py:190} INFO - [2026-06-16T09:37:49.392+0000] {dagbag.py:588} INFO - Filling up the DagBag from /opt/airflow/dags/crypto_pipeline_dag.py
[2026-06-16T09:37:49.407+0000] {processor.py:925} INFO - DAG(s) 'crypto_pipeline_dag' retrieved from /opt/airflow/dags/crypto_pipeline_dag.py
[2026-06-16T09:37:49.430+0000] {logging_mixin.py:190} INFO - [2026-06-16T09:37:49.430+0000] {dag.py:3239} INFO - Sync 1 DAGs
[2026-06-16T09:37:49.448+0000] {logging_mixin.py:190} INFO - [2026-06-16T09:37:49.448+0000] {dag.py:4180} INFO - Setting next_dagrun for crypto_pipeline_dag to 2026-06-15 00:00:00+00:00, run_after=2026-06-16 00:00:00+00:00
[2026-06-16T09:37:49.463+0000] {processor.py:208} INFO - Processing /opt/airflow/dags/crypto_pipeline_dag.py took 0.078 seconds
[2026-06-16T09:38:19.631+0000] {processor.py:186} INFO - Started process (PID=180) to work on /opt/airflow/dags/crypto_pipeline_dag.py
[2026-06-16T09:38:19.632+0000] {processor.py:914} INFO - Processing file /opt/airflow/dags/crypto_pipeline_dag.py for tasks to queue
[2026-06-16T09:38:19.634+0000] {logging_mixin.py:190} INFO - [2026-06-16T09:38:19.634+0000] {dagbag.py:588} INFO - Filling up the DagBag from /opt/airflow/dags/crypto_pipeline_dag.py
[2026-06-16T09:38:19.648+0000] {processor.py:925} INFO - DAG(s) 'crypto_pipeline_dag' retrieved from /opt/airflow/dags/crypto_pipeline_dag.py
[2026-06-16T09:38:19.669+0000] {logging_mixin.py:190} INFO - [2026-06-16T09:38:19.668+0000] {dag.py:3239} INFO - Sync 1 DAGs
[2026-06-16T09:38:19.686+0000] {logging_mixin.py:190} INFO - [2026-06-16T09:38:19.686+0000] {dag.py:4180} INFO - Setting next_dagrun for crypto_pipeline_dag to 2026-06-15 00:00:00+00:00, run_after=2026-06-16 00:00:00+00:00
[2026-06-16T09:38:19.700+0000] {processor.py:208} INFO - Processing /opt/airflow/dags/crypto_pipeline_dag.py took 0.075 seconds
[2026-06-16T09:38:49.922+0000] {processor.py:186} INFO - Started process (PID=185) to work on /opt/airflow/dags/crypto_pipeline_dag.py
[2026-06-16T09:38:49.923+0000] {processor.py:914} INFO - Processing file /opt/airflow/dags/crypto_pipeline_dag.py for tasks to queue
[2026-06-16T09:38:49.925+0000] {logging_mixin.py:190} INFO - [2026-06-16T09:38:49.925+0000] {dagbag.py:588} INFO - Filling up the DagBag from /opt/airflow/dags/crypto_pipeline_dag.py
[2026-06-16T09:38:49.940+0000] {processor.py:925} INFO - DAG(s) 'crypto_pipeline_dag' retrieved from /opt/airflow/dags/crypto_pipeline_dag.py
[2026-06-16T09:38:49.961+0000] {logging_mixin.py:190} INFO - [2026-06-16T09:38:49.961+0000] {dag.py:3239} INFO - Sync 1 DAGs
[2026-06-16T09:38:49.979+0000] {logging_mixin.py:190} INFO - [2026-06-16T09:38:49.979+0000] {dag.py:4180} INFO - Setting next_dagrun for crypto_pipeline_dag to 2026-06-15 00:00:00+00:00, run_after=2026-06-16 00:00:00+00:00
[2026-06-16T09:38:49.992+0000] {processor.py:208} INFO - Processing /opt/airflow/dags/crypto_pipeline_dag.py took 0.075 seconds
[2026-06-16T09:39:20.169+0000] {processor.py:186} INFO - Started process (PID=190) to work on /opt/airflow/dags/crypto_pipeline_dag.py
[2026-06-16T09:39:20.170+0000] {processor.py:914} INFO - Processing file /opt/airflow/dags/crypto_pipeline_dag.py for tasks to queue
[2026-06-16T09:39:20.172+0000] {logging_mixin.py:190} INFO - [2026-06-16T09:39:20.171+0000] {dagbag.py:588} INFO - Filling up the DagBag from /opt/airflow/dags/crypto_pipeline_dag.py
[2026-06-16T09:39:20.185+0000] {processor.py:925} INFO - DAG(s) 'crypto_pipeline_dag' retrieved from /opt/airflow/dags/crypto_pipeline_dag.py
[2026-06-16T09:39:20.206+0000] {logging_mixin.py:190} INFO - [2026-06-16T09:39:20.206+0000] {dag.py:3239} INFO - Sync 1 DAGs
[2026-06-16T09:39:20.222+0000] {logging_mixin.py:190} INFO - [2026-06-16T09:39:20.221+0000] {dag.py:4180} INFO - Setting next_dagrun for crypto_pipeline_dag to 2026-06-15 00:00:00+00:00, run_after=2026-06-16 00:00:00+00:00
[2026-06-16T09:39:20.235+0000] {processor.py:208} INFO - Processing /opt/airflow/dags/crypto_pipeline_dag.py took 0.071 seconds
[2026-06-16T09:39:50.459+0000] {processor.py:186} INFO - Started process (PID=195) to work on /opt/airflow/dags/crypto_pipeline_dag.py
[2026-06-16T09:39:50.460+0000] {processor.py:914} INFO - Processing file /opt/airflow/dags/crypto_pipeline_dag.py for tasks to queue
[2026-06-16T09:39:50.462+0000] {logging_mixin.py:190} INFO - [2026-06-16T09:39:50.462+0000] {dagbag.py:588} INFO - Filling up the DagBag from /opt/airflow/dags/crypto_pipeline_dag.py
[2026-06-16T09:39:50.475+0000] {processor.py:925} INFO - DAG(s) 'crypto_pipeline_dag' retrieved from /opt/airflow/dags/crypto_pipeline_dag.py
[2026-06-16T09:39:50.495+0000] {logging_mixin.py:190} INFO - [2026-06-16T09:39:50.494+0000] {dag.py:3239} INFO - Sync 1 DAGs
[2026-06-16T09:39:50.511+0000] {logging_mixin.py:190} INFO - [2026-06-16T09:39:50.510+0000] {dag.py:4180} INFO - Setting next_dagrun for crypto_pipeline_dag to 2026-06-15 00:00:00+00:00, run_after=2026-06-16 00:00:00+00:00
[2026-06-16T09:39:50.525+0000] {processor.py:208} INFO - Processing /opt/airflow/dags/crypto_pipeline_dag.py took 0.070 seconds
[2026-06-16T09:40:20.704+0000] {processor.py:186} INFO - Started process (PID=200) to work on /opt/airflow/dags/crypto_pipeline_dag.py
[2026-06-16T09:40:20.705+0000] {processor.py:914} INFO - Processing file /opt/airflow/dags/crypto_pipeline_dag.py for tasks to queue
[2026-06-16T09:40:20.706+0000] {logging_mixin.py:190} INFO - [2026-06-16T09:40:20.706+0000] {dagbag.py:588} INFO - Filling up the DagBag from /opt/airflow/dags/crypto_pipeline_dag.py
[2026-06-16T09:40:20.719+0000] {processor.py:925} INFO - DAG(s) 'crypto_pipeline_dag' retrieved from /opt/airflow/dags/crypto_pipeline_dag.py
[2026-06-16T09:40:20.740+0000] {logging_mixin.py:190} INFO - [2026-06-16T09:40:20.740+0000] {dag.py:3239} INFO - Sync 1 DAGs
[2026-06-16T09:40:20.757+0000] {logging_mixin.py:190} INFO - [2026-06-16T09:40:20.757+0000] {dag.py:4180} INFO - Setting next_dagrun for crypto_pipeline_dag to 2026-06-15 00:00:00+00:00, run_after=2026-06-16 00:00:00+00:00
[2026-06-16T09:40:20.773+0000] {processor.py:208} INFO - Processing /opt/airflow/dags/crypto_pipeline_dag.py took 0.073 seconds
[2026-06-16T09:40:50.998+0000] {processor.py:186} INFO - Started process (PID=205) to work on /opt/airflow/dags/crypto_pipeline_dag.py
[2026-06-16T09:40:50.998+0000] {processor.py:914} INFO - Processing file /opt/airflow/dags/crypto_pipeline_dag.py for tasks to queue
[2026-06-16T09:40:51.000+0000] {logging_mixin.py:190} INFO - [2026-06-16T09:40:51.000+0000] {dagbag.py:588} INFO - Filling up the DagBag from /opt/airflow/dags/crypto_pipeline_dag.py
[2026-06-16T09:40:51.014+0000] {processor.py:925} INFO - DAG(s) 'crypto_pipeline_dag' retrieved from /opt/airflow/dags/crypto_pipeline_dag.py
[2026-06-16T09:40:51.037+0000] {logging_mixin.py:190} INFO - [2026-06-16T09:40:51.036+0000] {dag.py:3239} INFO - Sync 1 DAGs
[2026-06-16T09:40:51.054+0000] {logging_mixin.py:190} INFO - [2026-06-16T09:40:51.054+0000] {dag.py:4180} INFO - Setting next_dagrun for crypto_pipeline_dag to 2026-06-15 00:00:00+00:00, run_after=2026-06-16 00:00:00+00:00
[2026-06-16T09:40:51.068+0000] {processor.py:208} INFO - Processing /opt/airflow/dags/crypto_pipeline_dag.py took 0.074 seconds
[2026-06-16T09:41:21.253+0000] {processor.py:186} INFO - Started process (PID=210) to work on /opt/airflow/dags/crypto_pipeline_dag.py
[2026-06-16T09:41:21.253+0000] {processor.py:914} INFO - Processing file /opt/airflow/dags/crypto_pipeline_dag.py for tasks to queue
[2026-06-16T09:41:21.256+0000] {logging_mixin.py:190} INFO - [2026-06-16T09:41:21.255+0000] {dagbag.py:588} INFO - Filling up the DagBag from /opt/airflow/dags/crypto_pipeline_dag.py
[2026-06-16T09:41:21.269+0000] {processor.py:925} INFO - DAG(s) 'crypto_pipeline_dag' retrieved from /opt/airflow/dags/crypto_pipeline_dag.py
[2026-06-16T09:41:21.290+0000] {logging_mixin.py:190} INFO - [2026-06-16T09:41:21.290+0000] {dag.py:3239} INFO - Sync 1 DAGs
[2026-06-16T09:41:21.308+0000] {logging_mixin.py:190} INFO - [2026-06-16T09:41:21.308+0000] {dag.py:4180} INFO - Setting next_dagrun for crypto_pipeline_dag to 2026-06-15 00:00:00+00:00, run_after=2026-06-16 00:00:00+00:00
[2026-06-16T09:41:21.324+0000] {processor.py:208} INFO - Processing /opt/airflow/dags/crypto_pipeline_dag.py took 0.075 seconds
[2026-06-16T09:41:51.552+0000] {processor.py:186} INFO - Started process (PID=215) to work on /opt/airflow/dags/crypto_pipeline_dag.py
[2026-06-16T09:41:51.553+0000] {processor.py:914} INFO - Processing file /opt/airflow/dags/crypto_pipeline_dag.py for tasks to queue
[2026-06-16T09:41:51.555+0000] {logging_mixin.py:190} INFO - [2026-06-16T09:41:51.554+0000] {dagbag.py:588} INFO - Filling up the DagBag from /opt/airflow/dags/crypto_pipeline_dag.py
[2026-06-16T09:41:51.567+0000] {processor.py:925} INFO - DAG(s) 'crypto_pipeline_dag' retrieved from /opt/airflow/dags/crypto_pipeline_dag.py
[2026-06-16T09:41:51.588+0000] {logging_mixin.py:190} INFO - [2026-06-16T09:41:51.588+0000] {dag.py:3239} INFO - Sync 1 DAGs
[2026-06-16T09:41:51.606+0000] {logging_mixin.py:190} INFO - [2026-06-16T09:41:51.606+0000] {dag.py:4180} INFO - Setting next_dagrun for crypto_pipeline_dag to 2026-06-15 00:00:00+00:00, run_after=2026-06-16 00:00:00+00:00
[2026-06-16T09:41:51.619+0000] {processor.py:208} INFO - Processing /opt/airflow/dags/crypto_pipeline_dag.py took 0.071 seconds
[2026-06-16T09:42:21.801+0000] {processor.py:186} INFO - Started process (PID=220) to work on /opt/airflow/dags/crypto_pipeline_dag.py
[2026-06-16T09:42:21.802+0000] {processor.py:914} INFO - Processing file /opt/airflow/dags/crypto_pipeline_dag.py for tasks to queue
[2026-06-16T09:42:21.803+0000] {logging_mixin.py:190} INFO - [2026-06-16T09:42:21.803+0000] {dagbag.py:588} INFO - Filling up the DagBag from /opt/airflow/dags/crypto_pipeline_dag.py
[2026-06-16T09:42:21.816+0000] {processor.py:925} INFO - DAG(s) 'crypto_pipeline_dag' retrieved from /opt/airflow/dags/crypto_pipeline_dag.py
[2026-06-16T09:42:21.836+0000] {logging_mixin.py:190} INFO - [2026-06-16T09:42:21.836+0000] {dag.py:3239} INFO - Sync 1 DAGs
[2026-06-16T09:42:21.852+0000] {logging_mixin.py:190} INFO - [2026-06-16T09:42:21.852+0000] {dag.py:4180} INFO - Setting next_dagrun for crypto_pipeline_dag to 2026-06-15 00:00:00+00:00, run_after=2026-06-16 00:00:00+00:00
[2026-06-16T09:42:21.864+0000] {processor.py:208} INFO - Processing /opt/airflow/dags/crypto_pipeline_dag.py took 0.067 seconds
[2026-06-16T09:42:52.052+0000] {processor.py:186} INFO - Started process (PID=225) to work on /opt/airflow/dags/crypto_pipeline_dag.py
[2026-06-16T09:42:52.053+0000] {processor.py:914} INFO - Processing file /opt/airflow/dags/crypto_pipeline_dag.py for tasks to queue
[2026-06-16T09:42:52.055+0000] {logging_mixin.py:190} INFO - [2026-06-16T09:42:52.055+0000] {dagbag.py:588} INFO - Filling up the DagBag from /opt/airflow/dags/crypto_pipeline_dag.py
[2026-06-16T09:42:52.070+0000] {processor.py:925} INFO - DAG(s) 'crypto_pipeline_dag' retrieved from /opt/airflow/dags/crypto_pipeline_dag.py
[2026-06-16T09:42:52.095+0000] {logging_mixin.py:190} INFO - [2026-06-16T09:42:52.095+0000] {dag.py:3239} INFO - Sync 1 DAGs
[2026-06-16T09:42:52.113+0000] {logging_mixin.py:190} INFO - [2026-06-16T09:42:52.113+0000] {dag.py:4180} INFO - Setting next_dagrun for crypto_pipeline_dag to 2026-06-15 00:00:00+00:00, run_after=2026-06-16 00:00:00+00:00
[2026-06-16T09:42:52.128+0000] {processor.py:208} INFO - Processing /opt/airflow/dags/crypto_pipeline_dag.py took 0.081 seconds
[2026-06-16T09:43:22.347+0000] {processor.py:186} INFO - Started process (PID=230) to work on /opt/airflow/dags/crypto_pipeline_dag.py
[2026-06-16T09:43:22.348+0000] {processor.py:914} INFO - Processing file /opt/airflow/dags/crypto_pipeline_dag.py for tasks to queue
[2026-06-16T09:43:22.350+0000] {logging_mixin.py:190} INFO - [2026-06-16T09:43:22.349+0000] {dagbag.py:588} INFO - Filling up the DagBag from /opt/airflow/dags/crypto_pipeline_dag.py
[2026-06-16T09:43:22.363+0000] {processor.py:925} INFO - DAG(s) 'crypto_pipeline_dag' retrieved from /opt/airflow/dags/crypto_pipeline_dag.py
[2026-06-16T09:43:22.383+0000] {logging_mixin.py:190} INFO - [2026-06-16T09:43:22.383+0000] {dag.py:3239} INFO - Sync 1 DAGs
[2026-06-16T09:43:22.399+0000] {logging_mixin.py:190} INFO - [2026-06-16T09:43:22.399+0000] {dag.py:4180} INFO - Setting next_dagrun for crypto_pipeline_dag to 2026-06-15 00:00:00+00:00, run_after=2026-06-16 00:00:00+00:00
[2026-06-16T09:43:22.413+0000] {processor.py:208} INFO - Processing /opt/airflow/dags/crypto_pipeline_dag.py took 0.070 seconds
[2026-06-16T09:43:52.599+0000] {processor.py:186} INFO - Started process (PID=235) to work on /opt/airflow/dags/crypto_pipeline_dag.py
[2026-06-16T09:43:52.600+0000] {processor.py:914} INFO - Processing file /opt/airflow/dags/crypto_pipeline_dag.py for tasks to queue
[2026-06-16T09:43:52.602+0000] {logging_mixin.py:190} INFO - [2026-06-16T09:43:52.602+0000] {dagbag.py:588} INFO - Filling up the DagBag from /opt/airflow/dags/crypto_pipeline_dag.py
[2026-06-16T09:43:52.615+0000] {processor.py:925} INFO - DAG(s) 'crypto_pipeline_dag' retrieved from /opt/airflow/dags/crypto_pipeline_dag.py
[2026-06-16T09:43:52.637+0000] {logging_mixin.py:190} INFO - [2026-06-16T09:43:52.637+0000] {dag.py:3239} INFO - Sync 1 DAGs
[2026-06-16T09:43:52.654+0000] {logging_mixin.py:190} INFO - [2026-06-16T09:43:52.653+0000] {dag.py:4180} INFO - Setting next_dagrun for crypto_pipeline_dag to 2026-06-15 00:00:00+00:00, run_after=2026-06-16 00:00:00+00:00
[2026-06-16T09:43:52.669+0000] {processor.py:208} INFO - Processing /opt/airflow/dags/crypto_pipeline_dag.py took 0.074 seconds
[2026-06-16T09:44:22.930+0000] {processor.py:186} INFO - Started process (PID=240) to work on /opt/airflow/dags/crypto_pipeline_dag.py
[2026-06-16T09:44:22.931+0000] {processor.py:914} INFO - Processing file /opt/airflow/dags/crypto_pipeline_dag.py for tasks to queue
[2026-06-16T09:44:22.933+0000] {logging_mixin.py:190} INFO - [2026-06-16T09:44:22.933+0000] {dagbag.py:588} INFO - Filling up the DagBag from /opt/airflow/dags/crypto_pipeline_dag.py
[2026-06-16T09:44:22.947+0000] {processor.py:925} INFO - DAG(s) 'crypto_pipeline_dag' retrieved from /opt/airflow/dags/crypto_pipeline_dag.py
[2026-06-16T09:44:22.967+0000] {logging_mixin.py:190} INFO - [2026-06-16T09:44:22.967+0000] {dag.py:3239} INFO - Sync 1 DAGs
[2026-06-16T09:44:22.986+0000] {logging_mixin.py:190} INFO - [2026-06-16T09:44:22.986+0000] {dag.py:4180} INFO - Setting next_dagrun for crypto_pipeline_dag to 2026-06-15 00:00:00+00:00, run_after=2026-06-16 00:00:00+00:00
[2026-06-16T09:44:23.004+0000] {processor.py:208} INFO - Processing /opt/airflow/dags/crypto_pipeline_dag.py took 0.078 seconds
[2026-06-16T09:44:53.198+0000] {processor.py:186} INFO - Started process (PID=245) to work on /opt/airflow/dags/crypto_pipeline_dag.py
[2026-06-16T09:44:53.199+0000] {processor.py:914} INFO - Processing file /opt/airflow/dags/crypto_pipeline_dag.py for tasks to queue
[2026-06-16T09:44:53.201+0000] {logging_mixin.py:190} INFO - [2026-06-16T09:44:53.201+0000] {dagbag.py:588} INFO - Filling up the DagBag from /opt/airflow/dags/crypto_pipeline_dag.py
[2026-06-16T09:44:53.215+0000] {processor.py:925} INFO - DAG(s) 'crypto_pipeline_dag' retrieved from /opt/airflow/dags/crypto_pipeline_dag.py
[2026-06-16T09:44:53.238+0000] {logging_mixin.py:190} INFO - [2026-06-16T09:44:53.237+0000] {dag.py:3239} INFO - Sync 1 DAGs
[2026-06-16T09:44:53.256+0000] {logging_mixin.py:190} INFO - [2026-06-16T09:44:53.255+0000] {dag.py:4180} INFO - Setting next_dagrun for crypto_pipeline_dag to 2026-06-15 00:00:00+00:00, run_after=2026-06-16 00:00:00+00:00
[2026-06-16T09:44:53.271+0000] {processor.py:208} INFO - Processing /opt/airflow/dags/crypto_pipeline_dag.py took 0.077 seconds
[2026-06-16T09:45:23.499+0000] {processor.py:186} INFO - Started process (PID=250) to work on /opt/airflow/dags/crypto_pipeline_dag.py
[2026-06-16T09:45:23.500+0000] {processor.py:914} INFO - Processing file /opt/airflow/dags/crypto_pipeline_dag.py for tasks to queue
[2026-06-16T09:45:23.502+0000] {logging_mixin.py:190} INFO - [2026-06-16T09:45:23.502+0000] {dagbag.py:588} INFO - Filling up the DagBag from /opt/airflow/dags/crypto_pipeline_dag.py
[2026-06-16T09:45:23.519+0000] {processor.py:925} INFO - DAG(s) 'crypto_pipeline_dag' retrieved from /opt/airflow/dags/crypto_pipeline_dag.py
[2026-06-16T09:45:23.541+0000] {logging_mixin.py:190} INFO - [2026-06-16T09:45:23.541+0000] {dag.py:3239} INFO - Sync 1 DAGs
[2026-06-16T09:45:23.558+0000] {logging_mixin.py:190} INFO - [2026-06-16T09:45:23.558+0000] {dag.py:4180} INFO - Setting next_dagrun for crypto_pipeline_dag to 2026-06-15 00:00:00+00:00, run_after=2026-06-16 00:00:00+00:00
[2026-06-16T09:45:23.574+0000] {processor.py:208} INFO - Processing /opt/airflow/dags/crypto_pipeline_dag.py took 0.080 seconds
[2026-06-16T09:45:53.790+0000] {processor.py:186} INFO - Started process (PID=255) to work on /opt/airflow/dags/crypto_pipeline_dag.py
[2026-06-16T09:45:53.791+0000] {processor.py:914} INFO - Processing file /opt/airflow/dags/crypto_pipeline_dag.py for tasks to queue
[2026-06-16T09:45:53.793+0000] {logging_mixin.py:190} INFO - [2026-06-16T09:45:53.793+0000] {dagbag.py:588} INFO - Filling up the DagBag from /opt/airflow/dags/crypto_pipeline_dag.py
[2026-06-16T09:45:53.806+0000] {processor.py:925} INFO - DAG(s) 'crypto_pipeline_dag' retrieved from /opt/airflow/dags/crypto_pipeline_dag.py
[2026-06-16T09:45:53.827+0000] {logging_mixin.py:190} INFO - [2026-06-16T09:45:53.827+0000] {dag.py:3239} INFO - Sync 1 DAGs
[2026-06-16T09:45:53.843+0000] {logging_mixin.py:190} INFO - [2026-06-16T09:45:53.843+0000] {dag.py:4180} INFO - Setting next_dagrun for crypto_pipeline_dag to 2026-06-15 00:00:00+00:00, run_after=2026-06-16 00:00:00+00:00
[2026-06-16T09:45:53.858+0000] {processor.py:208} INFO - Processing /opt/airflow/dags/crypto_pipeline_dag.py took 0.073 seconds
[2026-06-16T09:46:24.119+0000] {processor.py:186} INFO - Started process (PID=260) to work on /opt/airflow/dags/crypto_pipeline_dag.py
[2026-06-16T09:46:24.120+0000] {processor.py:914} INFO - Processing file /opt/airflow/dags/crypto_pipeline_dag.py for tasks to queue
[2026-06-16T09:46:24.123+0000] {logging_mixin.py:190} INFO - [2026-06-16T09:46:24.122+0000] {dagbag.py:588} INFO - Filling up the DagBag from /opt/airflow/dags/crypto_pipeline_dag.py
[2026-06-16T09:46:24.137+0000] {processor.py:925} INFO - DAG(s) 'crypto_pipeline_dag' retrieved from /opt/airflow/dags/crypto_pipeline_dag.py
[2026-06-16T09:46:24.159+0000] {logging_mixin.py:190} INFO - [2026-06-16T09:46:24.159+0000] {dag.py:3239} INFO - Sync 1 DAGs
[2026-06-16T09:46:24.177+0000] {logging_mixin.py:190} INFO - [2026-06-16T09:46:24.176+0000] {dag.py:4180} INFO - Setting next_dagrun for crypto_pipeline_dag to 2026-06-15 00:00:00+00:00, run_after=2026-06-16 00:00:00+00:00
[2026-06-16T09:46:24.191+0000] {processor.py:208} INFO - Processing /opt/airflow/dags/crypto_pipeline_dag.py took 0.076 seconds
[2026-06-16T09:46:54.357+0000] {processor.py:186} INFO - Started process (PID=265) to work on /opt/airflow/dags/crypto_pipeline_dag.py
[2026-06-16T09:46:54.358+0000] {processor.py:914} INFO - Processing file /opt/airflow/dags/crypto_pipeline_dag.py for tasks to queue
[2026-06-16T09:46:54.360+0000] {logging_mixin.py:190} INFO - [2026-06-16T09:46:54.360+0000] {dagbag.py:588} INFO - Filling up the DagBag from /opt/airflow/dags/crypto_pipeline_dag.py
[2026-06-16T09:46:54.374+0000] {processor.py:925} INFO - DAG(s) 'crypto_pipeline_dag' retrieved from /opt/airflow/dags/crypto_pipeline_dag.py
[2026-06-16T09:46:54.397+0000] {logging_mixin.py:190} INFO - [2026-06-16T09:46:54.397+0000] {dag.py:3239} INFO - Sync 1 DAGs
[2026-06-16T09:46:54.416+0000] {logging_mixin.py:190} INFO - [2026-06-16T09:46:54.416+0000] {dag.py:4180} INFO - Setting next_dagrun for crypto_pipeline_dag to 2026-06-15 00:00:00+00:00, run_after=2026-06-16 00:00:00+00:00
[2026-06-16T09:46:54.430+0000] {processor.py:208} INFO - Processing /opt/airflow/dags/crypto_pipeline_dag.py took 0.078 seconds
[2026-06-16T09:47:24.703+0000] {processor.py:186} INFO - Started process (PID=270) to work on /opt/airflow/dags/crypto_pipeline_dag.py
[2026-06-16T09:47:24.703+0000] {processor.py:914} INFO - Processing file /opt/airflow/dags/crypto_pipeline_dag.py for tasks to queue
[2026-06-16T09:47:24.705+0000] {logging_mixin.py:190} INFO - [2026-06-16T09:47:24.705+0000] {dagbag.py:588} INFO - Filling up the DagBag from /opt/airflow/dags/crypto_pipeline_dag.py
[2026-06-16T09:47:24.719+0000] {processor.py:925} INFO - DAG(s) 'crypto_pipeline_dag' retrieved from /opt/airflow/dags/crypto_pipeline_dag.py
[2026-06-16T09:47:24.739+0000] {logging_mixin.py:190} INFO - [2026-06-16T09:47:24.739+0000] {dag.py:3239} INFO - Sync 1 DAGs
[2026-06-16T09:47:24.755+0000] {logging_mixin.py:190} INFO - [2026-06-16T09:47:24.755+0000] {dag.py:4180} INFO - Setting next_dagrun for crypto_pipeline_dag to 2026-06-15 00:00:00+00:00, run_after=2026-06-16 00:00:00+00:00
[2026-06-16T09:47:24.769+0000] {processor.py:208} INFO - Processing /opt/airflow/dags/crypto_pipeline_dag.py took 0.071 seconds
[2026-06-16T09:47:55.068+0000] {processor.py:186} INFO - Started process (PID=275) to work on /opt/airflow/dags/crypto_pipeline_dag.py
[2026-06-16T09:47:55.070+0000] {processor.py:914} INFO - Processing file /opt/airflow/dags/crypto_pipeline_dag.py for tasks to queue
[2026-06-16T09:47:55.075+0000] {logging_mixin.py:190} INFO - [2026-06-16T09:47:55.074+0000] {dagbag.py:588} INFO - Filling up the DagBag from /opt/airflow/dags/crypto_pipeline_dag.py
[2026-06-16T09:47:55.111+0000] {processor.py:925} INFO - DAG(s) 'crypto_pipeline_dag' retrieved from /opt/airflow/dags/crypto_pipeline_dag.py
[2026-06-16T09:47:55.168+0000] {logging_mixin.py:190} INFO - [2026-06-16T09:47:55.167+0000] {dag.py:3239} INFO - Sync 1 DAGs
[2026-06-16T09:47:55.201+0000] {logging_mixin.py:190} INFO - [2026-06-16T09:47:55.201+0000] {dag.py:4180} INFO - Setting next_dagrun for crypto_pipeline_dag to 2026-06-15 00:00:00+00:00, run_after=2026-06-16 00:00:00+00:00
[2026-06-16T09:47:55.222+0000] {processor.py:208} INFO - Processing /opt/airflow/dags/crypto_pipeline_dag.py took 0.176 seconds
[2026-06-16T09:48:25.336+0000] {processor.py:186} INFO - Started process (PID=280) to work on /opt/airflow/dags/crypto_pipeline_dag.py
[2026-06-16T09:48:25.337+0000] {processor.py:914} INFO - Processing file /opt/airflow/dags/crypto_pipeline_dag.py for tasks to queue
[2026-06-16T09:48:25.339+0000] {logging_mixin.py:190} INFO - [2026-06-16T09:48:25.338+0000] {dagbag.py:588} INFO - Filling up the DagBag from /opt/airflow/dags/crypto_pipeline_dag.py
[2026-06-16T09:48:25.361+0000] {processor.py:925} INFO - DAG(s) 'crypto_pipeline_dag' retrieved from /opt/airflow/dags/crypto_pipeline_dag.py
[2026-06-16T09:48:25.405+0000] {logging_mixin.py:190} INFO - [2026-06-16T09:48:25.405+0000] {dag.py:3239} INFO - Sync 1 DAGs
[2026-06-16T09:48:25.433+0000] {logging_mixin.py:190} INFO - [2026-06-16T09:48:25.433+0000] {dag.py:4180} INFO - Setting next_dagrun for crypto_pipeline_dag to 2026-06-15 00:00:00+00:00, run_after=2026-06-16 00:00:00+00:00
[2026-06-16T09:48:25.450+0000] {processor.py:208} INFO - Processing /opt/airflow/dags/crypto_pipeline_dag.py took 0.115 seconds
[2026-06-16T09:48:55.692+0000] {processor.py:186} INFO - Started process (PID=285) to work on /opt/airflow/dags/crypto_pipeline_dag.py
[2026-06-16T09:48:55.692+0000] {processor.py:914} INFO - Processing file /opt/airflow/dags/crypto_pipeline_dag.py for tasks to queue
[2026-06-16T09:48:55.694+0000] {logging_mixin.py:190} INFO - [2026-06-16T09:48:55.694+0000] {dagbag.py:588} INFO - Filling up the DagBag from /opt/airflow/dags/crypto_pipeline_dag.py
[2026-06-16T09:48:55.706+0000] {processor.py:925} INFO - DAG(s) 'crypto_pipeline_dag' retrieved from /opt/airflow/dags/crypto_pipeline_dag.py
[2026-06-16T09:48:55.726+0000] {logging_mixin.py:190} INFO - [2026-06-16T09:48:55.726+0000] {dag.py:3239} INFO - Sync 1 DAGs
[2026-06-16T09:48:55.741+0000] {logging_mixin.py:190} INFO - [2026-06-16T09:48:55.741+0000] {dag.py:4180} INFO - Setting next_dagrun for crypto_pipeline_dag to 2026-06-15 00:00:00+00:00, run_after=2026-06-16 00:00:00+00:00
[2026-06-16T09:48:55.756+0000] {processor.py:208} INFO - Processing /opt/airflow/dags/crypto_pipeline_dag.py took 0.068 seconds
[2026-06-16T09:49:25.983+0000] {processor.py:186} INFO - Started process (PID=290) to work on /opt/airflow/dags/crypto_pipeline_dag.py
[2026-06-16T09:49:25.984+0000] {processor.py:914} INFO - Processing file /opt/airflow/dags/crypto_pipeline_dag.py for tasks to queue
[2026-06-16T09:49:25.985+0000] {logging_mixin.py:190} INFO - [2026-06-16T09:49:25.985+0000] {dagbag.py:588} INFO - Filling up the DagBag from /opt/airflow/dags/crypto_pipeline_dag.py
[2026-06-16T09:49:25.997+0000] {processor.py:925} INFO - DAG(s) 'crypto_pipeline_dag' retrieved from /opt/airflow/dags/crypto_pipeline_dag.py
[2026-06-16T09:49:26.018+0000] {logging_mixin.py:190} INFO - [2026-06-16T09:49:26.018+0000] {dag.py:3239} INFO - Sync 1 DAGs
[2026-06-16T09:49:26.034+0000] {logging_mixin.py:190} INFO - [2026-06-16T09:49:26.034+0000] {dag.py:4180} INFO - Setting next_dagrun for crypto_pipeline_dag to 2026-06-15 00:00:00+00:00, run_after=2026-06-16 00:00:00+00:00
[2026-06-16T09:49:26.049+0000] {processor.py:208} INFO - Processing /opt/airflow/dags/crypto_pipeline_dag.py took 0.070 seconds
[2026-06-16T09:49:56.283+0000] {processor.py:186} INFO - Started process (PID=303) to work on /opt/airflow/dags/crypto_pipeline_dag.py
[2026-06-16T09:49:56.284+0000] {processor.py:914} INFO - Processing file /opt/airflow/dags/crypto_pipeline_dag.py for tasks to queue
[2026-06-16T09:49:56.287+0000] {logging_mixin.py:190} INFO - [2026-06-16T09:49:56.286+0000] {dagbag.py:588} INFO - Filling up the DagBag from /opt/airflow/dags/crypto_pipeline_dag.py
[2026-06-16T09:49:56.309+0000] {processor.py:925} INFO - DAG(s) 'crypto_pipeline_dag' retrieved from /opt/airflow/dags/crypto_pipeline_dag.py
[2026-06-16T09:49:56.337+0000] {logging_mixin.py:190} INFO - [2026-06-16T09:49:56.336+0000] {dag.py:3239} INFO - Sync 1 DAGs
[2026-06-16T09:49:56.361+0000] {logging_mixin.py:190} INFO - [2026-06-16T09:49:56.360+0000] {dag.py:4180} INFO - Setting next_dagrun for crypto_pipeline_dag to 2026-06-16 00:00:00+00:00, run_after=2026-06-17 00:00:00+00:00
[2026-06-16T09:49:56.378+0000] {processor.py:208} INFO - Processing /opt/airflow/dags/crypto_pipeline_dag.py took 0.100 seconds
[2026-06-16T09:50:26.536+0000] {processor.py:186} INFO - Started process (PID=348) to work on /opt/airflow/dags/crypto_pipeline_dag.py
[2026-06-16T09:50:26.536+0000] {processor.py:914} INFO - Processing file /opt/airflow/dags/crypto_pipeline_dag.py for tasks to queue
[2026-06-16T09:50:26.538+0000] {logging_mixin.py:190} INFO - [2026-06-16T09:50:26.538+0000] {dagbag.py:588} INFO - Filling up the DagBag from /opt/airflow/dags/crypto_pipeline_dag.py
[2026-06-16T09:50:26.549+0000] {processor.py:925} INFO - DAG(s) 'crypto_pipeline_dag' retrieved from /opt/airflow/dags/crypto_pipeline_dag.py
[2026-06-16T09:50:26.568+0000] {logging_mixin.py:190} INFO - [2026-06-16T09:50:26.568+0000] {dag.py:3239} INFO - Sync 1 DAGs
[2026-06-16T09:50:26.585+0000] {logging_mixin.py:190} INFO - [2026-06-16T09:50:26.585+0000] {dag.py:4180} INFO - Setting next_dagrun for crypto_pipeline_dag to 2026-06-16 00:00:00+00:00, run_after=2026-06-17 00:00:00+00:00
[2026-06-16T09:50:26.599+0000] {processor.py:208} INFO - Processing /opt/airflow/dags/crypto_pipeline_dag.py took 0.067 seconds
[2026-06-16T09:50:56.809+0000] {processor.py:186} INFO - Started process (PID=353) to work on /opt/airflow/dags/crypto_pipeline_dag.py
[2026-06-16T09:50:56.810+0000] {processor.py:914} INFO - Processing file /opt/airflow/dags/crypto_pipeline_dag.py for tasks to queue
[2026-06-16T09:50:56.811+0000] {logging_mixin.py:190} INFO - [2026-06-16T09:50:56.811+0000] {dagbag.py:588} INFO - Filling up the DagBag from /opt/airflow/dags/crypto_pipeline_dag.py
[2026-06-16T09:50:56.824+0000] {processor.py:925} INFO - DAG(s) 'crypto_pipeline_dag' retrieved from /opt/airflow/dags/crypto_pipeline_dag.py
[2026-06-16T09:50:56.844+0000] {logging_mixin.py:190} INFO - [2026-06-16T09:50:56.844+0000] {dag.py:3239} INFO - Sync 1 DAGs
[2026-06-16T09:50:56.861+0000] {logging_mixin.py:190} INFO - [2026-06-16T09:50:56.861+0000] {dag.py:4180} INFO - Setting next_dagrun for crypto_pipeline_dag to 2026-06-16 00:00:00+00:00, run_after=2026-06-17 00:00:00+00:00
[2026-06-16T09:50:56.875+0000] {processor.py:208} INFO - Processing /opt/airflow/dags/crypto_pipeline_dag.py took 0.070 seconds
[2026-06-16T09:51:27.097+0000] {processor.py:186} INFO - Started process (PID=358) to work on /opt/airflow/dags/crypto_pipeline_dag.py
[2026-06-16T09:51:27.097+0000] {processor.py:914} INFO - Processing file /opt/airflow/dags/crypto_pipeline_dag.py for tasks to queue
[2026-06-16T09:51:27.099+0000] {logging_mixin.py:190} INFO - [2026-06-16T09:51:27.099+0000] {dagbag.py:588} INFO - Filling up the DagBag from /opt/airflow/dags/crypto_pipeline_dag.py
[2026-06-16T09:51:27.113+0000] {processor.py:925} INFO - DAG(s) 'crypto_pipeline_dag' retrieved from /opt/airflow/dags/crypto_pipeline_dag.py
[2026-06-16T09:51:27.134+0000] {logging_mixin.py:190} INFO - [2026-06-16T09:51:27.133+0000] {dag.py:3239} INFO - Sync 1 DAGs
[2026-06-16T09:51:27.152+0000] {logging_mixin.py:190} INFO - [2026-06-16T09:51:27.152+0000] {dag.py:4180} INFO - Setting next_dagrun for crypto_pipeline_dag to 2026-06-16 00:00:00+00:00, run_after=2026-06-17 00:00:00+00:00
[2026-06-16T09:51:27.169+0000] {processor.py:208} INFO - Processing /opt/airflow/dags/crypto_pipeline_dag.py took 0.076 seconds
[2026-06-16T09:51:57.363+0000] {processor.py:186} INFO - Started process (PID=363) to work on /opt/airflow/dags/crypto_pipeline_dag.py
[2026-06-16T09:51:57.364+0000] {processor.py:914} INFO - Processing file /opt/airflow/dags/crypto_pipeline_dag.py for tasks to queue
[2026-06-16T09:51:57.366+0000] {logging_mixin.py:190} INFO - [2026-06-16T09:51:57.366+0000] {dagbag.py:588} INFO - Filling up the DagBag from /opt/airflow/dags/crypto_pipeline_dag.py
[2026-06-16T09:51:57.379+0000] {processor.py:925} INFO - DAG(s) 'crypto_pipeline_dag' retrieved from /opt/airflow/dags/crypto_pipeline_dag.py
[2026-06-16T09:51:57.399+0000] {logging_mixin.py:190} INFO - [2026-06-16T09:51:57.399+0000] {dag.py:3239} INFO - Sync 1 DAGs
[2026-06-16T09:51:57.415+0000] {logging_mixin.py:190} INFO - [2026-06-16T09:51:57.415+0000] {dag.py:4180} INFO - Setting next_dagrun for crypto_pipeline_dag to 2026-06-16 00:00:00+00:00, run_after=2026-06-17 00:00:00+00:00
[2026-06-16T09:51:57.429+0000] {processor.py:208} INFO - Processing /opt/airflow/dags/crypto_pipeline_dag.py took 0.070 seconds
[2026-06-16T09:52:27.609+0000] {processor.py:186} INFO - Started process (PID=368) to work on /opt/airflow/dags/crypto_pipeline_dag.py
[2026-06-16T09:52:27.610+0000] {processor.py:914} INFO - Processing file /opt/airflow/dags/crypto_pipeline_dag.py for tasks to queue
[2026-06-16T09:52:27.612+0000] {logging_mixin.py:190} INFO - [2026-06-16T09:52:27.612+0000] {dagbag.py:588} INFO - Filling up the DagBag from /opt/airflow/dags/crypto_pipeline_dag.py
[2026-06-16T09:52:27.625+0000] {processor.py:925} INFO - DAG(s) 'crypto_pipeline_dag' retrieved from /opt/airflow/dags/crypto_pipeline_dag.py
[2026-06-16T09:52:27.645+0000] {logging_mixin.py:190} INFO - [2026-06-16T09:52:27.645+0000] {dag.py:3239} INFO - Sync 1 DAGs
[2026-06-16T09:52:27.662+0000] {logging_mixin.py:190} INFO - [2026-06-16T09:52:27.662+0000] {dag.py:4180} INFO - Setting next_dagrun for crypto_pipeline_dag to 2026-06-16 00:00:00+00:00, run_after=2026-06-17 00:00:00+00:00
[2026-06-16T09:52:27.676+0000] {processor.py:208} INFO - Processing /opt/airflow/dags/crypto_pipeline_dag.py took 0.072 seconds
[2026-06-16T09:52:57.903+0000] {processor.py:186} INFO - Started process (PID=377) to work on /opt/airflow/dags/crypto_pipeline_dag.py
[2026-06-16T09:52:57.903+0000] {processor.py:914} INFO - Processing file /opt/airflow/dags/crypto_pipeline_dag.py for tasks to queue
[2026-06-16T09:52:57.905+0000] {logging_mixin.py:190} INFO - [2026-06-16T09:52:57.905+0000] {dagbag.py:588} INFO - Filling up the DagBag from /opt/airflow/dags/crypto_pipeline_dag.py
[2026-06-16T09:52:57.919+0000] {processor.py:925} INFO - DAG(s) 'crypto_pipeline_dag' retrieved from /opt/airflow/dags/crypto_pipeline_dag.py
[2026-06-16T09:52:57.939+0000] {logging_mixin.py:190} INFO - [2026-06-16T09:52:57.939+0000] {dag.py:3239} INFO - Sync 1 DAGs
[2026-06-16T09:52:57.958+0000] {logging_mixin.py:190} INFO - [2026-06-16T09:52:57.958+0000] {dag.py:4180} INFO - Setting next_dagrun for crypto_pipeline_dag to 2026-06-16 00:00:00+00:00, run_after=2026-06-17 00:00:00+00:00
[2026-06-16T09:52:57.970+0000] {processor.py:208} INFO - Processing /opt/airflow/dags/crypto_pipeline_dag.py took 0.072 seconds
[2026-06-16T09:53:28.162+0000] {processor.py:186} INFO - Started process (PID=382) to work on /opt/airflow/dags/crypto_pipeline_dag.py
[2026-06-16T09:53:28.163+0000] {processor.py:914} INFO - Processing file /opt/airflow/dags/crypto_pipeline_dag.py for tasks to queue
[2026-06-16T09:53:28.165+0000] {logging_mixin.py:190} INFO - [2026-06-16T09:53:28.165+0000] {dagbag.py:588} INFO - Filling up the DagBag from /opt/airflow/dags/crypto_pipeline_dag.py
[2026-06-16T09:53:28.177+0000] {processor.py:925} INFO - DAG(s) 'crypto_pipeline_dag' retrieved from /opt/airflow/dags/crypto_pipeline_dag.py
[2026-06-16T09:53:28.200+0000] {logging_mixin.py:190} INFO - [2026-06-16T09:53:28.200+0000] {dag.py:3239} INFO - Sync 1 DAGs
[2026-06-16T09:53:28.216+0000] {logging_mixin.py:190} INFO - [2026-06-16T09:53:28.216+0000] {dag.py:4180} INFO - Setting next_dagrun for crypto_pipeline_dag to 2026-06-16 00:00:00+00:00, run_after=2026-06-17 00:00:00+00:00
[2026-06-16T09:53:28.230+0000] {processor.py:208} INFO - Processing /opt/airflow/dags/crypto_pipeline_dag.py took 0.072 seconds
[2026-06-16T09:53:58.531+0000] {processor.py:186} INFO - Started process (PID=387) to work on /opt/airflow/dags/crypto_pipeline_dag.py
[2026-06-16T09:53:58.532+0000] {processor.py:914} INFO - Processing file /opt/airflow/dags/crypto_pipeline_dag.py for tasks to queue
[2026-06-16T09:53:58.534+0000] {logging_mixin.py:190} INFO - [2026-06-16T09:53:58.534+0000] {dagbag.py:588} INFO - Filling up the DagBag from /opt/airflow/dags/crypto_pipeline_dag.py
[2026-06-16T09:53:58.547+0000] {processor.py:925} INFO - DAG(s) 'crypto_pipeline_dag' retrieved from /opt/airflow/dags/crypto_pipeline_dag.py
[2026-06-16T09:53:58.567+0000] {logging_mixin.py:190} INFO - [2026-06-16T09:53:58.567+0000] {dag.py:3239} INFO - Sync 1 DAGs
[2026-06-16T09:53:58.584+0000] {logging_mixin.py:190} INFO - [2026-06-16T09:53:58.584+0000] {dag.py:4180} INFO - Setting next_dagrun for crypto_pipeline_dag to 2026-06-16 00:00:00+00:00, run_after=2026-06-17 00:00:00+00:00
[2026-06-16T09:53:58.598+0000] {processor.py:208} INFO - Processing /opt/airflow/dags/crypto_pipeline_dag.py took 0.071 seconds
[2026-06-16T09:54:28.809+0000] {processor.py:186} INFO - Started process (PID=392) to work on /opt/airflow/dags/crypto_pipeline_dag.py
[2026-06-16T09:54:28.810+0000] {processor.py:914} INFO - Processing file /opt/airflow/dags/crypto_pipeline_dag.py for tasks to queue
[2026-06-16T09:54:28.811+0000] {logging_mixin.py:190} INFO - [2026-06-16T09:54:28.811+0000] {dagbag.py:588} INFO - Filling up the DagBag from /opt/airflow/dags/crypto_pipeline_dag.py
[2026-06-16T09:54:28.830+0000] {processor.py:925} INFO - DAG(s) 'crypto_pipeline_dag' retrieved from /opt/airflow/dags/crypto_pipeline_dag.py
[2026-06-16T09:54:28.854+0000] {logging_mixin.py:190} INFO - [2026-06-16T09:54:28.854+0000] {dag.py:3239} INFO - Sync 1 DAGs
[2026-06-16T09:54:28.871+0000] {logging_mixin.py:190} INFO - [2026-06-16T09:54:28.871+0000] {dag.py:4180} INFO - Setting next_dagrun for crypto_pipeline_dag to 2026-06-16 00:00:00+00:00, run_after=2026-06-17 00:00:00+00:00
[2026-06-16T09:54:28.886+0000] {processor.py:208} INFO - Processing /opt/airflow/dags/crypto_pipeline_dag.py took 0.082 seconds
[2026-06-16T09:54:59.132+0000] {processor.py:186} INFO - Started process (PID=405) to work on /opt/airflow/dags/crypto_pipeline_dag.py
[2026-06-16T09:54:59.133+0000] {processor.py:914} INFO - Processing file /opt/airflow/dags/crypto_pipeline_dag.py for tasks to queue
[2026-06-16T09:54:59.136+0000] {logging_mixin.py:190} INFO - [2026-06-16T09:54:59.135+0000] {dagbag.py:588} INFO - Filling up the DagBag from /opt/airflow/dags/crypto_pipeline_dag.py
[2026-06-16T09:54:59.148+0000] {processor.py:925} INFO - DAG(s) 'crypto_pipeline_dag' retrieved from /opt/airflow/dags/crypto_pipeline_dag.py
[2026-06-16T09:54:59.169+0000] {logging_mixin.py:190} INFO - [2026-06-16T09:54:59.169+0000] {dag.py:3239} INFO - Sync 1 DAGs
[2026-06-16T09:54:59.187+0000] {logging_mixin.py:190} INFO - [2026-06-16T09:54:59.187+0000] {dag.py:4180} INFO - Setting next_dagrun for crypto_pipeline_dag to 2026-06-16 00:00:00+00:00, run_after=2026-06-17 00:00:00+00:00
[2026-06-16T09:54:59.201+0000] {processor.py:208} INFO - Processing /opt/airflow/dags/crypto_pipeline_dag.py took 0.073 seconds
[2026-06-16T09:55:29.434+0000] {processor.py:186} INFO - Started process (PID=450) to work on /opt/airflow/dags/crypto_pipeline_dag.py
[2026-06-16T09:55:29.435+0000] {processor.py:914} INFO - Processing file /opt/airflow/dags/crypto_pipeline_dag.py for tasks to queue
[2026-06-16T09:55:29.437+0000] {logging_mixin.py:190} INFO - [2026-06-16T09:55:29.437+0000] {dagbag.py:588} INFO - Filling up the DagBag from /opt/airflow/dags/crypto_pipeline_dag.py
[2026-06-16T09:55:29.452+0000] {processor.py:925} INFO - DAG(s) 'crypto_pipeline_dag' retrieved from /opt/airflow/dags/crypto_pipeline_dag.py
[2026-06-16T09:55:29.477+0000] {logging_mixin.py:190} INFO - [2026-06-16T09:55:29.477+0000] {dag.py:3239} INFO - Sync 1 DAGs
[2026-06-16T09:55:29.496+0000] {logging_mixin.py:190} INFO - [2026-06-16T09:55:29.496+0000] {dag.py:4180} INFO - Setting next_dagrun for crypto_pipeline_dag to 2026-06-16 00:00:00+00:00, run_after=2026-06-17 00:00:00+00:00
[2026-06-16T09:55:29.511+0000] {processor.py:208} INFO - Processing /opt/airflow/dags/crypto_pipeline_dag.py took 0.082 seconds
[2026-06-16T09:55:59.708+0000] {processor.py:186} INFO - Started process (PID=455) to work on /opt/airflow/dags/crypto_pipeline_dag.py
[2026-06-16T09:55:59.709+0000] {processor.py:914} INFO - Processing file /opt/airflow/dags/crypto_pipeline_dag.py for tasks to queue
[2026-06-16T09:55:59.710+0000] {logging_mixin.py:190} INFO - [2026-06-16T09:55:59.710+0000] {dagbag.py:588} INFO - Filling up the DagBag from /opt/airflow/dags/crypto_pipeline_dag.py
[2026-06-16T09:55:59.722+0000] {processor.py:925} INFO - DAG(s) 'crypto_pipeline_dag' retrieved from /opt/airflow/dags/crypto_pipeline_dag.py
[2026-06-16T09:55:59.740+0000] {logging_mixin.py:190} INFO - [2026-06-16T09:55:59.740+0000] {dag.py:3239} INFO - Sync 1 DAGs
[2026-06-16T09:55:59.756+0000] {logging_mixin.py:190} INFO - [2026-06-16T09:55:59.756+0000] {dag.py:4180} INFO - Setting next_dagrun for crypto_pipeline_dag to 2026-06-16 00:00:00+00:00, run_after=2026-06-17 00:00:00+00:00
[2026-06-16T09:55:59.770+0000] {processor.py:208} INFO - Processing /opt/airflow/dags/crypto_pipeline_dag.py took 0.066 seconds
[2026-06-16T09:56:30.025+0000] {processor.py:186} INFO - Started process (PID=460) to work on /opt/airflow/dags/crypto_pipeline_dag.py
[2026-06-16T09:56:30.026+0000] {processor.py:914} INFO - Processing file /opt/airflow/dags/crypto_pipeline_dag.py for tasks to queue
[2026-06-16T09:56:30.028+0000] {logging_mixin.py:190} INFO - [2026-06-16T09:56:30.027+0000] {dagbag.py:588} INFO - Filling up the DagBag from /opt/airflow/dags/crypto_pipeline_dag.py
[2026-06-16T09:56:30.039+0000] {processor.py:925} INFO - DAG(s) 'crypto_pipeline_dag' retrieved from /opt/airflow/dags/crypto_pipeline_dag.py
[2026-06-16T09:56:30.058+0000] {logging_mixin.py:190} INFO - [2026-06-16T09:56:30.058+0000] {dag.py:3239} INFO - Sync 1 DAGs
[2026-06-16T09:56:30.074+0000] {logging_mixin.py:190} INFO - [2026-06-16T09:56:30.073+0000] {dag.py:4180} INFO - Setting next_dagrun for crypto_pipeline_dag to 2026-06-16 00:00:00+00:00, run_after=2026-06-17 00:00:00+00:00
[2026-06-16T09:56:30.088+0000] {processor.py:208} INFO - Processing /opt/airflow/dags/crypto_pipeline_dag.py took 0.066 seconds
[2026-06-16T09:57:00.335+0000] {processor.py:186} INFO - Started process (PID=465) to work on /opt/airflow/dags/crypto_pipeline_dag.py
[2026-06-16T09:57:00.335+0000] {processor.py:914} INFO - Processing file /opt/airflow/dags/crypto_pipeline_dag.py for tasks to queue
[2026-06-16T09:57:00.337+0000] {logging_mixin.py:190} INFO - [2026-06-16T09:57:00.337+0000] {dagbag.py:588} INFO - Filling up the DagBag from /opt/airflow/dags/crypto_pipeline_dag.py
[2026-06-16T09:57:00.351+0000] {processor.py:925} INFO - DAG(s) 'crypto_pipeline_dag' retrieved from /opt/airflow/dags/crypto_pipeline_dag.py
[2026-06-16T09:57:00.375+0000] {logging_mixin.py:190} INFO - [2026-06-16T09:57:00.375+0000] {dag.py:3239} INFO - Sync 1 DAGs
[2026-06-16T09:57:00.393+0000] {logging_mixin.py:190} INFO - [2026-06-16T09:57:00.393+0000] {dag.py:4180} INFO - Setting next_dagrun for crypto_pipeline_dag to 2026-06-16 00:00:00+00:00, run_after=2026-06-17 00:00:00+00:00
[2026-06-16T09:57:00.408+0000] {processor.py:208} INFO - Processing /opt/airflow/dags/crypto_pipeline_dag.py took 0.078 seconds
[2026-06-16T09:57:30.693+0000] {processor.py:186} INFO - Started process (PID=470) to work on /opt/airflow/dags/crypto_pipeline_dag.py
[2026-06-16T09:57:30.694+0000] {processor.py:914} INFO - Processing file /opt/airflow/dags/crypto_pipeline_dag.py for tasks to queue
[2026-06-16T09:57:30.695+0000] {logging_mixin.py:190} INFO - [2026-06-16T09:57:30.695+0000] {dagbag.py:588} INFO - Filling up the DagBag from /opt/airflow/dags/crypto_pipeline_dag.py
[2026-06-16T09:57:30.707+0000] {processor.py:925} INFO - DAG(s) 'crypto_pipeline_dag' retrieved from /opt/airflow/dags/crypto_pipeline_dag.py
[2026-06-16T09:57:30.728+0000] {logging_mixin.py:190} INFO - [2026-06-16T09:57:30.728+0000] {dag.py:3239} INFO - Sync 1 DAGs
[2026-06-16T09:57:30.745+0000] {logging_mixin.py:190} INFO - [2026-06-16T09:57:30.745+0000] {dag.py:4180} INFO - Setting next_dagrun for crypto_pipeline_dag to 2026-06-16 00:00:00+00:00, run_after=2026-06-17 00:00:00+00:00
[2026-06-16T09:57:30.758+0000] {processor.py:208} INFO - Processing /opt/airflow/dags/crypto_pipeline_dag.py took 0.069 seconds
[2026-06-16T09:58:00.997+0000] {processor.py:186} INFO - Started process (PID=479) to work on /opt/airflow/dags/crypto_pipeline_dag.py
[2026-06-16T09:58:00.997+0000] {processor.py:914} INFO - Processing file /opt/airflow/dags/crypto_pipeline_dag.py for tasks to queue
[2026-06-16T09:58:01.000+0000] {logging_mixin.py:190} INFO - [2026-06-16T09:58:00.999+0000] {dagbag.py:588} INFO - Filling up the DagBag from /opt/airflow/dags/crypto_pipeline_dag.py
[2026-06-16T09:58:01.017+0000] {processor.py:925} INFO - DAG(s) 'crypto_pipeline_dag' retrieved from /opt/airflow/dags/crypto_pipeline_dag.py
[2026-06-16T09:58:01.038+0000] {logging_mixin.py:190} INFO - [2026-06-16T09:58:01.037+0000] {dag.py:3239} INFO - Sync 1 DAGs
[2026-06-16T09:58:01.056+0000] {logging_mixin.py:190} INFO - [2026-06-16T09:58:01.056+0000] {dag.py:4180} INFO - Setting next_dagrun for crypto_pipeline_dag to 2026-06-16 00:00:00+00:00, run_after=2026-06-17 00:00:00+00:00
[2026-06-16T09:58:01.070+0000] {processor.py:208} INFO - Processing /opt/airflow/dags/crypto_pipeline_dag.py took 0.078 seconds
[2026-06-16T09:58:31.224+0000] {processor.py:186} INFO - Started process (PID=484) to work on /opt/airflow/dags/crypto_pipeline_dag.py
[2026-06-16T09:58:31.224+0000] {processor.py:914} INFO - Processing file /opt/airflow/dags/crypto_pipeline_dag.py for tasks to queue
[2026-06-16T09:58:31.226+0000] {logging_mixin.py:190} INFO - [2026-06-16T09:58:31.226+0000] {dagbag.py:588} INFO - Filling up the DagBag from /opt/airflow/dags/crypto_pipeline_dag.py
[2026-06-16T09:58:31.239+0000] {processor.py:925} INFO - DAG(s) 'crypto_pipeline_dag' retrieved from /opt/airflow/dags/crypto_pipeline_dag.py
[2026-06-16T09:58:31.259+0000] {logging_mixin.py:190} INFO - [2026-06-16T09:58:31.259+0000] {dag.py:3239} INFO - Sync 1 DAGs
[2026-06-16T09:58:31.276+0000] {logging_mixin.py:190} INFO - [2026-06-16T09:58:31.276+0000] {dag.py:4180} INFO - Setting next_dagrun for crypto_pipeline_dag to 2026-06-16 00:00:00+00:00, run_after=2026-06-17 00:00:00+00:00
[2026-06-16T09:58:31.291+0000] {processor.py:208} INFO - Processing /opt/airflow/dags/crypto_pipeline_dag.py took 0.071 seconds
[2026-06-16T09:59:01.555+0000] {processor.py:186} INFO - Started process (PID=489) to work on /opt/airflow/dags/crypto_pipeline_dag.py
[2026-06-16T09:59:01.556+0000] {processor.py:914} INFO - Processing file /opt/airflow/dags/crypto_pipeline_dag.py for tasks to queue
[2026-06-16T09:59:01.558+0000] {logging_mixin.py:190} INFO - [2026-06-16T09:59:01.558+0000] {dagbag.py:588} INFO - Filling up the DagBag from /opt/airflow/dags/crypto_pipeline_dag.py
[2026-06-16T09:59:01.572+0000] {processor.py:925} INFO - DAG(s) 'crypto_pipeline_dag' retrieved from /opt/airflow/dags/crypto_pipeline_dag.py
[2026-06-16T09:59:01.595+0000] {logging_mixin.py:190} INFO - [2026-06-16T09:59:01.595+0000] {dag.py:3239} INFO - Sync 1 DAGs
[2026-06-16T09:59:01.613+0000] {logging_mixin.py:190} INFO - [2026-06-16T09:59:01.613+0000] {dag.py:4180} INFO - Setting next_dagrun for crypto_pipeline_dag to 2026-06-16 00:00:00+00:00, run_after=2026-06-17 00:00:00+00:00
[2026-06-16T09:59:01.628+0000] {processor.py:208} INFO - Processing /opt/airflow/dags/crypto_pipeline_dag.py took 0.078 seconds
[2026-06-16T09:59:31.832+0000] {processor.py:186} INFO - Started process (PID=494) to work on /opt/airflow/dags/crypto_pipeline_dag.py
[2026-06-16T09:59:31.833+0000] {processor.py:914} INFO - Processing file /opt/airflow/dags/crypto_pipeline_dag.py for tasks to queue
[2026-06-16T09:59:31.834+0000] {logging_mixin.py:190} INFO - [2026-06-16T09:59:31.834+0000] {dagbag.py:588} INFO - Filling up the DagBag from /opt/airflow/dags/crypto_pipeline_dag.py
[2026-06-16T09:59:31.847+0000] {processor.py:925} INFO - DAG(s) 'crypto_pipeline_dag' retrieved from /opt/airflow/dags/crypto_pipeline_dag.py
[2026-06-16T09:59:31.870+0000] {logging_mixin.py:190} INFO - [2026-06-16T09:59:31.870+0000] {dag.py:3239} INFO - Sync 1 DAGs
[2026-06-16T09:59:31.887+0000] {logging_mixin.py:190} INFO - [2026-06-16T09:59:31.887+0000] {dag.py:4180} INFO - Setting next_dagrun for crypto_pipeline_dag to 2026-06-16 00:00:00+00:00, run_after=2026-06-17 00:00:00+00:00
[2026-06-16T09:59:31.901+0000] {processor.py:208} INFO - Processing /opt/airflow/dags/crypto_pipeline_dag.py took 0.074 seconds
[2026-06-16T10:00:02.160+0000] {processor.py:186} INFO - Started process (PID=507) to work on /opt/airflow/dags/crypto_pipeline_dag.py
[2026-06-16T10:00:02.160+0000] {processor.py:914} INFO - Processing file /opt/airflow/dags/crypto_pipeline_dag.py for tasks to queue
[2026-06-16T10:00:02.162+0000] {logging_mixin.py:190} INFO - [2026-06-16T10:00:02.162+0000] {dagbag.py:588} INFO - Filling up the DagBag from /opt/airflow/dags/crypto_pipeline_dag.py
[2026-06-16T10:00:02.173+0000] {processor.py:925} INFO - DAG(s) 'crypto_pipeline_dag' retrieved from /opt/airflow/dags/crypto_pipeline_dag.py
[2026-06-16T10:00:02.192+0000] {logging_mixin.py:190} INFO - [2026-06-16T10:00:02.192+0000] {dag.py:3239} INFO - Sync 1 DAGs
[2026-06-16T10:00:02.209+0000] {logging_mixin.py:190} INFO - [2026-06-16T10:00:02.208+0000] {dag.py:4180} INFO - Setting next_dagrun for crypto_pipeline_dag to 2026-06-16 00:00:00+00:00, run_after=2026-06-17 00:00:00+00:00
[2026-06-16T10:00:02.223+0000] {processor.py:208} INFO - Processing /opt/airflow/dags/crypto_pipeline_dag.py took 0.067 seconds
[2026-06-16T10:00:32.402+0000] {processor.py:186} INFO - Started process (PID=552) to work on /opt/airflow/dags/crypto_pipeline_dag.py
[2026-06-16T10:00:32.404+0000] {processor.py:914} INFO - Processing file /opt/airflow/dags/crypto_pipeline_dag.py for tasks to queue
[2026-06-16T10:00:32.405+0000] {logging_mixin.py:190} INFO - [2026-06-16T10:00:32.405+0000] {dagbag.py:588} INFO - Filling up the DagBag from /opt/airflow/dags/crypto_pipeline_dag.py
[2026-06-16T10:00:32.418+0000] {processor.py:925} INFO - DAG(s) 'crypto_pipeline_dag' retrieved from /opt/airflow/dags/crypto_pipeline_dag.py
[2026-06-16T10:00:32.435+0000] {logging_mixin.py:190} INFO - [2026-06-16T10:00:32.435+0000] {dag.py:3239} INFO - Sync 1 DAGs
[2026-06-16T10:00:32.452+0000] {logging_mixin.py:190} INFO - [2026-06-16T10:00:32.451+0000] {dag.py:4180} INFO - Setting next_dagrun for crypto_pipeline_dag to 2026-06-16 00:00:00+00:00, run_after=2026-06-17 00:00:00+00:00
[2026-06-16T10:00:32.467+0000] {processor.py:208} INFO - Processing /opt/airflow/dags/crypto_pipeline_dag.py took 0.068 seconds
[2026-06-16T10:01:02.710+0000] {processor.py:186} INFO - Started process (PID=557) to work on /opt/airflow/dags/crypto_pipeline_dag.py
[2026-06-16T10:01:02.711+0000] {processor.py:914} INFO - Processing file /opt/airflow/dags/crypto_pipeline_dag.py for tasks to queue
[2026-06-16T10:01:02.712+0000] {logging_mixin.py:190} INFO - [2026-06-16T10:01:02.712+0000] {dagbag.py:588} INFO - Filling up the DagBag from /opt/airflow/dags/crypto_pipeline_dag.py
[2026-06-16T10:01:02.725+0000] {processor.py:925} INFO - DAG(s) 'crypto_pipeline_dag' retrieved from /opt/airflow/dags/crypto_pipeline_dag.py
[2026-06-16T10:01:02.746+0000] {logging_mixin.py:190} INFO - [2026-06-16T10:01:02.745+0000] {dag.py:3239} INFO - Sync 1 DAGs
[2026-06-16T10:01:02.763+0000] {logging_mixin.py:190} INFO - [2026-06-16T10:01:02.763+0000] {dag.py:4180} INFO - Setting next_dagrun for crypto_pipeline_dag to 2026-06-16 00:00:00+00:00, run_after=2026-06-17 00:00:00+00:00
[2026-06-16T10:01:02.778+0000] {processor.py:208} INFO - Processing /opt/airflow/dags/crypto_pipeline_dag.py took 0.071 seconds
[2026-06-16T10:01:33.011+0000] {processor.py:186} INFO - Started process (PID=562) to work on /opt/airflow/dags/crypto_pipeline_dag.py
[2026-06-16T10:01:33.012+0000] {processor.py:914} INFO - Processing file /opt/airflow/dags/crypto_pipeline_dag.py for tasks to queue
[2026-06-16T10:01:33.014+0000] {logging_mixin.py:190} INFO - [2026-06-16T10:01:33.014+0000] {dagbag.py:588} INFO - Filling up the DagBag from /opt/airflow/dags/crypto_pipeline_dag.py
[2026-06-16T10:01:33.027+0000] {processor.py:925} INFO - DAG(s) 'crypto_pipeline_dag' retrieved from /opt/airflow/dags/crypto_pipeline_dag.py
[2026-06-16T10:01:33.046+0000] {logging_mixin.py:190} INFO - [2026-06-16T10:01:33.046+0000] {dag.py:3239} INFO - Sync 1 DAGs
[2026-06-16T10:01:33.063+0000] {logging_mixin.py:190} INFO - [2026-06-16T10:01:33.063+0000] {dag.py:4180} INFO - Setting next_dagrun for crypto_pipeline_dag to 2026-06-16 00:00:00+00:00, run_after=2026-06-17 00:00:00+00:00
[2026-06-16T10:01:33.077+0000] {processor.py:208} INFO - Processing /opt/airflow/dags/crypto_pipeline_dag.py took 0.069 seconds
[2026-06-16T10:02:03.294+0000] {processor.py:186} INFO - Started process (PID=567) to work on /opt/airflow/dags/crypto_pipeline_dag.py
[2026-06-16T10:02:03.294+0000] {processor.py:914} INFO - Processing file /opt/airflow/dags/crypto_pipeline_dag.py for tasks to queue
[2026-06-16T10:02:03.296+0000] {logging_mixin.py:190} INFO - [2026-06-16T10:02:03.296+0000] {dagbag.py:588} INFO - Filling up the DagBag from /opt/airflow/dags/crypto_pipeline_dag.py
[2026-06-16T10:02:03.309+0000] {processor.py:925} INFO - DAG(s) 'crypto_pipeline_dag' retrieved from /opt/airflow/dags/crypto_pipeline_dag.py
[2026-06-16T10:02:03.329+0000] {logging_mixin.py:190} INFO - [2026-06-16T10:02:03.329+0000] {dag.py:3239} INFO - Sync 1 DAGs
[2026-06-16T10:02:03.346+0000] {logging_mixin.py:190} INFO - [2026-06-16T10:02:03.346+0000] {dag.py:4180} INFO - Setting next_dagrun for crypto_pipeline_dag to 2026-06-16 00:00:00+00:00, run_after=2026-06-17 00:00:00+00:00
[2026-06-16T10:02:03.359+0000] {processor.py:208} INFO - Processing /opt/airflow/dags/crypto_pipeline_dag.py took 0.070 seconds
[2026-06-16T10:02:33.601+0000] {processor.py:186} INFO - Started process (PID=572) to work on /opt/airflow/dags/crypto_pipeline_dag.py
[2026-06-16T10:02:33.602+0000] {processor.py:914} INFO - Processing file /opt/airflow/dags/crypto_pipeline_dag.py for tasks to queue
[2026-06-16T10:02:33.605+0000] {logging_mixin.py:190} INFO - [2026-06-16T10:02:33.604+0000] {dagbag.py:588} INFO - Filling up the DagBag from /opt/airflow/dags/crypto_pipeline_dag.py
[2026-06-16T10:02:33.621+0000] {processor.py:925} INFO - DAG(s) 'crypto_pipeline_dag' retrieved from /opt/airflow/dags/crypto_pipeline_dag.py
[2026-06-16T10:02:33.645+0000] {logging_mixin.py:190} INFO - [2026-06-16T10:02:33.645+0000] {dag.py:3239} INFO - Sync 1 DAGs
[2026-06-16T10:02:33.667+0000] {logging_mixin.py:190} INFO - [2026-06-16T10:02:33.667+0000] {dag.py:4180} INFO - Setting next_dagrun for crypto_pipeline_dag to 2026-06-16 00:00:00+00:00, run_after=2026-06-17 00:00:00+00:00
[2026-06-16T10:02:33.689+0000] {processor.py:208} INFO - Processing /opt/airflow/dags/crypto_pipeline_dag.py took 0.093 seconds
[2026-06-16T10:03:03.892+0000] {processor.py:186} INFO - Started process (PID=581) to work on /opt/airflow/dags/crypto_pipeline_dag.py
[2026-06-16T10:03:03.893+0000] {processor.py:914} INFO - Processing file /opt/airflow/dags/crypto_pipeline_dag.py for tasks to queue
[2026-06-16T10:03:03.895+0000] {logging_mixin.py:190} INFO - [2026-06-16T10:03:03.895+0000] {dagbag.py:588} INFO - Filling up the DagBag from /opt/airflow/dags/crypto_pipeline_dag.py
[2026-06-16T10:03:03.908+0000] {processor.py:925} INFO - DAG(s) 'crypto_pipeline_dag' retrieved from /opt/airflow/dags/crypto_pipeline_dag.py
[2026-06-16T10:03:03.929+0000] {logging_mixin.py:190} INFO - [2026-06-16T10:03:03.929+0000] {dag.py:3239} INFO - Sync 1 DAGs
[2026-06-16T10:03:03.947+0000] {logging_mixin.py:190} INFO - [2026-06-16T10:03:03.946+0000] {dag.py:4180} INFO - Setting next_dagrun for crypto_pipeline_dag to 2026-06-16 00:00:00+00:00, run_after=2026-06-17 00:00:00+00:00
[2026-06-16T10:03:03.962+0000] {processor.py:208} INFO - Processing /opt/airflow/dags/crypto_pipeline_dag.py took 0.074 seconds
[2026-06-16T10:03:34.269+0000] {processor.py:186} INFO - Started process (PID=586) to work on /opt/airflow/dags/crypto_pipeline_dag.py
[2026-06-16T10:03:34.270+0000] {processor.py:914} INFO - Processing file /opt/airflow/dags/crypto_pipeline_dag.py for tasks to queue
[2026-06-16T10:03:34.273+0000] {logging_mixin.py:190} INFO - [2026-06-16T10:03:34.272+0000] {dagbag.py:588} INFO - Filling up the DagBag from /opt/airflow/dags/crypto_pipeline_dag.py
[2026-06-16T10:03:34.298+0000] {processor.py:925} INFO - DAG(s) 'crypto_pipeline_dag' retrieved from /opt/airflow/dags/crypto_pipeline_dag.py
[2026-06-16T10:03:34.326+0000] {logging_mixin.py:190} INFO - [2026-06-16T10:03:34.326+0000] {dag.py:3239} INFO - Sync 1 DAGs
[2026-06-16T10:03:34.346+0000] {logging_mixin.py:190} INFO - [2026-06-16T10:03:34.346+0000] {dag.py:4180} INFO - Setting next_dagrun for crypto_pipeline_dag to 2026-06-16 00:00:00+00:00, run_after=2026-06-17 00:00:00+00:00
[2026-06-16T10:03:34.362+0000] {processor.py:208} INFO - Processing /opt/airflow/dags/crypto_pipeline_dag.py took 0.099 seconds
[2026-06-16T10:04:04.542+0000] {processor.py:186} INFO - Started process (PID=591) to work on /opt/airflow/dags/crypto_pipeline_dag.py
[2026-06-16T10:04:04.542+0000] {processor.py:914} INFO - Processing file /opt/airflow/dags/crypto_pipeline_dag.py for tasks to queue
[2026-06-16T10:04:04.544+0000] {logging_mixin.py:190} INFO - [2026-06-16T10:04:04.544+0000] {dagbag.py:588} INFO - Filling up the DagBag from /opt/airflow/dags/crypto_pipeline_dag.py
[2026-06-16T10:04:04.556+0000] {processor.py:925} INFO - DAG(s) 'crypto_pipeline_dag' retrieved from /opt/airflow/dags/crypto_pipeline_dag.py
[2026-06-16T10:04:04.577+0000] {logging_mixin.py:190} INFO - [2026-06-16T10:04:04.577+0000] {dag.py:3239} INFO - Sync 1 DAGs
[2026-06-16T10:04:04.594+0000] {logging_mixin.py:190} INFO - [2026-06-16T10:04:04.594+0000] {dag.py:4180} INFO - Setting next_dagrun for crypto_pipeline_dag to 2026-06-16 00:00:00+00:00, run_after=2026-06-17 00:00:00+00:00
[2026-06-16T10:04:04.607+0000] {processor.py:208} INFO - Processing /opt/airflow/dags/crypto_pipeline_dag.py took 0.070 seconds
[2026-06-16T10:04:34.886+0000] {processor.py:186} INFO - Started process (PID=596) to work on /opt/airflow/dags/crypto_pipeline_dag.py
[2026-06-16T10:04:34.886+0000] {processor.py:914} INFO - Processing file /opt/airflow/dags/crypto_pipeline_dag.py for tasks to queue
[2026-06-16T10:04:34.888+0000] {logging_mixin.py:190} INFO - [2026-06-16T10:04:34.888+0000] {dagbag.py:588} INFO - Filling up the DagBag from /opt/airflow/dags/crypto_pipeline_dag.py
[2026-06-16T10:04:34.902+0000] {processor.py:925} INFO - DAG(s) 'crypto_pipeline_dag' retrieved from /opt/airflow/dags/crypto_pipeline_dag.py
[2026-06-16T10:04:34.922+0000] {logging_mixin.py:190} INFO - [2026-06-16T10:04:34.922+0000] {dag.py:3239} INFO - Sync 1 DAGs
[2026-06-16T10:04:34.939+0000] {logging_mixin.py:190} INFO - [2026-06-16T10:04:34.939+0000] {dag.py:4180} INFO - Setting next_dagrun for crypto_pipeline_dag to 2026-06-16 00:00:00+00:00, run_after=2026-06-17 00:00:00+00:00
[2026-06-16T10:04:34.954+0000] {processor.py:208} INFO - Processing /opt/airflow/dags/crypto_pipeline_dag.py took 0.072 seconds
[2026-06-16T10:05:05.143+0000] {processor.py:186} INFO - Started process (PID=609) to work on /opt/airflow/dags/crypto_pipeline_dag.py
[2026-06-16T10:05:05.144+0000] {processor.py:914} INFO - Processing file /opt/airflow/dags/crypto_pipeline_dag.py for tasks to queue
[2026-06-16T10:05:05.146+0000] {logging_mixin.py:190} INFO - [2026-06-16T10:05:05.145+0000] {dagbag.py:588} INFO - Filling up the DagBag from /opt/airflow/dags/crypto_pipeline_dag.py
[2026-06-16T10:05:05.158+0000] {processor.py:925} INFO - DAG(s) 'crypto_pipeline_dag' retrieved from /opt/airflow/dags/crypto_pipeline_dag.py
[2026-06-16T10:05:05.179+0000] {logging_mixin.py:190} INFO - [2026-06-16T10:05:05.179+0000] {dag.py:3239} INFO - Sync 1 DAGs
[2026-06-16T10:05:05.197+0000] {logging_mixin.py:190} INFO - [2026-06-16T10:05:05.197+0000] {dag.py:4180} INFO - Setting next_dagrun for crypto_pipeline_dag to 2026-06-16 00:00:00+00:00, run_after=2026-06-17 00:00:00+00:00
[2026-06-16T10:05:05.211+0000] {processor.py:208} INFO - Processing /opt/airflow/dags/crypto_pipeline_dag.py took 0.072 seconds
[2026-06-16T10:05:35.407+0000] {processor.py:186} INFO - Started process (PID=654) to work on /opt/airflow/dags/crypto_pipeline_dag.py
[2026-06-16T10:05:35.407+0000] {processor.py:914} INFO - Processing file /opt/airflow/dags/crypto_pipeline_dag.py for tasks to queue
[2026-06-16T10:05:35.409+0000] {logging_mixin.py:190} INFO - [2026-06-16T10:05:35.409+0000] {dagbag.py:588} INFO - Filling up the DagBag from /opt/airflow/dags/crypto_pipeline_dag.py
[2026-06-16T10:05:35.421+0000] {processor.py:925} INFO - DAG(s) 'crypto_pipeline_dag' retrieved from /opt/airflow/dags/crypto_pipeline_dag.py
[2026-06-16T10:05:35.440+0000] {logging_mixin.py:190} INFO - [2026-06-16T10:05:35.440+0000] {dag.py:3239} INFO - Sync 1 DAGs
[2026-06-16T10:05:35.455+0000] {logging_mixin.py:190} INFO - [2026-06-16T10:05:35.455+0000] {dag.py:4180} INFO - Setting next_dagrun for crypto_pipeline_dag to 2026-06-16 00:00:00+00:00, run_after=2026-06-17 00:00:00+00:00
[2026-06-16T10:05:35.467+0000] {processor.py:208} INFO - Processing /opt/airflow/dags/crypto_pipeline_dag.py took 0.064 seconds
[2026-06-16T10:06:05.664+0000] {processor.py:186} INFO - Started process (PID=659) to work on /opt/airflow/dags/crypto_pipeline_dag.py
[2026-06-16T10:06:05.665+0000] {processor.py:914} INFO - Processing file /opt/airflow/dags/crypto_pipeline_dag.py for tasks to queue
[2026-06-16T10:06:05.667+0000] {logging_mixin.py:190} INFO - [2026-06-16T10:06:05.667+0000] {dagbag.py:588} INFO - Filling up the DagBag from /opt/airflow/dags/crypto_pipeline_dag.py
[2026-06-16T10:06:05.680+0000] {processor.py:925} INFO - DAG(s) 'crypto_pipeline_dag' retrieved from /opt/airflow/dags/crypto_pipeline_dag.py
[2026-06-16T10:06:05.700+0000] {logging_mixin.py:190} INFO - [2026-06-16T10:06:05.700+0000] {dag.py:3239} INFO - Sync 1 DAGs
[2026-06-16T10:06:05.717+0000] {logging_mixin.py:190} INFO - [2026-06-16T10:06:05.717+0000] {dag.py:4180} INFO - Setting next_dagrun for crypto_pipeline_dag to 2026-06-16 00:00:00+00:00, run_after=2026-06-17 00:00:00+00:00
[2026-06-16T10:06:05.731+0000] {processor.py:208} INFO - Processing /opt/airflow/dags/crypto_pipeline_dag.py took 0.071 seconds
[2026-06-16T10:06:35.958+0000] {processor.py:186} INFO - Started process (PID=664) to work on /opt/airflow/dags/crypto_pipeline_dag.py
[2026-06-16T10:06:35.958+0000] {processor.py:914} INFO - Processing file /opt/airflow/dags/crypto_pipeline_dag.py for tasks to queue
[2026-06-16T10:06:35.960+0000] {logging_mixin.py:190} INFO - [2026-06-16T10:06:35.960+0000] {dagbag.py:588} INFO - Filling up the DagBag from /opt/airflow/dags/crypto_pipeline_dag.py
[2026-06-16T10:06:35.972+0000] {processor.py:925} INFO - DAG(s) 'crypto_pipeline_dag' retrieved from /opt/airflow/dags/crypto_pipeline_dag.py
[2026-06-16T10:06:35.992+0000] {logging_mixin.py:190} INFO - [2026-06-16T10:06:35.992+0000] {dag.py:3239} INFO - Sync 1 DAGs
[2026-06-16T10:06:36.009+0000] {logging_mixin.py:190} INFO - [2026-06-16T10:06:36.009+0000] {dag.py:4180} INFO - Setting next_dagrun for crypto_pipeline_dag to 2026-06-16 00:00:00+00:00, run_after=2026-06-17 00:00:00+00:00
[2026-06-16T10:06:36.024+0000] {processor.py:208} INFO - Processing /opt/airflow/dags/crypto_pipeline_dag.py took 0.071 seconds
[2026-06-16T10:07:06.275+0000] {processor.py:186} INFO - Started process (PID=669) to work on /opt/airflow/dags/crypto_pipeline_dag.py
[2026-06-16T10:07:06.275+0000] {processor.py:914} INFO - Processing file /opt/airflow/dags/crypto_pipeline_dag.py for tasks to queue
[2026-06-16T10:07:06.277+0000] {logging_mixin.py:190} INFO - [2026-06-16T10:07:06.277+0000] {dagbag.py:588} INFO - Filling up the DagBag from /opt/airflow/dags/crypto_pipeline_dag.py
[2026-06-16T10:07:06.290+0000] {processor.py:925} INFO - DAG(s) 'crypto_pipeline_dag' retrieved from /opt/airflow/dags/crypto_pipeline_dag.py
[2026-06-16T10:07:06.310+0000] {logging_mixin.py:190} INFO - [2026-06-16T10:07:06.310+0000] {dag.py:3239} INFO - Sync 1 DAGs
[2026-06-16T10:07:06.327+0000] {logging_mixin.py:190} INFO - [2026-06-16T10:07:06.327+0000] {dag.py:4180} INFO - Setting next_dagrun for crypto_pipeline_dag to 2026-06-16 00:00:00+00:00, run_after=2026-06-17 00:00:00+00:00
[2026-06-16T10:07:06.340+0000] {processor.py:208} INFO - Processing /opt/airflow/dags/crypto_pipeline_dag.py took 0.069 seconds
[2026-06-16T10:07:36.585+0000] {processor.py:186} INFO - Started process (PID=674) to work on /opt/airflow/dags/crypto_pipeline_dag.py
[2026-06-16T10:07:36.586+0000] {processor.py:914} INFO - Processing file /opt/airflow/dags/crypto_pipeline_dag.py for tasks to queue
[2026-06-16T10:07:36.588+0000] {logging_mixin.py:190} INFO - [2026-06-16T10:07:36.587+0000] {dagbag.py:588} INFO - Filling up the DagBag from /opt/airflow/dags/crypto_pipeline_dag.py
[2026-06-16T10:07:36.600+0000] {processor.py:925} INFO - DAG(s) 'crypto_pipeline_dag' retrieved from /opt/airflow/dags/crypto_pipeline_dag.py
[2026-06-16T10:07:36.620+0000] {logging_mixin.py:190} INFO - [2026-06-16T10:07:36.620+0000] {dag.py:3239} INFO - Sync 1 DAGs
[2026-06-16T10:07:36.637+0000] {logging_mixin.py:190} INFO - [2026-06-16T10:07:36.637+0000] {dag.py:4180} INFO - Setting next_dagrun for crypto_pipeline_dag to 2026-06-16 00:00:00+00:00, run_after=2026-06-17 00:00:00+00:00
[2026-06-16T10:07:36.652+0000] {processor.py:208} INFO - Processing /opt/airflow/dags/crypto_pipeline_dag.py took 0.071 seconds
[2026-06-16T10:08:06.976+0000] {processor.py:186} INFO - Started process (PID=683) to work on /opt/airflow/dags/crypto_pipeline_dag.py
[2026-06-16T10:08:06.977+0000] {processor.py:914} INFO - Processing file /opt/airflow/dags/crypto_pipeline_dag.py for tasks to queue
[2026-06-16T10:08:06.978+0000] {logging_mixin.py:190} INFO - [2026-06-16T10:08:06.978+0000] {dagbag.py:588} INFO - Filling up the DagBag from /opt/airflow/dags/crypto_pipeline_dag.py
[2026-06-16T10:08:06.991+0000] {processor.py:925} INFO - DAG(s) 'crypto_pipeline_dag' retrieved from /opt/airflow/dags/crypto_pipeline_dag.py
[2026-06-16T10:08:07.010+0000] {logging_mixin.py:190} INFO - [2026-06-16T10:08:07.010+0000] {dag.py:3239} INFO - Sync 1 DAGs
[2026-06-16T10:08:07.026+0000] {logging_mixin.py:190} INFO - [2026-06-16T10:08:07.026+0000] {dag.py:4180} INFO - Setting next_dagrun for crypto_pipeline_dag to 2026-06-16 00:00:00+00:00, run_after=2026-06-17 00:00:00+00:00
[2026-06-16T10:08:07.040+0000] {processor.py:208} INFO - Processing /opt/airflow/dags/crypto_pipeline_dag.py took 0.069 seconds
[2026-06-16T10:08:37.255+0000] {processor.py:186} INFO - Started process (PID=688) to work on /opt/airflow/dags/crypto_pipeline_dag.py
[2026-06-16T10:08:37.256+0000] {processor.py:914} INFO - Processing file /opt/airflow/dags/crypto_pipeline_dag.py for tasks to queue
[2026-06-16T10:08:37.258+0000] {logging_mixin.py:190} INFO - [2026-06-16T10:08:37.258+0000] {dagbag.py:588} INFO - Filling up the DagBag from /opt/airflow/dags/crypto_pipeline_dag.py
[2026-06-16T10:08:37.275+0000] {processor.py:925} INFO - DAG(s) 'crypto_pipeline_dag' retrieved from /opt/airflow/dags/crypto_pipeline_dag.py
[2026-06-16T10:08:37.297+0000] {logging_mixin.py:190} INFO - [2026-06-16T10:08:37.297+0000] {dag.py:3239} INFO - Sync 1 DAGs
[2026-06-16T10:08:37.314+0000] {logging_mixin.py:190} INFO - [2026-06-16T10:08:37.314+0000] {dag.py:4180} INFO - Setting next_dagrun for crypto_pipeline_dag to 2026-06-16 00:00:00+00:00, run_after=2026-06-17 00:00:00+00:00
[2026-06-16T10:08:37.329+0000] {processor.py:208} INFO - Processing /opt/airflow/dags/crypto_pipeline_dag.py took 0.078 seconds
[2026-06-16T10:09:07.795+0000] {processor.py:186} INFO - Started process (PID=693) to work on /opt/airflow/dags/crypto_pipeline_dag.py
[2026-06-16T10:09:07.796+0000] {processor.py:914} INFO - Processing file /opt/airflow/dags/crypto_pipeline_dag.py for tasks to queue
[2026-06-16T10:09:07.798+0000] {logging_mixin.py:190} INFO - [2026-06-16T10:09:07.797+0000] {dagbag.py:588} INFO - Filling up the DagBag from /opt/airflow/dags/crypto_pipeline_dag.py
[2026-06-16T10:09:07.810+0000] {processor.py:925} INFO - DAG(s) 'crypto_pipeline_dag' retrieved from /opt/airflow/dags/crypto_pipeline_dag.py
[2026-06-16T10:09:07.829+0000] {logging_mixin.py:190} INFO - [2026-06-16T10:09:07.829+0000] {dag.py:3239} INFO - Sync 1 DAGs
[2026-06-16T10:09:07.845+0000] {logging_mixin.py:190} INFO - [2026-06-16T10:09:07.845+0000] {dag.py:4180} INFO - Setting next_dagrun for crypto_pipeline_dag to 2026-06-16 00:00:00+00:00, run_after=2026-06-17 00:00:00+00:00
[2026-06-16T10:09:07.857+0000] {processor.py:208} INFO - Processing /opt/airflow/dags/crypto_pipeline_dag.py took 0.066 seconds
[2026-06-16T10:20:06.713+0000] {processor.py:186} INFO - Started process (PID=698) to work on /opt/airflow/dags/crypto_pipeline_dag.py
[2026-06-16T10:20:06.714+0000] {processor.py:914} INFO - Processing file /opt/airflow/dags/crypto_pipeline_dag.py for tasks to queue
[2026-06-16T10:20:06.717+0000] {logging_mixin.py:190} INFO - [2026-06-16T10:20:06.717+0000] {dagbag.py:588} INFO - Filling up the DagBag from /opt/airflow/dags/crypto_pipeline_dag.py
[2026-06-16T10:20:06.748+0000] {processor.py:925} INFO - DAG(s) 'crypto_pipeline_dag' retrieved from /opt/airflow/dags/crypto_pipeline_dag.py
[2026-06-16T10:20:06.775+0000] {logging_mixin.py:190} INFO - [2026-06-16T10:20:06.775+0000] {dag.py:3239} INFO - Sync 1 DAGs
[2026-06-16T10:20:06.797+0000] {logging_mixin.py:190} INFO - [2026-06-16T10:20:06.797+0000] {dag.py:4180} INFO - Setting next_dagrun for crypto_pipeline_dag to 2026-06-16 00:00:00+00:00, run_after=2026-06-17 00:00:00+00:00
[2026-06-16T10:20:06.818+0000] {processor.py:208} INFO - Processing /opt/airflow/dags/crypto_pipeline_dag.py took 0.109 seconds
[2026-06-16T10:28:49.264+0000] {processor.py:186} INFO - Started process (PID=703) to work on /opt/airflow/dags/crypto_pipeline_dag.py
[2026-06-16T10:28:49.265+0000] {processor.py:914} INFO - Processing file /opt/airflow/dags/crypto_pipeline_dag.py for tasks to queue
[2026-06-16T10:28:49.267+0000] {logging_mixin.py:190} INFO - [2026-06-16T10:28:49.267+0000] {dagbag.py:588} INFO - Filling up the DagBag from /opt/airflow/dags/crypto_pipeline_dag.py
[2026-06-16T10:28:49.284+0000] {processor.py:925} INFO - DAG(s) 'crypto_pipeline_dag' retrieved from /opt/airflow/dags/crypto_pipeline_dag.py
[2026-06-16T10:28:49.304+0000] {logging_mixin.py:190} INFO - [2026-06-16T10:28:49.304+0000] {dag.py:3239} INFO - Sync 1 DAGs
[2026-06-16T10:28:49.321+0000] {logging_mixin.py:190} INFO - [2026-06-16T10:28:49.321+0000] {dag.py:4180} INFO - Setting next_dagrun for crypto_pipeline_dag to 2026-06-16 00:00:00+00:00, run_after=2026-06-17 00:00:00+00:00
[2026-06-16T10:28:49.338+0000] {processor.py:208} INFO - Processing /opt/airflow/dags/crypto_pipeline_dag.py took 0.081 seconds
[2026-06-16T10:29:19.537+0000] {processor.py:186} INFO - Started process (PID=708) to work on /opt/airflow/dags/crypto_pipeline_dag.py
[2026-06-16T10:29:19.538+0000] {processor.py:914} INFO - Processing file /opt/airflow/dags/crypto_pipeline_dag.py for tasks to queue
[2026-06-16T10:29:19.539+0000] {logging_mixin.py:190} INFO - [2026-06-16T10:29:19.539+0000] {dagbag.py:588} INFO - Filling up the DagBag from /opt/airflow/dags/crypto_pipeline_dag.py
[2026-06-16T10:29:19.550+0000] {processor.py:925} INFO - DAG(s) 'crypto_pipeline_dag' retrieved from /opt/airflow/dags/crypto_pipeline_dag.py
[2026-06-16T10:29:19.570+0000] {logging_mixin.py:190} INFO - [2026-06-16T10:29:19.570+0000] {dag.py:3239} INFO - Sync 1 DAGs
[2026-06-16T10:29:19.594+0000] {logging_mixin.py:190} INFO - [2026-06-16T10:29:19.594+0000] {dag.py:4180} INFO - Setting next_dagrun for crypto_pipeline_dag to 2026-06-16 00:00:00+00:00, run_after=2026-06-17 00:00:00+00:00
[2026-06-16T10:29:19.611+0000] {processor.py:208} INFO - Processing /opt/airflow/dags/crypto_pipeline_dag.py took 0.078 seconds
[2026-06-16T10:29:49.905+0000] {processor.py:186} INFO - Started process (PID=713) to work on /opt/airflow/dags/crypto_pipeline_dag.py
[2026-06-16T10:29:49.906+0000] {processor.py:914} INFO - Processing file /opt/airflow/dags/crypto_pipeline_dag.py for tasks to queue
[2026-06-16T10:29:49.908+0000] {logging_mixin.py:190} INFO - [2026-06-16T10:29:49.908+0000] {dagbag.py:588} INFO - Filling up the DagBag from /opt/airflow/dags/crypto_pipeline_dag.py
[2026-06-16T10:29:49.920+0000] {processor.py:925} INFO - DAG(s) 'crypto_pipeline_dag' retrieved from /opt/airflow/dags/crypto_pipeline_dag.py
[2026-06-16T10:29:49.938+0000] {logging_mixin.py:190} INFO - [2026-06-16T10:29:49.938+0000] {dag.py:3239} INFO - Sync 1 DAGs
[2026-06-16T10:29:49.954+0000] {logging_mixin.py:190} INFO - [2026-06-16T10:29:49.954+0000] {dag.py:4180} INFO - Setting next_dagrun for crypto_pipeline_dag to 2026-06-16 00:00:00+00:00, run_after=2026-06-17 00:00:00+00:00
[2026-06-16T10:29:49.968+0000] {processor.py:208} INFO - Processing /opt/airflow/dags/crypto_pipeline_dag.py took 0.066 seconds
[2026-06-16T10:30:20.398+0000] {processor.py:186} INFO - Started process (PID=718) to work on /opt/airflow/dags/crypto_pipeline_dag.py
[2026-06-16T10:30:20.398+0000] {processor.py:914} INFO - Processing file /opt/airflow/dags/crypto_pipeline_dag.py for tasks to queue
[2026-06-16T10:30:20.400+0000] {logging_mixin.py:190} INFO - [2026-06-16T10:30:20.400+0000] {dagbag.py:588} INFO - Filling up the DagBag from /opt/airflow/dags/crypto_pipeline_dag.py
[2026-06-16T10:30:20.414+0000] {processor.py:925} INFO - DAG(s) 'crypto_pipeline_dag' retrieved from /opt/airflow/dags/crypto_pipeline_dag.py
[2026-06-16T10:30:20.434+0000] {logging_mixin.py:190} INFO - [2026-06-16T10:30:20.434+0000] {dag.py:3239} INFO - Sync 1 DAGs
[2026-06-16T10:30:20.451+0000] {logging_mixin.py:190} INFO - [2026-06-16T10:30:20.451+0000] {dag.py:4180} INFO - Setting next_dagrun for crypto_pipeline_dag to 2026-06-16 00:00:00+00:00, run_after=2026-06-17 00:00:00+00:00
[2026-06-16T10:30:20.464+0000] {processor.py:208} INFO - Processing /opt/airflow/dags/crypto_pipeline_dag.py took 0.070 seconds
[2026-06-16T10:30:51.071+0000] {processor.py:186} INFO - Started process (PID=723) to work on /opt/airflow/dags/crypto_pipeline_dag.py
[2026-06-16T10:30:51.072+0000] {processor.py:914} INFO - Processing file /opt/airflow/dags/crypto_pipeline_dag.py for tasks to queue
[2026-06-16T10:30:51.073+0000] {logging_mixin.py:190} INFO - [2026-06-16T10:30:51.073+0000] {dagbag.py:588} INFO - Filling up the DagBag from /opt/airflow/dags/crypto_pipeline_dag.py
[2026-06-16T10:30:51.085+0000] {processor.py:925} INFO - DAG(s) 'crypto_pipeline_dag' retrieved from /opt/airflow/dags/crypto_pipeline_dag.py
[2026-06-16T10:30:51.103+0000] {logging_mixin.py:190} INFO - [2026-06-16T10:30:51.103+0000] {dag.py:3239} INFO - Sync 1 DAGs
[2026-06-16T10:30:51.118+0000] {logging_mixin.py:190} INFO - [2026-06-16T10:30:51.118+0000] {dag.py:4180} INFO - Setting next_dagrun for crypto_pipeline_dag to 2026-06-16 00:00:00+00:00, run_after=2026-06-17 00:00:00+00:00
[2026-06-16T10:30:51.130+0000] {processor.py:208} INFO - Processing /opt/airflow/dags/crypto_pipeline_dag.py took 0.063 seconds
[2026-06-16T10:31:21.161+0000] {processor.py:186} INFO - Started process (PID=728) to work on /opt/airflow/dags/crypto_pipeline_dag.py
[2026-06-16T10:31:21.162+0000] {processor.py:914} INFO - Processing file /opt/airflow/dags/crypto_pipeline_dag.py for tasks to queue
[2026-06-16T10:31:21.164+0000] {logging_mixin.py:190} INFO - [2026-06-16T10:31:21.164+0000] {dagbag.py:588} INFO - Filling up the DagBag from /opt/airflow/dags/crypto_pipeline_dag.py
[2026-06-16T10:31:21.177+0000] {processor.py:925} INFO - DAG(s) 'crypto_pipeline_dag' retrieved from /opt/airflow/dags/crypto_pipeline_dag.py
[2026-06-16T10:31:21.196+0000] {logging_mixin.py:190} INFO - [2026-06-16T10:31:21.196+0000] {dag.py:3239} INFO - Sync 1 DAGs
[2026-06-16T10:31:21.212+0000] {logging_mixin.py:190} INFO - [2026-06-16T10:31:21.212+0000] {dag.py:4180} INFO - Setting next_dagrun for crypto_pipeline_dag to 2026-06-16 00:00:00+00:00, run_after=2026-06-17 00:00:00+00:00
[2026-06-16T10:31:21.226+0000] {processor.py:208} INFO - Processing /opt/airflow/dags/crypto_pipeline_dag.py took 0.069 seconds
[2026-06-16T10:31:51.648+0000] {processor.py:186} INFO - Started process (PID=733) to work on /opt/airflow/dags/crypto_pipeline_dag.py
[2026-06-16T10:31:51.649+0000] {processor.py:914} INFO - Processing file /opt/airflow/dags/crypto_pipeline_dag.py for tasks to queue
[2026-06-16T10:31:51.651+0000] {logging_mixin.py:190} INFO - [2026-06-16T10:31:51.650+0000] {dagbag.py:588} INFO - Filling up the DagBag from /opt/airflow/dags/crypto_pipeline_dag.py
[2026-06-16T10:31:51.664+0000] {processor.py:925} INFO - DAG(s) 'crypto_pipeline_dag' retrieved from /opt/airflow/dags/crypto_pipeline_dag.py
[2026-06-16T10:31:51.684+0000] {logging_mixin.py:190} INFO - [2026-06-16T10:31:51.684+0000] {dag.py:3239} INFO - Sync 1 DAGs
[2026-06-16T10:31:51.701+0000] {logging_mixin.py:190} INFO - [2026-06-16T10:31:51.701+0000] {dag.py:4180} INFO - Setting next_dagrun for crypto_pipeline_dag to 2026-06-16 00:00:00+00:00, run_after=2026-06-17 00:00:00+00:00
[2026-06-16T10:31:51.716+0000] {processor.py:208} INFO - Processing /opt/airflow/dags/crypto_pipeline_dag.py took 0.072 seconds
[2026-06-16T10:32:21.931+0000] {processor.py:186} INFO - Started process (PID=738) to work on /opt/airflow/dags/crypto_pipeline_dag.py
[2026-06-16T10:32:21.932+0000] {processor.py:914} INFO - Processing file /opt/airflow/dags/crypto_pipeline_dag.py for tasks to queue
[2026-06-16T10:32:21.934+0000] {logging_mixin.py:190} INFO - [2026-06-16T10:32:21.934+0000] {dagbag.py:588} INFO - Filling up the DagBag from /opt/airflow/dags/crypto_pipeline_dag.py
[2026-06-16T10:32:21.948+0000] {processor.py:925} INFO - DAG(s) 'crypto_pipeline_dag' retrieved from /opt/airflow/dags/crypto_pipeline_dag.py
[2026-06-16T10:32:21.967+0000] {logging_mixin.py:190} INFO - [2026-06-16T10:32:21.967+0000] {dag.py:3239} INFO - Sync 1 DAGs
[2026-06-16T10:32:21.983+0000] {logging_mixin.py:190} INFO - [2026-06-16T10:32:21.983+0000] {dag.py:4180} INFO - Setting next_dagrun for crypto_pipeline_dag to 2026-06-16 00:00:00+00:00, run_after=2026-06-17 00:00:00+00:00
[2026-06-16T10:32:21.994+0000] {processor.py:208} INFO - Processing /opt/airflow/dags/crypto_pipeline_dag.py took 0.068 seconds
[2026-06-16T10:32:52.215+0000] {processor.py:186} INFO - Started process (PID=743) to work on /opt/airflow/dags/crypto_pipeline_dag.py
[2026-06-16T10:32:52.216+0000] {processor.py:914} INFO - Processing file /opt/airflow/dags/crypto_pipeline_dag.py for tasks to queue
[2026-06-16T10:32:52.218+0000] {logging_mixin.py:190} INFO - [2026-06-16T10:32:52.218+0000] {dagbag.py:588} INFO - Filling up the DagBag from /opt/airflow/dags/crypto_pipeline_dag.py
[2026-06-16T10:32:52.230+0000] {processor.py:925} INFO - DAG(s) 'crypto_pipeline_dag' retrieved from /opt/airflow/dags/crypto_pipeline_dag.py
[2026-06-16T10:32:52.251+0000] {logging_mixin.py:190} INFO - [2026-06-16T10:32:52.250+0000] {dag.py:3239} INFO - Sync 1 DAGs
[2026-06-16T10:32:52.267+0000] {logging_mixin.py:190} INFO - [2026-06-16T10:32:52.267+0000] {dag.py:4180} INFO - Setting next_dagrun for crypto_pipeline_dag to 2026-06-16 00:00:00+00:00, run_after=2026-06-17 00:00:00+00:00
[2026-06-16T10:32:52.280+0000] {processor.py:208} INFO - Processing /opt/airflow/dags/crypto_pipeline_dag.py took 0.069 seconds
[2026-06-16T10:33:22.557+0000] {processor.py:186} INFO - Started process (PID=748) to work on /opt/airflow/dags/crypto_pipeline_dag.py
[2026-06-16T10:33:22.558+0000] {processor.py:914} INFO - Processing file /opt/airflow/dags/crypto_pipeline_dag.py for tasks to queue
[2026-06-16T10:33:22.560+0000] {logging_mixin.py:190} INFO - [2026-06-16T10:33:22.559+0000] {dagbag.py:588} INFO - Filling up the DagBag from /opt/airflow/dags/crypto_pipeline_dag.py
[2026-06-16T10:33:22.572+0000] {processor.py:925} INFO - DAG(s) 'crypto_pipeline_dag' retrieved from /opt/airflow/dags/crypto_pipeline_dag.py
[2026-06-16T10:33:22.591+0000] {logging_mixin.py:190} INFO - [2026-06-16T10:33:22.590+0000] {dag.py:3239} INFO - Sync 1 DAGs
[2026-06-16T10:33:22.608+0000] {logging_mixin.py:190} INFO - [2026-06-16T10:33:22.608+0000] {dag.py:4180} INFO - Setting next_dagrun for crypto_pipeline_dag to 2026-06-16 00:00:00+00:00, run_after=2026-06-17 00:00:00+00:00
[2026-06-16T10:33:22.622+0000] {processor.py:208} INFO - Processing /opt/airflow/dags/crypto_pipeline_dag.py took 0.069 seconds
[2026-06-16T10:33:52.882+0000] {processor.py:186} INFO - Started process (PID=753) to work on /opt/airflow/dags/crypto_pipeline_dag.py
[2026-06-16T10:33:52.883+0000] {processor.py:914} INFO - Processing file /opt/airflow/dags/crypto_pipeline_dag.py for tasks to queue
[2026-06-16T10:33:52.885+0000] {logging_mixin.py:190} INFO - [2026-06-16T10:33:52.885+0000] {dagbag.py:588} INFO - Filling up the DagBag from /opt/airflow/dags/crypto_pipeline_dag.py
[2026-06-16T10:33:52.901+0000] {processor.py:925} INFO - DAG(s) 'crypto_pipeline_dag' retrieved from /opt/airflow/dags/crypto_pipeline_dag.py
[2026-06-16T10:33:52.925+0000] {logging_mixin.py:190} INFO - [2026-06-16T10:33:52.924+0000] {dag.py:3239} INFO - Sync 1 DAGs
[2026-06-16T10:33:52.941+0000] {logging_mixin.py:190} INFO - [2026-06-16T10:33:52.941+0000] {dag.py:4180} INFO - Setting next_dagrun for crypto_pipeline_dag to 2026-06-16 00:00:00+00:00, run_after=2026-06-17 00:00:00+00:00
[2026-06-16T10:33:52.954+0000] {processor.py:208} INFO - Processing /opt/airflow/dags/crypto_pipeline_dag.py took 0.078 seconds
[2026-06-16T11:06:24.783+0000] {processor.py:186} INFO - Started process (PID=758) to work on /opt/airflow/dags/crypto_pipeline_dag.py
[2026-06-16T11:06:24.785+0000] {processor.py:914} INFO - Processing file /opt/airflow/dags/crypto_pipeline_dag.py for tasks to queue
[2026-06-16T11:06:24.790+0000] {logging_mixin.py:190} INFO - [2026-06-16T11:06:24.789+0000] {dagbag.py:588} INFO - Filling up the DagBag from /opt/airflow/dags/crypto_pipeline_dag.py
[2026-06-16T11:06:24.835+0000] {processor.py:925} INFO - DAG(s) 'crypto_pipeline_dag' retrieved from /opt/airflow/dags/crypto_pipeline_dag.py
[2026-06-16T11:06:24.880+0000] {logging_mixin.py:190} INFO - [2026-06-16T11:06:24.880+0000] {dag.py:3239} INFO - Sync 1 DAGs
[2026-06-16T11:06:24.907+0000] {logging_mixin.py:190} INFO - [2026-06-16T11:06:24.907+0000] {dag.py:4180} INFO - Setting next_dagrun for crypto_pipeline_dag to 2026-06-16 00:00:00+00:00, run_after=2026-06-17 00:00:00+00:00
[2026-06-16T11:06:24.934+0000] {processor.py:208} INFO - Processing /opt/airflow/dags/crypto_pipeline_dag.py took 0.160 seconds
[2026-06-16T11:06:55.036+0000] {processor.py:186} INFO - Started process (PID=763) to work on /opt/airflow/dags/crypto_pipeline_dag.py
[2026-06-16T11:06:55.037+0000] {processor.py:914} INFO - Processing file /opt/airflow/dags/crypto_pipeline_dag.py for tasks to queue
[2026-06-16T11:06:55.039+0000] {logging_mixin.py:190} INFO - [2026-06-16T11:06:55.039+0000] {dagbag.py:588} INFO - Filling up the DagBag from /opt/airflow/dags/crypto_pipeline_dag.py
[2026-06-16T11:06:55.063+0000] {processor.py:925} INFO - DAG(s) 'crypto_pipeline_dag' retrieved from /opt/airflow/dags/crypto_pipeline_dag.py
[2026-06-16T11:06:55.091+0000] {logging_mixin.py:190} INFO - [2026-06-16T11:06:55.090+0000] {dag.py:3239} INFO - Sync 1 DAGs
[2026-06-16T11:06:55.114+0000] {logging_mixin.py:190} INFO - [2026-06-16T11:06:55.114+0000] {dag.py:4180} INFO - Setting next_dagrun for crypto_pipeline_dag to 2026-06-16 00:00:00+00:00, run_after=2026-06-17 00:00:00+00:00
[2026-06-16T11:06:55.130+0000] {processor.py:208} INFO - Processing /opt/airflow/dags/crypto_pipeline_dag.py took 0.099 seconds
[2026-06-16T11:07:25.294+0000] {processor.py:186} INFO - Started process (PID=768) to work on /opt/airflow/dags/crypto_pipeline_dag.py
[2026-06-16T11:07:25.295+0000] {processor.py:914} INFO - Processing file /opt/airflow/dags/crypto_pipeline_dag.py for tasks to queue
[2026-06-16T11:07:25.297+0000] {logging_mixin.py:190} INFO - [2026-06-16T11:07:25.297+0000] {dagbag.py:588} INFO - Filling up the DagBag from /opt/airflow/dags/crypto_pipeline_dag.py
[2026-06-16T11:07:25.312+0000] {processor.py:925} INFO - DAG(s) 'crypto_pipeline_dag' retrieved from /opt/airflow/dags/crypto_pipeline_dag.py
[2026-06-16T11:07:25.335+0000] {logging_mixin.py:190} INFO - [2026-06-16T11:07:25.335+0000] {dag.py:3239} INFO - Sync 1 DAGs
[2026-06-16T11:07:25.350+0000] {logging_mixin.py:190} INFO - [2026-06-16T11:07:25.350+0000] {dag.py:4180} INFO - Setting next_dagrun for crypto_pipeline_dag to 2026-06-16 00:00:00+00:00, run_after=2026-06-17 00:00:00+00:00
[2026-06-16T11:07:25.361+0000] {processor.py:208} INFO - Processing /opt/airflow/dags/crypto_pipeline_dag.py took 0.074 seconds
[2026-06-16T11:07:55.636+0000] {processor.py:186} INFO - Started process (PID=773) to work on /opt/airflow/dags/crypto_pipeline_dag.py
[2026-06-16T11:07:55.636+0000] {processor.py:914} INFO - Processing file /opt/airflow/dags/crypto_pipeline_dag.py for tasks to queue
[2026-06-16T11:07:55.638+0000] {logging_mixin.py:190} INFO - [2026-06-16T11:07:55.638+0000] {dagbag.py:588} INFO - Filling up the DagBag from /opt/airflow/dags/crypto_pipeline_dag.py
[2026-06-16T11:07:55.649+0000] {processor.py:925} INFO - DAG(s) 'crypto_pipeline_dag' retrieved from /opt/airflow/dags/crypto_pipeline_dag.py
[2026-06-16T11:07:55.665+0000] {logging_mixin.py:190} INFO - [2026-06-16T11:07:55.665+0000] {dag.py:3239} INFO - Sync 1 DAGs
[2026-06-16T11:07:55.680+0000] {logging_mixin.py:190} INFO - [2026-06-16T11:07:55.680+0000] {dag.py:4180} INFO - Setting next_dagrun for crypto_pipeline_dag to 2026-06-16 00:00:00+00:00, run_after=2026-06-17 00:00:00+00:00
[2026-06-16T11:07:55.710+0000] {processor.py:208} INFO - Processing /opt/airflow/dags/crypto_pipeline_dag.py took 0.077 seconds
[2026-06-16T11:08:25.969+0000] {processor.py:186} INFO - Started process (PID=778) to work on /opt/airflow/dags/crypto_pipeline_dag.py
[2026-06-16T11:08:25.969+0000] {processor.py:914} INFO - Processing file /opt/airflow/dags/crypto_pipeline_dag.py for tasks to queue
[2026-06-16T11:08:25.971+0000] {logging_mixin.py:190} INFO - [2026-06-16T11:08:25.971+0000] {dagbag.py:588} INFO - Filling up the DagBag from /opt/airflow/dags/crypto_pipeline_dag.py
[2026-06-16T11:08:25.982+0000] {processor.py:925} INFO - DAG(s) 'crypto_pipeline_dag' retrieved from /opt/airflow/dags/crypto_pipeline_dag.py
[2026-06-16T11:08:26.000+0000] {logging_mixin.py:190} INFO - [2026-06-16T11:08:25.999+0000] {dag.py:3239} INFO - Sync 1 DAGs
[2026-06-16T11:08:26.014+0000] {logging_mixin.py:190} INFO - [2026-06-16T11:08:26.014+0000] {dag.py:4180} INFO - Setting next_dagrun for crypto_pipeline_dag to 2026-06-16 00:00:00+00:00, run_after=2026-06-17 00:00:00+00:00
[2026-06-16T11:08:26.028+0000] {processor.py:208} INFO - Processing /opt/airflow/dags/crypto_pipeline_dag.py took 0.063 seconds
[2026-06-16T11:08:56.300+0000] {processor.py:186} INFO - Started process (PID=783) to work on /opt/airflow/dags/crypto_pipeline_dag.py
[2026-06-16T11:08:56.301+0000] {processor.py:914} INFO - Processing file /opt/airflow/dags/crypto_pipeline_dag.py for tasks to queue
[2026-06-16T11:08:56.303+0000] {logging_mixin.py:190} INFO - [2026-06-16T11:08:56.302+0000] {dagbag.py:588} INFO - Filling up the DagBag from /opt/airflow/dags/crypto_pipeline_dag.py
[2026-06-16T11:08:56.317+0000] {processor.py:925} INFO - DAG(s) 'crypto_pipeline_dag' retrieved from /opt/airflow/dags/crypto_pipeline_dag.py
[2026-06-16T11:08:56.334+0000] {logging_mixin.py:190} INFO - [2026-06-16T11:08:56.334+0000] {dag.py:3239} INFO - Sync 1 DAGs
[2026-06-16T11:08:56.349+0000] {logging_mixin.py:190} INFO - [2026-06-16T11:08:56.348+0000] {dag.py:4180} INFO - Setting next_dagrun for crypto_pipeline_dag to 2026-06-16 00:00:00+00:00, run_after=2026-06-17 00:00:00+00:00
[2026-06-16T11:08:56.362+0000] {processor.py:208} INFO - Processing /opt/airflow/dags/crypto_pipeline_dag.py took 0.065 seconds
[2026-06-16T11:09:26.569+0000] {processor.py:186} INFO - Started process (PID=788) to work on /opt/airflow/dags/crypto_pipeline_dag.py
[2026-06-16T11:09:26.569+0000] {processor.py:914} INFO - Processing file /opt/airflow/dags/crypto_pipeline_dag.py for tasks to queue
[2026-06-16T11:09:26.571+0000] {logging_mixin.py:190} INFO - [2026-06-16T11:09:26.570+0000] {dagbag.py:588} INFO - Filling up the DagBag from /opt/airflow/dags/crypto_pipeline_dag.py
[2026-06-16T11:09:26.585+0000] {processor.py:925} INFO - DAG(s) 'crypto_pipeline_dag' retrieved from /opt/airflow/dags/crypto_pipeline_dag.py
[2026-06-16T11:09:26.603+0000] {logging_mixin.py:190} INFO - [2026-06-16T11:09:26.603+0000] {dag.py:3239} INFO - Sync 1 DAGs
[2026-06-16T11:09:26.618+0000] {logging_mixin.py:190} INFO - [2026-06-16T11:09:26.618+0000] {dag.py:4180} INFO - Setting next_dagrun for crypto_pipeline_dag to 2026-06-16 00:00:00+00:00, run_after=2026-06-17 00:00:00+00:00
[2026-06-16T11:09:26.632+0000] {processor.py:208} INFO - Processing /opt/airflow/dags/crypto_pipeline_dag.py took 0.067 seconds
[2026-06-16T11:09:56.878+0000] {processor.py:186} INFO - Started process (PID=793) to work on /opt/airflow/dags/crypto_pipeline_dag.py
[2026-06-16T11:09:56.879+0000] {processor.py:914} INFO - Processing file /opt/airflow/dags/crypto_pipeline_dag.py for tasks to queue
[2026-06-16T11:09:56.880+0000] {logging_mixin.py:190} INFO - [2026-06-16T11:09:56.880+0000] {dagbag.py:588} INFO - Filling up the DagBag from /opt/airflow/dags/crypto_pipeline_dag.py
[2026-06-16T11:09:56.892+0000] {processor.py:925} INFO - DAG(s) 'crypto_pipeline_dag' retrieved from /opt/airflow/dags/crypto_pipeline_dag.py
[2026-06-16T11:09:56.909+0000] {logging_mixin.py:190} INFO - [2026-06-16T11:09:56.909+0000] {dag.py:3239} INFO - Sync 1 DAGs
[2026-06-16T11:09:56.923+0000] {logging_mixin.py:190} INFO - [2026-06-16T11:09:56.923+0000] {dag.py:4180} INFO - Setting next_dagrun for crypto_pipeline_dag to 2026-06-16 00:00:00+00:00, run_after=2026-06-17 00:00:00+00:00
[2026-06-16T11:09:56.939+0000] {processor.py:208} INFO - Processing /opt/airflow/dags/crypto_pipeline_dag.py took 0.065 seconds
[2026-06-16T11:10:27.156+0000] {processor.py:186} INFO - Started process (PID=798) to work on /opt/airflow/dags/crypto_pipeline_dag.py
[2026-06-16T11:10:27.156+0000] {processor.py:914} INFO - Processing file /opt/airflow/dags/crypto_pipeline_dag.py for tasks to queue
[2026-06-16T11:10:27.158+0000] {logging_mixin.py:190} INFO - [2026-06-16T11:10:27.158+0000] {dagbag.py:588} INFO - Filling up the DagBag from /opt/airflow/dags/crypto_pipeline_dag.py
[2026-06-16T11:10:27.171+0000] {processor.py:925} INFO - DAG(s) 'crypto_pipeline_dag' retrieved from /opt/airflow/dags/crypto_pipeline_dag.py
[2026-06-16T11:10:27.188+0000] {logging_mixin.py:190} INFO - [2026-06-16T11:10:27.188+0000] {dag.py:3239} INFO - Sync 1 DAGs
[2026-06-16T11:10:27.202+0000] {logging_mixin.py:190} INFO - [2026-06-16T11:10:27.202+0000] {dag.py:4180} INFO - Setting next_dagrun for crypto_pipeline_dag to 2026-06-16 00:00:00+00:00, run_after=2026-06-17 00:00:00+00:00
[2026-06-16T11:10:27.214+0000] {processor.py:208} INFO - Processing /opt/airflow/dags/crypto_pipeline_dag.py took 0.061 seconds
[2026-06-16T11:10:57.465+0000] {processor.py:186} INFO - Started process (PID=803) to work on /opt/airflow/dags/crypto_pipeline_dag.py
[2026-06-16T11:10:57.466+0000] {processor.py:914} INFO - Processing file /opt/airflow/dags/crypto_pipeline_dag.py for tasks to queue
[2026-06-16T11:10:57.468+0000] {logging_mixin.py:190} INFO - [2026-06-16T11:10:57.468+0000] {dagbag.py:588} INFO - Filling up the DagBag from /opt/airflow/dags/crypto_pipeline_dag.py
[2026-06-16T11:10:57.479+0000] {processor.py:925} INFO - DAG(s) 'crypto_pipeline_dag' retrieved from /opt/airflow/dags/crypto_pipeline_dag.py
[2026-06-16T11:10:57.496+0000] {logging_mixin.py:190} INFO - [2026-06-16T11:10:57.496+0000] {dag.py:3239} INFO - Sync 1 DAGs
[2026-06-16T11:10:57.510+0000] {logging_mixin.py:190} INFO - [2026-06-16T11:10:57.510+0000] {dag.py:4180} INFO - Setting next_dagrun for crypto_pipeline_dag to 2026-06-16 00:00:00+00:00, run_after=2026-06-17 00:00:00+00:00
[2026-06-16T11:10:57.529+0000] {processor.py:208} INFO - Processing /opt/airflow/dags/crypto_pipeline_dag.py took 0.068 seconds
[2026-06-16T11:11:27.811+0000] {processor.py:186} INFO - Started process (PID=808) to work on /opt/airflow/dags/crypto_pipeline_dag.py
[2026-06-16T11:11:27.812+0000] {processor.py:914} INFO - Processing file /opt/airflow/dags/crypto_pipeline_dag.py for tasks to queue
[2026-06-16T11:11:27.814+0000] {logging_mixin.py:190} INFO - [2026-06-16T11:11:27.813+0000] {dagbag.py:588} INFO - Filling up the DagBag from /opt/airflow/dags/crypto_pipeline_dag.py
[2026-06-16T11:11:27.824+0000] {processor.py:925} INFO - DAG(s) 'crypto_pipeline_dag' retrieved from /opt/airflow/dags/crypto_pipeline_dag.py
[2026-06-16T11:11:27.841+0000] {logging_mixin.py:190} INFO - [2026-06-16T11:11:27.841+0000] {dag.py:3239} INFO - Sync 1 DAGs
[2026-06-16T11:11:27.855+0000] {logging_mixin.py:190} INFO - [2026-06-16T11:11:27.855+0000] {dag.py:4180} INFO - Setting next_dagrun for crypto_pipeline_dag to 2026-06-16 00:00:00+00:00, run_after=2026-06-17 00:00:00+00:00
[2026-06-16T11:11:27.869+0000] {processor.py:208} INFO - Processing /opt/airflow/dags/crypto_pipeline_dag.py took 0.062 seconds
[2026-06-16T11:11:58.129+0000] {processor.py:186} INFO - Started process (PID=813) to work on /opt/airflow/dags/crypto_pipeline_dag.py
[2026-06-16T11:11:58.129+0000] {processor.py:914} INFO - Processing file /opt/airflow/dags/crypto_pipeline_dag.py for tasks to queue
[2026-06-16T11:11:58.131+0000] {logging_mixin.py:190} INFO - [2026-06-16T11:11:58.131+0000] {dagbag.py:588} INFO - Filling up the DagBag from /opt/airflow/dags/crypto_pipeline_dag.py
[2026-06-16T11:11:58.145+0000] {processor.py:925} INFO - DAG(s) 'crypto_pipeline_dag' retrieved from /opt/airflow/dags/crypto_pipeline_dag.py
[2026-06-16T11:11:58.164+0000] {logging_mixin.py:190} INFO - [2026-06-16T11:11:58.164+0000] {dag.py:3239} INFO - Sync 1 DAGs
[2026-06-16T11:11:58.180+0000] {logging_mixin.py:190} INFO - [2026-06-16T11:11:58.180+0000] {dag.py:4180} INFO - Setting next_dagrun for crypto_pipeline_dag to 2026-06-16 00:00:00+00:00, run_after=2026-06-17 00:00:00+00:00
[2026-06-16T11:11:58.194+0000] {processor.py:208} INFO - Processing /opt/airflow/dags/crypto_pipeline_dag.py took 0.070 seconds
[2026-06-16T11:12:28.430+0000] {processor.py:186} INFO - Started process (PID=818) to work on /opt/airflow/dags/crypto_pipeline_dag.py
[2026-06-16T11:12:28.431+0000] {processor.py:914} INFO - Processing file /opt/airflow/dags/crypto_pipeline_dag.py for tasks to queue
[2026-06-16T11:12:28.432+0000] {logging_mixin.py:190} INFO - [2026-06-16T11:12:28.432+0000] {dagbag.py:588} INFO - Filling up the DagBag from /opt/airflow/dags/crypto_pipeline_dag.py
[2026-06-16T11:12:28.444+0000] {processor.py:925} INFO - DAG(s) 'crypto_pipeline_dag' retrieved from /opt/airflow/dags/crypto_pipeline_dag.py
[2026-06-16T11:12:28.463+0000] {logging_mixin.py:190} INFO - [2026-06-16T11:12:28.462+0000] {dag.py:3239} INFO - Sync 1 DAGs
[2026-06-16T11:12:28.479+0000] {logging_mixin.py:190} INFO - [2026-06-16T11:12:28.479+0000] {dag.py:4180} INFO - Setting next_dagrun for crypto_pipeline_dag to 2026-06-16 00:00:00+00:00, run_after=2026-06-17 00:00:00+00:00
[2026-06-16T11:12:28.493+0000] {processor.py:208} INFO - Processing /opt/airflow/dags/crypto_pipeline_dag.py took 0.067 seconds
[2026-06-16T11:12:58.777+0000] {processor.py:186} INFO - Started process (PID=823) to work on /opt/airflow/dags/crypto_pipeline_dag.py
[2026-06-16T11:12:58.778+0000] {processor.py:914} INFO - Processing file /opt/airflow/dags/crypto_pipeline_dag.py for tasks to queue
[2026-06-16T11:12:58.779+0000] {logging_mixin.py:190} INFO - [2026-06-16T11:12:58.779+0000] {dagbag.py:588} INFO - Filling up the DagBag from /opt/airflow/dags/crypto_pipeline_dag.py
[2026-06-16T11:12:58.792+0000] {processor.py:925} INFO - DAG(s) 'crypto_pipeline_dag' retrieved from /opt/airflow/dags/crypto_pipeline_dag.py
[2026-06-16T11:12:58.811+0000] {logging_mixin.py:190} INFO - [2026-06-16T11:12:58.811+0000] {dag.py:3239} INFO - Sync 1 DAGs
[2026-06-16T11:12:58.827+0000] {logging_mixin.py:190} INFO - [2026-06-16T11:12:58.826+0000] {dag.py:4180} INFO - Setting next_dagrun for crypto_pipeline_dag to 2026-06-16 00:00:00+00:00, run_after=2026-06-17 00:00:00+00:00
[2026-06-16T11:12:58.840+0000] {processor.py:208} INFO - Processing /opt/airflow/dags/crypto_pipeline_dag.py took 0.068 seconds
[2026-06-16T11:13:29.068+0000] {processor.py:186} INFO - Started process (PID=828) to work on /opt/airflow/dags/crypto_pipeline_dag.py
[2026-06-16T11:13:29.069+0000] {processor.py:914} INFO - Processing file /opt/airflow/dags/crypto_pipeline_dag.py for tasks to queue
[2026-06-16T11:13:29.070+0000] {logging_mixin.py:190} INFO - [2026-06-16T11:13:29.070+0000] {dagbag.py:588} INFO - Filling up the DagBag from /opt/airflow/dags/crypto_pipeline_dag.py
[2026-06-16T11:13:29.082+0000] {processor.py:925} INFO - DAG(s) 'crypto_pipeline_dag' retrieved from /opt/airflow/dags/crypto_pipeline_dag.py
[2026-06-16T11:13:29.100+0000] {logging_mixin.py:190} INFO - [2026-06-16T11:13:29.100+0000] {dag.py:3239} INFO - Sync 1 DAGs
[2026-06-16T11:13:29.116+0000] {logging_mixin.py:190} INFO - [2026-06-16T11:13:29.116+0000] {dag.py:4180} INFO - Setting next_dagrun for crypto_pipeline_dag to 2026-06-16 00:00:00+00:00, run_after=2026-06-17 00:00:00+00:00
[2026-06-16T11:13:29.129+0000] {processor.py:208} INFO - Processing /opt/airflow/dags/crypto_pipeline_dag.py took 0.065 seconds
[2026-06-16T11:13:59.369+0000] {processor.py:186} INFO - Started process (PID=833) to work on /opt/airflow/dags/crypto_pipeline_dag.py
[2026-06-16T11:13:59.369+0000] {processor.py:914} INFO - Processing file /opt/airflow/dags/crypto_pipeline_dag.py for tasks to queue
[2026-06-16T11:13:59.371+0000] {logging_mixin.py:190} INFO - [2026-06-16T11:13:59.371+0000] {dagbag.py:588} INFO - Filling up the DagBag from /opt/airflow/dags/crypto_pipeline_dag.py
[2026-06-16T11:13:59.383+0000] {processor.py:925} INFO - DAG(s) 'crypto_pipeline_dag' retrieved from /opt/airflow/dags/crypto_pipeline_dag.py
[2026-06-16T11:13:59.403+0000] {logging_mixin.py:190} INFO - [2026-06-16T11:13:59.402+0000] {dag.py:3239} INFO - Sync 1 DAGs
[2026-06-16T11:13:59.418+0000] {logging_mixin.py:190} INFO - [2026-06-16T11:13:59.418+0000] {dag.py:4180} INFO - Setting next_dagrun for crypto_pipeline_dag to 2026-06-16 00:00:00+00:00, run_after=2026-06-17 00:00:00+00:00
[2026-06-16T11:13:59.431+0000] {processor.py:208} INFO - Processing /opt/airflow/dags/crypto_pipeline_dag.py took 0.066 seconds
[2026-06-16T11:14:29.662+0000] {processor.py:186} INFO - Started process (PID=838) to work on /opt/airflow/dags/crypto_pipeline_dag.py
[2026-06-16T11:14:29.663+0000] {processor.py:914} INFO - Processing file /opt/airflow/dags/crypto_pipeline_dag.py for tasks to queue
[2026-06-16T11:14:29.664+0000] {logging_mixin.py:190} INFO - [2026-06-16T11:14:29.664+0000] {dagbag.py:588} INFO - Filling up the DagBag from /opt/airflow/dags/crypto_pipeline_dag.py
[2026-06-16T11:14:29.677+0000] {processor.py:925} INFO - DAG(s) 'crypto_pipeline_dag' retrieved from /opt/airflow/dags/crypto_pipeline_dag.py
[2026-06-16T11:14:29.697+0000] {logging_mixin.py:190} INFO - [2026-06-16T11:14:29.697+0000] {dag.py:3239} INFO - Sync 1 DAGs
[2026-06-16T11:14:29.712+0000] {logging_mixin.py:190} INFO - [2026-06-16T11:14:29.712+0000] {dag.py:4180} INFO - Setting next_dagrun for crypto_pipeline_dag to 2026-06-16 00:00:00+00:00, run_after=2026-06-17 00:00:00+00:00
[2026-06-16T11:14:29.725+0000] {processor.py:208} INFO - Processing /opt/airflow/dags/crypto_pipeline_dag.py took 0.066 seconds
[2026-06-16T11:15:37.905+0000] {processor.py:186} INFO - Started process (PID=843) to work on /opt/airflow/dags/crypto_pipeline_dag.py
[2026-06-16T11:15:37.907+0000] {processor.py:914} INFO - Processing file /opt/airflow/dags/crypto_pipeline_dag.py for tasks to queue
[2026-06-16T11:15:37.909+0000] {logging_mixin.py:190} INFO - [2026-06-16T11:15:37.909+0000] {dagbag.py:588} INFO - Filling up the DagBag from /opt/airflow/dags/crypto_pipeline_dag.py
[2026-06-16T11:15:37.924+0000] {processor.py:925} INFO - DAG(s) 'crypto_pipeline_dag' retrieved from /opt/airflow/dags/crypto_pipeline_dag.py
[2026-06-16T11:15:37.946+0000] {logging_mixin.py:190} INFO - [2026-06-16T11:15:37.946+0000] {dag.py:3239} INFO - Sync 1 DAGs
[2026-06-16T11:15:37.965+0000] {logging_mixin.py:190} INFO - [2026-06-16T11:15:37.965+0000] {dag.py:4180} INFO - Setting next_dagrun for crypto_pipeline_dag to 2026-06-16 00:00:00+00:00, run_after=2026-06-17 00:00:00+00:00
[2026-06-16T11:15:37.981+0000] {processor.py:208} INFO - Processing /opt/airflow/dags/crypto_pipeline_dag.py took 0.080 seconds
[2026-06-16T11:16:08.171+0000] {processor.py:186} INFO - Started process (PID=848) to work on /opt/airflow/dags/crypto_pipeline_dag.py
[2026-06-16T11:16:08.172+0000] {processor.py:914} INFO - Processing file /opt/airflow/dags/crypto_pipeline_dag.py for tasks to queue
[2026-06-16T11:16:08.173+0000] {logging_mixin.py:190} INFO - [2026-06-16T11:16:08.173+0000] {dagbag.py:588} INFO - Filling up the DagBag from /opt/airflow/dags/crypto_pipeline_dag.py
[2026-06-16T11:16:08.186+0000] {processor.py:925} INFO - DAG(s) 'crypto_pipeline_dag' retrieved from /opt/airflow/dags/crypto_pipeline_dag.py
[2026-06-16T11:16:08.205+0000] {logging_mixin.py:190} INFO - [2026-06-16T11:16:08.205+0000] {dag.py:3239} INFO - Sync 1 DAGs
[2026-06-16T11:16:08.221+0000] {logging_mixin.py:190} INFO - [2026-06-16T11:16:08.221+0000] {dag.py:4180} INFO - Setting next_dagrun for crypto_pipeline_dag to 2026-06-16 00:00:00+00:00, run_after=2026-06-17 00:00:00+00:00
[2026-06-16T11:16:08.235+0000] {processor.py:208} INFO - Processing /opt/airflow/dags/crypto_pipeline_dag.py took 0.068 seconds
[2026-06-16T11:16:38.520+0000] {processor.py:186} INFO - Started process (PID=853) to work on /opt/airflow/dags/crypto_pipeline_dag.py
[2026-06-16T11:16:38.522+0000] {processor.py:914} INFO - Processing file /opt/airflow/dags/crypto_pipeline_dag.py for tasks to queue
[2026-06-16T11:16:38.524+0000] {logging_mixin.py:190} INFO - [2026-06-16T11:16:38.524+0000] {dagbag.py:588} INFO - Filling up the DagBag from /opt/airflow/dags/crypto_pipeline_dag.py
[2026-06-16T11:16:38.550+0000] {processor.py:925} INFO - DAG(s) 'crypto_pipeline_dag' retrieved from /opt/airflow/dags/crypto_pipeline_dag.py
[2026-06-16T11:16:38.584+0000] {logging_mixin.py:190} INFO - [2026-06-16T11:16:38.584+0000] {dag.py:3239} INFO - Sync 1 DAGs
[2026-06-16T11:16:38.608+0000] {logging_mixin.py:190} INFO - [2026-06-16T11:16:38.608+0000] {dag.py:4180} INFO - Setting next_dagrun for crypto_pipeline_dag to 2026-06-16 00:00:00+00:00, run_after=2026-06-17 00:00:00+00:00
[2026-06-16T11:16:38.625+0000] {processor.py:208} INFO - Processing /opt/airflow/dags/crypto_pipeline_dag.py took 0.112 seconds
[2026-06-16T11:17:08.720+0000] {processor.py:186} INFO - Started process (PID=858) to work on /opt/airflow/dags/crypto_pipeline_dag.py
[2026-06-16T11:17:08.721+0000] {processor.py:914} INFO - Processing file /opt/airflow/dags/crypto_pipeline_dag.py for tasks to queue
[2026-06-16T11:17:08.722+0000] {logging_mixin.py:190} INFO - [2026-06-16T11:17:08.722+0000] {dagbag.py:588} INFO - Filling up the DagBag from /opt/airflow/dags/crypto_pipeline_dag.py
[2026-06-16T11:17:08.735+0000] {processor.py:925} INFO - DAG(s) 'crypto_pipeline_dag' retrieved from /opt/airflow/dags/crypto_pipeline_dag.py
[2026-06-16T11:17:08.755+0000] {logging_mixin.py:190} INFO - [2026-06-16T11:17:08.755+0000] {dag.py:3239} INFO - Sync 1 DAGs
[2026-06-16T11:17:08.772+0000] {logging_mixin.py:190} INFO - [2026-06-16T11:17:08.772+0000] {dag.py:4180} INFO - Setting next_dagrun for crypto_pipeline_dag to 2026-06-16 00:00:00+00:00, run_after=2026-06-17 00:00:00+00:00
[2026-06-16T11:17:08.785+0000] {processor.py:208} INFO - Processing /opt/airflow/dags/crypto_pipeline_dag.py took 0.069 seconds
[2026-06-16T11:17:38.943+0000] {processor.py:186} INFO - Started process (PID=863) to work on /opt/airflow/dags/crypto_pipeline_dag.py
[2026-06-16T11:17:38.944+0000] {processor.py:914} INFO - Processing file /opt/airflow/dags/crypto_pipeline_dag.py for tasks to queue
[2026-06-16T11:17:38.945+0000] {logging_mixin.py:190} INFO - [2026-06-16T11:17:38.945+0000] {dagbag.py:588} INFO - Filling up the DagBag from /opt/airflow/dags/crypto_pipeline_dag.py
[2026-06-16T11:17:38.958+0000] {processor.py:925} INFO - DAG(s) 'crypto_pipeline_dag' retrieved from /opt/airflow/dags/crypto_pipeline_dag.py
[2026-06-16T11:17:38.978+0000] {logging_mixin.py:190} INFO - [2026-06-16T11:17:38.978+0000] {dag.py:3239} INFO - Sync 1 DAGs
[2026-06-16T11:17:38.994+0000] {logging_mixin.py:190} INFO - [2026-06-16T11:17:38.994+0000] {dag.py:4180} INFO - Setting next_dagrun for crypto_pipeline_dag to 2026-06-16 00:00:00+00:00, run_after=2026-06-17 00:00:00+00:00
[2026-06-16T11:17:39.008+0000] {processor.py:208} INFO - Processing /opt/airflow/dags/crypto_pipeline_dag.py took 0.070 seconds
[2026-06-16T11:18:09.256+0000] {processor.py:186} INFO - Started process (PID=868) to work on /opt/airflow/dags/crypto_pipeline_dag.py
[2026-06-16T11:18:09.257+0000] {processor.py:914} INFO - Processing file /opt/airflow/dags/crypto_pipeline_dag.py for tasks to queue
[2026-06-16T11:18:09.259+0000] {logging_mixin.py:190} INFO - [2026-06-16T11:18:09.258+0000] {dagbag.py:588} INFO - Filling up the DagBag from /opt/airflow/dags/crypto_pipeline_dag.py
[2026-06-16T11:18:09.272+0000] {processor.py:925} INFO - DAG(s) 'crypto_pipeline_dag' retrieved from /opt/airflow/dags/crypto_pipeline_dag.py
[2026-06-16T11:18:09.300+0000] {logging_mixin.py:190} INFO - [2026-06-16T11:18:09.300+0000] {dag.py:3239} INFO - Sync 1 DAGs
[2026-06-16T11:18:09.319+0000] {logging_mixin.py:190} INFO - [2026-06-16T11:18:09.319+0000] {dag.py:4180} INFO - Setting next_dagrun for crypto_pipeline_dag to 2026-06-16 00:00:00+00:00, run_after=2026-06-17 00:00:00+00:00
[2026-06-16T11:18:09.334+0000] {processor.py:208} INFO - Processing /opt/airflow/dags/crypto_pipeline_dag.py took 0.081 seconds
[2026-06-16T11:18:39.497+0000] {processor.py:186} INFO - Started process (PID=873) to work on /opt/airflow/dags/crypto_pipeline_dag.py
[2026-06-16T11:18:39.498+0000] {processor.py:914} INFO - Processing file /opt/airflow/dags/crypto_pipeline_dag.py for tasks to queue
[2026-06-16T11:18:39.500+0000] {logging_mixin.py:190} INFO - [2026-06-16T11:18:39.500+0000] {dagbag.py:588} INFO - Filling up the DagBag from /opt/airflow/dags/crypto_pipeline_dag.py
[2026-06-16T11:18:39.520+0000] {processor.py:925} INFO - DAG(s) 'crypto_pipeline_dag' retrieved from /opt/airflow/dags/crypto_pipeline_dag.py
[2026-06-16T11:18:39.542+0000] {logging_mixin.py:190} INFO - [2026-06-16T11:18:39.541+0000] {dag.py:3239} INFO - Sync 1 DAGs
[2026-06-16T11:18:39.558+0000] {logging_mixin.py:190} INFO - [2026-06-16T11:18:39.558+0000] {dag.py:4180} INFO - Setting next_dagrun for crypto_pipeline_dag to 2026-06-16 00:00:00+00:00, run_after=2026-06-17 00:00:00+00:00
[2026-06-16T11:18:39.573+0000] {processor.py:208} INFO - Processing /opt/airflow/dags/crypto_pipeline_dag.py took 0.080 seconds
[2026-06-16T11:19:09.808+0000] {processor.py:186} INFO - Started process (PID=878) to work on /opt/airflow/dags/crypto_pipeline_dag.py
[2026-06-16T11:19:09.808+0000] {processor.py:914} INFO - Processing file /opt/airflow/dags/crypto_pipeline_dag.py for tasks to queue
[2026-06-16T11:19:09.810+0000] {logging_mixin.py:190} INFO - [2026-06-16T11:19:09.810+0000] {dagbag.py:588} INFO - Filling up the DagBag from /opt/airflow/dags/crypto_pipeline_dag.py
[2026-06-16T11:19:09.822+0000] {processor.py:925} INFO - DAG(s) 'crypto_pipeline_dag' retrieved from /opt/airflow/dags/crypto_pipeline_dag.py
[2026-06-16T11:19:09.842+0000] {logging_mixin.py:190} INFO - [2026-06-16T11:19:09.841+0000] {dag.py:3239} INFO - Sync 1 DAGs
[2026-06-16T11:19:09.858+0000] {logging_mixin.py:190} INFO - [2026-06-16T11:19:09.858+0000] {dag.py:4180} INFO - Setting next_dagrun for crypto_pipeline_dag to 2026-06-16 00:00:00+00:00, run_after=2026-06-17 00:00:00+00:00
[2026-06-16T11:19:09.872+0000] {processor.py:208} INFO - Processing /opt/airflow/dags/crypto_pipeline_dag.py took 0.068 seconds
[2026-06-16T11:19:40.044+0000] {processor.py:186} INFO - Started process (PID=883) to work on /opt/airflow/dags/crypto_pipeline_dag.py
[2026-06-16T11:19:40.045+0000] {processor.py:914} INFO - Processing file /opt/airflow/dags/crypto_pipeline_dag.py for tasks to queue
[2026-06-16T11:19:40.047+0000] {logging_mixin.py:190} INFO - [2026-06-16T11:19:40.047+0000] {dagbag.py:588} INFO - Filling up the DagBag from /opt/airflow/dags/crypto_pipeline_dag.py
[2026-06-16T11:19:40.060+0000] {processor.py:925} INFO - DAG(s) 'crypto_pipeline_dag' retrieved from /opt/airflow/dags/crypto_pipeline_dag.py
[2026-06-16T11:19:40.079+0000] {logging_mixin.py:190} INFO - [2026-06-16T11:19:40.079+0000] {dag.py:3239} INFO - Sync 1 DAGs
[2026-06-16T11:19:40.096+0000] {logging_mixin.py:190} INFO - [2026-06-16T11:19:40.096+0000] {dag.py:4180} INFO - Setting next_dagrun for crypto_pipeline_dag to 2026-06-16 00:00:00+00:00, run_after=2026-06-17 00:00:00+00:00
[2026-06-16T11:19:40.110+0000] {processor.py:208} INFO - Processing /opt/airflow/dags/crypto_pipeline_dag.py took 0.070 seconds
[2026-06-16T11:20:10.304+0000] {processor.py:186} INFO - Started process (PID=888) to work on /opt/airflow/dags/crypto_pipeline_dag.py
[2026-06-16T11:20:10.305+0000] {processor.py:914} INFO - Processing file /opt/airflow/dags/crypto_pipeline_dag.py for tasks to queue
[2026-06-16T11:20:10.307+0000] {logging_mixin.py:190} INFO - [2026-06-16T11:20:10.307+0000] {dagbag.py:588} INFO - Filling up the DagBag from /opt/airflow/dags/crypto_pipeline_dag.py
[2026-06-16T11:20:10.323+0000] {processor.py:925} INFO - DAG(s) 'crypto_pipeline_dag' retrieved from /opt/airflow/dags/crypto_pipeline_dag.py
[2026-06-16T11:20:10.345+0000] {logging_mixin.py:190} INFO - [2026-06-16T11:20:10.345+0000] {dag.py:3239} INFO - Sync 1 DAGs
[2026-06-16T11:20:10.363+0000] {logging_mixin.py:190} INFO - [2026-06-16T11:20:10.363+0000] {dag.py:4180} INFO - Setting next_dagrun for crypto_pipeline_dag to 2026-06-16 00:00:00+00:00, run_after=2026-06-17 00:00:00+00:00
[2026-06-16T11:20:10.380+0000] {processor.py:208} INFO - Processing /opt/airflow/dags/crypto_pipeline_dag.py took 0.080 seconds
[2026-06-16T11:20:40.566+0000] {processor.py:186} INFO - Started process (PID=893) to work on /opt/airflow/dags/crypto_pipeline_dag.py
[2026-06-16T11:20:40.567+0000] {processor.py:914} INFO - Processing file /opt/airflow/dags/crypto_pipeline_dag.py for tasks to queue
[2026-06-16T11:20:40.568+0000] {logging_mixin.py:190} INFO - [2026-06-16T11:20:40.568+0000] {dagbag.py:588} INFO - Filling up the DagBag from /opt/airflow/dags/crypto_pipeline_dag.py
[2026-06-16T11:20:40.584+0000] {processor.py:925} INFO - DAG(s) 'crypto_pipeline_dag' retrieved from /opt/airflow/dags/crypto_pipeline_dag.py
[2026-06-16T11:20:40.605+0000] {logging_mixin.py:190} INFO - [2026-06-16T11:20:40.605+0000] {dag.py:3239} INFO - Sync 1 DAGs
[2026-06-16T11:20:40.623+0000] {logging_mixin.py:190} INFO - [2026-06-16T11:20:40.623+0000] {dag.py:4180} INFO - Setting next_dagrun for crypto_pipeline_dag to 2026-06-16 00:00:00+00:00, run_after=2026-06-17 00:00:00+00:00
[2026-06-16T11:20:40.638+0000] {processor.py:208} INFO - Processing /opt/airflow/dags/crypto_pipeline_dag.py took 0.076 seconds
[2026-06-16T11:21:10.844+0000] {processor.py:186} INFO - Started process (PID=898) to work on /opt/airflow/dags/crypto_pipeline_dag.py
[2026-06-16T11:21:10.844+0000] {processor.py:914} INFO - Processing file /opt/airflow/dags/crypto_pipeline_dag.py for tasks to queue
[2026-06-16T11:21:10.846+0000] {logging_mixin.py:190} INFO - [2026-06-16T11:21:10.846+0000] {dagbag.py:588} INFO - Filling up the DagBag from /opt/airflow/dags/crypto_pipeline_dag.py
[2026-06-16T11:21:10.859+0000] {processor.py:925} INFO - DAG(s) 'crypto_pipeline_dag' retrieved from /opt/airflow/dags/crypto_pipeline_dag.py
[2026-06-16T11:21:10.879+0000] {logging_mixin.py:190} INFO - [2026-06-16T11:21:10.879+0000] {dag.py:3239} INFO - Sync 1 DAGs
[2026-06-16T11:21:10.896+0000] {logging_mixin.py:190} INFO - [2026-06-16T11:21:10.896+0000] {dag.py:4180} INFO - Setting next_dagrun for crypto_pipeline_dag to 2026-06-16 00:00:00+00:00, run_after=2026-06-17 00:00:00+00:00
[2026-06-16T11:21:10.910+0000] {processor.py:208} INFO - Processing /opt/airflow/dags/crypto_pipeline_dag.py took 0.070 seconds
[2026-06-16T11:21:41.175+0000] {processor.py:186} INFO - Started process (PID=903) to work on /opt/airflow/dags/crypto_pipeline_dag.py
[2026-06-16T11:21:41.176+0000] {processor.py:914} INFO - Processing file /opt/airflow/dags/crypto_pipeline_dag.py for tasks to queue
[2026-06-16T11:21:41.178+0000] {logging_mixin.py:190} INFO - [2026-06-16T11:21:41.178+0000] {dagbag.py:588} INFO - Filling up the DagBag from /opt/airflow/dags/crypto_pipeline_dag.py
[2026-06-16T11:21:41.192+0000] {processor.py:925} INFO - DAG(s) 'crypto_pipeline_dag' retrieved from /opt/airflow/dags/crypto_pipeline_dag.py
[2026-06-16T11:21:41.214+0000] {logging_mixin.py:190} INFO - [2026-06-16T11:21:41.214+0000] {dag.py:3239} INFO - Sync 1 DAGs
[2026-06-16T11:21:41.232+0000] {logging_mixin.py:190} INFO - [2026-06-16T11:21:41.232+0000] {dag.py:4180} INFO - Setting next_dagrun for crypto_pipeline_dag to 2026-06-16 00:00:00+00:00, run_after=2026-06-17 00:00:00+00:00
[2026-06-16T11:21:41.248+0000] {processor.py:208} INFO - Processing /opt/airflow/dags/crypto_pipeline_dag.py took 0.078 seconds
[2026-06-16T11:22:11.441+0000] {processor.py:186} INFO - Started process (PID=908) to work on /opt/airflow/dags/crypto_pipeline_dag.py
[2026-06-16T11:22:11.442+0000] {processor.py:914} INFO - Processing file /opt/airflow/dags/crypto_pipeline_dag.py for tasks to queue
[2026-06-16T11:22:11.444+0000] {logging_mixin.py:190} INFO - [2026-06-16T11:22:11.444+0000] {dagbag.py:588} INFO - Filling up the DagBag from /opt/airflow/dags/crypto_pipeline_dag.py
[2026-06-16T11:22:11.459+0000] {processor.py:925} INFO - DAG(s) 'crypto_pipeline_dag' retrieved from /opt/airflow/dags/crypto_pipeline_dag.py
[2026-06-16T11:22:11.480+0000] {logging_mixin.py:190} INFO - [2026-06-16T11:22:11.480+0000] {dag.py:3239} INFO - Sync 1 DAGs
[2026-06-16T11:22:11.498+0000] {logging_mixin.py:190} INFO - [2026-06-16T11:22:11.497+0000] {dag.py:4180} INFO - Setting next_dagrun for crypto_pipeline_dag to 2026-06-16 00:00:00+00:00, run_after=2026-06-17 00:00:00+00:00
[2026-06-16T11:22:11.513+0000] {processor.py:208} INFO - Processing /opt/airflow/dags/crypto_pipeline_dag.py took 0.076 seconds
[2026-06-16T11:22:41.753+0000] {processor.py:186} INFO - Started process (PID=913) to work on /opt/airflow/dags/crypto_pipeline_dag.py
[2026-06-16T11:22:41.755+0000] {processor.py:914} INFO - Processing file /opt/airflow/dags/crypto_pipeline_dag.py for tasks to queue
[2026-06-16T11:22:41.757+0000] {logging_mixin.py:190} INFO - [2026-06-16T11:22:41.757+0000] {dagbag.py:588} INFO - Filling up the DagBag from /opt/airflow/dags/crypto_pipeline_dag.py
[2026-06-16T11:22:41.786+0000] {processor.py:925} INFO - DAG(s) 'crypto_pipeline_dag' retrieved from /opt/airflow/dags/crypto_pipeline_dag.py
[2026-06-16T11:22:41.806+0000] {logging_mixin.py:190} INFO - [2026-06-16T11:22:41.806+0000] {dag.py:3239} INFO - Sync 1 DAGs
[2026-06-16T11:22:41.822+0000] {logging_mixin.py:190} INFO - [2026-06-16T11:22:41.822+0000] {dag.py:4180} INFO - Setting next_dagrun for crypto_pipeline_dag to 2026-06-16 00:00:00+00:00, run_after=2026-06-17 00:00:00+00:00
[2026-06-16T11:22:41.836+0000] {processor.py:208} INFO - Processing /opt/airflow/dags/crypto_pipeline_dag.py took 0.087 seconds
[2026-06-16T11:23:12.020+0000] {processor.py:186} INFO - Started process (PID=918) to work on /opt/airflow/dags/crypto_pipeline_dag.py
[2026-06-16T11:23:12.020+0000] {processor.py:914} INFO - Processing file /opt/airflow/dags/crypto_pipeline_dag.py for tasks to queue
[2026-06-16T11:23:12.023+0000] {logging_mixin.py:190} INFO - [2026-06-16T11:23:12.023+0000] {dagbag.py:588} INFO - Filling up the DagBag from /opt/airflow/dags/crypto_pipeline_dag.py
[2026-06-16T11:23:12.038+0000] {processor.py:925} INFO - DAG(s) 'crypto_pipeline_dag' retrieved from /opt/airflow/dags/crypto_pipeline_dag.py
[2026-06-16T11:23:12.059+0000] {logging_mixin.py:190} INFO - [2026-06-16T11:23:12.058+0000] {dag.py:3239} INFO - Sync 1 DAGs
[2026-06-16T11:23:12.078+0000] {logging_mixin.py:190} INFO - [2026-06-16T11:23:12.077+0000] {dag.py:4180} INFO - Setting next_dagrun for crypto_pipeline_dag to 2026-06-16 00:00:00+00:00, run_after=2026-06-17 00:00:00+00:00
[2026-06-16T11:23:12.092+0000] {processor.py:208} INFO - Processing /opt/airflow/dags/crypto_pipeline_dag.py took 0.077 seconds
[2026-06-16T11:23:42.281+0000] {processor.py:186} INFO - Started process (PID=923) to work on /opt/airflow/dags/crypto_pipeline_dag.py
[2026-06-16T11:23:42.282+0000] {processor.py:914} INFO - Processing file /opt/airflow/dags/crypto_pipeline_dag.py for tasks to queue
[2026-06-16T11:23:42.284+0000] {logging_mixin.py:190} INFO - [2026-06-16T11:23:42.284+0000] {dagbag.py:588} INFO - Filling up the DagBag from /opt/airflow/dags/crypto_pipeline_dag.py
[2026-06-16T11:23:42.297+0000] {processor.py:925} INFO - DAG(s) 'crypto_pipeline_dag' retrieved from /opt/airflow/dags/crypto_pipeline_dag.py
[2026-06-16T11:23:42.315+0000] {logging_mixin.py:190} INFO - [2026-06-16T11:23:42.315+0000] {dag.py:3239} INFO - Sync 1 DAGs
[2026-06-16T11:23:42.331+0000] {logging_mixin.py:190} INFO - [2026-06-16T11:23:42.331+0000] {dag.py:4180} INFO - Setting next_dagrun for crypto_pipeline_dag to 2026-06-16 00:00:00+00:00, run_after=2026-06-17 00:00:00+00:00
[2026-06-16T11:23:42.344+0000] {processor.py:208} INFO - Processing /opt/airflow/dags/crypto_pipeline_dag.py took 0.066 seconds
[2026-06-16T11:24:12.530+0000] {processor.py:186} INFO - Started process (PID=928) to work on /opt/airflow/dags/crypto_pipeline_dag.py
[2026-06-16T11:24:12.532+0000] {processor.py:914} INFO - Processing file /opt/airflow/dags/crypto_pipeline_dag.py for tasks to queue
[2026-06-16T11:24:12.537+0000] {logging_mixin.py:190} INFO - [2026-06-16T11:24:12.537+0000] {dagbag.py:588} INFO - Filling up the DagBag from /opt/airflow/dags/crypto_pipeline_dag.py
[2026-06-16T11:24:12.569+0000] {processor.py:925} INFO - DAG(s) 'crypto_pipeline_dag' retrieved from /opt/airflow/dags/crypto_pipeline_dag.py
[2026-06-16T11:24:12.603+0000] {logging_mixin.py:190} INFO - [2026-06-16T11:24:12.602+0000] {dag.py:3239} INFO - Sync 1 DAGs
[2026-06-16T11:24:12.622+0000] {logging_mixin.py:190} INFO - [2026-06-16T11:24:12.622+0000] {dag.py:4180} INFO - Setting next_dagrun for crypto_pipeline_dag to 2026-06-16 00:00:00+00:00, run_after=2026-06-17 00:00:00+00:00
[2026-06-16T11:24:12.642+0000] {processor.py:208} INFO - Processing /opt/airflow/dags/crypto_pipeline_dag.py took 0.117 seconds
[2026-06-16T11:24:42.816+0000] {processor.py:186} INFO - Started process (PID=933) to work on /opt/airflow/dags/crypto_pipeline_dag.py
[2026-06-16T11:24:42.816+0000] {processor.py:914} INFO - Processing file /opt/airflow/dags/crypto_pipeline_dag.py for tasks to queue
[2026-06-16T11:24:42.818+0000] {logging_mixin.py:190} INFO - [2026-06-16T11:24:42.818+0000] {dagbag.py:588} INFO - Filling up the DagBag from /opt/airflow/dags/crypto_pipeline_dag.py
[2026-06-16T11:24:42.830+0000] {processor.py:925} INFO - DAG(s) 'crypto_pipeline_dag' retrieved from /opt/airflow/dags/crypto_pipeline_dag.py
[2026-06-16T11:24:42.850+0000] {logging_mixin.py:190} INFO - [2026-06-16T11:24:42.850+0000] {dag.py:3239} INFO - Sync 1 DAGs
[2026-06-16T11:24:42.866+0000] {logging_mixin.py:190} INFO - [2026-06-16T11:24:42.866+0000] {dag.py:4180} INFO - Setting next_dagrun for crypto_pipeline_dag to 2026-06-16 00:00:00+00:00, run_after=2026-06-17 00:00:00+00:00
[2026-06-16T11:24:42.880+0000] {processor.py:208} INFO - Processing /opt/airflow/dags/crypto_pipeline_dag.py took 0.069 seconds
[2026-06-16T11:25:13.184+0000] {processor.py:186} INFO - Started process (PID=938) to work on /opt/airflow/dags/crypto_pipeline_dag.py
[2026-06-16T11:25:13.185+0000] {processor.py:914} INFO - Processing file /opt/airflow/dags/crypto_pipeline_dag.py for tasks to queue
[2026-06-16T11:25:13.187+0000] {logging_mixin.py:190} INFO - [2026-06-16T11:25:13.187+0000] {dagbag.py:588} INFO - Filling up the DagBag from /opt/airflow/dags/crypto_pipeline_dag.py
[2026-06-16T11:25:13.199+0000] {processor.py:925} INFO - DAG(s) 'crypto_pipeline_dag' retrieved from /opt/airflow/dags/crypto_pipeline_dag.py
[2026-06-16T11:25:13.218+0000] {logging_mixin.py:190} INFO - [2026-06-16T11:25:13.218+0000] {dag.py:3239} INFO - Sync 1 DAGs
[2026-06-16T11:25:13.234+0000] {logging_mixin.py:190} INFO - [2026-06-16T11:25:13.233+0000] {dag.py:4180} INFO - Setting next_dagrun for crypto_pipeline_dag to 2026-06-16 00:00:00+00:00, run_after=2026-06-17 00:00:00+00:00
[2026-06-16T11:25:13.247+0000] {processor.py:208} INFO - Processing /opt/airflow/dags/crypto_pipeline_dag.py took 0.067 seconds
[2026-06-16T11:25:43.462+0000] {processor.py:186} INFO - Started process (PID=943) to work on /opt/airflow/dags/crypto_pipeline_dag.py
[2026-06-16T11:25:43.463+0000] {processor.py:914} INFO - Processing file /opt/airflow/dags/crypto_pipeline_dag.py for tasks to queue
[2026-06-16T11:25:43.465+0000] {logging_mixin.py:190} INFO - [2026-06-16T11:25:43.465+0000] {dagbag.py:588} INFO - Filling up the DagBag from /opt/airflow/dags/crypto_pipeline_dag.py
[2026-06-16T11:25:43.479+0000] {processor.py:925} INFO - DAG(s) 'crypto_pipeline_dag' retrieved from /opt/airflow/dags/crypto_pipeline_dag.py
[2026-06-16T11:25:43.500+0000] {logging_mixin.py:190} INFO - [2026-06-16T11:25:43.500+0000] {dag.py:3239} INFO - Sync 1 DAGs
[2026-06-16T11:25:43.517+0000] {logging_mixin.py:190} INFO - [2026-06-16T11:25:43.517+0000] {dag.py:4180} INFO - Setting next_dagrun for crypto_pipeline_dag to 2026-06-16 00:00:00+00:00, run_after=2026-06-17 00:00:00+00:00
[2026-06-16T11:25:43.534+0000] {processor.py:208} INFO - Processing /opt/airflow/dags/crypto_pipeline_dag.py took 0.076 seconds
[2026-06-16T11:26:13.716+0000] {processor.py:186} INFO - Started process (PID=948) to work on /opt/airflow/dags/crypto_pipeline_dag.py
[2026-06-16T11:26:13.717+0000] {processor.py:914} INFO - Processing file /opt/airflow/dags/crypto_pipeline_dag.py for tasks to queue
[2026-06-16T11:26:13.719+0000] {logging_mixin.py:190} INFO - [2026-06-16T11:26:13.719+0000] {dagbag.py:588} INFO - Filling up the DagBag from /opt/airflow/dags/crypto_pipeline_dag.py
[2026-06-16T11:26:13.734+0000] {processor.py:925} INFO - DAG(s) 'crypto_pipeline_dag' retrieved from /opt/airflow/dags/crypto_pipeline_dag.py
[2026-06-16T11:26:13.756+0000] {logging_mixin.py:190} INFO - [2026-06-16T11:26:13.756+0000] {dag.py:3239} INFO - Sync 1 DAGs
[2026-06-16T11:26:13.774+0000] {logging_mixin.py:190} INFO - [2026-06-16T11:26:13.774+0000] {dag.py:4180} INFO - Setting next_dagrun for crypto_pipeline_dag to 2026-06-16 00:00:00+00:00, run_after=2026-06-17 00:00:00+00:00
[2026-06-16T11:26:13.789+0000] {processor.py:208} INFO - Processing /opt/airflow/dags/crypto_pipeline_dag.py took 0.077 seconds
[2026-06-16T11:26:44.010+0000] {processor.py:186} INFO - Started process (PID=953) to work on /opt/airflow/dags/crypto_pipeline_dag.py
[2026-06-16T11:26:44.011+0000] {processor.py:914} INFO - Processing file /opt/airflow/dags/crypto_pipeline_dag.py for tasks to queue
[2026-06-16T11:26:44.013+0000] {logging_mixin.py:190} INFO - [2026-06-16T11:26:44.012+0000] {dagbag.py:588} INFO - Filling up the DagBag from /opt/airflow/dags/crypto_pipeline_dag.py
[2026-06-16T11:26:44.025+0000] {processor.py:925} INFO - DAG(s) 'crypto_pipeline_dag' retrieved from /opt/airflow/dags/crypto_pipeline_dag.py
[2026-06-16T11:26:44.044+0000] {logging_mixin.py:190} INFO - [2026-06-16T11:26:44.044+0000] {dag.py:3239} INFO - Sync 1 DAGs
[2026-06-16T11:26:44.060+0000] {logging_mixin.py:190} INFO - [2026-06-16T11:26:44.060+0000] {dag.py:4180} INFO - Setting next_dagrun for crypto_pipeline_dag to 2026-06-16 00:00:00+00:00, run_after=2026-06-17 00:00:00+00:00
[2026-06-16T11:26:44.073+0000] {processor.py:208} INFO - Processing /opt/airflow/dags/crypto_pipeline_dag.py took 0.066 seconds
[2026-06-16T11:27:14.249+0000] {processor.py:186} INFO - Started process (PID=958) to work on /opt/airflow/dags/crypto_pipeline_dag.py
[2026-06-16T11:27:14.251+0000] {processor.py:914} INFO - Processing file /opt/airflow/dags/crypto_pipeline_dag.py for tasks to queue
[2026-06-16T11:27:14.254+0000] {logging_mixin.py:190} INFO - [2026-06-16T11:27:14.254+0000] {dagbag.py:588} INFO - Filling up the DagBag from /opt/airflow/dags/crypto_pipeline_dag.py
[2026-06-16T11:27:14.274+0000] {processor.py:925} INFO - DAG(s) 'crypto_pipeline_dag' retrieved from /opt/airflow/dags/crypto_pipeline_dag.py
[2026-06-16T11:27:14.297+0000] {logging_mixin.py:190} INFO - [2026-06-16T11:27:14.297+0000] {dag.py:3239} INFO - Sync 1 DAGs
[2026-06-16T11:27:14.316+0000] {logging_mixin.py:190} INFO - [2026-06-16T11:27:14.316+0000] {dag.py:4180} INFO - Setting next_dagrun for crypto_pipeline_dag to 2026-06-16 00:00:00+00:00, run_after=2026-06-17 00:00:00+00:00
[2026-06-16T11:27:14.333+0000] {processor.py:208} INFO - Processing /opt/airflow/dags/crypto_pipeline_dag.py took 0.089 seconds
[2026-06-16T11:27:44.490+0000] {processor.py:186} INFO - Started process (PID=963) to work on /opt/airflow/dags/crypto_pipeline_dag.py
[2026-06-16T11:27:44.491+0000] {processor.py:914} INFO - Processing file /opt/airflow/dags/crypto_pipeline_dag.py for tasks to queue
[2026-06-16T11:27:44.493+0000] {logging_mixin.py:190} INFO - [2026-06-16T11:27:44.492+0000] {dagbag.py:588} INFO - Filling up the DagBag from /opt/airflow/dags/crypto_pipeline_dag.py
[2026-06-16T11:27:44.507+0000] {processor.py:925} INFO - DAG(s) 'crypto_pipeline_dag' retrieved from /opt/airflow/dags/crypto_pipeline_dag.py
[2026-06-16T11:27:44.528+0000] {logging_mixin.py:190} INFO - [2026-06-16T11:27:44.528+0000] {dag.py:3239} INFO - Sync 1 DAGs
[2026-06-16T11:27:44.545+0000] {logging_mixin.py:190} INFO - [2026-06-16T11:27:44.545+0000] {dag.py:4180} INFO - Setting next_dagrun for crypto_pipeline_dag to 2026-06-16 00:00:00+00:00, run_after=2026-06-17 00:00:00+00:00
[2026-06-16T11:27:44.558+0000] {processor.py:208} INFO - Processing /opt/airflow/dags/crypto_pipeline_dag.py took 0.072 seconds
[2026-06-16T11:28:14.818+0000] {processor.py:186} INFO - Started process (PID=968) to work on /opt/airflow/dags/crypto_pipeline_dag.py
[2026-06-16T11:28:14.819+0000] {processor.py:914} INFO - Processing file /opt/airflow/dags/crypto_pipeline_dag.py for tasks to queue
[2026-06-16T11:28:14.821+0000] {logging_mixin.py:190} INFO - [2026-06-16T11:28:14.820+0000] {dagbag.py:588} INFO - Filling up the DagBag from /opt/airflow/dags/crypto_pipeline_dag.py
[2026-06-16T11:28:14.835+0000] {processor.py:925} INFO - DAG(s) 'crypto_pipeline_dag' retrieved from /opt/airflow/dags/crypto_pipeline_dag.py
[2026-06-16T11:28:14.856+0000] {logging_mixin.py:190} INFO - [2026-06-16T11:28:14.856+0000] {dag.py:3239} INFO - Sync 1 DAGs
[2026-06-16T11:28:14.873+0000] {logging_mixin.py:190} INFO - [2026-06-16T11:28:14.873+0000] {dag.py:4180} INFO - Setting next_dagrun for crypto_pipeline_dag to 2026-06-16 00:00:00+00:00, run_after=2026-06-17 00:00:00+00:00
[2026-06-16T11:28:14.886+0000] {processor.py:208} INFO - Processing /opt/airflow/dags/crypto_pipeline_dag.py took 0.073 seconds
[2026-06-16T11:28:45.046+0000] {processor.py:186} INFO - Started process (PID=973) to work on /opt/airflow/dags/crypto_pipeline_dag.py
[2026-06-16T11:28:45.047+0000] {processor.py:914} INFO - Processing file /opt/airflow/dags/crypto_pipeline_dag.py for tasks to queue
[2026-06-16T11:28:45.049+0000] {logging_mixin.py:190} INFO - [2026-06-16T11:28:45.049+0000] {dagbag.py:588} INFO - Filling up the DagBag from /opt/airflow/dags/crypto_pipeline_dag.py
[2026-06-16T11:28:45.062+0000] {processor.py:925} INFO - DAG(s) 'crypto_pipeline_dag' retrieved from /opt/airflow/dags/crypto_pipeline_dag.py
[2026-06-16T11:28:45.084+0000] {logging_mixin.py:190} INFO - [2026-06-16T11:28:45.083+0000] {dag.py:3239} INFO - Sync 1 DAGs
[2026-06-16T11:28:45.104+0000] {logging_mixin.py:190} INFO - [2026-06-16T11:28:45.103+0000] {dag.py:4180} INFO - Setting next_dagrun for crypto_pipeline_dag to 2026-06-16 00:00:00+00:00, run_after=2026-06-17 00:00:00+00:00
[2026-06-16T11:28:45.120+0000] {processor.py:208} INFO - Processing /opt/airflow/dags/crypto_pipeline_dag.py took 0.078 seconds
[2026-06-16T11:29:15.356+0000] {processor.py:186} INFO - Started process (PID=978) to work on /opt/airflow/dags/crypto_pipeline_dag.py
[2026-06-16T11:29:15.357+0000] {processor.py:914} INFO - Processing file /opt/airflow/dags/crypto_pipeline_dag.py for tasks to queue
[2026-06-16T11:29:15.359+0000] {logging_mixin.py:190} INFO - [2026-06-16T11:29:15.359+0000] {dagbag.py:588} INFO - Filling up the DagBag from /opt/airflow/dags/crypto_pipeline_dag.py
[2026-06-16T11:29:15.372+0000] {processor.py:925} INFO - DAG(s) 'crypto_pipeline_dag' retrieved from /opt/airflow/dags/crypto_pipeline_dag.py
[2026-06-16T11:29:15.392+0000] {logging_mixin.py:190} INFO - [2026-06-16T11:29:15.392+0000] {dag.py:3239} INFO - Sync 1 DAGs
[2026-06-16T11:29:15.408+0000] {logging_mixin.py:190} INFO - [2026-06-16T11:29:15.408+0000] {dag.py:4180} INFO - Setting next_dagrun for crypto_pipeline_dag to 2026-06-16 00:00:00+00:00, run_after=2026-06-17 00:00:00+00:00
[2026-06-16T11:29:15.421+0000] {processor.py:208} INFO - Processing /opt/airflow/dags/crypto_pipeline_dag.py took 0.069 seconds
[2026-06-16T11:29:45.650+0000] {processor.py:186} INFO - Started process (PID=983) to work on /opt/airflow/dags/crypto_pipeline_dag.py
[2026-06-16T11:29:45.651+0000] {processor.py:914} INFO - Processing file /opt/airflow/dags/crypto_pipeline_dag.py for tasks to queue
[2026-06-16T11:29:45.653+0000] {logging_mixin.py:190} INFO - [2026-06-16T11:29:45.653+0000] {dagbag.py:588} INFO - Filling up the DagBag from /opt/airflow/dags/crypto_pipeline_dag.py
[2026-06-16T11:29:45.666+0000] {processor.py:925} INFO - DAG(s) 'crypto_pipeline_dag' retrieved from /opt/airflow/dags/crypto_pipeline_dag.py
[2026-06-16T11:29:45.685+0000] {logging_mixin.py:190} INFO - [2026-06-16T11:29:45.685+0000] {dag.py:3239} INFO - Sync 1 DAGs
[2026-06-16T11:29:45.702+0000] {logging_mixin.py:190} INFO - [2026-06-16T11:29:45.702+0000] {dag.py:4180} INFO - Setting next_dagrun for crypto_pipeline_dag to 2026-06-16 00:00:00+00:00, run_after=2026-06-17 00:00:00+00:00
[2026-06-16T11:29:45.715+0000] {processor.py:208} INFO - Processing /opt/airflow/dags/crypto_pipeline_dag.py took 0.070 seconds
[2026-06-16T11:30:15.893+0000] {processor.py:186} INFO - Started process (PID=988) to work on /opt/airflow/dags/crypto_pipeline_dag.py
[2026-06-16T11:30:15.894+0000] {processor.py:914} INFO - Processing file /opt/airflow/dags/crypto_pipeline_dag.py for tasks to queue
[2026-06-16T11:30:15.895+0000] {logging_mixin.py:190} INFO - [2026-06-16T11:30:15.895+0000] {dagbag.py:588} INFO - Filling up the DagBag from /opt/airflow/dags/crypto_pipeline_dag.py
[2026-06-16T11:30:15.908+0000] {processor.py:925} INFO - DAG(s) 'crypto_pipeline_dag' retrieved from /opt/airflow/dags/crypto_pipeline_dag.py
[2026-06-16T11:30:15.928+0000] {logging_mixin.py:190} INFO - [2026-06-16T11:30:15.928+0000] {dag.py:3239} INFO - Sync 1 DAGs
[2026-06-16T11:30:15.945+0000] {logging_mixin.py:190} INFO - [2026-06-16T11:30:15.945+0000] {dag.py:4180} INFO - Setting next_dagrun for crypto_pipeline_dag to 2026-06-16 00:00:00+00:00, run_after=2026-06-17 00:00:00+00:00
[2026-06-16T11:30:15.959+0000] {processor.py:208} INFO - Processing /opt/airflow/dags/crypto_pipeline_dag.py took 0.070 seconds
[2026-06-16T11:30:46.125+0000] {processor.py:186} INFO - Started process (PID=1022) to work on /opt/airflow/dags/crypto_pipeline_dag.py
[2026-06-16T11:30:46.126+0000] {processor.py:914} INFO - Processing file /opt/airflow/dags/crypto_pipeline_dag.py for tasks to queue
[2026-06-16T11:30:46.127+0000] {logging_mixin.py:190} INFO - [2026-06-16T11:30:46.127+0000] {dagbag.py:588} INFO - Filling up the DagBag from /opt/airflow/dags/crypto_pipeline_dag.py
[2026-06-16T11:30:46.139+0000] {processor.py:925} INFO - DAG(s) 'crypto_pipeline_dag' retrieved from /opt/airflow/dags/crypto_pipeline_dag.py
[2026-06-16T11:30:46.160+0000] {logging_mixin.py:190} INFO - [2026-06-16T11:30:46.160+0000] {dag.py:3239} INFO - Sync 1 DAGs
[2026-06-16T11:30:46.179+0000] {logging_mixin.py:190} INFO - [2026-06-16T11:30:46.179+0000] {dag.py:4180} INFO - Setting next_dagrun for crypto_pipeline_dag to 2026-06-16 00:00:00+00:00, run_after=2026-06-17 00:00:00+00:00
[2026-06-16T11:30:46.192+0000] {processor.py:208} INFO - Processing /opt/airflow/dags/crypto_pipeline_dag.py took 0.072 seconds
[2026-06-16T11:31:16.364+0000] {processor.py:186} INFO - Started process (PID=1027) to work on /opt/airflow/dags/crypto_pipeline_dag.py
[2026-06-16T11:31:16.365+0000] {processor.py:914} INFO - Processing file /opt/airflow/dags/crypto_pipeline_dag.py for tasks to queue
[2026-06-16T11:31:16.367+0000] {logging_mixin.py:190} INFO - [2026-06-16T11:31:16.367+0000] {dagbag.py:588} INFO - Filling up the DagBag from /opt/airflow/dags/crypto_pipeline_dag.py
[2026-06-16T11:31:16.381+0000] {processor.py:925} INFO - DAG(s) 'crypto_pipeline_dag' retrieved from /opt/airflow/dags/crypto_pipeline_dag.py
[2026-06-16T11:31:16.402+0000] {logging_mixin.py:190} INFO - [2026-06-16T11:31:16.401+0000] {dag.py:3239} INFO - Sync 1 DAGs
[2026-06-16T11:31:16.418+0000] {logging_mixin.py:190} INFO - [2026-06-16T11:31:16.418+0000] {dag.py:4180} INFO - Setting next_dagrun for crypto_pipeline_dag to 2026-06-16 00:00:00+00:00, run_after=2026-06-17 00:00:00+00:00
[2026-06-16T11:31:16.430+0000] {processor.py:208} INFO - Processing /opt/airflow/dags/crypto_pipeline_dag.py took 0.071 seconds
[2026-06-16T11:31:46.726+0000] {processor.py:186} INFO - Started process (PID=1032) to work on /opt/airflow/dags/crypto_pipeline_dag.py
[2026-06-16T11:31:46.727+0000] {processor.py:914} INFO - Processing file /opt/airflow/dags/crypto_pipeline_dag.py for tasks to queue
[2026-06-16T11:31:46.729+0000] {logging_mixin.py:190} INFO - [2026-06-16T11:31:46.729+0000] {dagbag.py:588} INFO - Filling up the DagBag from /opt/airflow/dags/crypto_pipeline_dag.py
[2026-06-16T11:31:46.751+0000] {processor.py:925} INFO - DAG(s) 'crypto_pipeline_dag' retrieved from /opt/airflow/dags/crypto_pipeline_dag.py
[2026-06-16T11:31:46.776+0000] {logging_mixin.py:190} INFO - [2026-06-16T11:31:46.776+0000] {dag.py:3239} INFO - Sync 1 DAGs
[2026-06-16T11:31:46.794+0000] {logging_mixin.py:190} INFO - [2026-06-16T11:31:46.794+0000] {dag.py:4180} INFO - Setting next_dagrun for crypto_pipeline_dag to 2026-06-16 00:00:00+00:00, run_after=2026-06-17 00:00:00+00:00
[2026-06-16T11:31:46.811+0000] {processor.py:208} INFO - Processing /opt/airflow/dags/crypto_pipeline_dag.py took 0.092 seconds
[2026-06-16T11:32:16.957+0000] {processor.py:186} INFO - Started process (PID=1037) to work on /opt/airflow/dags/crypto_pipeline_dag.py
[2026-06-16T11:32:16.958+0000] {processor.py:914} INFO - Processing file /opt/airflow/dags/crypto_pipeline_dag.py for tasks to queue
[2026-06-16T11:32:16.960+0000] {logging_mixin.py:190} INFO - [2026-06-16T11:32:16.960+0000] {dagbag.py:588} INFO - Filling up the DagBag from /opt/airflow/dags/crypto_pipeline_dag.py
[2026-06-16T11:32:16.975+0000] {processor.py:925} INFO - DAG(s) 'crypto_pipeline_dag' retrieved from /opt/airflow/dags/crypto_pipeline_dag.py
[2026-06-16T11:32:16.994+0000] {logging_mixin.py:190} INFO - [2026-06-16T11:32:16.994+0000] {dag.py:3239} INFO - Sync 1 DAGs
[2026-06-16T11:32:17.011+0000] {logging_mixin.py:190} INFO - [2026-06-16T11:32:17.011+0000] {dag.py:4180} INFO - Setting next_dagrun for crypto_pipeline_dag to 2026-06-16 00:00:00+00:00, run_after=2026-06-17 00:00:00+00:00
[2026-06-16T11:32:17.025+0000] {processor.py:208} INFO - Processing /opt/airflow/dags/crypto_pipeline_dag.py took 0.072 seconds
[2026-06-16T11:32:47.280+0000] {processor.py:186} INFO - Started process (PID=1042) to work on /opt/airflow/dags/crypto_pipeline_dag.py
[2026-06-16T11:32:47.280+0000] {processor.py:914} INFO - Processing file /opt/airflow/dags/crypto_pipeline_dag.py for tasks to queue
[2026-06-16T11:32:47.282+0000] {logging_mixin.py:190} INFO - [2026-06-16T11:32:47.282+0000] {dagbag.py:588} INFO - Filling up the DagBag from /opt/airflow/dags/crypto_pipeline_dag.py
[2026-06-16T11:32:47.295+0000] {processor.py:925} INFO - DAG(s) 'crypto_pipeline_dag' retrieved from /opt/airflow/dags/crypto_pipeline_dag.py
[2026-06-16T11:32:47.314+0000] {logging_mixin.py:190} INFO - [2026-06-16T11:32:47.314+0000] {dag.py:3239} INFO - Sync 1 DAGs
[2026-06-16T11:32:47.330+0000] {logging_mixin.py:190} INFO - [2026-06-16T11:32:47.330+0000] {dag.py:4180} INFO - Setting next_dagrun for crypto_pipeline_dag to 2026-06-16 00:00:00+00:00, run_after=2026-06-17 00:00:00+00:00
[2026-06-16T11:32:47.345+0000] {processor.py:208} INFO - Processing /opt/airflow/dags/crypto_pipeline_dag.py took 0.069 seconds
[2026-06-16T11:33:17.552+0000] {processor.py:186} INFO - Started process (PID=1047) to work on /opt/airflow/dags/crypto_pipeline_dag.py
[2026-06-16T11:33:17.553+0000] {processor.py:914} INFO - Processing file /opt/airflow/dags/crypto_pipeline_dag.py for tasks to queue
[2026-06-16T11:33:17.554+0000] {logging_mixin.py:190} INFO - [2026-06-16T11:33:17.554+0000] {dagbag.py:588} INFO - Filling up the DagBag from /opt/airflow/dags/crypto_pipeline_dag.py
[2026-06-16T11:33:17.566+0000] {processor.py:925} INFO - DAG(s) 'crypto_pipeline_dag' retrieved from /opt/airflow/dags/crypto_pipeline_dag.py
[2026-06-16T11:33:17.585+0000] {logging_mixin.py:190} INFO - [2026-06-16T11:33:17.584+0000] {dag.py:3239} INFO - Sync 1 DAGs
[2026-06-16T11:33:17.602+0000] {logging_mixin.py:190} INFO - [2026-06-16T11:33:17.602+0000] {dag.py:4180} INFO - Setting next_dagrun for crypto_pipeline_dag to 2026-06-16 00:00:00+00:00, run_after=2026-06-17 00:00:00+00:00
[2026-06-16T11:33:17.618+0000] {processor.py:208} INFO - Processing /opt/airflow/dags/crypto_pipeline_dag.py took 0.071 seconds
[2026-06-16T11:33:47.826+0000] {processor.py:186} INFO - Started process (PID=1052) to work on /opt/airflow/dags/crypto_pipeline_dag.py
[2026-06-16T11:33:47.827+0000] {processor.py:914} INFO - Processing file /opt/airflow/dags/crypto_pipeline_dag.py for tasks to queue
[2026-06-16T11:33:47.829+0000] {logging_mixin.py:190} INFO - [2026-06-16T11:33:47.828+0000] {dagbag.py:588} INFO - Filling up the DagBag from /opt/airflow/dags/crypto_pipeline_dag.py
[2026-06-16T11:33:47.841+0000] {processor.py:925} INFO - DAG(s) 'crypto_pipeline_dag' retrieved from /opt/airflow/dags/crypto_pipeline_dag.py
[2026-06-16T11:33:47.862+0000] {logging_mixin.py:190} INFO - [2026-06-16T11:33:47.862+0000] {dag.py:3239} INFO - Sync 1 DAGs
[2026-06-16T11:33:47.881+0000] {logging_mixin.py:190} INFO - [2026-06-16T11:33:47.881+0000] {dag.py:4180} INFO - Setting next_dagrun for crypto_pipeline_dag to 2026-06-16 00:00:00+00:00, run_after=2026-06-17 00:00:00+00:00
[2026-06-16T11:33:47.904+0000] {processor.py:208} INFO - Processing /opt/airflow/dags/crypto_pipeline_dag.py took 0.082 seconds
[2026-06-16T11:34:18.059+0000] {processor.py:186} INFO - Started process (PID=1057) to work on /opt/airflow/dags/crypto_pipeline_dag.py
[2026-06-16T11:34:18.060+0000] {processor.py:914} INFO - Processing file /opt/airflow/dags/crypto_pipeline_dag.py for tasks to queue
[2026-06-16T11:34:18.062+0000] {logging_mixin.py:190} INFO - [2026-06-16T11:34:18.062+0000] {dagbag.py:588} INFO - Filling up the DagBag from /opt/airflow/dags/crypto_pipeline_dag.py
[2026-06-16T11:34:18.080+0000] {processor.py:925} INFO - DAG(s) 'crypto_pipeline_dag' retrieved from /opt/airflow/dags/crypto_pipeline_dag.py
[2026-06-16T11:34:18.104+0000] {logging_mixin.py:190} INFO - [2026-06-16T11:34:18.104+0000] {dag.py:3239} INFO - Sync 1 DAGs
[2026-06-16T11:34:18.122+0000] {logging_mixin.py:190} INFO - [2026-06-16T11:34:18.122+0000] {dag.py:4180} INFO - Setting next_dagrun for crypto_pipeline_dag to 2026-06-16 00:00:00+00:00, run_after=2026-06-17 00:00:00+00:00
[2026-06-16T11:34:18.139+0000] {processor.py:208} INFO - Processing /opt/airflow/dags/crypto_pipeline_dag.py took 0.084 seconds
[2026-06-16T11:34:48.358+0000] {processor.py:186} INFO - Started process (PID=1071) to work on /opt/airflow/dags/crypto_pipeline_dag.py
[2026-06-16T11:34:48.359+0000] {processor.py:914} INFO - Processing file /opt/airflow/dags/crypto_pipeline_dag.py for tasks to queue
[2026-06-16T11:34:48.363+0000] {logging_mixin.py:190} INFO - [2026-06-16T11:34:48.363+0000] {dagbag.py:588} INFO - Filling up the DagBag from /opt/airflow/dags/crypto_pipeline_dag.py
[2026-06-16T11:34:48.387+0000] {processor.py:925} INFO - DAG(s) 'crypto_pipeline_dag' retrieved from /opt/airflow/dags/crypto_pipeline_dag.py
[2026-06-16T11:34:48.411+0000] {logging_mixin.py:190} INFO - [2026-06-16T11:34:48.411+0000] {dag.py:3239} INFO - Sync 1 DAGs
[2026-06-16T11:34:48.428+0000] {logging_mixin.py:190} INFO - [2026-06-16T11:34:48.428+0000] {dag.py:4180} INFO - Setting next_dagrun for crypto_pipeline_dag to 2026-06-16 00:00:00+00:00, run_after=2026-06-17 00:00:00+00:00
[2026-06-16T11:34:48.444+0000] {processor.py:208} INFO - Processing /opt/airflow/dags/crypto_pipeline_dag.py took 0.093 seconds
[2026-06-16T11:35:18.615+0000] {processor.py:186} INFO - Started process (PID=1076) to work on /opt/airflow/dags/crypto_pipeline_dag.py
[2026-06-16T11:35:18.616+0000] {processor.py:914} INFO - Processing file /opt/airflow/dags/crypto_pipeline_dag.py for tasks to queue
[2026-06-16T11:35:18.618+0000] {logging_mixin.py:190} INFO - [2026-06-16T11:35:18.618+0000] {dagbag.py:588} INFO - Filling up the DagBag from /opt/airflow/dags/crypto_pipeline_dag.py
[2026-06-16T11:35:18.642+0000] {processor.py:925} INFO - DAG(s) 'crypto_pipeline_dag' retrieved from /opt/airflow/dags/crypto_pipeline_dag.py
[2026-06-16T11:35:18.761+0000] {logging_mixin.py:190} INFO - [2026-06-16T11:35:18.761+0000] {dag.py:3239} INFO - Sync 1 DAGs
[2026-06-16T11:35:18.776+0000] {logging_mixin.py:190} INFO - [2026-06-16T11:35:18.776+0000] {dag.py:4180} INFO - Setting next_dagrun for crypto_pipeline_dag to 2026-06-16 00:00:00+00:00, run_after=2026-06-17 00:00:00+00:00
[2026-06-16T11:35:18.793+0000] {processor.py:208} INFO - Processing /opt/airflow/dags/crypto_pipeline_dag.py took 0.181 seconds
[2026-06-16T11:35:21.839+0000] {processor.py:186} INFO - Started process (PID=1081) to work on /opt/airflow/dags/crypto_pipeline_dag.py
[2026-06-16T11:35:21.840+0000] {processor.py:914} INFO - Processing file /opt/airflow/dags/crypto_pipeline_dag.py for tasks to queue
[2026-06-16T11:35:21.842+0000] {logging_mixin.py:190} INFO - [2026-06-16T11:35:21.842+0000] {dagbag.py:588} INFO - Filling up the DagBag from /opt/airflow/dags/crypto_pipeline_dag.py
[2026-06-16T11:35:21.858+0000] {processor.py:925} INFO - DAG(s) 'crypto_pipeline_dag' retrieved from /opt/airflow/dags/crypto_pipeline_dag.py
[2026-06-16T11:35:21.868+0000] {logging_mixin.py:190} INFO - [2026-06-16T11:35:21.868+0000] {dag.py:3239} INFO - Sync 1 DAGs
[2026-06-16T11:35:21.885+0000] {logging_mixin.py:190} INFO - [2026-06-16T11:35:21.885+0000] {dag.py:4180} INFO - Setting next_dagrun for crypto_pipeline_dag to 2026-06-16 00:00:00+00:00, run_after=2026-06-17 00:00:00+00:00
[2026-06-16T11:35:21.900+0000] {processor.py:208} INFO - Processing /opt/airflow/dags/crypto_pipeline_dag.py took 0.065 seconds
[2026-06-16T11:35:23.864+0000] {processor.py:186} INFO - Started process (PID=1086) to work on /opt/airflow/dags/crypto_pipeline_dag.py
[2026-06-16T11:35:23.866+0000] {processor.py:914} INFO - Processing file /opt/airflow/dags/crypto_pipeline_dag.py for tasks to queue
[2026-06-16T11:35:23.868+0000] {logging_mixin.py:190} INFO - [2026-06-16T11:35:23.868+0000] {dagbag.py:588} INFO - Filling up the DagBag from /opt/airflow/dags/crypto_pipeline_dag.py
[2026-06-16T11:35:23.893+0000] {processor.py:925} INFO - DAG(s) 'crypto_pipeline_dag' retrieved from /opt/airflow/dags/crypto_pipeline_dag.py
[2026-06-16T11:35:23.904+0000] {logging_mixin.py:190} INFO - [2026-06-16T11:35:23.904+0000] {dag.py:3239} INFO - Sync 1 DAGs
[2026-06-16T11:35:23.922+0000] {logging_mixin.py:190} INFO - [2026-06-16T11:35:23.922+0000] {dag.py:4180} INFO - Setting next_dagrun for crypto_pipeline_dag to 2026-06-16 00:00:00+00:00, run_after=2026-06-17 00:00:00+00:00
[2026-06-16T11:35:23.940+0000] {processor.py:208} INFO - Processing /opt/airflow/dags/crypto_pipeline_dag.py took 0.081 seconds
[2026-06-16T11:35:54.200+0000] {processor.py:186} INFO - Started process (PID=1091) to work on /opt/airflow/dags/crypto_pipeline_dag.py
[2026-06-16T11:35:54.201+0000] {processor.py:914} INFO - Processing file /opt/airflow/dags/crypto_pipeline_dag.py for tasks to queue
[2026-06-16T11:35:54.203+0000] {logging_mixin.py:190} INFO - [2026-06-16T11:35:54.203+0000] {dagbag.py:588} INFO - Filling up the DagBag from /opt/airflow/dags/crypto_pipeline_dag.py
[2026-06-16T11:35:54.217+0000] {processor.py:925} INFO - DAG(s) 'crypto_pipeline_dag' retrieved from /opt/airflow/dags/crypto_pipeline_dag.py
[2026-06-16T11:35:54.307+0000] {logging_mixin.py:190} INFO - [2026-06-16T11:35:54.306+0000] {dag.py:3239} INFO - Sync 1 DAGs
[2026-06-16T11:35:54.321+0000] {logging_mixin.py:190} INFO - [2026-06-16T11:35:54.321+0000] {dag.py:4180} INFO - Setting next_dagrun for crypto_pipeline_dag to 2026-06-16 00:00:00+00:00, run_after=2026-06-17 00:00:00+00:00
[2026-06-16T11:35:54.337+0000] {processor.py:208} INFO - Processing /opt/airflow/dags/crypto_pipeline_dag.py took 0.141 seconds
[2026-06-16T11:36:05.917+0000] {processor.py:186} INFO - Started process (PID=182) to work on /opt/airflow/dags/crypto_pipeline_dag.py
[2026-06-16T11:36:05.918+0000] {processor.py:914} INFO - Processing file /opt/airflow/dags/crypto_pipeline_dag.py for tasks to queue
[2026-06-16T11:36:05.924+0000] {logging_mixin.py:190} INFO - [2026-06-16T11:36:05.924+0000] {dagbag.py:588} INFO - Filling up the DagBag from /opt/airflow/dags/crypto_pipeline_dag.py
[2026-06-16T11:36:05.956+0000] {processor.py:925} INFO - DAG(s) 'crypto_pipeline_dag' retrieved from /opt/airflow/dags/crypto_pipeline_dag.py
[2026-06-16T11:36:05.967+0000] {logging_mixin.py:190} INFO - [2026-06-16T11:36:05.967+0000] {dag.py:3239} INFO - Sync 1 DAGs
[2026-06-16T11:36:05.952+0000] {logging_mixin.py:190} INFO - [2026-06-16T11:36:05.952+0000] {dag.py:4180} INFO - Setting next_dagrun for crypto_pipeline_dag to 2026-06-16 00:00:00+00:00, run_after=2026-06-17 00:00:00+00:00
[2026-06-16T11:36:05.967+0000] {processor.py:208} INFO - Processing /opt/airflow/dags/crypto_pipeline_dag.py took 0.104 seconds
[2026-06-16T11:36:36.060+0000] {processor.py:186} INFO - Started process (PID=211) to work on /opt/airflow/dags/crypto_pipeline_dag.py
[2026-06-16T11:36:36.060+0000] {processor.py:914} INFO - Processing file /opt/airflow/dags/crypto_pipeline_dag.py for tasks to queue
[2026-06-16T11:36:36.063+0000] {logging_mixin.py:190} INFO - [2026-06-16T11:36:36.062+0000] {dagbag.py:588} INFO - Filling up the DagBag from /opt/airflow/dags/crypto_pipeline_dag.py
[2026-06-16T11:36:36.078+0000] {processor.py:925} INFO - DAG(s) 'crypto_pipeline_dag' retrieved from /opt/airflow/dags/crypto_pipeline_dag.py
[2026-06-16T11:36:36.106+0000] {logging_mixin.py:190} INFO - [2026-06-16T11:36:36.106+0000] {dag.py:3239} INFO - Sync 1 DAGs
[2026-06-16T11:36:36.133+0000] {logging_mixin.py:190} INFO - [2026-06-16T11:36:36.133+0000] {dag.py:4180} INFO - Setting next_dagrun for crypto_pipeline_dag to 2026-06-16 00:00:00+00:00, run_after=2026-06-17 00:00:00+00:00
[2026-06-16T11:36:36.159+0000] {processor.py:208} INFO - Processing /opt/airflow/dags/crypto_pipeline_dag.py took 0.105 seconds
[2026-06-16T11:37:06.393+0000] {processor.py:186} INFO - Started process (PID=216) to work on /opt/airflow/dags/crypto_pipeline_dag.py
[2026-06-16T11:37:06.394+0000] {processor.py:914} INFO - Processing file /opt/airflow/dags/crypto_pipeline_dag.py for tasks to queue
[2026-06-16T11:37:06.396+0000] {logging_mixin.py:190} INFO - [2026-06-16T11:37:06.396+0000] {dagbag.py:588} INFO - Filling up the DagBag from /opt/airflow/dags/crypto_pipeline_dag.py
[2026-06-16T11:37:06.408+0000] {processor.py:925} INFO - DAG(s) 'crypto_pipeline_dag' retrieved from /opt/airflow/dags/crypto_pipeline_dag.py
[2026-06-16T11:37:06.426+0000] {logging_mixin.py:190} INFO - [2026-06-16T11:37:06.426+0000] {dag.py:3239} INFO - Sync 1 DAGs
[2026-06-16T11:37:06.443+0000] {logging_mixin.py:190} INFO - [2026-06-16T11:37:06.443+0000] {dag.py:4180} INFO - Setting next_dagrun for crypto_pipeline_dag to 2026-06-16 00:00:00+00:00, run_after=2026-06-17 00:00:00+00:00
[2026-06-16T11:37:06.469+0000] {processor.py:208} INFO - Processing /opt/airflow/dags/crypto_pipeline_dag.py took 0.080 seconds
[2026-06-16T11:37:36.641+0000] {processor.py:186} INFO - Started process (PID=221) to work on /opt/airflow/dags/crypto_pipeline_dag.py
[2026-06-16T11:37:36.641+0000] {processor.py:914} INFO - Processing file /opt/airflow/dags/crypto_pipeline_dag.py for tasks to queue
[2026-06-16T11:37:36.643+0000] {logging_mixin.py:190} INFO - [2026-06-16T11:37:36.643+0000] {dagbag.py:588} INFO - Filling up the DagBag from /opt/airflow/dags/crypto_pipeline_dag.py
[2026-06-16T11:37:36.655+0000] {processor.py:925} INFO - DAG(s) 'crypto_pipeline_dag' retrieved from /opt/airflow/dags/crypto_pipeline_dag.py
[2026-06-16T11:37:36.676+0000] {logging_mixin.py:190} INFO - [2026-06-16T11:37:36.676+0000] {dag.py:3239} INFO - Sync 1 DAGs
[2026-06-16T11:37:36.693+0000] {logging_mixin.py:190} INFO - [2026-06-16T11:37:36.693+0000] {dag.py:4180} INFO - Setting next_dagrun for crypto_pipeline_dag to 2026-06-16 00:00:00+00:00, run_after=2026-06-17 00:00:00+00:00
[2026-06-16T11:37:36.708+0000] {processor.py:208} INFO - Processing /opt/airflow/dags/crypto_pipeline_dag.py took 0.072 seconds
[2026-06-16T11:38:06.951+0000] {processor.py:186} INFO - Started process (PID=226) to work on /opt/airflow/dags/crypto_pipeline_dag.py
[2026-06-16T11:38:06.952+0000] {processor.py:914} INFO - Processing file /opt/airflow/dags/crypto_pipeline_dag.py for tasks to queue
[2026-06-16T11:38:06.954+0000] {logging_mixin.py:190} INFO - [2026-06-16T11:38:06.953+0000] {dagbag.py:588} INFO - Filling up the DagBag from /opt/airflow/dags/crypto_pipeline_dag.py
[2026-06-16T11:38:06.966+0000] {processor.py:925} INFO - DAG(s) 'crypto_pipeline_dag' retrieved from /opt/airflow/dags/crypto_pipeline_dag.py
[2026-06-16T11:38:06.985+0000] {logging_mixin.py:190} INFO - [2026-06-16T11:38:06.985+0000] {dag.py:3239} INFO - Sync 1 DAGs
[2026-06-16T11:38:07.002+0000] {logging_mixin.py:190} INFO - [2026-06-16T11:38:07.002+0000] {dag.py:4180} INFO - Setting next_dagrun for crypto_pipeline_dag to 2026-06-16 00:00:00+00:00, run_after=2026-06-17 00:00:00+00:00
[2026-06-16T11:38:07.016+0000] {processor.py:208} INFO - Processing /opt/airflow/dags/crypto_pipeline_dag.py took 0.069 seconds
[2026-06-16T11:38:37.291+0000] {processor.py:186} INFO - Started process (PID=231) to work on /opt/airflow/dags/crypto_pipeline_dag.py
[2026-06-16T11:38:37.292+0000] {processor.py:914} INFO - Processing file /opt/airflow/dags/crypto_pipeline_dag.py for tasks to queue
[2026-06-16T11:38:37.294+0000] {logging_mixin.py:190} INFO - [2026-06-16T11:38:37.294+0000] {dagbag.py:588} INFO - Filling up the DagBag from /opt/airflow/dags/crypto_pipeline_dag.py
[2026-06-16T11:38:37.318+0000] {processor.py:925} INFO - DAG(s) 'crypto_pipeline_dag' retrieved from /opt/airflow/dags/crypto_pipeline_dag.py
[2026-06-16T11:38:37.342+0000] {logging_mixin.py:190} INFO - [2026-06-16T11:38:37.342+0000] {dag.py:3239} INFO - Sync 1 DAGs
[2026-06-16T11:38:37.360+0000] {logging_mixin.py:190} INFO - [2026-06-16T11:38:37.360+0000] {dag.py:4180} INFO - Setting next_dagrun for crypto_pipeline_dag to 2026-06-16 00:00:00+00:00, run_after=2026-06-17 00:00:00+00:00
[2026-06-16T11:38:37.376+0000] {processor.py:208} INFO - Processing /opt/airflow/dags/crypto_pipeline_dag.py took 0.090 seconds
[2026-06-16T11:39:07.516+0000] {processor.py:186} INFO - Started process (PID=236) to work on /opt/airflow/dags/crypto_pipeline_dag.py
[2026-06-16T11:39:07.517+0000] {processor.py:914} INFO - Processing file /opt/airflow/dags/crypto_pipeline_dag.py for tasks to queue
[2026-06-16T11:39:07.519+0000] {logging_mixin.py:190} INFO - [2026-06-16T11:39:07.519+0000] {dagbag.py:588} INFO - Filling up the DagBag from /opt/airflow/dags/crypto_pipeline_dag.py
[2026-06-16T11:39:07.532+0000] {processor.py:925} INFO - DAG(s) 'crypto_pipeline_dag' retrieved from /opt/airflow/dags/crypto_pipeline_dag.py
[2026-06-16T11:39:07.552+0000] {logging_mixin.py:190} INFO - [2026-06-16T11:39:07.552+0000] {dag.py:3239} INFO - Sync 1 DAGs
[2026-06-16T11:39:07.568+0000] {logging_mixin.py:190} INFO - [2026-06-16T11:39:07.568+0000] {dag.py:4180} INFO - Setting next_dagrun for crypto_pipeline_dag to 2026-06-16 00:00:00+00:00, run_after=2026-06-17 00:00:00+00:00
[2026-06-16T11:39:07.584+0000] {processor.py:208} INFO - Processing /opt/airflow/dags/crypto_pipeline_dag.py took 0.072 seconds
[2026-06-16T11:39:37.806+0000] {processor.py:186} INFO - Started process (PID=267) to work on /opt/airflow/dags/crypto_pipeline_dag.py
[2026-06-16T11:39:37.807+0000] {processor.py:914} INFO - Processing file /opt/airflow/dags/crypto_pipeline_dag.py for tasks to queue
[2026-06-16T11:39:37.808+0000] {logging_mixin.py:190} INFO - [2026-06-16T11:39:37.808+0000] {dagbag.py:588} INFO - Filling up the DagBag from /opt/airflow/dags/crypto_pipeline_dag.py
[2026-06-16T11:39:37.823+0000] {processor.py:925} INFO - DAG(s) 'crypto_pipeline_dag' retrieved from /opt/airflow/dags/crypto_pipeline_dag.py
[2026-06-16T11:39:37.845+0000] {logging_mixin.py:190} INFO - [2026-06-16T11:39:37.844+0000] {dag.py:3239} INFO - Sync 1 DAGs
[2026-06-16T11:39:37.862+0000] {logging_mixin.py:190} INFO - [2026-06-16T11:39:37.862+0000] {dag.py:4180} INFO - Setting next_dagrun for crypto_pipeline_dag to 2026-06-16 00:00:00+00:00, run_after=2026-06-17 00:00:00+00:00
[2026-06-16T11:39:37.875+0000] {processor.py:208} INFO - Processing /opt/airflow/dags/crypto_pipeline_dag.py took 0.074 seconds
[2026-06-16T11:40:08.074+0000] {processor.py:186} INFO - Started process (PID=274) to work on /opt/airflow/dags/crypto_pipeline_dag.py
[2026-06-16T11:40:08.075+0000] {processor.py:914} INFO - Processing file /opt/airflow/dags/crypto_pipeline_dag.py for tasks to queue
[2026-06-16T11:40:08.076+0000] {logging_mixin.py:190} INFO - [2026-06-16T11:40:08.076+0000] {dagbag.py:588} INFO - Filling up the DagBag from /opt/airflow/dags/crypto_pipeline_dag.py
[2026-06-16T11:40:08.090+0000] {processor.py:925} INFO - DAG(s) 'crypto_pipeline_dag' retrieved from /opt/airflow/dags/crypto_pipeline_dag.py
[2026-06-16T11:40:08.113+0000] {logging_mixin.py:190} INFO - [2026-06-16T11:40:08.113+0000] {dag.py:3239} INFO - Sync 1 DAGs
[2026-06-16T11:40:08.138+0000] {logging_mixin.py:190} INFO - [2026-06-16T11:40:08.138+0000] {dag.py:4180} INFO - Setting next_dagrun for crypto_pipeline_dag to 2026-06-16 00:00:00+00:00, run_after=2026-06-17 00:00:00+00:00
[2026-06-16T11:40:08.155+0000] {processor.py:208} INFO - Processing /opt/airflow/dags/crypto_pipeline_dag.py took 0.087 seconds
[2026-06-16T11:40:38.338+0000] {processor.py:186} INFO - Started process (PID=279) to work on /opt/airflow/dags/crypto_pipeline_dag.py
[2026-06-16T11:40:38.338+0000] {processor.py:914} INFO - Processing file /opt/airflow/dags/crypto_pipeline_dag.py for tasks to queue
[2026-06-16T11:40:38.340+0000] {logging_mixin.py:190} INFO - [2026-06-16T11:40:38.340+0000] {dagbag.py:588} INFO - Filling up the DagBag from /opt/airflow/dags/crypto_pipeline_dag.py
[2026-06-16T11:40:38.355+0000] {processor.py:925} INFO - DAG(s) 'crypto_pipeline_dag' retrieved from /opt/airflow/dags/crypto_pipeline_dag.py
[2026-06-16T11:40:38.377+0000] {logging_mixin.py:190} INFO - [2026-06-16T11:40:38.377+0000] {dag.py:3239} INFO - Sync 1 DAGs
[2026-06-16T11:40:38.394+0000] {logging_mixin.py:190} INFO - [2026-06-16T11:40:38.394+0000] {dag.py:4180} INFO - Setting next_dagrun for crypto_pipeline_dag to 2026-06-16 00:00:00+00:00, run_after=2026-06-17 00:00:00+00:00
[2026-06-16T11:40:38.408+0000] {processor.py:208} INFO - Processing /opt/airflow/dags/crypto_pipeline_dag.py took 0.076 seconds
[2026-06-16T11:41:08.635+0000] {processor.py:186} INFO - Started process (PID=284) to work on /opt/airflow/dags/crypto_pipeline_dag.py
[2026-06-16T11:41:08.635+0000] {processor.py:914} INFO - Processing file /opt/airflow/dags/crypto_pipeline_dag.py for tasks to queue
[2026-06-16T11:41:08.637+0000] {logging_mixin.py:190} INFO - [2026-06-16T11:41:08.636+0000] {dagbag.py:588} INFO - Filling up the DagBag from /opt/airflow/dags/crypto_pipeline_dag.py
[2026-06-16T11:41:08.649+0000] {processor.py:925} INFO - DAG(s) 'crypto_pipeline_dag' retrieved from /opt/airflow/dags/crypto_pipeline_dag.py
[2026-06-16T11:41:08.668+0000] {logging_mixin.py:190} INFO - [2026-06-16T11:41:08.668+0000] {dag.py:3239} INFO - Sync 1 DAGs
[2026-06-16T11:41:08.684+0000] {logging_mixin.py:190} INFO - [2026-06-16T11:41:08.684+0000] {dag.py:4180} INFO - Setting next_dagrun for crypto_pipeline_dag to 2026-06-16 00:00:00+00:00, run_after=2026-06-17 00:00:00+00:00
[2026-06-16T11:41:08.698+0000] {processor.py:208} INFO - Processing /opt/airflow/dags/crypto_pipeline_dag.py took 0.069 seconds
[2026-06-16T11:41:38.901+0000] {processor.py:186} INFO - Started process (PID=289) to work on /opt/airflow/dags/crypto_pipeline_dag.py
[2026-06-16T11:41:38.902+0000] {processor.py:914} INFO - Processing file /opt/airflow/dags/crypto_pipeline_dag.py for tasks to queue
[2026-06-16T11:41:38.904+0000] {logging_mixin.py:190} INFO - [2026-06-16T11:41:38.904+0000] {dagbag.py:588} INFO - Filling up the DagBag from /opt/airflow/dags/crypto_pipeline_dag.py
[2026-06-16T11:41:38.916+0000] {processor.py:925} INFO - DAG(s) 'crypto_pipeline_dag' retrieved from /opt/airflow/dags/crypto_pipeline_dag.py
[2026-06-16T11:41:38.938+0000] {logging_mixin.py:190} INFO - [2026-06-16T11:41:38.937+0000] {dag.py:3239} INFO - Sync 1 DAGs
[2026-06-16T11:41:38.955+0000] {logging_mixin.py:190} INFO - [2026-06-16T11:41:38.954+0000] {dag.py:4180} INFO - Setting next_dagrun for crypto_pipeline_dag to 2026-06-16 00:00:00+00:00, run_after=2026-06-17 00:00:00+00:00
[2026-06-16T11:41:38.971+0000] {processor.py:208} INFO - Processing /opt/airflow/dags/crypto_pipeline_dag.py took 0.075 seconds
[2026-06-16T11:42:09.109+0000] {processor.py:186} INFO - Started process (PID=294) to work on /opt/airflow/dags/crypto_pipeline_dag.py
[2026-06-16T11:42:09.110+0000] {processor.py:914} INFO - Processing file /opt/airflow/dags/crypto_pipeline_dag.py for tasks to queue
[2026-06-16T11:42:09.112+0000] {logging_mixin.py:190} INFO - [2026-06-16T11:42:09.112+0000] {dagbag.py:588} INFO - Filling up the DagBag from /opt/airflow/dags/crypto_pipeline_dag.py
[2026-06-16T11:42:09.130+0000] {processor.py:925} INFO - DAG(s) 'crypto_pipeline_dag' retrieved from /opt/airflow/dags/crypto_pipeline_dag.py
[2026-06-16T11:42:09.155+0000] {logging_mixin.py:190} INFO - [2026-06-16T11:42:09.154+0000] {dag.py:3239} INFO - Sync 1 DAGs
[2026-06-16T11:42:09.174+0000] {logging_mixin.py:190} INFO - [2026-06-16T11:42:09.174+0000] {dag.py:4180} INFO - Setting next_dagrun for crypto_pipeline_dag to 2026-06-16 00:00:00+00:00, run_after=2026-06-17 00:00:00+00:00
[2026-06-16T11:42:09.191+0000] {processor.py:208} INFO - Processing /opt/airflow/dags/crypto_pipeline_dag.py took 0.088 seconds
[2026-06-16T11:42:39.392+0000] {processor.py:186} INFO - Started process (PID=299) to work on /opt/airflow/dags/crypto_pipeline_dag.py
[2026-06-16T11:42:39.393+0000] {processor.py:914} INFO - Processing file /opt/airflow/dags/crypto_pipeline_dag.py for tasks to queue
[2026-06-16T11:42:39.395+0000] {logging_mixin.py:190} INFO - [2026-06-16T11:42:39.394+0000] {dagbag.py:588} INFO - Filling up the DagBag from /opt/airflow/dags/crypto_pipeline_dag.py
[2026-06-16T11:42:39.416+0000] {processor.py:925} INFO - DAG(s) 'crypto_pipeline_dag' retrieved from /opt/airflow/dags/crypto_pipeline_dag.py
[2026-06-16T11:42:39.439+0000] {logging_mixin.py:190} INFO - [2026-06-16T11:42:39.439+0000] {dag.py:3239} INFO - Sync 1 DAGs
[2026-06-16T11:42:39.456+0000] {logging_mixin.py:190} INFO - [2026-06-16T11:42:39.456+0000] {dag.py:4180} INFO - Setting next_dagrun for crypto_pipeline_dag to 2026-06-16 00:00:00+00:00, run_after=2026-06-17 00:00:00+00:00
[2026-06-16T11:42:39.472+0000] {processor.py:208} INFO - Processing /opt/airflow/dags/crypto_pipeline_dag.py took 0.086 seconds
[2026-06-16T11:43:09.576+0000] {processor.py:186} INFO - Started process (PID=304) to work on /opt/airflow/dags/crypto_pipeline_dag.py
[2026-06-16T11:43:09.577+0000] {processor.py:914} INFO - Processing file /opt/airflow/dags/crypto_pipeline_dag.py for tasks to queue
[2026-06-16T11:43:09.579+0000] {logging_mixin.py:190} INFO - [2026-06-16T11:43:09.579+0000] {dagbag.py:588} INFO - Filling up the DagBag from /opt/airflow/dags/crypto_pipeline_dag.py
[2026-06-16T11:43:09.601+0000] {processor.py:925} INFO - DAG(s) 'crypto_pipeline_dag' retrieved from /opt/airflow/dags/crypto_pipeline_dag.py
[2026-06-16T11:43:09.629+0000] {logging_mixin.py:190} INFO - [2026-06-16T11:43:09.629+0000] {dag.py:3239} INFO - Sync 1 DAGs
[2026-06-16T11:43:09.652+0000] {logging_mixin.py:190} INFO - [2026-06-16T11:43:09.651+0000] {dag.py:4180} INFO - Setting next_dagrun for crypto_pipeline_dag to 2026-06-16 00:00:00+00:00, run_after=2026-06-17 00:00:00+00:00
[2026-06-16T11:43:09.671+0000] {processor.py:208} INFO - Processing /opt/airflow/dags/crypto_pipeline_dag.py took 0.102 seconds
[2026-06-16T11:43:39.865+0000] {processor.py:186} INFO - Started process (PID=309) to work on /opt/airflow/dags/crypto_pipeline_dag.py
[2026-06-16T11:43:39.865+0000] {processor.py:914} INFO - Processing file /opt/airflow/dags/crypto_pipeline_dag.py for tasks to queue
[2026-06-16T11:43:39.867+0000] {logging_mixin.py:190} INFO - [2026-06-16T11:43:39.867+0000] {dagbag.py:588} INFO - Filling up the DagBag from /opt/airflow/dags/crypto_pipeline_dag.py
[2026-06-16T11:43:39.881+0000] {processor.py:925} INFO - DAG(s) 'crypto_pipeline_dag' retrieved from /opt/airflow/dags/crypto_pipeline_dag.py
[2026-06-16T11:43:39.900+0000] {logging_mixin.py:190} INFO - [2026-06-16T11:43:39.900+0000] {dag.py:3239} INFO - Sync 1 DAGs
[2026-06-16T11:43:39.917+0000] {logging_mixin.py:190} INFO - [2026-06-16T11:43:39.917+0000] {dag.py:4180} INFO - Setting next_dagrun for crypto_pipeline_dag to 2026-06-16 00:00:00+00:00, run_after=2026-06-17 00:00:00+00:00
[2026-06-16T11:43:39.934+0000] {processor.py:208} INFO - Processing /opt/airflow/dags/crypto_pipeline_dag.py took 0.075 seconds
[2026-06-16T11:44:10.100+0000] {processor.py:186} INFO - Started process (PID=314) to work on /opt/airflow/dags/crypto_pipeline_dag.py
[2026-06-16T11:44:10.101+0000] {processor.py:914} INFO - Processing file /opt/airflow/dags/crypto_pipeline_dag.py for tasks to queue
[2026-06-16T11:44:10.104+0000] {logging_mixin.py:190} INFO - [2026-06-16T11:44:10.103+0000] {dagbag.py:588} INFO - Filling up the DagBag from /opt/airflow/dags/crypto_pipeline_dag.py
[2026-06-16T11:44:10.123+0000] {processor.py:925} INFO - DAG(s) 'crypto_pipeline_dag' retrieved from /opt/airflow/dags/crypto_pipeline_dag.py
[2026-06-16T11:44:10.149+0000] {logging_mixin.py:190} INFO - [2026-06-16T11:44:10.149+0000] {dag.py:3239} INFO - Sync 1 DAGs
[2026-06-16T11:44:10.169+0000] {logging_mixin.py:190} INFO - [2026-06-16T11:44:10.169+0000] {dag.py:4180} INFO - Setting next_dagrun for crypto_pipeline_dag to 2026-06-16 00:00:00+00:00, run_after=2026-06-17 00:00:00+00:00
[2026-06-16T11:44:10.186+0000] {processor.py:208} INFO - Processing /opt/airflow/dags/crypto_pipeline_dag.py took 0.094 seconds
[2026-06-16T11:44:40.315+0000] {processor.py:186} INFO - Started process (PID=319) to work on /opt/airflow/dags/crypto_pipeline_dag.py
[2026-06-16T11:44:40.316+0000] {processor.py:914} INFO - Processing file /opt/airflow/dags/crypto_pipeline_dag.py for tasks to queue
[2026-06-16T11:44:40.318+0000] {logging_mixin.py:190} INFO - [2026-06-16T11:44:40.318+0000] {dagbag.py:588} INFO - Filling up the DagBag from /opt/airflow/dags/crypto_pipeline_dag.py
[2026-06-16T11:44:40.336+0000] {processor.py:925} INFO - DAG(s) 'crypto_pipeline_dag' retrieved from /opt/airflow/dags/crypto_pipeline_dag.py
[2026-06-16T11:44:40.359+0000] {logging_mixin.py:190} INFO - [2026-06-16T11:44:40.359+0000] {dag.py:3239} INFO - Sync 1 DAGs
[2026-06-16T11:44:40.379+0000] {logging_mixin.py:190} INFO - [2026-06-16T11:44:40.379+0000] {dag.py:4180} INFO - Setting next_dagrun for crypto_pipeline_dag to 2026-06-16 00:00:00+00:00, run_after=2026-06-17 00:00:00+00:00
[2026-06-16T11:44:40.394+0000] {processor.py:208} INFO - Processing /opt/airflow/dags/crypto_pipeline_dag.py took 0.087 seconds
[2026-06-16T11:45:10.625+0000] {processor.py:186} INFO - Started process (PID=324) to work on /opt/airflow/dags/crypto_pipeline_dag.py
[2026-06-16T11:45:10.626+0000] {processor.py:914} INFO - Processing file /opt/airflow/dags/crypto_pipeline_dag.py for tasks to queue
[2026-06-16T11:45:10.628+0000] {logging_mixin.py:190} INFO - [2026-06-16T11:45:10.628+0000] {dagbag.py:588} INFO - Filling up the DagBag from /opt/airflow/dags/crypto_pipeline_dag.py
[2026-06-16T11:45:10.645+0000] {processor.py:925} INFO - DAG(s) 'crypto_pipeline_dag' retrieved from /opt/airflow/dags/crypto_pipeline_dag.py
[2026-06-16T11:45:10.666+0000] {logging_mixin.py:190} INFO - [2026-06-16T11:45:10.665+0000] {dag.py:3239} INFO - Sync 1 DAGs
[2026-06-16T11:45:10.683+0000] {logging_mixin.py:190} INFO - [2026-06-16T11:45:10.682+0000] {dag.py:4180} INFO - Setting next_dagrun for crypto_pipeline_dag to 2026-06-16 00:00:00+00:00, run_after=2026-06-17 00:00:00+00:00
[2026-06-16T11:45:10.697+0000] {processor.py:208} INFO - Processing /opt/airflow/dags/crypto_pipeline_dag.py took 0.078 seconds
[2026-06-16T11:45:40.894+0000] {processor.py:186} INFO - Started process (PID=329) to work on /opt/airflow/dags/crypto_pipeline_dag.py
[2026-06-16T11:45:40.895+0000] {processor.py:914} INFO - Processing file /opt/airflow/dags/crypto_pipeline_dag.py for tasks to queue
[2026-06-16T11:45:40.897+0000] {logging_mixin.py:190} INFO - [2026-06-16T11:45:40.896+0000] {dagbag.py:588} INFO - Filling up the DagBag from /opt/airflow/dags/crypto_pipeline_dag.py
[2026-06-16T11:45:40.917+0000] {processor.py:925} INFO - DAG(s) 'crypto_pipeline_dag' retrieved from /opt/airflow/dags/crypto_pipeline_dag.py
[2026-06-16T11:45:40.941+0000] {logging_mixin.py:190} INFO - [2026-06-16T11:45:40.941+0000] {dag.py:3239} INFO - Sync 1 DAGs
[2026-06-16T11:45:40.961+0000] {logging_mixin.py:190} INFO - [2026-06-16T11:45:40.961+0000] {dag.py:4180} INFO - Setting next_dagrun for crypto_pipeline_dag to 2026-06-16 00:00:00+00:00, run_after=2026-06-17 00:00:00+00:00
[2026-06-16T11:45:40.980+0000] {processor.py:208} INFO - Processing /opt/airflow/dags/crypto_pipeline_dag.py took 0.094 seconds
[2026-06-16T11:46:11.135+0000] {processor.py:186} INFO - Started process (PID=334) to work on /opt/airflow/dags/crypto_pipeline_dag.py
[2026-06-16T11:46:11.136+0000] {processor.py:914} INFO - Processing file /opt/airflow/dags/crypto_pipeline_dag.py for tasks to queue
[2026-06-16T11:46:11.138+0000] {logging_mixin.py:190} INFO - [2026-06-16T11:46:11.137+0000] {dagbag.py:588} INFO - Filling up the DagBag from /opt/airflow/dags/crypto_pipeline_dag.py
[2026-06-16T11:46:11.150+0000] {processor.py:925} INFO - DAG(s) 'crypto_pipeline_dag' retrieved from /opt/airflow/dags/crypto_pipeline_dag.py
[2026-06-16T11:46:11.170+0000] {logging_mixin.py:190} INFO - [2026-06-16T11:46:11.170+0000] {dag.py:3239} INFO - Sync 1 DAGs
[2026-06-16T11:46:11.187+0000] {logging_mixin.py:190} INFO - [2026-06-16T11:46:11.187+0000] {dag.py:4180} INFO - Setting next_dagrun for crypto_pipeline_dag to 2026-06-16 00:00:00+00:00, run_after=2026-06-17 00:00:00+00:00
[2026-06-16T11:46:11.201+0000] {processor.py:208} INFO - Processing /opt/airflow/dags/crypto_pipeline_dag.py took 0.073 seconds
[2026-06-16T11:46:41.426+0000] {processor.py:186} INFO - Started process (PID=339) to work on /opt/airflow/dags/crypto_pipeline_dag.py
[2026-06-16T11:46:41.427+0000] {processor.py:914} INFO - Processing file /opt/airflow/dags/crypto_pipeline_dag.py for tasks to queue
[2026-06-16T11:46:41.428+0000] {logging_mixin.py:190} INFO - [2026-06-16T11:46:41.428+0000] {dagbag.py:588} INFO - Filling up the DagBag from /opt/airflow/dags/crypto_pipeline_dag.py
[2026-06-16T11:46:41.443+0000] {processor.py:925} INFO - DAG(s) 'crypto_pipeline_dag' retrieved from /opt/airflow/dags/crypto_pipeline_dag.py
[2026-06-16T11:46:41.470+0000] {logging_mixin.py:190} INFO - [2026-06-16T11:46:41.469+0000] {dag.py:3239} INFO - Sync 1 DAGs
[2026-06-16T11:46:41.487+0000] {logging_mixin.py:190} INFO - [2026-06-16T11:46:41.486+0000] {dag.py:4180} INFO - Setting next_dagrun for crypto_pipeline_dag to 2026-06-16 00:00:00+00:00, run_after=2026-06-17 00:00:00+00:00
[2026-06-16T11:46:41.498+0000] {processor.py:208} INFO - Processing /opt/airflow/dags/crypto_pipeline_dag.py took 0.081 seconds
[2026-06-16T11:47:11.663+0000] {processor.py:186} INFO - Started process (PID=344) to work on /opt/airflow/dags/crypto_pipeline_dag.py
[2026-06-16T11:47:11.664+0000] {processor.py:914} INFO - Processing file /opt/airflow/dags/crypto_pipeline_dag.py for tasks to queue
[2026-06-16T11:47:11.667+0000] {logging_mixin.py:190} INFO - [2026-06-16T11:47:11.667+0000] {dagbag.py:588} INFO - Filling up the DagBag from /opt/airflow/dags/crypto_pipeline_dag.py
[2026-06-16T11:47:11.693+0000] {processor.py:925} INFO - DAG(s) 'crypto_pipeline_dag' retrieved from /opt/airflow/dags/crypto_pipeline_dag.py
[2026-06-16T11:47:11.717+0000] {logging_mixin.py:190} INFO - [2026-06-16T11:47:11.717+0000] {dag.py:3239} INFO - Sync 1 DAGs
[2026-06-16T11:47:11.734+0000] {logging_mixin.py:190} INFO - [2026-06-16T11:47:11.734+0000] {dag.py:4180} INFO - Setting next_dagrun for crypto_pipeline_dag to 2026-06-16 00:00:00+00:00, run_after=2026-06-17 00:00:00+00:00
[2026-06-16T11:47:11.750+0000] {processor.py:208} INFO - Processing /opt/airflow/dags/crypto_pipeline_dag.py took 0.096 seconds
[2026-06-16T11:47:41.926+0000] {processor.py:186} INFO - Started process (PID=349) to work on /opt/airflow/dags/crypto_pipeline_dag.py
[2026-06-16T11:47:41.927+0000] {processor.py:914} INFO - Processing file /opt/airflow/dags/crypto_pipeline_dag.py for tasks to queue
[2026-06-16T11:47:41.929+0000] {logging_mixin.py:190} INFO - [2026-06-16T11:47:41.928+0000] {dagbag.py:588} INFO - Filling up the DagBag from /opt/airflow/dags/crypto_pipeline_dag.py
[2026-06-16T11:47:41.944+0000] {processor.py:925} INFO - DAG(s) 'crypto_pipeline_dag' retrieved from /opt/airflow/dags/crypto_pipeline_dag.py
[2026-06-16T11:47:41.968+0000] {logging_mixin.py:190} INFO - [2026-06-16T11:47:41.967+0000] {dag.py:3239} INFO - Sync 1 DAGs
[2026-06-16T11:47:41.987+0000] {logging_mixin.py:190} INFO - [2026-06-16T11:47:41.987+0000] {dag.py:4180} INFO - Setting next_dagrun for crypto_pipeline_dag to 2026-06-16 00:00:00+00:00, run_after=2026-06-17 00:00:00+00:00
[2026-06-16T11:47:42.001+0000] {processor.py:208} INFO - Processing /opt/airflow/dags/crypto_pipeline_dag.py took 0.081 seconds
[2026-06-16T11:48:12.159+0000] {processor.py:186} INFO - Started process (PID=354) to work on /opt/airflow/dags/crypto_pipeline_dag.py
[2026-06-16T11:48:12.160+0000] {processor.py:914} INFO - Processing file /opt/airflow/dags/crypto_pipeline_dag.py for tasks to queue
[2026-06-16T11:48:12.161+0000] {logging_mixin.py:190} INFO - [2026-06-16T11:48:12.161+0000] {dagbag.py:588} INFO - Filling up the DagBag from /opt/airflow/dags/crypto_pipeline_dag.py
[2026-06-16T11:48:12.176+0000] {processor.py:925} INFO - DAG(s) 'crypto_pipeline_dag' retrieved from /opt/airflow/dags/crypto_pipeline_dag.py
[2026-06-16T11:48:12.200+0000] {logging_mixin.py:190} INFO - [2026-06-16T11:48:12.200+0000] {dag.py:3239} INFO - Sync 1 DAGs
[2026-06-16T11:48:12.216+0000] {logging_mixin.py:190} INFO - [2026-06-16T11:48:12.216+0000] {dag.py:4180} INFO - Setting next_dagrun for crypto_pipeline_dag to 2026-06-16 00:00:00+00:00, run_after=2026-06-17 00:00:00+00:00
[2026-06-16T11:48:12.228+0000] {processor.py:208} INFO - Processing /opt/airflow/dags/crypto_pipeline_dag.py took 0.077 seconds
[2026-06-16T11:48:42.455+0000] {processor.py:186} INFO - Started process (PID=359) to work on /opt/airflow/dags/crypto_pipeline_dag.py
[2026-06-16T11:48:42.455+0000] {processor.py:914} INFO - Processing file /opt/airflow/dags/crypto_pipeline_dag.py for tasks to queue
[2026-06-16T11:48:42.458+0000] {logging_mixin.py:190} INFO - [2026-06-16T11:48:42.457+0000] {dagbag.py:588} INFO - Filling up the DagBag from /opt/airflow/dags/crypto_pipeline_dag.py
[2026-06-16T11:48:42.472+0000] {processor.py:925} INFO - DAG(s) 'crypto_pipeline_dag' retrieved from /opt/airflow/dags/crypto_pipeline_dag.py
[2026-06-16T11:48:42.494+0000] {logging_mixin.py:190} INFO - [2026-06-16T11:48:42.494+0000] {dag.py:3239} INFO - Sync 1 DAGs
[2026-06-16T11:48:42.512+0000] {logging_mixin.py:190} INFO - [2026-06-16T11:48:42.511+0000] {dag.py:4180} INFO - Setting next_dagrun for crypto_pipeline_dag to 2026-06-16 00:00:00+00:00, run_after=2026-06-17 00:00:00+00:00
[2026-06-16T11:48:42.526+0000] {processor.py:208} INFO - Processing /opt/airflow/dags/crypto_pipeline_dag.py took 0.078 seconds
[2026-06-16T11:49:12.718+0000] {processor.py:186} INFO - Started process (PID=364) to work on /opt/airflow/dags/crypto_pipeline_dag.py
[2026-06-16T11:49:12.719+0000] {processor.py:914} INFO - Processing file /opt/airflow/dags/crypto_pipeline_dag.py for tasks to queue
[2026-06-16T11:49:12.720+0000] {logging_mixin.py:190} INFO - [2026-06-16T11:49:12.720+0000] {dagbag.py:588} INFO - Filling up the DagBag from /opt/airflow/dags/crypto_pipeline_dag.py
[2026-06-16T11:49:12.733+0000] {processor.py:925} INFO - DAG(s) 'crypto_pipeline_dag' retrieved from /opt/airflow/dags/crypto_pipeline_dag.py
[2026-06-16T11:49:12.753+0000] {logging_mixin.py:190} INFO - [2026-06-16T11:49:12.753+0000] {dag.py:3239} INFO - Sync 1 DAGs
[2026-06-16T11:49:12.769+0000] {logging_mixin.py:190} INFO - [2026-06-16T11:49:12.769+0000] {dag.py:4180} INFO - Setting next_dagrun for crypto_pipeline_dag to 2026-06-16 00:00:00+00:00, run_after=2026-06-17 00:00:00+00:00
[2026-06-16T11:49:12.784+0000] {processor.py:208} INFO - Processing /opt/airflow/dags/crypto_pipeline_dag.py took 0.072 seconds
[2026-06-16T11:49:42.971+0000] {processor.py:186} INFO - Started process (PID=376) to work on /opt/airflow/dags/crypto_pipeline_dag.py
[2026-06-16T11:49:42.972+0000] {processor.py:914} INFO - Processing file /opt/airflow/dags/crypto_pipeline_dag.py for tasks to queue
[2026-06-16T11:49:42.974+0000] {logging_mixin.py:190} INFO - [2026-06-16T11:49:42.973+0000] {dagbag.py:588} INFO - Filling up the DagBag from /opt/airflow/dags/crypto_pipeline_dag.py
[2026-06-16T11:49:42.986+0000] {processor.py:925} INFO - DAG(s) 'crypto_pipeline_dag' retrieved from /opt/airflow/dags/crypto_pipeline_dag.py
[2026-06-16T11:49:43.006+0000] {logging_mixin.py:190} INFO - [2026-06-16T11:49:43.006+0000] {dag.py:3239} INFO - Sync 1 DAGs
[2026-06-16T11:49:43.023+0000] {logging_mixin.py:190} INFO - [2026-06-16T11:49:43.023+0000] {dag.py:4180} INFO - Setting next_dagrun for crypto_pipeline_dag to 2026-06-16 00:00:00+00:00, run_after=2026-06-17 00:00:00+00:00
[2026-06-16T11:49:43.037+0000] {processor.py:208} INFO - Processing /opt/airflow/dags/crypto_pipeline_dag.py took 0.072 seconds
[2026-06-16T11:50:13.241+0000] {processor.py:186} INFO - Started process (PID=399) to work on /opt/airflow/dags/crypto_pipeline_dag.py
[2026-06-16T11:50:13.242+0000] {processor.py:914} INFO - Processing file /opt/airflow/dags/crypto_pipeline_dag.py for tasks to queue
[2026-06-16T11:50:13.244+0000] {logging_mixin.py:190} INFO - [2026-06-16T11:50:13.243+0000] {dagbag.py:588} INFO - Filling up the DagBag from /opt/airflow/dags/crypto_pipeline_dag.py
[2026-06-16T11:50:13.254+0000] {processor.py:925} INFO - DAG(s) 'crypto_pipeline_dag' retrieved from /opt/airflow/dags/crypto_pipeline_dag.py
[2026-06-16T11:50:13.278+0000] {logging_mixin.py:190} INFO - [2026-06-16T11:50:13.278+0000] {dag.py:3239} INFO - Sync 1 DAGs
[2026-06-16T11:50:13.298+0000] {logging_mixin.py:190} INFO - [2026-06-16T11:50:13.298+0000] {dag.py:4180} INFO - Setting next_dagrun for crypto_pipeline_dag to 2026-06-16 00:00:00+00:00, run_after=2026-06-17 00:00:00+00:00
[2026-06-16T11:50:13.317+0000] {processor.py:208} INFO - Processing /opt/airflow/dags/crypto_pipeline_dag.py took 0.081 seconds
[2026-06-16T11:50:43.553+0000] {processor.py:186} INFO - Started process (PID=404) to work on /opt/airflow/dags/crypto_pipeline_dag.py
[2026-06-16T11:50:43.553+0000] {processor.py:914} INFO - Processing file /opt/airflow/dags/crypto_pipeline_dag.py for tasks to queue
[2026-06-16T11:50:43.555+0000] {logging_mixin.py:190} INFO - [2026-06-16T11:50:43.555+0000] {dagbag.py:588} INFO - Filling up the DagBag from /opt/airflow/dags/crypto_pipeline_dag.py
[2026-06-16T11:50:43.568+0000] {processor.py:925} INFO - DAG(s) 'crypto_pipeline_dag' retrieved from /opt/airflow/dags/crypto_pipeline_dag.py
[2026-06-16T11:50:43.590+0000] {logging_mixin.py:190} INFO - [2026-06-16T11:50:43.590+0000] {dag.py:3239} INFO - Sync 1 DAGs
[2026-06-16T11:50:43.606+0000] {logging_mixin.py:190} INFO - [2026-06-16T11:50:43.606+0000] {dag.py:4180} INFO - Setting next_dagrun for crypto_pipeline_dag to 2026-06-16 00:00:00+00:00, run_after=2026-06-17 00:00:00+00:00
[2026-06-16T11:50:43.617+0000] {processor.py:208} INFO - Processing /opt/airflow/dags/crypto_pipeline_dag.py took 0.074 seconds
[2026-06-16T11:51:13.824+0000] {processor.py:186} INFO - Started process (PID=409) to work on /opt/airflow/dags/crypto_pipeline_dag.py
[2026-06-16T11:51:13.825+0000] {processor.py:914} INFO - Processing file /opt/airflow/dags/crypto_pipeline_dag.py for tasks to queue
[2026-06-16T11:51:13.826+0000] {logging_mixin.py:190} INFO - [2026-06-16T11:51:13.826+0000] {dagbag.py:588} INFO - Filling up the DagBag from /opt/airflow/dags/crypto_pipeline_dag.py
[2026-06-16T11:51:13.839+0000] {processor.py:925} INFO - DAG(s) 'crypto_pipeline_dag' retrieved from /opt/airflow/dags/crypto_pipeline_dag.py
[2026-06-16T11:51:13.858+0000] {logging_mixin.py:190} INFO - [2026-06-16T11:51:13.858+0000] {dag.py:3239} INFO - Sync 1 DAGs
[2026-06-16T11:51:13.874+0000] {logging_mixin.py:190} INFO - [2026-06-16T11:51:13.873+0000] {dag.py:4180} INFO - Setting next_dagrun for crypto_pipeline_dag to 2026-06-16 00:00:00+00:00, run_after=2026-06-17 00:00:00+00:00
[2026-06-16T11:51:13.888+0000] {processor.py:208} INFO - Processing /opt/airflow/dags/crypto_pipeline_dag.py took 0.069 seconds
[2026-06-16T11:51:44.077+0000] {processor.py:186} INFO - Started process (PID=414) to work on /opt/airflow/dags/crypto_pipeline_dag.py
[2026-06-16T11:51:44.078+0000] {processor.py:914} INFO - Processing file /opt/airflow/dags/crypto_pipeline_dag.py for tasks to queue
[2026-06-16T11:51:44.080+0000] {logging_mixin.py:190} INFO - [2026-06-16T11:51:44.080+0000] {dagbag.py:588} INFO - Filling up the DagBag from /opt/airflow/dags/crypto_pipeline_dag.py
[2026-06-16T11:51:44.101+0000] {processor.py:925} INFO - DAG(s) 'crypto_pipeline_dag' retrieved from /opt/airflow/dags/crypto_pipeline_dag.py
[2026-06-16T11:51:44.127+0000] {logging_mixin.py:190} INFO - [2026-06-16T11:51:44.127+0000] {dag.py:3239} INFO - Sync 1 DAGs
[2026-06-16T11:51:44.147+0000] {logging_mixin.py:190} INFO - [2026-06-16T11:51:44.147+0000] {dag.py:4180} INFO - Setting next_dagrun for crypto_pipeline_dag to 2026-06-16 00:00:00+00:00, run_after=2026-06-17 00:00:00+00:00
[2026-06-16T11:51:44.164+0000] {processor.py:208} INFO - Processing /opt/airflow/dags/crypto_pipeline_dag.py took 0.096 seconds
[2026-06-16T11:52:14.288+0000] {processor.py:186} INFO - Started process (PID=419) to work on /opt/airflow/dags/crypto_pipeline_dag.py
[2026-06-16T11:52:14.288+0000] {processor.py:914} INFO - Processing file /opt/airflow/dags/crypto_pipeline_dag.py for tasks to queue
[2026-06-16T11:52:14.290+0000] {logging_mixin.py:190} INFO - [2026-06-16T11:52:14.290+0000] {dagbag.py:588} INFO - Filling up the DagBag from /opt/airflow/dags/crypto_pipeline_dag.py
[2026-06-16T11:52:14.301+0000] {processor.py:925} INFO - DAG(s) 'crypto_pipeline_dag' retrieved from /opt/airflow/dags/crypto_pipeline_dag.py
[2026-06-16T11:52:14.321+0000] {logging_mixin.py:190} INFO - [2026-06-16T11:52:14.321+0000] {dag.py:3239} INFO - Sync 1 DAGs
[2026-06-16T11:52:14.337+0000] {logging_mixin.py:190} INFO - [2026-06-16T11:52:14.337+0000] {dag.py:4180} INFO - Setting next_dagrun for crypto_pipeline_dag to 2026-06-16 00:00:00+00:00, run_after=2026-06-17 00:00:00+00:00
[2026-06-16T11:52:14.352+0000] {processor.py:208} INFO - Processing /opt/airflow/dags/crypto_pipeline_dag.py took 0.070 seconds
[2026-06-16T11:52:44.642+0000] {processor.py:186} INFO - Started process (PID=424) to work on /opt/airflow/dags/crypto_pipeline_dag.py
[2026-06-16T11:52:44.643+0000] {processor.py:914} INFO - Processing file /opt/airflow/dags/crypto_pipeline_dag.py for tasks to queue
[2026-06-16T11:52:44.645+0000] {logging_mixin.py:190} INFO - [2026-06-16T11:52:44.644+0000] {dagbag.py:588} INFO - Filling up the DagBag from /opt/airflow/dags/crypto_pipeline_dag.py
[2026-06-16T11:52:44.659+0000] {processor.py:925} INFO - DAG(s) 'crypto_pipeline_dag' retrieved from /opt/airflow/dags/crypto_pipeline_dag.py
[2026-06-16T11:52:44.681+0000] {logging_mixin.py:190} INFO - [2026-06-16T11:52:44.681+0000] {dag.py:3239} INFO - Sync 1 DAGs
[2026-06-16T11:52:44.699+0000] {logging_mixin.py:190} INFO - [2026-06-16T11:52:44.699+0000] {dag.py:4180} INFO - Setting next_dagrun for crypto_pipeline_dag to 2026-06-16 00:00:00+00:00, run_after=2026-06-17 00:00:00+00:00
[2026-06-16T11:52:44.712+0000] {processor.py:208} INFO - Processing /opt/airflow/dags/crypto_pipeline_dag.py took 0.077 seconds
[2026-06-16T11:53:14.862+0000] {processor.py:186} INFO - Started process (PID=429) to work on /opt/airflow/dags/crypto_pipeline_dag.py
[2026-06-16T11:53:14.863+0000] {processor.py:914} INFO - Processing file /opt/airflow/dags/crypto_pipeline_dag.py for tasks to queue
[2026-06-16T11:53:14.865+0000] {logging_mixin.py:190} INFO - [2026-06-16T11:53:14.865+0000] {dagbag.py:588} INFO - Filling up the DagBag from /opt/airflow/dags/crypto_pipeline_dag.py
[2026-06-16T11:53:14.888+0000] {processor.py:925} INFO - DAG(s) 'crypto_pipeline_dag' retrieved from /opt/airflow/dags/crypto_pipeline_dag.py
[2026-06-16T11:53:14.912+0000] {logging_mixin.py:190} INFO - [2026-06-16T11:53:14.912+0000] {dag.py:3239} INFO - Sync 1 DAGs
[2026-06-16T11:53:14.932+0000] {logging_mixin.py:190} INFO - [2026-06-16T11:53:14.932+0000] {dag.py:4180} INFO - Setting next_dagrun for crypto_pipeline_dag to 2026-06-16 00:00:00+00:00, run_after=2026-06-17 00:00:00+00:00
[2026-06-16T11:53:14.948+0000] {processor.py:208} INFO - Processing /opt/airflow/dags/crypto_pipeline_dag.py took 0.093 seconds
[2026-06-16T11:53:45.136+0000] {processor.py:186} INFO - Started process (PID=434) to work on /opt/airflow/dags/crypto_pipeline_dag.py
[2026-06-16T11:53:45.136+0000] {processor.py:914} INFO - Processing file /opt/airflow/dags/crypto_pipeline_dag.py for tasks to queue
[2026-06-16T11:53:45.138+0000] {logging_mixin.py:190} INFO - [2026-06-16T11:53:45.138+0000] {dagbag.py:588} INFO - Filling up the DagBag from /opt/airflow/dags/crypto_pipeline_dag.py
[2026-06-16T11:53:45.151+0000] {processor.py:925} INFO - DAG(s) 'crypto_pipeline_dag' retrieved from /opt/airflow/dags/crypto_pipeline_dag.py
[2026-06-16T11:53:45.171+0000] {logging_mixin.py:190} INFO - [2026-06-16T11:53:45.171+0000] {dag.py:3239} INFO - Sync 1 DAGs
[2026-06-16T11:53:45.188+0000] {logging_mixin.py:190} INFO - [2026-06-16T11:53:45.188+0000] {dag.py:4180} INFO - Setting next_dagrun for crypto_pipeline_dag to 2026-06-16 00:00:00+00:00, run_after=2026-06-17 00:00:00+00:00
[2026-06-16T11:53:45.201+0000] {processor.py:208} INFO - Processing /opt/airflow/dags/crypto_pipeline_dag.py took 0.071 seconds
[2026-06-16T11:54:15.392+0000] {processor.py:186} INFO - Started process (PID=439) to work on /opt/airflow/dags/crypto_pipeline_dag.py
[2026-06-16T11:54:15.393+0000] {processor.py:914} INFO - Processing file /opt/airflow/dags/crypto_pipeline_dag.py for tasks to queue
[2026-06-16T11:54:15.395+0000] {logging_mixin.py:190} INFO - [2026-06-16T11:54:15.395+0000] {dagbag.py:588} INFO - Filling up the DagBag from /opt/airflow/dags/crypto_pipeline_dag.py
[2026-06-16T11:54:15.415+0000] {processor.py:925} INFO - DAG(s) 'crypto_pipeline_dag' retrieved from /opt/airflow/dags/crypto_pipeline_dag.py
[2026-06-16T11:54:15.439+0000] {logging_mixin.py:190} INFO - [2026-06-16T11:54:15.439+0000] {dag.py:3239} INFO - Sync 1 DAGs
[2026-06-16T11:54:15.457+0000] {logging_mixin.py:190} INFO - [2026-06-16T11:54:15.457+0000] {dag.py:4180} INFO - Setting next_dagrun for crypto_pipeline_dag to 2026-06-16 00:00:00+00:00, run_after=2026-06-17 00:00:00+00:00
[2026-06-16T11:54:15.472+0000] {processor.py:208} INFO - Processing /opt/airflow/dags/crypto_pipeline_dag.py took 0.087 seconds
[2026-06-16T11:54:45.648+0000] {processor.py:186} INFO - Started process (PID=444) to work on /opt/airflow/dags/crypto_pipeline_dag.py
[2026-06-16T11:54:45.649+0000] {processor.py:914} INFO - Processing file /opt/airflow/dags/crypto_pipeline_dag.py for tasks to queue
[2026-06-16T11:54:45.651+0000] {logging_mixin.py:190} INFO - [2026-06-16T11:54:45.650+0000] {dagbag.py:588} INFO - Filling up the DagBag from /opt/airflow/dags/crypto_pipeline_dag.py
[2026-06-16T11:54:45.664+0000] {processor.py:925} INFO - DAG(s) 'crypto_pipeline_dag' retrieved from /opt/airflow/dags/crypto_pipeline_dag.py
[2026-06-16T11:54:45.685+0000] {logging_mixin.py:190} INFO - [2026-06-16T11:54:45.685+0000] {dag.py:3239} INFO - Sync 1 DAGs
[2026-06-16T11:54:45.702+0000] {logging_mixin.py:190} INFO - [2026-06-16T11:54:45.702+0000] {dag.py:4180} INFO - Setting next_dagrun for crypto_pipeline_dag to 2026-06-16 00:00:00+00:00, run_after=2026-06-17 00:00:00+00:00
[2026-06-16T11:54:45.716+0000] {processor.py:208} INFO - Processing /opt/airflow/dags/crypto_pipeline_dag.py took 0.074 seconds
[2026-06-16T11:55:15.976+0000] {processor.py:186} INFO - Started process (PID=449) to work on /opt/airflow/dags/crypto_pipeline_dag.py
[2026-06-16T11:55:15.976+0000] {processor.py:914} INFO - Processing file /opt/airflow/dags/crypto_pipeline_dag.py for tasks to queue
[2026-06-16T11:55:15.978+0000] {logging_mixin.py:190} INFO - [2026-06-16T11:55:15.978+0000] {dagbag.py:588} INFO - Filling up the DagBag from /opt/airflow/dags/crypto_pipeline_dag.py
[2026-06-16T11:55:15.991+0000] {processor.py:925} INFO - DAG(s) 'crypto_pipeline_dag' retrieved from /opt/airflow/dags/crypto_pipeline_dag.py
[2026-06-16T11:55:16.011+0000] {logging_mixin.py:190} INFO - [2026-06-16T11:55:16.010+0000] {dag.py:3239} INFO - Sync 1 DAGs
[2026-06-16T11:55:16.027+0000] {logging_mixin.py:190} INFO - [2026-06-16T11:55:16.027+0000] {dag.py:4180} INFO - Setting next_dagrun for crypto_pipeline_dag to 2026-06-16 00:00:00+00:00, run_after=2026-06-17 00:00:00+00:00
[2026-06-16T11:55:16.041+0000] {processor.py:208} INFO - Processing /opt/airflow/dags/crypto_pipeline_dag.py took 0.071 seconds
[2026-06-16T11:55:46.210+0000] {processor.py:186} INFO - Started process (PID=454) to work on /opt/airflow/dags/crypto_pipeline_dag.py
[2026-06-16T11:55:46.210+0000] {processor.py:914} INFO - Processing file /opt/airflow/dags/crypto_pipeline_dag.py for tasks to queue
[2026-06-16T11:55:46.212+0000] {logging_mixin.py:190} INFO - [2026-06-16T11:55:46.212+0000] {dagbag.py:588} INFO - Filling up the DagBag from /opt/airflow/dags/crypto_pipeline_dag.py
[2026-06-16T11:55:46.224+0000] {processor.py:925} INFO - DAG(s) 'crypto_pipeline_dag' retrieved from /opt/airflow/dags/crypto_pipeline_dag.py
[2026-06-16T11:55:46.244+0000] {logging_mixin.py:190} INFO - [2026-06-16T11:55:46.244+0000] {dag.py:3239} INFO - Sync 1 DAGs
[2026-06-16T11:55:46.260+0000] {logging_mixin.py:190} INFO - [2026-06-16T11:55:46.260+0000] {dag.py:4180} INFO - Setting next_dagrun for crypto_pipeline_dag to 2026-06-16 00:00:00+00:00, run_after=2026-06-17 00:00:00+00:00
[2026-06-16T11:55:46.274+0000] {processor.py:208} INFO - Processing /opt/airflow/dags/crypto_pipeline_dag.py took 0.070 seconds
[2026-06-16T11:56:16.576+0000] {processor.py:186} INFO - Started process (PID=459) to work on /opt/airflow/dags/crypto_pipeline_dag.py
[2026-06-16T11:56:16.576+0000] {processor.py:914} INFO - Processing file /opt/airflow/dags/crypto_pipeline_dag.py for tasks to queue
[2026-06-16T11:56:16.578+0000] {logging_mixin.py:190} INFO - [2026-06-16T11:56:16.578+0000] {dagbag.py:588} INFO - Filling up the DagBag from /opt/airflow/dags/crypto_pipeline_dag.py
[2026-06-16T11:56:16.592+0000] {processor.py:925} INFO - DAG(s) 'crypto_pipeline_dag' retrieved from /opt/airflow/dags/crypto_pipeline_dag.py
[2026-06-16T11:56:16.611+0000] {logging_mixin.py:190} INFO - [2026-06-16T11:56:16.611+0000] {dag.py:3239} INFO - Sync 1 DAGs
[2026-06-16T11:56:16.628+0000] {logging_mixin.py:190} INFO - [2026-06-16T11:56:16.628+0000] {dag.py:4180} INFO - Setting next_dagrun for crypto_pipeline_dag to 2026-06-16 00:00:00+00:00, run_after=2026-06-17 00:00:00+00:00
[2026-06-16T11:56:16.642+0000] {processor.py:208} INFO - Processing /opt/airflow/dags/crypto_pipeline_dag.py took 0.073 seconds
[2026-06-16T11:56:46.844+0000] {processor.py:186} INFO - Started process (PID=464) to work on /opt/airflow/dags/crypto_pipeline_dag.py
[2026-06-16T11:56:46.844+0000] {processor.py:914} INFO - Processing file /opt/airflow/dags/crypto_pipeline_dag.py for tasks to queue
[2026-06-16T11:56:46.846+0000] {logging_mixin.py:190} INFO - [2026-06-16T11:56:46.846+0000] {dagbag.py:588} INFO - Filling up the DagBag from /opt/airflow/dags/crypto_pipeline_dag.py
[2026-06-16T11:56:46.859+0000] {processor.py:925} INFO - DAG(s) 'crypto_pipeline_dag' retrieved from /opt/airflow/dags/crypto_pipeline_dag.py
[2026-06-16T11:56:46.878+0000] {logging_mixin.py:190} INFO - [2026-06-16T11:56:46.878+0000] {dag.py:3239} INFO - Sync 1 DAGs
[2026-06-16T11:56:46.895+0000] {logging_mixin.py:190} INFO - [2026-06-16T11:56:46.895+0000] {dag.py:4180} INFO - Setting next_dagrun for crypto_pipeline_dag to 2026-06-16 00:00:00+00:00, run_after=2026-06-17 00:00:00+00:00
[2026-06-16T11:56:46.908+0000] {processor.py:208} INFO - Processing /opt/airflow/dags/crypto_pipeline_dag.py took 0.071 seconds
[2026-06-16T11:57:17.155+0000] {processor.py:186} INFO - Started process (PID=469) to work on /opt/airflow/dags/crypto_pipeline_dag.py
[2026-06-16T11:57:17.156+0000] {processor.py:914} INFO - Processing file /opt/airflow/dags/crypto_pipeline_dag.py for tasks to queue
[2026-06-16T11:57:17.158+0000] {logging_mixin.py:190} INFO - [2026-06-16T11:57:17.158+0000] {dagbag.py:588} INFO - Filling up the DagBag from /opt/airflow/dags/crypto_pipeline_dag.py
[2026-06-16T11:57:17.182+0000] {processor.py:925} INFO - DAG(s) 'crypto_pipeline_dag' retrieved from /opt/airflow/dags/crypto_pipeline_dag.py
[2026-06-16T11:57:17.207+0000] {logging_mixin.py:190} INFO - [2026-06-16T11:57:17.207+0000] {dag.py:3239} INFO - Sync 1 DAGs
[2026-06-16T11:57:17.226+0000] {logging_mixin.py:190} INFO - [2026-06-16T11:57:17.226+0000] {dag.py:4180} INFO - Setting next_dagrun for crypto_pipeline_dag to 2026-06-16 00:00:00+00:00, run_after=2026-06-17 00:00:00+00:00
[2026-06-16T11:57:17.241+0000] {processor.py:208} INFO - Processing /opt/airflow/dags/crypto_pipeline_dag.py took 0.094 seconds
[2026-06-16T11:57:47.401+0000] {processor.py:186} INFO - Started process (PID=474) to work on /opt/airflow/dags/crypto_pipeline_dag.py
[2026-06-16T11:57:47.401+0000] {processor.py:914} INFO - Processing file /opt/airflow/dags/crypto_pipeline_dag.py for tasks to queue
[2026-06-16T11:57:47.403+0000] {logging_mixin.py:190} INFO - [2026-06-16T11:57:47.403+0000] {dagbag.py:588} INFO - Filling up the DagBag from /opt/airflow/dags/crypto_pipeline_dag.py
[2026-06-16T11:57:47.416+0000] {processor.py:925} INFO - DAG(s) 'crypto_pipeline_dag' retrieved from /opt/airflow/dags/crypto_pipeline_dag.py
[2026-06-16T11:57:47.437+0000] {logging_mixin.py:190} INFO - [2026-06-16T11:57:47.437+0000] {dag.py:3239} INFO - Sync 1 DAGs
[2026-06-16T11:57:47.454+0000] {logging_mixin.py:190} INFO - [2026-06-16T11:57:47.454+0000] {dag.py:4180} INFO - Setting next_dagrun for crypto_pipeline_dag to 2026-06-16 00:00:00+00:00, run_after=2026-06-17 00:00:00+00:00
[2026-06-16T11:57:47.467+0000] {processor.py:208} INFO - Processing /opt/airflow/dags/crypto_pipeline_dag.py took 0.074 seconds
[2026-06-16T11:58:17.692+0000] {processor.py:186} INFO - Started process (PID=479) to work on /opt/airflow/dags/crypto_pipeline_dag.py
[2026-06-16T11:58:17.693+0000] {processor.py:914} INFO - Processing file /opt/airflow/dags/crypto_pipeline_dag.py for tasks to queue
[2026-06-16T11:58:17.695+0000] {logging_mixin.py:190} INFO - [2026-06-16T11:58:17.695+0000] {dagbag.py:588} INFO - Filling up the DagBag from /opt/airflow/dags/crypto_pipeline_dag.py
[2026-06-16T11:58:17.739+0000] {processor.py:925} INFO - DAG(s) 'crypto_pipeline_dag' retrieved from /opt/airflow/dags/crypto_pipeline_dag.py
[2026-06-16T11:58:17.765+0000] {logging_mixin.py:190} INFO - [2026-06-16T11:58:17.765+0000] {dag.py:3239} INFO - Sync 1 DAGs
[2026-06-16T11:58:17.782+0000] {logging_mixin.py:190} INFO - [2026-06-16T11:58:17.782+0000] {dag.py:4180} INFO - Setting next_dagrun for crypto_pipeline_dag to 2026-06-16 00:00:00+00:00, run_after=2026-06-17 00:00:00+00:00
[2026-06-16T11:58:17.795+0000] {processor.py:208} INFO - Processing /opt/airflow/dags/crypto_pipeline_dag.py took 0.113 seconds
[2026-06-16T11:58:47.942+0000] {processor.py:186} INFO - Started process (PID=484) to work on /opt/airflow/dags/crypto_pipeline_dag.py
[2026-06-16T11:58:47.942+0000] {processor.py:914} INFO - Processing file /opt/airflow/dags/crypto_pipeline_dag.py for tasks to queue
[2026-06-16T11:58:47.944+0000] {logging_mixin.py:190} INFO - [2026-06-16T11:58:47.944+0000] {dagbag.py:588} INFO - Filling up the DagBag from /opt/airflow/dags/crypto_pipeline_dag.py
[2026-06-16T11:58:47.956+0000] {processor.py:925} INFO - DAG(s) 'crypto_pipeline_dag' retrieved from /opt/airflow/dags/crypto_pipeline_dag.py
[2026-06-16T11:58:47.977+0000] {logging_mixin.py:190} INFO - [2026-06-16T11:58:47.977+0000] {dag.py:3239} INFO - Sync 1 DAGs
[2026-06-16T11:58:47.994+0000] {logging_mixin.py:190} INFO - [2026-06-16T11:58:47.994+0000] {dag.py:4180} INFO - Setting next_dagrun for crypto_pipeline_dag to 2026-06-16 00:00:00+00:00, run_after=2026-06-17 00:00:00+00:00
[2026-06-16T11:58:48.008+0000] {processor.py:208} INFO - Processing /opt/airflow/dags/crypto_pipeline_dag.py took 0.073 seconds
[2026-06-16T11:59:18.338+0000] {processor.py:186} INFO - Started process (PID=489) to work on /opt/airflow/dags/crypto_pipeline_dag.py
[2026-06-16T11:59:18.339+0000] {processor.py:914} INFO - Processing file /opt/airflow/dags/crypto_pipeline_dag.py for tasks to queue
[2026-06-16T11:59:18.340+0000] {logging_mixin.py:190} INFO - [2026-06-16T11:59:18.340+0000] {dagbag.py:588} INFO - Filling up the DagBag from /opt/airflow/dags/crypto_pipeline_dag.py
[2026-06-16T11:59:18.352+0000] {processor.py:925} INFO - DAG(s) 'crypto_pipeline_dag' retrieved from /opt/airflow/dags/crypto_pipeline_dag.py
[2026-06-16T11:59:18.369+0000] {logging_mixin.py:190} INFO - [2026-06-16T11:59:18.369+0000] {dag.py:3239} INFO - Sync 1 DAGs
[2026-06-16T11:59:18.384+0000] {logging_mixin.py:190} INFO - [2026-06-16T11:59:18.384+0000] {dag.py:4180} INFO - Setting next_dagrun for crypto_pipeline_dag to 2026-06-16 00:00:00+00:00, run_after=2026-06-17 00:00:00+00:00
[2026-06-16T11:59:18.397+0000] {processor.py:208} INFO - Processing /opt/airflow/dags/crypto_pipeline_dag.py took 0.064 seconds
[2026-06-16T11:59:48.577+0000] {processor.py:186} INFO - Started process (PID=494) to work on /opt/airflow/dags/crypto_pipeline_dag.py
[2026-06-16T11:59:48.578+0000] {processor.py:914} INFO - Processing file /opt/airflow/dags/crypto_pipeline_dag.py for tasks to queue
[2026-06-16T11:59:48.579+0000] {logging_mixin.py:190} INFO - [2026-06-16T11:59:48.579+0000] {dagbag.py:588} INFO - Filling up the DagBag from /opt/airflow/dags/crypto_pipeline_dag.py
[2026-06-16T11:59:48.591+0000] {processor.py:925} INFO - DAG(s) 'crypto_pipeline_dag' retrieved from /opt/airflow/dags/crypto_pipeline_dag.py
[2026-06-16T11:59:48.612+0000] {logging_mixin.py:190} INFO - [2026-06-16T11:59:48.612+0000] {dag.py:3239} INFO - Sync 1 DAGs
[2026-06-16T11:59:48.629+0000] {logging_mixin.py:190} INFO - [2026-06-16T11:59:48.628+0000] {dag.py:4180} INFO - Setting next_dagrun for crypto_pipeline_dag to 2026-06-16 00:00:00+00:00, run_after=2026-06-17 00:00:00+00:00
[2026-06-16T11:59:48.640+0000] {processor.py:208} INFO - Processing /opt/airflow/dags/crypto_pipeline_dag.py took 0.069 seconds
[2026-06-16T12:00:18.945+0000] {processor.py:186} INFO - Started process (PID=499) to work on /opt/airflow/dags/crypto_pipeline_dag.py
[2026-06-16T12:00:18.946+0000] {processor.py:914} INFO - Processing file /opt/airflow/dags/crypto_pipeline_dag.py for tasks to queue
[2026-06-16T12:00:18.947+0000] {logging_mixin.py:190} INFO - [2026-06-16T12:00:18.947+0000] {dagbag.py:588} INFO - Filling up the DagBag from /opt/airflow/dags/crypto_pipeline_dag.py
[2026-06-16T12:00:18.959+0000] {processor.py:925} INFO - DAG(s) 'crypto_pipeline_dag' retrieved from /opt/airflow/dags/crypto_pipeline_dag.py
[2026-06-16T12:00:18.980+0000] {logging_mixin.py:190} INFO - [2026-06-16T12:00:18.980+0000] {dag.py:3239} INFO - Sync 1 DAGs
[2026-06-16T12:00:18.996+0000] {logging_mixin.py:190} INFO - [2026-06-16T12:00:18.996+0000] {dag.py:4180} INFO - Setting next_dagrun for crypto_pipeline_dag to 2026-06-16 00:00:00+00:00, run_after=2026-06-17 00:00:00+00:00
[2026-06-16T12:00:19.010+0000] {processor.py:208} INFO - Processing /opt/airflow/dags/crypto_pipeline_dag.py took 0.071 seconds
[2026-06-16T12:00:49.272+0000] {processor.py:186} INFO - Started process (PID=504) to work on /opt/airflow/dags/crypto_pipeline_dag.py
[2026-06-16T12:00:49.273+0000] {processor.py:914} INFO - Processing file /opt/airflow/dags/crypto_pipeline_dag.py for tasks to queue
[2026-06-16T12:00:49.276+0000] {logging_mixin.py:190} INFO - [2026-06-16T12:00:49.275+0000] {dagbag.py:588} INFO - Filling up the DagBag from /opt/airflow/dags/crypto_pipeline_dag.py
[2026-06-16T12:00:49.306+0000] {processor.py:925} INFO - DAG(s) 'crypto_pipeline_dag' retrieved from /opt/airflow/dags/crypto_pipeline_dag.py
[2026-06-16T12:00:49.341+0000] {logging_mixin.py:190} INFO - [2026-06-16T12:00:49.340+0000] {dag.py:3239} INFO - Sync 1 DAGs
[2026-06-16T12:00:49.367+0000] {logging_mixin.py:190} INFO - [2026-06-16T12:00:49.367+0000] {dag.py:4180} INFO - Setting next_dagrun for crypto_pipeline_dag to 2026-06-16 00:00:00+00:00, run_after=2026-06-17 00:00:00+00:00
[2026-06-16T12:00:49.394+0000] {processor.py:208} INFO - Processing /opt/airflow/dags/crypto_pipeline_dag.py took 0.133 seconds
[2026-06-16T12:00:58.346+0000] {processor.py:186} INFO - Started process (PID=509) to work on /opt/airflow/dags/crypto_pipeline_dag.py
[2026-06-16T12:00:58.347+0000] {processor.py:914} INFO - Processing file /opt/airflow/dags/crypto_pipeline_dag.py for tasks to queue
[2026-06-16T12:00:58.349+0000] {logging_mixin.py:190} INFO - [2026-06-16T12:00:58.349+0000] {dagbag.py:588} INFO - Filling up the DagBag from /opt/airflow/dags/crypto_pipeline_dag.py
[2026-06-16T12:00:58.361+0000] {logging_mixin.py:190} INFO - [2026-06-16T12:00:58.359+0000] {dagbag.py:387} ERROR - Failed to import: /opt/airflow/dags/crypto_pipeline_dag.py
Traceback (most recent call last):
  File "/home/airflow/.local/lib/python3.12/site-packages/airflow/models/dagbag.py", line 383, in parse
    loader.exec_module(new_module)
  File "<frozen importlib._bootstrap_external>", line 995, in exec_module
  File "<frozen importlib._bootstrap_external>", line 1133, in get_code
  File "<frozen importlib._bootstrap_external>", line 1063, in source_to_code
  File "<frozen importlib._bootstrap>", line 488, in _call_with_frames_removed
  File "/opt/airflow/dags/crypto_pipeline_dag.py", line 60
    """
    ^
SyntaxError: unterminated triple-quoted string literal (detected at line 64)
[2026-06-16T12:00:58.362+0000] {processor.py:927} WARNING - No viable dags retrieved from /opt/airflow/dags/crypto_pipeline_dag.py
[2026-06-16T12:00:58.379+0000] {processor.py:208} INFO - Processing /opt/airflow/dags/crypto_pipeline_dag.py took 0.039 seconds
[2026-06-16T12:01:27.980+0000] {processor.py:186} INFO - Started process (PID=175) to work on /opt/airflow/dags/crypto_pipeline_dag.py
[2026-06-16T12:01:27.981+0000] {processor.py:914} INFO - Processing file /opt/airflow/dags/crypto_pipeline_dag.py for tasks to queue
[2026-06-16T12:01:27.983+0000] {logging_mixin.py:190} INFO - [2026-06-16T12:01:27.982+0000] {dagbag.py:588} INFO - Filling up the DagBag from /opt/airflow/dags/crypto_pipeline_dag.py
[2026-06-16T12:01:27.993+0000] {logging_mixin.py:190} INFO - [2026-06-16T12:01:27.992+0000] {dagbag.py:387} ERROR - Failed to import: /opt/airflow/dags/crypto_pipeline_dag.py
Traceback (most recent call last):
  File "/home/airflow/.local/lib/python3.12/site-packages/airflow/models/dagbag.py", line 383, in parse
    loader.exec_module(new_module)
  File "<frozen importlib._bootstrap_external>", line 995, in exec_module
  File "<frozen importlib._bootstrap_external>", line 1133, in get_code
  File "<frozen importlib._bootstrap_external>", line 1063, in source_to_code
  File "<frozen importlib._bootstrap>", line 488, in _call_with_frames_removed
  File "/opt/airflow/dags/crypto_pipeline_dag.py", line 60
    """
    ^
SyntaxError: unterminated triple-quoted string literal (detected at line 64)
[2026-06-16T12:01:27.993+0000] {processor.py:927} WARNING - No viable dags retrieved from /opt/airflow/dags/crypto_pipeline_dag.py
[2026-06-16T12:01:28.007+0000] {processor.py:208} INFO - Processing /opt/airflow/dags/crypto_pipeline_dag.py took 0.032 seconds
[2026-06-16T12:01:58.190+0000] {processor.py:186} INFO - Started process (PID=180) to work on /opt/airflow/dags/crypto_pipeline_dag.py
[2026-06-16T12:01:58.191+0000] {processor.py:914} INFO - Processing file /opt/airflow/dags/crypto_pipeline_dag.py for tasks to queue
[2026-06-16T12:01:58.193+0000] {logging_mixin.py:190} INFO - [2026-06-16T12:01:58.192+0000] {dagbag.py:588} INFO - Filling up the DagBag from /opt/airflow/dags/crypto_pipeline_dag.py
[2026-06-16T12:01:58.202+0000] {logging_mixin.py:190} INFO - [2026-06-16T12:01:58.201+0000] {dagbag.py:387} ERROR - Failed to import: /opt/airflow/dags/crypto_pipeline_dag.py
Traceback (most recent call last):
  File "/home/airflow/.local/lib/python3.12/site-packages/airflow/models/dagbag.py", line 383, in parse
    loader.exec_module(new_module)
  File "<frozen importlib._bootstrap_external>", line 995, in exec_module
  File "<frozen importlib._bootstrap_external>", line 1133, in get_code
  File "<frozen importlib._bootstrap_external>", line 1063, in source_to_code
  File "<frozen importlib._bootstrap>", line 488, in _call_with_frames_removed
  File "/opt/airflow/dags/crypto_pipeline_dag.py", line 60
    """
    ^
SyntaxError: unterminated triple-quoted string literal (detected at line 64)
[2026-06-16T12:01:58.203+0000] {processor.py:927} WARNING - No viable dags retrieved from /opt/airflow/dags/crypto_pipeline_dag.py
[2026-06-16T12:01:58.218+0000] {processor.py:208} INFO - Processing /opt/airflow/dags/crypto_pipeline_dag.py took 0.032 seconds
[2026-06-16T12:02:28.531+0000] {processor.py:186} INFO - Started process (PID=192) to work on /opt/airflow/dags/crypto_pipeline_dag.py
[2026-06-16T12:02:28.531+0000] {processor.py:914} INFO - Processing file /opt/airflow/dags/crypto_pipeline_dag.py for tasks to queue
[2026-06-16T12:02:28.532+0000] {logging_mixin.py:190} INFO - [2026-06-16T12:02:28.532+0000] {dagbag.py:588} INFO - Filling up the DagBag from /opt/airflow/dags/crypto_pipeline_dag.py
[2026-06-16T12:02:28.542+0000] {logging_mixin.py:190} INFO - [2026-06-16T12:02:28.541+0000] {dagbag.py:387} ERROR - Failed to import: /opt/airflow/dags/crypto_pipeline_dag.py
Traceback (most recent call last):
  File "/home/airflow/.local/lib/python3.12/site-packages/airflow/models/dagbag.py", line 383, in parse
    loader.exec_module(new_module)
  File "<frozen importlib._bootstrap_external>", line 995, in exec_module
  File "<frozen importlib._bootstrap_external>", line 1133, in get_code
  File "<frozen importlib._bootstrap_external>", line 1063, in source_to_code
  File "<frozen importlib._bootstrap>", line 488, in _call_with_frames_removed
  File "/opt/airflow/dags/crypto_pipeline_dag.py", line 60
    """
    ^
SyntaxError: unterminated triple-quoted string literal (detected at line 64)
[2026-06-16T12:02:28.543+0000] {processor.py:927} WARNING - No viable dags retrieved from /opt/airflow/dags/crypto_pipeline_dag.py
[2026-06-16T12:02:28.558+0000] {processor.py:208} INFO - Processing /opt/airflow/dags/crypto_pipeline_dag.py took 0.031 seconds
[2026-06-16T12:02:58.828+0000] {processor.py:186} INFO - Started process (PID=199) to work on /opt/airflow/dags/crypto_pipeline_dag.py
[2026-06-16T12:02:58.829+0000] {processor.py:914} INFO - Processing file /opt/airflow/dags/crypto_pipeline_dag.py for tasks to queue
[2026-06-16T12:02:58.830+0000] {logging_mixin.py:190} INFO - [2026-06-16T12:02:58.830+0000] {dagbag.py:588} INFO - Filling up the DagBag from /opt/airflow/dags/crypto_pipeline_dag.py
[2026-06-16T12:02:58.840+0000] {logging_mixin.py:190} INFO - [2026-06-16T12:02:58.839+0000] {dagbag.py:387} ERROR - Failed to import: /opt/airflow/dags/crypto_pipeline_dag.py
Traceback (most recent call last):
  File "/home/airflow/.local/lib/python3.12/site-packages/airflow/models/dagbag.py", line 383, in parse
    loader.exec_module(new_module)
  File "<frozen importlib._bootstrap_external>", line 995, in exec_module
  File "<frozen importlib._bootstrap_external>", line 1133, in get_code
  File "<frozen importlib._bootstrap_external>", line 1063, in source_to_code
  File "<frozen importlib._bootstrap>", line 488, in _call_with_frames_removed
  File "/opt/airflow/dags/crypto_pipeline_dag.py", line 60
    """
    ^
SyntaxError: unterminated triple-quoted string literal (detected at line 64)
[2026-06-16T12:02:58.840+0000] {processor.py:927} WARNING - No viable dags retrieved from /opt/airflow/dags/crypto_pipeline_dag.py
[2026-06-16T12:02:58.854+0000] {processor.py:208} INFO - Processing /opt/airflow/dags/crypto_pipeline_dag.py took 0.030 seconds
[2026-06-16T12:03:29.145+0000] {processor.py:186} INFO - Started process (PID=204) to work on /opt/airflow/dags/crypto_pipeline_dag.py
[2026-06-16T12:03:29.146+0000] {processor.py:914} INFO - Processing file /opt/airflow/dags/crypto_pipeline_dag.py for tasks to queue
[2026-06-16T12:03:29.149+0000] {logging_mixin.py:190} INFO - [2026-06-16T12:03:29.147+0000] {dagbag.py:588} INFO - Filling up the DagBag from /opt/airflow/dags/crypto_pipeline_dag.py
[2026-06-16T12:03:29.168+0000] {logging_mixin.py:190} INFO - [2026-06-16T12:03:29.167+0000] {dagbag.py:387} ERROR - Failed to import: /opt/airflow/dags/crypto_pipeline_dag.py
Traceback (most recent call last):
  File "/home/airflow/.local/lib/python3.12/site-packages/airflow/models/dagbag.py", line 383, in parse
    loader.exec_module(new_module)
  File "<frozen importlib._bootstrap_external>", line 995, in exec_module
  File "<frozen importlib._bootstrap_external>", line 1133, in get_code
  File "<frozen importlib._bootstrap_external>", line 1063, in source_to_code
  File "<frozen importlib._bootstrap>", line 488, in _call_with_frames_removed
  File "/opt/airflow/dags/crypto_pipeline_dag.py", line 60
    """
    ^
SyntaxError: unterminated triple-quoted string literal (detected at line 64)
[2026-06-16T12:03:29.169+0000] {processor.py:927} WARNING - No viable dags retrieved from /opt/airflow/dags/crypto_pipeline_dag.py
[2026-06-16T12:03:29.189+0000] {processor.py:208} INFO - Processing /opt/airflow/dags/crypto_pipeline_dag.py took 0.050 seconds
[2026-06-16T12:03:59.622+0000] {processor.py:186} INFO - Started process (PID=209) to work on /opt/airflow/dags/crypto_pipeline_dag.py
[2026-06-16T12:03:59.623+0000] {processor.py:914} INFO - Processing file /opt/airflow/dags/crypto_pipeline_dag.py for tasks to queue
[2026-06-16T12:03:59.624+0000] {logging_mixin.py:190} INFO - [2026-06-16T12:03:59.624+0000] {dagbag.py:588} INFO - Filling up the DagBag from /opt/airflow/dags/crypto_pipeline_dag.py
[2026-06-16T12:03:59.639+0000] {logging_mixin.py:190} INFO - [2026-06-16T12:03:59.638+0000] {dagbag.py:387} ERROR - Failed to import: /opt/airflow/dags/crypto_pipeline_dag.py
Traceback (most recent call last):
  File "/home/airflow/.local/lib/python3.12/site-packages/airflow/models/dagbag.py", line 383, in parse
    loader.exec_module(new_module)
  File "<frozen importlib._bootstrap_external>", line 995, in exec_module
  File "<frozen importlib._bootstrap_external>", line 1133, in get_code
  File "<frozen importlib._bootstrap_external>", line 1063, in source_to_code
  File "<frozen importlib._bootstrap>", line 488, in _call_with_frames_removed
  File "/opt/airflow/dags/crypto_pipeline_dag.py", line 60
    """
    ^
SyntaxError: unterminated triple-quoted string literal (detected at line 64)
[2026-06-16T12:03:59.639+0000] {processor.py:927} WARNING - No viable dags retrieved from /opt/airflow/dags/crypto_pipeline_dag.py
[2026-06-16T12:03:59.653+0000] {processor.py:208} INFO - Processing /opt/airflow/dags/crypto_pipeline_dag.py took 0.036 seconds
[2026-06-16T12:04:29.862+0000] {processor.py:186} INFO - Started process (PID=214) to work on /opt/airflow/dags/crypto_pipeline_dag.py
[2026-06-16T12:04:29.862+0000] {processor.py:914} INFO - Processing file /opt/airflow/dags/crypto_pipeline_dag.py for tasks to queue
[2026-06-16T12:04:29.863+0000] {logging_mixin.py:190} INFO - [2026-06-16T12:04:29.863+0000] {dagbag.py:588} INFO - Filling up the DagBag from /opt/airflow/dags/crypto_pipeline_dag.py
[2026-06-16T12:04:29.873+0000] {logging_mixin.py:190} INFO - [2026-06-16T12:04:29.872+0000] {dagbag.py:387} ERROR - Failed to import: /opt/airflow/dags/crypto_pipeline_dag.py
Traceback (most recent call last):
  File "/home/airflow/.local/lib/python3.12/site-packages/airflow/models/dagbag.py", line 383, in parse
    loader.exec_module(new_module)
  File "<frozen importlib._bootstrap_external>", line 995, in exec_module
  File "<frozen importlib._bootstrap_external>", line 1133, in get_code
  File "<frozen importlib._bootstrap_external>", line 1063, in source_to_code
  File "<frozen importlib._bootstrap>", line 488, in _call_with_frames_removed
  File "/opt/airflow/dags/crypto_pipeline_dag.py", line 60
    """
    ^
SyntaxError: unterminated triple-quoted string literal (detected at line 64)
[2026-06-16T12:04:29.874+0000] {processor.py:927} WARNING - No viable dags retrieved from /opt/airflow/dags/crypto_pipeline_dag.py
[2026-06-16T12:04:29.888+0000] {processor.py:208} INFO - Processing /opt/airflow/dags/crypto_pipeline_dag.py took 0.031 seconds
[2026-06-16T12:05:00.147+0000] {processor.py:186} INFO - Started process (PID=219) to work on /opt/airflow/dags/crypto_pipeline_dag.py
[2026-06-16T12:05:00.148+0000] {processor.py:914} INFO - Processing file /opt/airflow/dags/crypto_pipeline_dag.py for tasks to queue
[2026-06-16T12:05:00.149+0000] {logging_mixin.py:190} INFO - [2026-06-16T12:05:00.149+0000] {dagbag.py:588} INFO - Filling up the DagBag from /opt/airflow/dags/crypto_pipeline_dag.py
[2026-06-16T12:05:00.158+0000] {logging_mixin.py:190} INFO - [2026-06-16T12:05:00.158+0000] {dagbag.py:387} ERROR - Failed to import: /opt/airflow/dags/crypto_pipeline_dag.py
Traceback (most recent call last):
  File "/home/airflow/.local/lib/python3.12/site-packages/airflow/models/dagbag.py", line 383, in parse
    loader.exec_module(new_module)
  File "<frozen importlib._bootstrap_external>", line 995, in exec_module
  File "<frozen importlib._bootstrap_external>", line 1133, in get_code
  File "<frozen importlib._bootstrap_external>", line 1063, in source_to_code
  File "<frozen importlib._bootstrap>", line 488, in _call_with_frames_removed
  File "/opt/airflow/dags/crypto_pipeline_dag.py", line 60
    """
    ^
SyntaxError: unterminated triple-quoted string literal (detected at line 64)
[2026-06-16T12:05:00.159+0000] {processor.py:927} WARNING - No viable dags retrieved from /opt/airflow/dags/crypto_pipeline_dag.py
[2026-06-16T12:05:00.174+0000] {processor.py:208} INFO - Processing /opt/airflow/dags/crypto_pipeline_dag.py took 0.030 seconds
[2026-06-16T12:05:30.412+0000] {processor.py:186} INFO - Started process (PID=224) to work on /opt/airflow/dags/crypto_pipeline_dag.py
[2026-06-16T12:05:30.412+0000] {processor.py:914} INFO - Processing file /opt/airflow/dags/crypto_pipeline_dag.py for tasks to queue
[2026-06-16T12:05:30.413+0000] {logging_mixin.py:190} INFO - [2026-06-16T12:05:30.413+0000] {dagbag.py:588} INFO - Filling up the DagBag from /opt/airflow/dags/crypto_pipeline_dag.py
[2026-06-16T12:05:30.423+0000] {logging_mixin.py:190} INFO - [2026-06-16T12:05:30.422+0000] {dagbag.py:387} ERROR - Failed to import: /opt/airflow/dags/crypto_pipeline_dag.py
Traceback (most recent call last):
  File "/home/airflow/.local/lib/python3.12/site-packages/airflow/models/dagbag.py", line 383, in parse
    loader.exec_module(new_module)
  File "<frozen importlib._bootstrap_external>", line 995, in exec_module
  File "<frozen importlib._bootstrap_external>", line 1133, in get_code
  File "<frozen importlib._bootstrap_external>", line 1063, in source_to_code
  File "<frozen importlib._bootstrap>", line 488, in _call_with_frames_removed
  File "/opt/airflow/dags/crypto_pipeline_dag.py", line 60
    """
    ^
SyntaxError: unterminated triple-quoted string literal (detected at line 64)
[2026-06-16T12:05:30.423+0000] {processor.py:927} WARNING - No viable dags retrieved from /opt/airflow/dags/crypto_pipeline_dag.py
[2026-06-16T12:05:30.438+0000] {processor.py:208} INFO - Processing /opt/airflow/dags/crypto_pipeline_dag.py took 0.029 seconds
[2026-06-16T12:06:00.642+0000] {processor.py:186} INFO - Started process (PID=229) to work on /opt/airflow/dags/crypto_pipeline_dag.py
[2026-06-16T12:06:00.643+0000] {processor.py:914} INFO - Processing file /opt/airflow/dags/crypto_pipeline_dag.py for tasks to queue
[2026-06-16T12:06:00.644+0000] {logging_mixin.py:190} INFO - [2026-06-16T12:06:00.643+0000] {dagbag.py:588} INFO - Filling up the DagBag from /opt/airflow/dags/crypto_pipeline_dag.py
[2026-06-16T12:06:00.653+0000] {logging_mixin.py:190} INFO - [2026-06-16T12:06:00.652+0000] {dagbag.py:387} ERROR - Failed to import: /opt/airflow/dags/crypto_pipeline_dag.py
Traceback (most recent call last):
  File "/home/airflow/.local/lib/python3.12/site-packages/airflow/models/dagbag.py", line 383, in parse
    loader.exec_module(new_module)
  File "<frozen importlib._bootstrap_external>", line 995, in exec_module
  File "<frozen importlib._bootstrap_external>", line 1133, in get_code
  File "<frozen importlib._bootstrap_external>", line 1063, in source_to_code
  File "<frozen importlib._bootstrap>", line 488, in _call_with_frames_removed
  File "/opt/airflow/dags/crypto_pipeline_dag.py", line 60
    """
    ^
SyntaxError: unterminated triple-quoted string literal (detected at line 64)
[2026-06-16T12:06:00.653+0000] {processor.py:927} WARNING - No viable dags retrieved from /opt/airflow/dags/crypto_pipeline_dag.py
[2026-06-16T12:06:00.669+0000] {processor.py:208} INFO - Processing /opt/airflow/dags/crypto_pipeline_dag.py took 0.030 seconds
[2026-06-16T12:06:30.924+0000] {processor.py:186} INFO - Started process (PID=234) to work on /opt/airflow/dags/crypto_pipeline_dag.py
[2026-06-16T12:06:30.924+0000] {processor.py:914} INFO - Processing file /opt/airflow/dags/crypto_pipeline_dag.py for tasks to queue
[2026-06-16T12:06:30.925+0000] {logging_mixin.py:190} INFO - [2026-06-16T12:06:30.925+0000] {dagbag.py:588} INFO - Filling up the DagBag from /opt/airflow/dags/crypto_pipeline_dag.py
[2026-06-16T12:06:30.934+0000] {logging_mixin.py:190} INFO - [2026-06-16T12:06:30.933+0000] {dagbag.py:387} ERROR - Failed to import: /opt/airflow/dags/crypto_pipeline_dag.py
Traceback (most recent call last):
  File "/home/airflow/.local/lib/python3.12/site-packages/airflow/models/dagbag.py", line 383, in parse
    loader.exec_module(new_module)
  File "<frozen importlib._bootstrap_external>", line 995, in exec_module
  File "<frozen importlib._bootstrap_external>", line 1133, in get_code
  File "<frozen importlib._bootstrap_external>", line 1063, in source_to_code
  File "<frozen importlib._bootstrap>", line 488, in _call_with_frames_removed
  File "/opt/airflow/dags/crypto_pipeline_dag.py", line 60
    """
    ^
SyntaxError: unterminated triple-quoted string literal (detected at line 64)
[2026-06-16T12:06:30.935+0000] {processor.py:927} WARNING - No viable dags retrieved from /opt/airflow/dags/crypto_pipeline_dag.py
[2026-06-16T12:06:30.949+0000] {processor.py:208} INFO - Processing /opt/airflow/dags/crypto_pipeline_dag.py took 0.029 seconds
[2026-06-16T12:07:01.158+0000] {processor.py:186} INFO - Started process (PID=239) to work on /opt/airflow/dags/crypto_pipeline_dag.py
[2026-06-16T12:07:01.159+0000] {processor.py:914} INFO - Processing file /opt/airflow/dags/crypto_pipeline_dag.py for tasks to queue
[2026-06-16T12:07:01.160+0000] {logging_mixin.py:190} INFO - [2026-06-16T12:07:01.159+0000] {dagbag.py:588} INFO - Filling up the DagBag from /opt/airflow/dags/crypto_pipeline_dag.py
[2026-06-16T12:07:01.175+0000] {logging_mixin.py:190} INFO - [2026-06-16T12:07:01.175+0000] {dagbag.py:387} ERROR - Failed to import: /opt/airflow/dags/crypto_pipeline_dag.py
Traceback (most recent call last):
  File "/home/airflow/.local/lib/python3.12/site-packages/airflow/models/dagbag.py", line 383, in parse
    loader.exec_module(new_module)
  File "<frozen importlib._bootstrap_external>", line 995, in exec_module
  File "<frozen importlib._bootstrap_external>", line 1133, in get_code
  File "<frozen importlib._bootstrap_external>", line 1063, in source_to_code
  File "<frozen importlib._bootstrap>", line 488, in _call_with_frames_removed
  File "/opt/airflow/dags/crypto_pipeline_dag.py", line 60
    """
    ^
SyntaxError: unterminated triple-quoted string literal (detected at line 64)
[2026-06-16T12:07:01.176+0000] {processor.py:927} WARNING - No viable dags retrieved from /opt/airflow/dags/crypto_pipeline_dag.py
[2026-06-16T12:07:01.190+0000] {processor.py:208} INFO - Processing /opt/airflow/dags/crypto_pipeline_dag.py took 0.036 seconds
[2026-06-16T12:07:31.398+0000] {processor.py:186} INFO - Started process (PID=244) to work on /opt/airflow/dags/crypto_pipeline_dag.py
[2026-06-16T12:07:31.398+0000] {processor.py:914} INFO - Processing file /opt/airflow/dags/crypto_pipeline_dag.py for tasks to queue
[2026-06-16T12:07:31.399+0000] {logging_mixin.py:190} INFO - [2026-06-16T12:07:31.399+0000] {dagbag.py:588} INFO - Filling up the DagBag from /opt/airflow/dags/crypto_pipeline_dag.py
[2026-06-16T12:07:31.409+0000] {logging_mixin.py:190} INFO - [2026-06-16T12:07:31.408+0000] {dagbag.py:387} ERROR - Failed to import: /opt/airflow/dags/crypto_pipeline_dag.py
Traceback (most recent call last):
  File "/home/airflow/.local/lib/python3.12/site-packages/airflow/models/dagbag.py", line 383, in parse
    loader.exec_module(new_module)
  File "<frozen importlib._bootstrap_external>", line 995, in exec_module
  File "<frozen importlib._bootstrap_external>", line 1133, in get_code
  File "<frozen importlib._bootstrap_external>", line 1063, in source_to_code
  File "<frozen importlib._bootstrap>", line 488, in _call_with_frames_removed
  File "/opt/airflow/dags/crypto_pipeline_dag.py", line 60
    """
    ^
SyntaxError: unterminated triple-quoted string literal (detected at line 64)
[2026-06-16T12:07:31.409+0000] {processor.py:927} WARNING - No viable dags retrieved from /opt/airflow/dags/crypto_pipeline_dag.py
[2026-06-16T12:07:31.424+0000] {processor.py:208} INFO - Processing /opt/airflow/dags/crypto_pipeline_dag.py took 0.031 seconds
[2026-06-16T12:08:01.674+0000] {processor.py:186} INFO - Started process (PID=249) to work on /opt/airflow/dags/crypto_pipeline_dag.py
[2026-06-16T12:08:01.675+0000] {processor.py:914} INFO - Processing file /opt/airflow/dags/crypto_pipeline_dag.py for tasks to queue
[2026-06-16T12:08:01.676+0000] {logging_mixin.py:190} INFO - [2026-06-16T12:08:01.675+0000] {dagbag.py:588} INFO - Filling up the DagBag from /opt/airflow/dags/crypto_pipeline_dag.py
[2026-06-16T12:08:01.686+0000] {logging_mixin.py:190} INFO - [2026-06-16T12:08:01.685+0000] {dagbag.py:387} ERROR - Failed to import: /opt/airflow/dags/crypto_pipeline_dag.py
Traceback (most recent call last):
  File "/home/airflow/.local/lib/python3.12/site-packages/airflow/models/dagbag.py", line 383, in parse
    loader.exec_module(new_module)
  File "<frozen importlib._bootstrap_external>", line 995, in exec_module
  File "<frozen importlib._bootstrap_external>", line 1133, in get_code
  File "<frozen importlib._bootstrap_external>", line 1063, in source_to_code
  File "<frozen importlib._bootstrap>", line 488, in _call_with_frames_removed
  File "/opt/airflow/dags/crypto_pipeline_dag.py", line 60
    """
    ^
SyntaxError: unterminated triple-quoted string literal (detected at line 64)
[2026-06-16T12:08:01.686+0000] {processor.py:927} WARNING - No viable dags retrieved from /opt/airflow/dags/crypto_pipeline_dag.py
[2026-06-16T12:08:01.699+0000] {processor.py:208} INFO - Processing /opt/airflow/dags/crypto_pipeline_dag.py took 0.030 seconds
[2026-06-16T12:49:16.450+0000] {processor.py:186} INFO - Started process (PID=254) to work on /opt/airflow/dags/crypto_pipeline_dag.py
[2026-06-16T12:49:16.453+0000] {processor.py:914} INFO - Processing file /opt/airflow/dags/crypto_pipeline_dag.py for tasks to queue
[2026-06-16T12:49:16.457+0000] {logging_mixin.py:190} INFO - [2026-06-16T12:49:16.456+0000] {dagbag.py:588} INFO - Filling up the DagBag from /opt/airflow/dags/crypto_pipeline_dag.py
[2026-06-16T12:49:16.503+0000] {logging_mixin.py:190} INFO - [2026-06-16T12:49:16.501+0000] {dagbag.py:387} ERROR - Failed to import: /opt/airflow/dags/crypto_pipeline_dag.py
Traceback (most recent call last):
  File "/home/airflow/.local/lib/python3.12/site-packages/airflow/models/dagbag.py", line 383, in parse
    loader.exec_module(new_module)
  File "<frozen importlib._bootstrap_external>", line 995, in exec_module
  File "<frozen importlib._bootstrap_external>", line 1133, in get_code
  File "<frozen importlib._bootstrap_external>", line 1063, in source_to_code
  File "<frozen importlib._bootstrap>", line 488, in _call_with_frames_removed
  File "/opt/airflow/dags/crypto_pipeline_dag.py", line 60
    """
    ^
SyntaxError: unterminated triple-quoted string literal (detected at line 64)
[2026-06-16T12:49:16.503+0000] {processor.py:927} WARNING - No viable dags retrieved from /opt/airflow/dags/crypto_pipeline_dag.py
[2026-06-16T12:49:16.535+0000] {processor.py:208} INFO - Processing /opt/airflow/dags/crypto_pipeline_dag.py took 0.096 seconds
[2026-06-16T12:49:46.750+0000] {processor.py:186} INFO - Started process (PID=259) to work on /opt/airflow/dags/crypto_pipeline_dag.py
[2026-06-16T12:49:46.752+0000] {processor.py:914} INFO - Processing file /opt/airflow/dags/crypto_pipeline_dag.py for tasks to queue
[2026-06-16T12:49:46.753+0000] {logging_mixin.py:190} INFO - [2026-06-16T12:49:46.753+0000] {dagbag.py:588} INFO - Filling up the DagBag from /opt/airflow/dags/crypto_pipeline_dag.py
[2026-06-16T12:49:46.771+0000] {logging_mixin.py:190} INFO - [2026-06-16T12:49:46.771+0000] {dagbag.py:387} ERROR - Failed to import: /opt/airflow/dags/crypto_pipeline_dag.py
Traceback (most recent call last):
  File "/home/airflow/.local/lib/python3.12/site-packages/airflow/models/dagbag.py", line 383, in parse
    loader.exec_module(new_module)
  File "<frozen importlib._bootstrap_external>", line 995, in exec_module
  File "<frozen importlib._bootstrap_external>", line 1133, in get_code
  File "<frozen importlib._bootstrap_external>", line 1063, in source_to_code
  File "<frozen importlib._bootstrap>", line 488, in _call_with_frames_removed
  File "/opt/airflow/dags/crypto_pipeline_dag.py", line 60
    """
    ^
SyntaxError: unterminated triple-quoted string literal (detected at line 64)
[2026-06-16T12:49:46.772+0000] {processor.py:927} WARNING - No viable dags retrieved from /opt/airflow/dags/crypto_pipeline_dag.py
[2026-06-16T12:49:46.793+0000] {processor.py:208} INFO - Processing /opt/airflow/dags/crypto_pipeline_dag.py took 0.047 seconds
[2026-06-16T12:50:16.991+0000] {processor.py:186} INFO - Started process (PID=264) to work on /opt/airflow/dags/crypto_pipeline_dag.py
[2026-06-16T12:50:16.991+0000] {processor.py:914} INFO - Processing file /opt/airflow/dags/crypto_pipeline_dag.py for tasks to queue
[2026-06-16T12:50:16.993+0000] {logging_mixin.py:190} INFO - [2026-06-16T12:50:16.992+0000] {dagbag.py:588} INFO - Filling up the DagBag from /opt/airflow/dags/crypto_pipeline_dag.py
[2026-06-16T12:50:17.005+0000] {logging_mixin.py:190} INFO - [2026-06-16T12:50:17.004+0000] {dagbag.py:387} ERROR - Failed to import: /opt/airflow/dags/crypto_pipeline_dag.py
Traceback (most recent call last):
  File "/home/airflow/.local/lib/python3.12/site-packages/airflow/models/dagbag.py", line 383, in parse
    loader.exec_module(new_module)
  File "<frozen importlib._bootstrap_external>", line 995, in exec_module
  File "<frozen importlib._bootstrap_external>", line 1133, in get_code
  File "<frozen importlib._bootstrap_external>", line 1063, in source_to_code
  File "<frozen importlib._bootstrap>", line 488, in _call_with_frames_removed
  File "/opt/airflow/dags/crypto_pipeline_dag.py", line 60
    """
    ^
SyntaxError: unterminated triple-quoted string literal (detected at line 64)
[2026-06-16T12:50:17.005+0000] {processor.py:927} WARNING - No viable dags retrieved from /opt/airflow/dags/crypto_pipeline_dag.py
[2026-06-16T12:50:17.020+0000] {processor.py:208} INFO - Processing /opt/airflow/dags/crypto_pipeline_dag.py took 0.034 seconds
[2026-06-16T12:50:47.274+0000] {processor.py:186} INFO - Started process (PID=269) to work on /opt/airflow/dags/crypto_pipeline_dag.py
[2026-06-16T12:50:47.275+0000] {processor.py:914} INFO - Processing file /opt/airflow/dags/crypto_pipeline_dag.py for tasks to queue
[2026-06-16T12:50:47.276+0000] {logging_mixin.py:190} INFO - [2026-06-16T12:50:47.276+0000] {dagbag.py:588} INFO - Filling up the DagBag from /opt/airflow/dags/crypto_pipeline_dag.py
[2026-06-16T12:50:47.286+0000] {logging_mixin.py:190} INFO - [2026-06-16T12:50:47.285+0000] {dagbag.py:387} ERROR - Failed to import: /opt/airflow/dags/crypto_pipeline_dag.py
Traceback (most recent call last):
  File "/home/airflow/.local/lib/python3.12/site-packages/airflow/models/dagbag.py", line 383, in parse
    loader.exec_module(new_module)
  File "<frozen importlib._bootstrap_external>", line 995, in exec_module
  File "<frozen importlib._bootstrap_external>", line 1133, in get_code
  File "<frozen importlib._bootstrap_external>", line 1063, in source_to_code
  File "<frozen importlib._bootstrap>", line 488, in _call_with_frames_removed
  File "/opt/airflow/dags/crypto_pipeline_dag.py", line 60
    """
    ^
SyntaxError: unterminated triple-quoted string literal (detected at line 64)
[2026-06-16T12:50:47.286+0000] {processor.py:927} WARNING - No viable dags retrieved from /opt/airflow/dags/crypto_pipeline_dag.py
[2026-06-16T12:50:47.302+0000] {processor.py:208} INFO - Processing /opt/airflow/dags/crypto_pipeline_dag.py took 0.037 seconds
[2026-06-16T12:51:17.500+0000] {processor.py:186} INFO - Started process (PID=274) to work on /opt/airflow/dags/crypto_pipeline_dag.py
[2026-06-16T12:51:17.501+0000] {processor.py:914} INFO - Processing file /opt/airflow/dags/crypto_pipeline_dag.py for tasks to queue
[2026-06-16T12:51:17.502+0000] {logging_mixin.py:190} INFO - [2026-06-16T12:51:17.502+0000] {dagbag.py:588} INFO - Filling up the DagBag from /opt/airflow/dags/crypto_pipeline_dag.py
[2026-06-16T12:51:17.512+0000] {logging_mixin.py:190} INFO - [2026-06-16T12:51:17.511+0000] {dagbag.py:387} ERROR - Failed to import: /opt/airflow/dags/crypto_pipeline_dag.py
Traceback (most recent call last):
  File "/home/airflow/.local/lib/python3.12/site-packages/airflow/models/dagbag.py", line 383, in parse
    loader.exec_module(new_module)
  File "<frozen importlib._bootstrap_external>", line 995, in exec_module
  File "<frozen importlib._bootstrap_external>", line 1133, in get_code
  File "<frozen importlib._bootstrap_external>", line 1063, in source_to_code
  File "<frozen importlib._bootstrap>", line 488, in _call_with_frames_removed
  File "/opt/airflow/dags/crypto_pipeline_dag.py", line 60
    """
    ^
SyntaxError: unterminated triple-quoted string literal (detected at line 64)
[2026-06-16T12:51:17.513+0000] {processor.py:927} WARNING - No viable dags retrieved from /opt/airflow/dags/crypto_pipeline_dag.py
[2026-06-16T12:51:17.526+0000] {processor.py:208} INFO - Processing /opt/airflow/dags/crypto_pipeline_dag.py took 0.029 seconds
[2026-06-16T12:51:47.765+0000] {processor.py:186} INFO - Started process (PID=279) to work on /opt/airflow/dags/crypto_pipeline_dag.py
[2026-06-16T12:51:47.766+0000] {processor.py:914} INFO - Processing file /opt/airflow/dags/crypto_pipeline_dag.py for tasks to queue
[2026-06-16T12:51:47.767+0000] {logging_mixin.py:190} INFO - [2026-06-16T12:51:47.766+0000] {dagbag.py:588} INFO - Filling up the DagBag from /opt/airflow/dags/crypto_pipeline_dag.py
[2026-06-16T12:51:47.776+0000] {logging_mixin.py:190} INFO - [2026-06-16T12:51:47.775+0000] {dagbag.py:387} ERROR - Failed to import: /opt/airflow/dags/crypto_pipeline_dag.py
Traceback (most recent call last):
  File "/home/airflow/.local/lib/python3.12/site-packages/airflow/models/dagbag.py", line 383, in parse
    loader.exec_module(new_module)
  File "<frozen importlib._bootstrap_external>", line 995, in exec_module
  File "<frozen importlib._bootstrap_external>", line 1133, in get_code
  File "<frozen importlib._bootstrap_external>", line 1063, in source_to_code
  File "<frozen importlib._bootstrap>", line 488, in _call_with_frames_removed
  File "/opt/airflow/dags/crypto_pipeline_dag.py", line 60
    """
    ^
SyntaxError: unterminated triple-quoted string literal (detected at line 64)
[2026-06-16T12:51:47.776+0000] {processor.py:927} WARNING - No viable dags retrieved from /opt/airflow/dags/crypto_pipeline_dag.py
[2026-06-16T12:51:47.793+0000] {processor.py:208} INFO - Processing /opt/airflow/dags/crypto_pipeline_dag.py took 0.032 seconds
[2026-06-16T12:52:18.084+0000] {processor.py:186} INFO - Started process (PID=284) to work on /opt/airflow/dags/crypto_pipeline_dag.py
[2026-06-16T12:52:18.085+0000] {processor.py:914} INFO - Processing file /opt/airflow/dags/crypto_pipeline_dag.py for tasks to queue
[2026-06-16T12:52:18.086+0000] {logging_mixin.py:190} INFO - [2026-06-16T12:52:18.086+0000] {dagbag.py:588} INFO - Filling up the DagBag from /opt/airflow/dags/crypto_pipeline_dag.py
[2026-06-16T12:52:18.101+0000] {logging_mixin.py:190} INFO - [2026-06-16T12:52:18.100+0000] {dagbag.py:387} ERROR - Failed to import: /opt/airflow/dags/crypto_pipeline_dag.py
Traceback (most recent call last):
  File "/home/airflow/.local/lib/python3.12/site-packages/airflow/models/dagbag.py", line 383, in parse
    loader.exec_module(new_module)
  File "<frozen importlib._bootstrap_external>", line 995, in exec_module
  File "<frozen importlib._bootstrap_external>", line 1133, in get_code
  File "<frozen importlib._bootstrap_external>", line 1063, in source_to_code
  File "<frozen importlib._bootstrap>", line 488, in _call_with_frames_removed
  File "/opt/airflow/dags/crypto_pipeline_dag.py", line 60
    """
    ^
SyntaxError: unterminated triple-quoted string literal (detected at line 64)
[2026-06-16T12:52:18.101+0000] {processor.py:927} WARNING - No viable dags retrieved from /opt/airflow/dags/crypto_pipeline_dag.py
[2026-06-16T12:52:18.118+0000] {processor.py:208} INFO - Processing /opt/airflow/dags/crypto_pipeline_dag.py took 0.038 seconds
[2026-06-16T12:52:48.392+0000] {processor.py:186} INFO - Started process (PID=289) to work on /opt/airflow/dags/crypto_pipeline_dag.py
[2026-06-16T12:52:48.392+0000] {processor.py:914} INFO - Processing file /opt/airflow/dags/crypto_pipeline_dag.py for tasks to queue
[2026-06-16T12:52:48.393+0000] {logging_mixin.py:190} INFO - [2026-06-16T12:52:48.393+0000] {dagbag.py:588} INFO - Filling up the DagBag from /opt/airflow/dags/crypto_pipeline_dag.py
[2026-06-16T12:52:48.403+0000] {logging_mixin.py:190} INFO - [2026-06-16T12:52:48.402+0000] {dagbag.py:387} ERROR - Failed to import: /opt/airflow/dags/crypto_pipeline_dag.py
Traceback (most recent call last):
  File "/home/airflow/.local/lib/python3.12/site-packages/airflow/models/dagbag.py", line 383, in parse
    loader.exec_module(new_module)
  File "<frozen importlib._bootstrap_external>", line 995, in exec_module
  File "<frozen importlib._bootstrap_external>", line 1133, in get_code
  File "<frozen importlib._bootstrap_external>", line 1063, in source_to_code
  File "<frozen importlib._bootstrap>", line 488, in _call_with_frames_removed
  File "/opt/airflow/dags/crypto_pipeline_dag.py", line 60
    """
    ^
SyntaxError: unterminated triple-quoted string literal (detected at line 64)
[2026-06-16T12:52:48.403+0000] {processor.py:927} WARNING - No viable dags retrieved from /opt/airflow/dags/crypto_pipeline_dag.py
[2026-06-16T12:52:48.416+0000] {processor.py:208} INFO - Processing /opt/airflow/dags/crypto_pipeline_dag.py took 0.030 seconds
[2026-06-16T12:53:18.723+0000] {processor.py:186} INFO - Started process (PID=294) to work on /opt/airflow/dags/crypto_pipeline_dag.py
[2026-06-16T12:53:18.724+0000] {processor.py:914} INFO - Processing file /opt/airflow/dags/crypto_pipeline_dag.py for tasks to queue
[2026-06-16T12:53:18.725+0000] {logging_mixin.py:190} INFO - [2026-06-16T12:53:18.724+0000] {dagbag.py:588} INFO - Filling up the DagBag from /opt/airflow/dags/crypto_pipeline_dag.py
[2026-06-16T12:53:18.734+0000] {logging_mixin.py:190} INFO - [2026-06-16T12:53:18.733+0000] {dagbag.py:387} ERROR - Failed to import: /opt/airflow/dags/crypto_pipeline_dag.py
Traceback (most recent call last):
  File "/home/airflow/.local/lib/python3.12/site-packages/airflow/models/dagbag.py", line 383, in parse
    loader.exec_module(new_module)
  File "<frozen importlib._bootstrap_external>", line 995, in exec_module
  File "<frozen importlib._bootstrap_external>", line 1133, in get_code
  File "<frozen importlib._bootstrap_external>", line 1063, in source_to_code
  File "<frozen importlib._bootstrap>", line 488, in _call_with_frames_removed
  File "/opt/airflow/dags/crypto_pipeline_dag.py", line 60
    """
    ^
SyntaxError: unterminated triple-quoted string literal (detected at line 64)
[2026-06-16T12:53:18.734+0000] {processor.py:927} WARNING - No viable dags retrieved from /opt/airflow/dags/crypto_pipeline_dag.py
[2026-06-16T12:53:18.749+0000] {processor.py:208} INFO - Processing /opt/airflow/dags/crypto_pipeline_dag.py took 0.029 seconds
[2026-06-16T12:53:49.033+0000] {processor.py:186} INFO - Started process (PID=299) to work on /opt/airflow/dags/crypto_pipeline_dag.py
[2026-06-16T12:53:49.034+0000] {processor.py:914} INFO - Processing file /opt/airflow/dags/crypto_pipeline_dag.py for tasks to queue
[2026-06-16T12:53:49.035+0000] {logging_mixin.py:190} INFO - [2026-06-16T12:53:49.035+0000] {dagbag.py:588} INFO - Filling up the DagBag from /opt/airflow/dags/crypto_pipeline_dag.py
[2026-06-16T12:53:49.044+0000] {logging_mixin.py:190} INFO - [2026-06-16T12:53:49.043+0000] {dagbag.py:387} ERROR - Failed to import: /opt/airflow/dags/crypto_pipeline_dag.py
Traceback (most recent call last):
  File "/home/airflow/.local/lib/python3.12/site-packages/airflow/models/dagbag.py", line 383, in parse
    loader.exec_module(new_module)
  File "<frozen importlib._bootstrap_external>", line 995, in exec_module
  File "<frozen importlib._bootstrap_external>", line 1133, in get_code
  File "<frozen importlib._bootstrap_external>", line 1063, in source_to_code
  File "<frozen importlib._bootstrap>", line 488, in _call_with_frames_removed
  File "/opt/airflow/dags/crypto_pipeline_dag.py", line 60
    """
    ^
SyntaxError: unterminated triple-quoted string literal (detected at line 64)
[2026-06-16T12:53:49.045+0000] {processor.py:927} WARNING - No viable dags retrieved from /opt/airflow/dags/crypto_pipeline_dag.py
[2026-06-16T12:53:49.059+0000] {processor.py:208} INFO - Processing /opt/airflow/dags/crypto_pipeline_dag.py took 0.029 seconds
[2026-06-16T12:54:19.356+0000] {processor.py:186} INFO - Started process (PID=304) to work on /opt/airflow/dags/crypto_pipeline_dag.py
[2026-06-16T12:54:19.357+0000] {processor.py:914} INFO - Processing file /opt/airflow/dags/crypto_pipeline_dag.py for tasks to queue
[2026-06-16T12:54:19.358+0000] {logging_mixin.py:190} INFO - [2026-06-16T12:54:19.358+0000] {dagbag.py:588} INFO - Filling up the DagBag from /opt/airflow/dags/crypto_pipeline_dag.py
[2026-06-16T12:54:19.367+0000] {logging_mixin.py:190} INFO - [2026-06-16T12:54:19.366+0000] {dagbag.py:387} ERROR - Failed to import: /opt/airflow/dags/crypto_pipeline_dag.py
Traceback (most recent call last):
  File "/home/airflow/.local/lib/python3.12/site-packages/airflow/models/dagbag.py", line 383, in parse
    loader.exec_module(new_module)
  File "<frozen importlib._bootstrap_external>", line 995, in exec_module
  File "<frozen importlib._bootstrap_external>", line 1133, in get_code
  File "<frozen importlib._bootstrap_external>", line 1063, in source_to_code
  File "<frozen importlib._bootstrap>", line 488, in _call_with_frames_removed
  File "/opt/airflow/dags/crypto_pipeline_dag.py", line 60
    """
    ^
SyntaxError: unterminated triple-quoted string literal (detected at line 64)
[2026-06-16T12:54:19.367+0000] {processor.py:927} WARNING - No viable dags retrieved from /opt/airflow/dags/crypto_pipeline_dag.py
[2026-06-16T12:54:19.381+0000] {processor.py:208} INFO - Processing /opt/airflow/dags/crypto_pipeline_dag.py took 0.029 seconds
[2026-06-16T12:54:49.622+0000] {processor.py:186} INFO - Started process (PID=309) to work on /opt/airflow/dags/crypto_pipeline_dag.py
[2026-06-16T12:54:49.623+0000] {processor.py:914} INFO - Processing file /opt/airflow/dags/crypto_pipeline_dag.py for tasks to queue
[2026-06-16T12:54:49.624+0000] {logging_mixin.py:190} INFO - [2026-06-16T12:54:49.624+0000] {dagbag.py:588} INFO - Filling up the DagBag from /opt/airflow/dags/crypto_pipeline_dag.py
[2026-06-16T12:54:49.632+0000] {logging_mixin.py:190} INFO - [2026-06-16T12:54:49.632+0000] {dagbag.py:387} ERROR - Failed to import: /opt/airflow/dags/crypto_pipeline_dag.py
Traceback (most recent call last):
  File "/home/airflow/.local/lib/python3.12/site-packages/airflow/models/dagbag.py", line 383, in parse
    loader.exec_module(new_module)
  File "<frozen importlib._bootstrap_external>", line 995, in exec_module
  File "<frozen importlib._bootstrap_external>", line 1133, in get_code
  File "<frozen importlib._bootstrap_external>", line 1063, in source_to_code
  File "<frozen importlib._bootstrap>", line 488, in _call_with_frames_removed
  File "/opt/airflow/dags/crypto_pipeline_dag.py", line 60
    """
    ^
SyntaxError: unterminated triple-quoted string literal (detected at line 64)
[2026-06-16T12:54:49.633+0000] {processor.py:927} WARNING - No viable dags retrieved from /opt/airflow/dags/crypto_pipeline_dag.py
[2026-06-16T12:54:49.646+0000] {processor.py:208} INFO - Processing /opt/airflow/dags/crypto_pipeline_dag.py took 0.028 seconds
[2026-06-16T12:55:19.898+0000] {processor.py:186} INFO - Started process (PID=314) to work on /opt/airflow/dags/crypto_pipeline_dag.py
[2026-06-16T12:55:19.899+0000] {processor.py:914} INFO - Processing file /opt/airflow/dags/crypto_pipeline_dag.py for tasks to queue
[2026-06-16T12:55:19.900+0000] {logging_mixin.py:190} INFO - [2026-06-16T12:55:19.899+0000] {dagbag.py:588} INFO - Filling up the DagBag from /opt/airflow/dags/crypto_pipeline_dag.py
[2026-06-16T12:55:19.908+0000] {logging_mixin.py:190} INFO - [2026-06-16T12:55:19.908+0000] {dagbag.py:387} ERROR - Failed to import: /opt/airflow/dags/crypto_pipeline_dag.py
Traceback (most recent call last):
  File "/home/airflow/.local/lib/python3.12/site-packages/airflow/models/dagbag.py", line 383, in parse
    loader.exec_module(new_module)
  File "<frozen importlib._bootstrap_external>", line 995, in exec_module
  File "<frozen importlib._bootstrap_external>", line 1133, in get_code
  File "<frozen importlib._bootstrap_external>", line 1063, in source_to_code
  File "<frozen importlib._bootstrap>", line 488, in _call_with_frames_removed
  File "/opt/airflow/dags/crypto_pipeline_dag.py", line 60
    """
    ^
SyntaxError: unterminated triple-quoted string literal (detected at line 64)
[2026-06-16T12:55:19.909+0000] {processor.py:927} WARNING - No viable dags retrieved from /opt/airflow/dags/crypto_pipeline_dag.py
[2026-06-16T12:55:19.922+0000] {processor.py:208} INFO - Processing /opt/airflow/dags/crypto_pipeline_dag.py took 0.029 seconds
[2026-06-16T12:55:50.193+0000] {processor.py:186} INFO - Started process (PID=319) to work on /opt/airflow/dags/crypto_pipeline_dag.py
[2026-06-16T12:55:50.193+0000] {processor.py:914} INFO - Processing file /opt/airflow/dags/crypto_pipeline_dag.py for tasks to queue
[2026-06-16T12:55:50.194+0000] {logging_mixin.py:190} INFO - [2026-06-16T12:55:50.194+0000] {dagbag.py:588} INFO - Filling up the DagBag from /opt/airflow/dags/crypto_pipeline_dag.py
[2026-06-16T12:55:50.204+0000] {logging_mixin.py:190} INFO - [2026-06-16T12:55:50.204+0000] {dagbag.py:387} ERROR - Failed to import: /opt/airflow/dags/crypto_pipeline_dag.py
Traceback (most recent call last):
  File "/home/airflow/.local/lib/python3.12/site-packages/airflow/models/dagbag.py", line 383, in parse
    loader.exec_module(new_module)
  File "<frozen importlib._bootstrap_external>", line 995, in exec_module
  File "<frozen importlib._bootstrap_external>", line 1133, in get_code
  File "<frozen importlib._bootstrap_external>", line 1063, in source_to_code
  File "<frozen importlib._bootstrap>", line 488, in _call_with_frames_removed
  File "/opt/airflow/dags/crypto_pipeline_dag.py", line 60
    """
    ^
SyntaxError: unterminated triple-quoted string literal (detected at line 64)
[2026-06-16T12:55:50.205+0000] {processor.py:927} WARNING - No viable dags retrieved from /opt/airflow/dags/crypto_pipeline_dag.py
[2026-06-16T12:55:50.220+0000] {processor.py:208} INFO - Processing /opt/airflow/dags/crypto_pipeline_dag.py took 0.031 seconds
[2026-06-16T12:56:20.568+0000] {processor.py:186} INFO - Started process (PID=324) to work on /opt/airflow/dags/crypto_pipeline_dag.py
[2026-06-16T12:56:20.569+0000] {processor.py:914} INFO - Processing file /opt/airflow/dags/crypto_pipeline_dag.py for tasks to queue
[2026-06-16T12:56:20.570+0000] {logging_mixin.py:190} INFO - [2026-06-16T12:56:20.570+0000] {dagbag.py:588} INFO - Filling up the DagBag from /opt/airflow/dags/crypto_pipeline_dag.py
[2026-06-16T12:56:20.584+0000] {logging_mixin.py:190} INFO - [2026-06-16T12:56:20.583+0000] {dagbag.py:387} ERROR - Failed to import: /opt/airflow/dags/crypto_pipeline_dag.py
Traceback (most recent call last):
  File "/home/airflow/.local/lib/python3.12/site-packages/airflow/models/dagbag.py", line 383, in parse
    loader.exec_module(new_module)
  File "<frozen importlib._bootstrap_external>", line 995, in exec_module
  File "<frozen importlib._bootstrap_external>", line 1133, in get_code
  File "<frozen importlib._bootstrap_external>", line 1063, in source_to_code
  File "<frozen importlib._bootstrap>", line 488, in _call_with_frames_removed
  File "/opt/airflow/dags/crypto_pipeline_dag.py", line 60
    """
    ^
SyntaxError: unterminated triple-quoted string literal (detected at line 64)
[2026-06-16T12:56:20.585+0000] {processor.py:927} WARNING - No viable dags retrieved from /opt/airflow/dags/crypto_pipeline_dag.py
[2026-06-16T12:56:20.600+0000] {processor.py:208} INFO - Processing /opt/airflow/dags/crypto_pipeline_dag.py took 0.037 seconds
[2026-06-16T12:56:50.885+0000] {processor.py:186} INFO - Started process (PID=329) to work on /opt/airflow/dags/crypto_pipeline_dag.py
[2026-06-16T12:56:50.885+0000] {processor.py:914} INFO - Processing file /opt/airflow/dags/crypto_pipeline_dag.py for tasks to queue
[2026-06-16T12:56:50.886+0000] {logging_mixin.py:190} INFO - [2026-06-16T12:56:50.886+0000] {dagbag.py:588} INFO - Filling up the DagBag from /opt/airflow/dags/crypto_pipeline_dag.py
[2026-06-16T12:56:50.896+0000] {logging_mixin.py:190} INFO - [2026-06-16T12:56:50.895+0000] {dagbag.py:387} ERROR - Failed to import: /opt/airflow/dags/crypto_pipeline_dag.py
Traceback (most recent call last):
  File "/home/airflow/.local/lib/python3.12/site-packages/airflow/models/dagbag.py", line 383, in parse
    loader.exec_module(new_module)
  File "<frozen importlib._bootstrap_external>", line 995, in exec_module
  File "<frozen importlib._bootstrap_external>", line 1133, in get_code
  File "<frozen importlib._bootstrap_external>", line 1063, in source_to_code
  File "<frozen importlib._bootstrap>", line 488, in _call_with_frames_removed
  File "/opt/airflow/dags/crypto_pipeline_dag.py", line 60
    """
    ^
SyntaxError: unterminated triple-quoted string literal (detected at line 64)
[2026-06-16T12:56:50.897+0000] {processor.py:927} WARNING - No viable dags retrieved from /opt/airflow/dags/crypto_pipeline_dag.py
[2026-06-16T12:56:50.911+0000] {processor.py:208} INFO - Processing /opt/airflow/dags/crypto_pipeline_dag.py took 0.030 seconds
[2026-06-16T12:57:21.173+0000] {processor.py:186} INFO - Started process (PID=334) to work on /opt/airflow/dags/crypto_pipeline_dag.py
[2026-06-16T12:57:21.174+0000] {processor.py:914} INFO - Processing file /opt/airflow/dags/crypto_pipeline_dag.py for tasks to queue
[2026-06-16T12:57:21.175+0000] {logging_mixin.py:190} INFO - [2026-06-16T12:57:21.175+0000] {dagbag.py:588} INFO - Filling up the DagBag from /opt/airflow/dags/crypto_pipeline_dag.py
[2026-06-16T12:57:21.193+0000] {logging_mixin.py:190} INFO - [2026-06-16T12:57:21.191+0000] {dagbag.py:387} ERROR - Failed to import: /opt/airflow/dags/crypto_pipeline_dag.py
Traceback (most recent call last):
  File "/home/airflow/.local/lib/python3.12/site-packages/airflow/models/dagbag.py", line 383, in parse
    loader.exec_module(new_module)
  File "<frozen importlib._bootstrap_external>", line 995, in exec_module
  File "<frozen importlib._bootstrap_external>", line 1133, in get_code
  File "<frozen importlib._bootstrap_external>", line 1063, in source_to_code
  File "<frozen importlib._bootstrap>", line 488, in _call_with_frames_removed
  File "/opt/airflow/dags/crypto_pipeline_dag.py", line 60
    """
    ^
SyntaxError: unterminated triple-quoted string literal (detected at line 64)
[2026-06-16T12:57:21.193+0000] {processor.py:927} WARNING - No viable dags retrieved from /opt/airflow/dags/crypto_pipeline_dag.py
[2026-06-16T12:57:21.209+0000] {processor.py:208} INFO - Processing /opt/airflow/dags/crypto_pipeline_dag.py took 0.041 seconds
[2026-06-16T12:57:51.457+0000] {processor.py:186} INFO - Started process (PID=339) to work on /opt/airflow/dags/crypto_pipeline_dag.py
[2026-06-16T12:57:51.458+0000] {processor.py:914} INFO - Processing file /opt/airflow/dags/crypto_pipeline_dag.py for tasks to queue
[2026-06-16T12:57:51.459+0000] {logging_mixin.py:190} INFO - [2026-06-16T12:57:51.459+0000] {dagbag.py:588} INFO - Filling up the DagBag from /opt/airflow/dags/crypto_pipeline_dag.py
[2026-06-16T12:57:51.469+0000] {logging_mixin.py:190} INFO - [2026-06-16T12:57:51.468+0000] {dagbag.py:387} ERROR - Failed to import: /opt/airflow/dags/crypto_pipeline_dag.py
Traceback (most recent call last):
  File "/home/airflow/.local/lib/python3.12/site-packages/airflow/models/dagbag.py", line 383, in parse
    loader.exec_module(new_module)
  File "<frozen importlib._bootstrap_external>", line 995, in exec_module
  File "<frozen importlib._bootstrap_external>", line 1133, in get_code
  File "<frozen importlib._bootstrap_external>", line 1063, in source_to_code
  File "<frozen importlib._bootstrap>", line 488, in _call_with_frames_removed
  File "/opt/airflow/dags/crypto_pipeline_dag.py", line 60
    """
    ^
SyntaxError: unterminated triple-quoted string literal (detected at line 64)
[2026-06-16T12:57:51.469+0000] {processor.py:927} WARNING - No viable dags retrieved from /opt/airflow/dags/crypto_pipeline_dag.py
[2026-06-16T12:57:51.486+0000] {processor.py:208} INFO - Processing /opt/airflow/dags/crypto_pipeline_dag.py took 0.033 seconds
[2026-06-16T12:58:21.756+0000] {processor.py:186} INFO - Started process (PID=344) to work on /opt/airflow/dags/crypto_pipeline_dag.py
[2026-06-16T12:58:21.757+0000] {processor.py:914} INFO - Processing file /opt/airflow/dags/crypto_pipeline_dag.py for tasks to queue
[2026-06-16T12:58:21.758+0000] {logging_mixin.py:190} INFO - [2026-06-16T12:58:21.758+0000] {dagbag.py:588} INFO - Filling up the DagBag from /opt/airflow/dags/crypto_pipeline_dag.py
[2026-06-16T12:58:21.768+0000] {logging_mixin.py:190} INFO - [2026-06-16T12:58:21.767+0000] {dagbag.py:387} ERROR - Failed to import: /opt/airflow/dags/crypto_pipeline_dag.py
Traceback (most recent call last):
  File "/home/airflow/.local/lib/python3.12/site-packages/airflow/models/dagbag.py", line 383, in parse
    loader.exec_module(new_module)
  File "<frozen importlib._bootstrap_external>", line 995, in exec_module
  File "<frozen importlib._bootstrap_external>", line 1133, in get_code
  File "<frozen importlib._bootstrap_external>", line 1063, in source_to_code
  File "<frozen importlib._bootstrap>", line 488, in _call_with_frames_removed
  File "/opt/airflow/dags/crypto_pipeline_dag.py", line 60
    """
    ^
SyntaxError: unterminated triple-quoted string literal (detected at line 64)
[2026-06-16T12:58:21.768+0000] {processor.py:927} WARNING - No viable dags retrieved from /opt/airflow/dags/crypto_pipeline_dag.py
[2026-06-16T12:58:21.784+0000] {processor.py:208} INFO - Processing /opt/airflow/dags/crypto_pipeline_dag.py took 0.033 seconds
[2026-06-16T12:58:52.070+0000] {processor.py:186} INFO - Started process (PID=349) to work on /opt/airflow/dags/crypto_pipeline_dag.py
[2026-06-16T12:58:52.070+0000] {processor.py:914} INFO - Processing file /opt/airflow/dags/crypto_pipeline_dag.py for tasks to queue
[2026-06-16T12:58:52.071+0000] {logging_mixin.py:190} INFO - [2026-06-16T12:58:52.071+0000] {dagbag.py:588} INFO - Filling up the DagBag from /opt/airflow/dags/crypto_pipeline_dag.py
[2026-06-16T12:58:52.080+0000] {logging_mixin.py:190} INFO - [2026-06-16T12:58:52.080+0000] {dagbag.py:387} ERROR - Failed to import: /opt/airflow/dags/crypto_pipeline_dag.py
Traceback (most recent call last):
  File "/home/airflow/.local/lib/python3.12/site-packages/airflow/models/dagbag.py", line 383, in parse
    loader.exec_module(new_module)
  File "<frozen importlib._bootstrap_external>", line 995, in exec_module
  File "<frozen importlib._bootstrap_external>", line 1133, in get_code
  File "<frozen importlib._bootstrap_external>", line 1063, in source_to_code
  File "<frozen importlib._bootstrap>", line 488, in _call_with_frames_removed
  File "/opt/airflow/dags/crypto_pipeline_dag.py", line 60
    """
    ^
SyntaxError: unterminated triple-quoted string literal (detected at line 64)
[2026-06-16T12:58:52.081+0000] {processor.py:927} WARNING - No viable dags retrieved from /opt/airflow/dags/crypto_pipeline_dag.py
[2026-06-16T12:58:52.095+0000] {processor.py:208} INFO - Processing /opt/airflow/dags/crypto_pipeline_dag.py took 0.030 seconds
[2026-06-16T12:59:22.398+0000] {processor.py:186} INFO - Started process (PID=354) to work on /opt/airflow/dags/crypto_pipeline_dag.py
[2026-06-16T12:59:22.399+0000] {processor.py:914} INFO - Processing file /opt/airflow/dags/crypto_pipeline_dag.py for tasks to queue
[2026-06-16T12:59:22.399+0000] {logging_mixin.py:190} INFO - [2026-06-16T12:59:22.399+0000] {dagbag.py:588} INFO - Filling up the DagBag from /opt/airflow/dags/crypto_pipeline_dag.py
[2026-06-16T12:59:22.409+0000] {logging_mixin.py:190} INFO - [2026-06-16T12:59:22.408+0000] {dagbag.py:387} ERROR - Failed to import: /opt/airflow/dags/crypto_pipeline_dag.py
Traceback (most recent call last):
  File "/home/airflow/.local/lib/python3.12/site-packages/airflow/models/dagbag.py", line 383, in parse
    loader.exec_module(new_module)
  File "<frozen importlib._bootstrap_external>", line 995, in exec_module
  File "<frozen importlib._bootstrap_external>", line 1133, in get_code
  File "<frozen importlib._bootstrap_external>", line 1063, in source_to_code
  File "<frozen importlib._bootstrap>", line 488, in _call_with_frames_removed
  File "/opt/airflow/dags/crypto_pipeline_dag.py", line 60
    """
    ^
SyntaxError: unterminated triple-quoted string literal (detected at line 64)
[2026-06-16T12:59:22.410+0000] {processor.py:927} WARNING - No viable dags retrieved from /opt/airflow/dags/crypto_pipeline_dag.py
[2026-06-16T12:59:22.422+0000] {processor.py:208} INFO - Processing /opt/airflow/dags/crypto_pipeline_dag.py took 0.028 seconds
[2026-06-16T12:59:52.767+0000] {processor.py:186} INFO - Started process (PID=359) to work on /opt/airflow/dags/crypto_pipeline_dag.py
[2026-06-16T12:59:52.768+0000] {processor.py:914} INFO - Processing file /opt/airflow/dags/crypto_pipeline_dag.py for tasks to queue
[2026-06-16T12:59:52.769+0000] {logging_mixin.py:190} INFO - [2026-06-16T12:59:52.769+0000] {dagbag.py:588} INFO - Filling up the DagBag from /opt/airflow/dags/crypto_pipeline_dag.py
[2026-06-16T12:59:52.779+0000] {logging_mixin.py:190} INFO - [2026-06-16T12:59:52.778+0000] {dagbag.py:387} ERROR - Failed to import: /opt/airflow/dags/crypto_pipeline_dag.py
Traceback (most recent call last):
  File "/home/airflow/.local/lib/python3.12/site-packages/airflow/models/dagbag.py", line 383, in parse
    loader.exec_module(new_module)
  File "<frozen importlib._bootstrap_external>", line 995, in exec_module
  File "<frozen importlib._bootstrap_external>", line 1133, in get_code
  File "<frozen importlib._bootstrap_external>", line 1063, in source_to_code
  File "<frozen importlib._bootstrap>", line 488, in _call_with_frames_removed
  File "/opt/airflow/dags/crypto_pipeline_dag.py", line 60
    """
    ^
SyntaxError: unterminated triple-quoted string literal (detected at line 64)
[2026-06-16T12:59:52.780+0000] {processor.py:927} WARNING - No viable dags retrieved from /opt/airflow/dags/crypto_pipeline_dag.py
[2026-06-16T12:59:52.794+0000] {processor.py:208} INFO - Processing /opt/airflow/dags/crypto_pipeline_dag.py took 0.032 seconds
[2026-06-16T13:00:23.123+0000] {processor.py:186} INFO - Started process (PID=364) to work on /opt/airflow/dags/crypto_pipeline_dag.py
[2026-06-16T13:00:23.124+0000] {processor.py:914} INFO - Processing file /opt/airflow/dags/crypto_pipeline_dag.py for tasks to queue
[2026-06-16T13:00:23.125+0000] {logging_mixin.py:190} INFO - [2026-06-16T13:00:23.124+0000] {dagbag.py:588} INFO - Filling up the DagBag from /opt/airflow/dags/crypto_pipeline_dag.py
[2026-06-16T13:00:23.135+0000] {logging_mixin.py:190} INFO - [2026-06-16T13:00:23.134+0000] {dagbag.py:387} ERROR - Failed to import: /opt/airflow/dags/crypto_pipeline_dag.py
Traceback (most recent call last):
  File "/home/airflow/.local/lib/python3.12/site-packages/airflow/models/dagbag.py", line 383, in parse
    loader.exec_module(new_module)
  File "<frozen importlib._bootstrap_external>", line 995, in exec_module
  File "<frozen importlib._bootstrap_external>", line 1133, in get_code
  File "<frozen importlib._bootstrap_external>", line 1063, in source_to_code
  File "<frozen importlib._bootstrap>", line 488, in _call_with_frames_removed
  File "/opt/airflow/dags/crypto_pipeline_dag.py", line 60
    """
    ^
SyntaxError: unterminated triple-quoted string literal (detected at line 64)
[2026-06-16T13:00:23.135+0000] {processor.py:927} WARNING - No viable dags retrieved from /opt/airflow/dags/crypto_pipeline_dag.py
[2026-06-16T13:00:23.150+0000] {processor.py:208} INFO - Processing /opt/airflow/dags/crypto_pipeline_dag.py took 0.031 seconds
[2026-06-16T13:00:53.410+0000] {processor.py:186} INFO - Started process (PID=369) to work on /opt/airflow/dags/crypto_pipeline_dag.py
[2026-06-16T13:00:53.411+0000] {processor.py:914} INFO - Processing file /opt/airflow/dags/crypto_pipeline_dag.py for tasks to queue
[2026-06-16T13:00:53.412+0000] {logging_mixin.py:190} INFO - [2026-06-16T13:00:53.411+0000] {dagbag.py:588} INFO - Filling up the DagBag from /opt/airflow/dags/crypto_pipeline_dag.py
[2026-06-16T13:00:53.422+0000] {logging_mixin.py:190} INFO - [2026-06-16T13:00:53.422+0000] {dagbag.py:387} ERROR - Failed to import: /opt/airflow/dags/crypto_pipeline_dag.py
Traceback (most recent call last):
  File "/home/airflow/.local/lib/python3.12/site-packages/airflow/models/dagbag.py", line 383, in parse
    loader.exec_module(new_module)
  File "<frozen importlib._bootstrap_external>", line 995, in exec_module
  File "<frozen importlib._bootstrap_external>", line 1133, in get_code
  File "<frozen importlib._bootstrap_external>", line 1063, in source_to_code
  File "<frozen importlib._bootstrap>", line 488, in _call_with_frames_removed
  File "/opt/airflow/dags/crypto_pipeline_dag.py", line 60
    """
    ^
SyntaxError: unterminated triple-quoted string literal (detected at line 64)
[2026-06-16T13:00:53.423+0000] {processor.py:927} WARNING - No viable dags retrieved from /opt/airflow/dags/crypto_pipeline_dag.py
[2026-06-16T13:00:53.438+0000] {processor.py:208} INFO - Processing /opt/airflow/dags/crypto_pipeline_dag.py took 0.032 seconds
[2026-06-16T13:01:23.795+0000] {processor.py:186} INFO - Started process (PID=374) to work on /opt/airflow/dags/crypto_pipeline_dag.py
[2026-06-16T13:01:23.795+0000] {processor.py:914} INFO - Processing file /opt/airflow/dags/crypto_pipeline_dag.py for tasks to queue
[2026-06-16T13:01:23.796+0000] {logging_mixin.py:190} INFO - [2026-06-16T13:01:23.796+0000] {dagbag.py:588} INFO - Filling up the DagBag from /opt/airflow/dags/crypto_pipeline_dag.py
[2026-06-16T13:01:23.807+0000] {logging_mixin.py:190} INFO - [2026-06-16T13:01:23.806+0000] {dagbag.py:387} ERROR - Failed to import: /opt/airflow/dags/crypto_pipeline_dag.py
Traceback (most recent call last):
  File "/home/airflow/.local/lib/python3.12/site-packages/airflow/models/dagbag.py", line 383, in parse
    loader.exec_module(new_module)
  File "<frozen importlib._bootstrap_external>", line 995, in exec_module
  File "<frozen importlib._bootstrap_external>", line 1133, in get_code
  File "<frozen importlib._bootstrap_external>", line 1063, in source_to_code
  File "<frozen importlib._bootstrap>", line 488, in _call_with_frames_removed
  File "/opt/airflow/dags/crypto_pipeline_dag.py", line 60
    """
    ^
SyntaxError: unterminated triple-quoted string literal (detected at line 64)
[2026-06-16T13:01:23.807+0000] {processor.py:927} WARNING - No viable dags retrieved from /opt/airflow/dags/crypto_pipeline_dag.py
[2026-06-16T13:01:23.822+0000] {processor.py:208} INFO - Processing /opt/airflow/dags/crypto_pipeline_dag.py took 0.032 seconds
[2026-06-16T13:01:54.184+0000] {processor.py:186} INFO - Started process (PID=379) to work on /opt/airflow/dags/crypto_pipeline_dag.py
[2026-06-16T13:01:54.185+0000] {processor.py:914} INFO - Processing file /opt/airflow/dags/crypto_pipeline_dag.py for tasks to queue
[2026-06-16T13:01:54.186+0000] {logging_mixin.py:190} INFO - [2026-06-16T13:01:54.186+0000] {dagbag.py:588} INFO - Filling up the DagBag from /opt/airflow/dags/crypto_pipeline_dag.py
[2026-06-16T13:01:54.196+0000] {logging_mixin.py:190} INFO - [2026-06-16T13:01:54.195+0000] {dagbag.py:387} ERROR - Failed to import: /opt/airflow/dags/crypto_pipeline_dag.py
Traceback (most recent call last):
  File "/home/airflow/.local/lib/python3.12/site-packages/airflow/models/dagbag.py", line 383, in parse
    loader.exec_module(new_module)
  File "<frozen importlib._bootstrap_external>", line 995, in exec_module
  File "<frozen importlib._bootstrap_external>", line 1133, in get_code
  File "<frozen importlib._bootstrap_external>", line 1063, in source_to_code
  File "<frozen importlib._bootstrap>", line 488, in _call_with_frames_removed
  File "/opt/airflow/dags/crypto_pipeline_dag.py", line 60
    """
    ^
SyntaxError: unterminated triple-quoted string literal (detected at line 64)
[2026-06-16T13:01:54.196+0000] {processor.py:927} WARNING - No viable dags retrieved from /opt/airflow/dags/crypto_pipeline_dag.py
[2026-06-16T13:01:54.211+0000] {processor.py:208} INFO - Processing /opt/airflow/dags/crypto_pipeline_dag.py took 0.030 seconds
[2026-06-16T13:02:24.521+0000] {processor.py:186} INFO - Started process (PID=384) to work on /opt/airflow/dags/crypto_pipeline_dag.py
[2026-06-16T13:02:24.522+0000] {processor.py:914} INFO - Processing file /opt/airflow/dags/crypto_pipeline_dag.py for tasks to queue
[2026-06-16T13:02:24.523+0000] {logging_mixin.py:190} INFO - [2026-06-16T13:02:24.522+0000] {dagbag.py:588} INFO - Filling up the DagBag from /opt/airflow/dags/crypto_pipeline_dag.py
[2026-06-16T13:02:24.533+0000] {logging_mixin.py:190} INFO - [2026-06-16T13:02:24.531+0000] {dagbag.py:387} ERROR - Failed to import: /opt/airflow/dags/crypto_pipeline_dag.py
Traceback (most recent call last):
  File "/home/airflow/.local/lib/python3.12/site-packages/airflow/models/dagbag.py", line 383, in parse
    loader.exec_module(new_module)
  File "<frozen importlib._bootstrap_external>", line 995, in exec_module
  File "<frozen importlib._bootstrap_external>", line 1133, in get_code
  File "<frozen importlib._bootstrap_external>", line 1063, in source_to_code
  File "<frozen importlib._bootstrap>", line 488, in _call_with_frames_removed
  File "/opt/airflow/dags/crypto_pipeline_dag.py", line 60
    """
    ^
SyntaxError: unterminated triple-quoted string literal (detected at line 64)
[2026-06-16T13:02:24.533+0000] {processor.py:927} WARNING - No viable dags retrieved from /opt/airflow/dags/crypto_pipeline_dag.py
[2026-06-16T13:02:24.548+0000] {processor.py:208} INFO - Processing /opt/airflow/dags/crypto_pipeline_dag.py took 0.033 seconds
[2026-06-16T13:02:54.855+0000] {processor.py:186} INFO - Started process (PID=389) to work on /opt/airflow/dags/crypto_pipeline_dag.py
[2026-06-16T13:02:54.855+0000] {processor.py:914} INFO - Processing file /opt/airflow/dags/crypto_pipeline_dag.py for tasks to queue
[2026-06-16T13:02:54.856+0000] {logging_mixin.py:190} INFO - [2026-06-16T13:02:54.856+0000] {dagbag.py:588} INFO - Filling up the DagBag from /opt/airflow/dags/crypto_pipeline_dag.py
[2026-06-16T13:02:54.866+0000] {logging_mixin.py:190} INFO - [2026-06-16T13:02:54.865+0000] {dagbag.py:387} ERROR - Failed to import: /opt/airflow/dags/crypto_pipeline_dag.py
Traceback (most recent call last):
  File "/home/airflow/.local/lib/python3.12/site-packages/airflow/models/dagbag.py", line 383, in parse
    loader.exec_module(new_module)
  File "<frozen importlib._bootstrap_external>", line 995, in exec_module
  File "<frozen importlib._bootstrap_external>", line 1133, in get_code
  File "<frozen importlib._bootstrap_external>", line 1063, in source_to_code
  File "<frozen importlib._bootstrap>", line 488, in _call_with_frames_removed
  File "/opt/airflow/dags/crypto_pipeline_dag.py", line 60
    """
    ^
SyntaxError: unterminated triple-quoted string literal (detected at line 64)
[2026-06-16T13:02:54.866+0000] {processor.py:927} WARNING - No viable dags retrieved from /opt/airflow/dags/crypto_pipeline_dag.py
[2026-06-16T13:02:54.881+0000] {processor.py:208} INFO - Processing /opt/airflow/dags/crypto_pipeline_dag.py took 0.030 seconds
[2026-06-16T13:03:25.134+0000] {processor.py:186} INFO - Started process (PID=394) to work on /opt/airflow/dags/crypto_pipeline_dag.py
[2026-06-16T13:03:25.135+0000] {processor.py:914} INFO - Processing file /opt/airflow/dags/crypto_pipeline_dag.py for tasks to queue
[2026-06-16T13:03:25.136+0000] {logging_mixin.py:190} INFO - [2026-06-16T13:03:25.136+0000] {dagbag.py:588} INFO - Filling up the DagBag from /opt/airflow/dags/crypto_pipeline_dag.py
[2026-06-16T13:03:25.146+0000] {logging_mixin.py:190} INFO - [2026-06-16T13:03:25.145+0000] {dagbag.py:387} ERROR - Failed to import: /opt/airflow/dags/crypto_pipeline_dag.py
Traceback (most recent call last):
  File "/home/airflow/.local/lib/python3.12/site-packages/airflow/models/dagbag.py", line 383, in parse
    loader.exec_module(new_module)
  File "<frozen importlib._bootstrap_external>", line 995, in exec_module
  File "<frozen importlib._bootstrap_external>", line 1133, in get_code
  File "<frozen importlib._bootstrap_external>", line 1063, in source_to_code
  File "<frozen importlib._bootstrap>", line 488, in _call_with_frames_removed
  File "/opt/airflow/dags/crypto_pipeline_dag.py", line 60
    """
    ^
SyntaxError: unterminated triple-quoted string literal (detected at line 64)
[2026-06-16T13:03:25.146+0000] {processor.py:927} WARNING - No viable dags retrieved from /opt/airflow/dags/crypto_pipeline_dag.py
[2026-06-16T13:03:25.161+0000] {processor.py:208} INFO - Processing /opt/airflow/dags/crypto_pipeline_dag.py took 0.032 seconds
[2026-06-16T13:03:55.487+0000] {processor.py:186} INFO - Started process (PID=399) to work on /opt/airflow/dags/crypto_pipeline_dag.py
[2026-06-16T13:03:55.488+0000] {processor.py:914} INFO - Processing file /opt/airflow/dags/crypto_pipeline_dag.py for tasks to queue
[2026-06-16T13:03:55.489+0000] {logging_mixin.py:190} INFO - [2026-06-16T13:03:55.489+0000] {dagbag.py:588} INFO - Filling up the DagBag from /opt/airflow/dags/crypto_pipeline_dag.py
[2026-06-16T13:03:55.501+0000] {logging_mixin.py:190} INFO - [2026-06-16T13:03:55.500+0000] {dagbag.py:387} ERROR - Failed to import: /opt/airflow/dags/crypto_pipeline_dag.py
Traceback (most recent call last):
  File "/home/airflow/.local/lib/python3.12/site-packages/airflow/models/dagbag.py", line 383, in parse
    loader.exec_module(new_module)
  File "<frozen importlib._bootstrap_external>", line 995, in exec_module
  File "<frozen importlib._bootstrap_external>", line 1133, in get_code
  File "<frozen importlib._bootstrap_external>", line 1063, in source_to_code
  File "<frozen importlib._bootstrap>", line 488, in _call_with_frames_removed
  File "/opt/airflow/dags/crypto_pipeline_dag.py", line 60
    """
    ^
SyntaxError: unterminated triple-quoted string literal (detected at line 64)
[2026-06-16T13:03:55.502+0000] {processor.py:927} WARNING - No viable dags retrieved from /opt/airflow/dags/crypto_pipeline_dag.py
[2026-06-16T13:03:55.519+0000] {processor.py:208} INFO - Processing /opt/airflow/dags/crypto_pipeline_dag.py took 0.037 seconds
[2026-06-16T13:04:25.780+0000] {processor.py:186} INFO - Started process (PID=404) to work on /opt/airflow/dags/crypto_pipeline_dag.py
[2026-06-16T13:04:25.781+0000] {processor.py:914} INFO - Processing file /opt/airflow/dags/crypto_pipeline_dag.py for tasks to queue
[2026-06-16T13:04:25.782+0000] {logging_mixin.py:190} INFO - [2026-06-16T13:04:25.781+0000] {dagbag.py:588} INFO - Filling up the DagBag from /opt/airflow/dags/crypto_pipeline_dag.py
[2026-06-16T13:04:25.800+0000] {logging_mixin.py:190} INFO - [2026-06-16T13:04:25.799+0000] {dagbag.py:387} ERROR - Failed to import: /opt/airflow/dags/crypto_pipeline_dag.py
Traceback (most recent call last):
  File "/home/airflow/.local/lib/python3.12/site-packages/airflow/models/dagbag.py", line 383, in parse
    loader.exec_module(new_module)
  File "<frozen importlib._bootstrap_external>", line 995, in exec_module
  File "<frozen importlib._bootstrap_external>", line 1133, in get_code
  File "<frozen importlib._bootstrap_external>", line 1063, in source_to_code
  File "<frozen importlib._bootstrap>", line 488, in _call_with_frames_removed
  File "/opt/airflow/dags/crypto_pipeline_dag.py", line 60
    """
    ^
SyntaxError: unterminated triple-quoted string literal (detected at line 64)
[2026-06-16T13:04:25.800+0000] {processor.py:927} WARNING - No viable dags retrieved from /opt/airflow/dags/crypto_pipeline_dag.py
[2026-06-16T13:04:25.818+0000] {processor.py:208} INFO - Processing /opt/airflow/dags/crypto_pipeline_dag.py took 0.043 seconds
[2026-06-16T13:04:56.076+0000] {processor.py:186} INFO - Started process (PID=409) to work on /opt/airflow/dags/crypto_pipeline_dag.py
[2026-06-16T13:04:56.077+0000] {processor.py:914} INFO - Processing file /opt/airflow/dags/crypto_pipeline_dag.py for tasks to queue
[2026-06-16T13:04:56.078+0000] {logging_mixin.py:190} INFO - [2026-06-16T13:04:56.077+0000] {dagbag.py:588} INFO - Filling up the DagBag from /opt/airflow/dags/crypto_pipeline_dag.py
[2026-06-16T13:04:56.087+0000] {logging_mixin.py:190} INFO - [2026-06-16T13:04:56.087+0000] {dagbag.py:387} ERROR - Failed to import: /opt/airflow/dags/crypto_pipeline_dag.py
Traceback (most recent call last):
  File "/home/airflow/.local/lib/python3.12/site-packages/airflow/models/dagbag.py", line 383, in parse
    loader.exec_module(new_module)
  File "<frozen importlib._bootstrap_external>", line 995, in exec_module
  File "<frozen importlib._bootstrap_external>", line 1133, in get_code
  File "<frozen importlib._bootstrap_external>", line 1063, in source_to_code
  File "<frozen importlib._bootstrap>", line 488, in _call_with_frames_removed
  File "/opt/airflow/dags/crypto_pipeline_dag.py", line 60
    """
    ^
SyntaxError: unterminated triple-quoted string literal (detected at line 64)
[2026-06-16T13:04:56.088+0000] {processor.py:927} WARNING - No viable dags retrieved from /opt/airflow/dags/crypto_pipeline_dag.py
[2026-06-16T13:04:56.104+0000] {processor.py:208} INFO - Processing /opt/airflow/dags/crypto_pipeline_dag.py took 0.032 seconds
[2026-06-16T13:05:26.437+0000] {processor.py:186} INFO - Started process (PID=414) to work on /opt/airflow/dags/crypto_pipeline_dag.py
[2026-06-16T13:05:26.438+0000] {processor.py:914} INFO - Processing file /opt/airflow/dags/crypto_pipeline_dag.py for tasks to queue
[2026-06-16T13:05:26.439+0000] {logging_mixin.py:190} INFO - [2026-06-16T13:05:26.439+0000] {dagbag.py:588} INFO - Filling up the DagBag from /opt/airflow/dags/crypto_pipeline_dag.py
[2026-06-16T13:05:26.449+0000] {logging_mixin.py:190} INFO - [2026-06-16T13:05:26.448+0000] {dagbag.py:387} ERROR - Failed to import: /opt/airflow/dags/crypto_pipeline_dag.py
Traceback (most recent call last):
  File "/home/airflow/.local/lib/python3.12/site-packages/airflow/models/dagbag.py", line 383, in parse
    loader.exec_module(new_module)
  File "<frozen importlib._bootstrap_external>", line 995, in exec_module
  File "<frozen importlib._bootstrap_external>", line 1133, in get_code
  File "<frozen importlib._bootstrap_external>", line 1063, in source_to_code
  File "<frozen importlib._bootstrap>", line 488, in _call_with_frames_removed
  File "/opt/airflow/dags/crypto_pipeline_dag.py", line 60
    """
    ^
SyntaxError: unterminated triple-quoted string literal (detected at line 64)
[2026-06-16T13:05:26.449+0000] {processor.py:927} WARNING - No viable dags retrieved from /opt/airflow/dags/crypto_pipeline_dag.py
[2026-06-16T13:05:26.464+0000] {processor.py:208} INFO - Processing /opt/airflow/dags/crypto_pipeline_dag.py took 0.031 seconds
[2026-06-16T13:05:56.824+0000] {processor.py:186} INFO - Started process (PID=419) to work on /opt/airflow/dags/crypto_pipeline_dag.py
[2026-06-16T13:05:56.825+0000] {processor.py:914} INFO - Processing file /opt/airflow/dags/crypto_pipeline_dag.py for tasks to queue
[2026-06-16T13:05:56.826+0000] {logging_mixin.py:190} INFO - [2026-06-16T13:05:56.826+0000] {dagbag.py:588} INFO - Filling up the DagBag from /opt/airflow/dags/crypto_pipeline_dag.py
[2026-06-16T13:05:56.839+0000] {logging_mixin.py:190} INFO - [2026-06-16T13:05:56.838+0000] {dagbag.py:387} ERROR - Failed to import: /opt/airflow/dags/crypto_pipeline_dag.py
Traceback (most recent call last):
  File "/home/airflow/.local/lib/python3.12/site-packages/airflow/models/dagbag.py", line 383, in parse
    loader.exec_module(new_module)
  File "<frozen importlib._bootstrap_external>", line 995, in exec_module
  File "<frozen importlib._bootstrap_external>", line 1133, in get_code
  File "<frozen importlib._bootstrap_external>", line 1063, in source_to_code
  File "<frozen importlib._bootstrap>", line 488, in _call_with_frames_removed
  File "/opt/airflow/dags/crypto_pipeline_dag.py", line 60
    """
    ^
SyntaxError: unterminated triple-quoted string literal (detected at line 64)
[2026-06-16T13:05:56.839+0000] {processor.py:927} WARNING - No viable dags retrieved from /opt/airflow/dags/crypto_pipeline_dag.py
[2026-06-16T13:05:56.854+0000] {processor.py:208} INFO - Processing /opt/airflow/dags/crypto_pipeline_dag.py took 0.035 seconds
[2026-06-16T13:06:27.094+0000] {processor.py:186} INFO - Started process (PID=424) to work on /opt/airflow/dags/crypto_pipeline_dag.py
[2026-06-16T13:06:27.094+0000] {processor.py:914} INFO - Processing file /opt/airflow/dags/crypto_pipeline_dag.py for tasks to queue
[2026-06-16T13:06:27.095+0000] {logging_mixin.py:190} INFO - [2026-06-16T13:06:27.095+0000] {dagbag.py:588} INFO - Filling up the DagBag from /opt/airflow/dags/crypto_pipeline_dag.py
[2026-06-16T13:06:27.105+0000] {logging_mixin.py:190} INFO - [2026-06-16T13:06:27.104+0000] {dagbag.py:387} ERROR - Failed to import: /opt/airflow/dags/crypto_pipeline_dag.py
Traceback (most recent call last):
  File "/home/airflow/.local/lib/python3.12/site-packages/airflow/models/dagbag.py", line 383, in parse
    loader.exec_module(new_module)
  File "<frozen importlib._bootstrap_external>", line 995, in exec_module
  File "<frozen importlib._bootstrap_external>", line 1133, in get_code
  File "<frozen importlib._bootstrap_external>", line 1063, in source_to_code
  File "<frozen importlib._bootstrap>", line 488, in _call_with_frames_removed
  File "/opt/airflow/dags/crypto_pipeline_dag.py", line 60
    """
    ^
SyntaxError: unterminated triple-quoted string literal (detected at line 64)
[2026-06-16T13:06:27.105+0000] {processor.py:927} WARNING - No viable dags retrieved from /opt/airflow/dags/crypto_pipeline_dag.py
[2026-06-16T13:06:27.120+0000] {processor.py:208} INFO - Processing /opt/airflow/dags/crypto_pipeline_dag.py took 0.031 seconds
[2026-06-16T13:06:57.333+0000] {processor.py:186} INFO - Started process (PID=429) to work on /opt/airflow/dags/crypto_pipeline_dag.py
[2026-06-16T13:06:57.334+0000] {processor.py:914} INFO - Processing file /opt/airflow/dags/crypto_pipeline_dag.py for tasks to queue
[2026-06-16T13:06:57.336+0000] {logging_mixin.py:190} INFO - [2026-06-16T13:06:57.335+0000] {dagbag.py:588} INFO - Filling up the DagBag from /opt/airflow/dags/crypto_pipeline_dag.py
[2026-06-16T13:06:57.345+0000] {logging_mixin.py:190} INFO - [2026-06-16T13:06:57.345+0000] {dagbag.py:387} ERROR - Failed to import: /opt/airflow/dags/crypto_pipeline_dag.py
Traceback (most recent call last):
  File "/home/airflow/.local/lib/python3.12/site-packages/airflow/models/dagbag.py", line 383, in parse
    loader.exec_module(new_module)
  File "<frozen importlib._bootstrap_external>", line 995, in exec_module
  File "<frozen importlib._bootstrap_external>", line 1133, in get_code
  File "<frozen importlib._bootstrap_external>", line 1063, in source_to_code
  File "<frozen importlib._bootstrap>", line 488, in _call_with_frames_removed
  File "/opt/airflow/dags/crypto_pipeline_dag.py", line 60
    """
    ^
SyntaxError: unterminated triple-quoted string literal (detected at line 64)
[2026-06-16T13:06:57.346+0000] {processor.py:927} WARNING - No viable dags retrieved from /opt/airflow/dags/crypto_pipeline_dag.py
[2026-06-16T13:06:57.362+0000] {processor.py:208} INFO - Processing /opt/airflow/dags/crypto_pipeline_dag.py took 0.033 seconds
[2026-06-16T13:07:27.598+0000] {processor.py:186} INFO - Started process (PID=434) to work on /opt/airflow/dags/crypto_pipeline_dag.py
[2026-06-16T13:07:27.599+0000] {processor.py:914} INFO - Processing file /opt/airflow/dags/crypto_pipeline_dag.py for tasks to queue
[2026-06-16T13:07:27.600+0000] {logging_mixin.py:190} INFO - [2026-06-16T13:07:27.600+0000] {dagbag.py:588} INFO - Filling up the DagBag from /opt/airflow/dags/crypto_pipeline_dag.py
[2026-06-16T13:07:27.611+0000] {logging_mixin.py:190} INFO - [2026-06-16T13:07:27.610+0000] {dagbag.py:387} ERROR - Failed to import: /opt/airflow/dags/crypto_pipeline_dag.py
Traceback (most recent call last):
  File "/home/airflow/.local/lib/python3.12/site-packages/airflow/models/dagbag.py", line 383, in parse
    loader.exec_module(new_module)
  File "<frozen importlib._bootstrap_external>", line 995, in exec_module
  File "<frozen importlib._bootstrap_external>", line 1133, in get_code
  File "<frozen importlib._bootstrap_external>", line 1063, in source_to_code
  File "<frozen importlib._bootstrap>", line 488, in _call_with_frames_removed
  File "/opt/airflow/dags/crypto_pipeline_dag.py", line 60
    """
    ^
SyntaxError: unterminated triple-quoted string literal (detected at line 64)
[2026-06-16T13:07:27.611+0000] {processor.py:927} WARNING - No viable dags retrieved from /opt/airflow/dags/crypto_pipeline_dag.py
[2026-06-16T13:07:27.626+0000] {processor.py:208} INFO - Processing /opt/airflow/dags/crypto_pipeline_dag.py took 0.033 seconds
[2026-06-16T13:07:57.939+0000] {processor.py:186} INFO - Started process (PID=439) to work on /opt/airflow/dags/crypto_pipeline_dag.py
[2026-06-16T13:07:57.940+0000] {processor.py:914} INFO - Processing file /opt/airflow/dags/crypto_pipeline_dag.py for tasks to queue
[2026-06-16T13:07:57.941+0000] {logging_mixin.py:190} INFO - [2026-06-16T13:07:57.941+0000] {dagbag.py:588} INFO - Filling up the DagBag from /opt/airflow/dags/crypto_pipeline_dag.py
[2026-06-16T13:07:57.952+0000] {logging_mixin.py:190} INFO - [2026-06-16T13:07:57.951+0000] {dagbag.py:387} ERROR - Failed to import: /opt/airflow/dags/crypto_pipeline_dag.py
Traceback (most recent call last):
  File "/home/airflow/.local/lib/python3.12/site-packages/airflow/models/dagbag.py", line 383, in parse
    loader.exec_module(new_module)
  File "<frozen importlib._bootstrap_external>", line 995, in exec_module
  File "<frozen importlib._bootstrap_external>", line 1133, in get_code
  File "<frozen importlib._bootstrap_external>", line 1063, in source_to_code
  File "<frozen importlib._bootstrap>", line 488, in _call_with_frames_removed
  File "/opt/airflow/dags/crypto_pipeline_dag.py", line 60
    """
    ^
SyntaxError: unterminated triple-quoted string literal (detected at line 64)
[2026-06-16T13:07:57.952+0000] {processor.py:927} WARNING - No viable dags retrieved from /opt/airflow/dags/crypto_pipeline_dag.py
[2026-06-16T13:07:57.968+0000] {processor.py:208} INFO - Processing /opt/airflow/dags/crypto_pipeline_dag.py took 0.033 seconds
[2026-06-16T13:08:28.182+0000] {processor.py:186} INFO - Started process (PID=444) to work on /opt/airflow/dags/crypto_pipeline_dag.py
[2026-06-16T13:08:28.183+0000] {processor.py:914} INFO - Processing file /opt/airflow/dags/crypto_pipeline_dag.py for tasks to queue
[2026-06-16T13:08:28.184+0000] {logging_mixin.py:190} INFO - [2026-06-16T13:08:28.184+0000] {dagbag.py:588} INFO - Filling up the DagBag from /opt/airflow/dags/crypto_pipeline_dag.py
[2026-06-16T13:08:28.194+0000] {logging_mixin.py:190} INFO - [2026-06-16T13:08:28.193+0000] {dagbag.py:387} ERROR - Failed to import: /opt/airflow/dags/crypto_pipeline_dag.py
Traceback (most recent call last):
  File "/home/airflow/.local/lib/python3.12/site-packages/airflow/models/dagbag.py", line 383, in parse
    loader.exec_module(new_module)
  File "<frozen importlib._bootstrap_external>", line 995, in exec_module
  File "<frozen importlib._bootstrap_external>", line 1133, in get_code
  File "<frozen importlib._bootstrap_external>", line 1063, in source_to_code
  File "<frozen importlib._bootstrap>", line 488, in _call_with_frames_removed
  File "/opt/airflow/dags/crypto_pipeline_dag.py", line 60
    """
    ^
SyntaxError: unterminated triple-quoted string literal (detected at line 64)
[2026-06-16T13:08:28.195+0000] {processor.py:927} WARNING - No viable dags retrieved from /opt/airflow/dags/crypto_pipeline_dag.py
[2026-06-16T13:08:28.209+0000] {processor.py:208} INFO - Processing /opt/airflow/dags/crypto_pipeline_dag.py took 0.031 seconds
[2026-06-16T13:08:58.431+0000] {processor.py:186} INFO - Started process (PID=449) to work on /opt/airflow/dags/crypto_pipeline_dag.py
[2026-06-16T13:08:58.431+0000] {processor.py:914} INFO - Processing file /opt/airflow/dags/crypto_pipeline_dag.py for tasks to queue
[2026-06-16T13:08:58.432+0000] {logging_mixin.py:190} INFO - [2026-06-16T13:08:58.432+0000] {dagbag.py:588} INFO - Filling up the DagBag from /opt/airflow/dags/crypto_pipeline_dag.py
[2026-06-16T13:08:58.443+0000] {logging_mixin.py:190} INFO - [2026-06-16T13:08:58.442+0000] {dagbag.py:387} ERROR - Failed to import: /opt/airflow/dags/crypto_pipeline_dag.py
Traceback (most recent call last):
  File "/home/airflow/.local/lib/python3.12/site-packages/airflow/models/dagbag.py", line 383, in parse
    loader.exec_module(new_module)
  File "<frozen importlib._bootstrap_external>", line 995, in exec_module
  File "<frozen importlib._bootstrap_external>", line 1133, in get_code
  File "<frozen importlib._bootstrap_external>", line 1063, in source_to_code
  File "<frozen importlib._bootstrap>", line 488, in _call_with_frames_removed
  File "/opt/airflow/dags/crypto_pipeline_dag.py", line 60
    """
    ^
SyntaxError: unterminated triple-quoted string literal (detected at line 64)
[2026-06-16T13:08:58.443+0000] {processor.py:927} WARNING - No viable dags retrieved from /opt/airflow/dags/crypto_pipeline_dag.py
[2026-06-16T13:08:58.458+0000] {processor.py:208} INFO - Processing /opt/airflow/dags/crypto_pipeline_dag.py took 0.032 seconds
[2026-06-16T13:09:28.685+0000] {processor.py:186} INFO - Started process (PID=454) to work on /opt/airflow/dags/crypto_pipeline_dag.py
[2026-06-16T13:09:28.686+0000] {processor.py:914} INFO - Processing file /opt/airflow/dags/crypto_pipeline_dag.py for tasks to queue
[2026-06-16T13:09:28.687+0000] {logging_mixin.py:190} INFO - [2026-06-16T13:09:28.687+0000] {dagbag.py:588} INFO - Filling up the DagBag from /opt/airflow/dags/crypto_pipeline_dag.py
[2026-06-16T13:09:28.703+0000] {logging_mixin.py:190} INFO - [2026-06-16T13:09:28.702+0000] {dagbag.py:387} ERROR - Failed to import: /opt/airflow/dags/crypto_pipeline_dag.py
Traceback (most recent call last):
  File "/home/airflow/.local/lib/python3.12/site-packages/airflow/models/dagbag.py", line 383, in parse
    loader.exec_module(new_module)
  File "<frozen importlib._bootstrap_external>", line 995, in exec_module
  File "<frozen importlib._bootstrap_external>", line 1133, in get_code
  File "<frozen importlib._bootstrap_external>", line 1063, in source_to_code
  File "<frozen importlib._bootstrap>", line 488, in _call_with_frames_removed
  File "/opt/airflow/dags/crypto_pipeline_dag.py", line 60
    """
    ^
SyntaxError: unterminated triple-quoted string literal (detected at line 64)
[2026-06-16T13:09:28.703+0000] {processor.py:927} WARNING - No viable dags retrieved from /opt/airflow/dags/crypto_pipeline_dag.py
[2026-06-16T13:09:28.718+0000] {processor.py:208} INFO - Processing /opt/airflow/dags/crypto_pipeline_dag.py took 0.038 seconds
[2026-06-16T13:09:58.942+0000] {processor.py:186} INFO - Started process (PID=459) to work on /opt/airflow/dags/crypto_pipeline_dag.py
[2026-06-16T13:09:58.943+0000] {processor.py:914} INFO - Processing file /opt/airflow/dags/crypto_pipeline_dag.py for tasks to queue
[2026-06-16T13:09:58.945+0000] {logging_mixin.py:190} INFO - [2026-06-16T13:09:58.944+0000] {dagbag.py:588} INFO - Filling up the DagBag from /opt/airflow/dags/crypto_pipeline_dag.py
[2026-06-16T13:09:58.960+0000] {logging_mixin.py:190} INFO - [2026-06-16T13:09:58.959+0000] {dagbag.py:387} ERROR - Failed to import: /opt/airflow/dags/crypto_pipeline_dag.py
Traceback (most recent call last):
  File "/home/airflow/.local/lib/python3.12/site-packages/airflow/models/dagbag.py", line 383, in parse
    loader.exec_module(new_module)
  File "<frozen importlib._bootstrap_external>", line 995, in exec_module
  File "<frozen importlib._bootstrap_external>", line 1133, in get_code
  File "<frozen importlib._bootstrap_external>", line 1063, in source_to_code
  File "<frozen importlib._bootstrap>", line 488, in _call_with_frames_removed
  File "/opt/airflow/dags/crypto_pipeline_dag.py", line 60
    """
    ^
SyntaxError: unterminated triple-quoted string literal (detected at line 64)
[2026-06-16T13:09:58.961+0000] {processor.py:927} WARNING - No viable dags retrieved from /opt/airflow/dags/crypto_pipeline_dag.py
[2026-06-16T13:09:58.976+0000] {processor.py:208} INFO - Processing /opt/airflow/dags/crypto_pipeline_dag.py took 0.038 seconds
[2026-06-16T13:10:29.234+0000] {processor.py:186} INFO - Started process (PID=464) to work on /opt/airflow/dags/crypto_pipeline_dag.py
[2026-06-16T13:10:29.235+0000] {processor.py:914} INFO - Processing file /opt/airflow/dags/crypto_pipeline_dag.py for tasks to queue
[2026-06-16T13:10:29.236+0000] {logging_mixin.py:190} INFO - [2026-06-16T13:10:29.236+0000] {dagbag.py:588} INFO - Filling up the DagBag from /opt/airflow/dags/crypto_pipeline_dag.py
[2026-06-16T13:10:29.247+0000] {logging_mixin.py:190} INFO - [2026-06-16T13:10:29.246+0000] {dagbag.py:387} ERROR - Failed to import: /opt/airflow/dags/crypto_pipeline_dag.py
Traceback (most recent call last):
  File "/home/airflow/.local/lib/python3.12/site-packages/airflow/models/dagbag.py", line 383, in parse
    loader.exec_module(new_module)
  File "<frozen importlib._bootstrap_external>", line 995, in exec_module
  File "<frozen importlib._bootstrap_external>", line 1133, in get_code
  File "<frozen importlib._bootstrap_external>", line 1063, in source_to_code
  File "<frozen importlib._bootstrap>", line 488, in _call_with_frames_removed
  File "/opt/airflow/dags/crypto_pipeline_dag.py", line 60
    """
    ^
SyntaxError: unterminated triple-quoted string literal (detected at line 64)
[2026-06-16T13:10:29.247+0000] {processor.py:927} WARNING - No viable dags retrieved from /opt/airflow/dags/crypto_pipeline_dag.py
[2026-06-16T13:10:29.264+0000] {processor.py:208} INFO - Processing /opt/airflow/dags/crypto_pipeline_dag.py took 0.034 seconds
[2026-06-16T13:10:59.497+0000] {processor.py:186} INFO - Started process (PID=469) to work on /opt/airflow/dags/crypto_pipeline_dag.py
[2026-06-16T13:10:59.498+0000] {processor.py:914} INFO - Processing file /opt/airflow/dags/crypto_pipeline_dag.py for tasks to queue
[2026-06-16T13:10:59.499+0000] {logging_mixin.py:190} INFO - [2026-06-16T13:10:59.499+0000] {dagbag.py:588} INFO - Filling up the DagBag from /opt/airflow/dags/crypto_pipeline_dag.py
[2026-06-16T13:10:59.508+0000] {logging_mixin.py:190} INFO - [2026-06-16T13:10:59.507+0000] {dagbag.py:387} ERROR - Failed to import: /opt/airflow/dags/crypto_pipeline_dag.py
Traceback (most recent call last):
  File "/home/airflow/.local/lib/python3.12/site-packages/airflow/models/dagbag.py", line 383, in parse
    loader.exec_module(new_module)
  File "<frozen importlib._bootstrap_external>", line 995, in exec_module
  File "<frozen importlib._bootstrap_external>", line 1133, in get_code
  File "<frozen importlib._bootstrap_external>", line 1063, in source_to_code
  File "<frozen importlib._bootstrap>", line 488, in _call_with_frames_removed
  File "/opt/airflow/dags/crypto_pipeline_dag.py", line 60
    """
    ^
SyntaxError: unterminated triple-quoted string literal (detected at line 64)
[2026-06-16T13:10:59.509+0000] {processor.py:927} WARNING - No viable dags retrieved from /opt/airflow/dags/crypto_pipeline_dag.py
[2026-06-16T13:10:59.524+0000] {processor.py:208} INFO - Processing /opt/airflow/dags/crypto_pipeline_dag.py took 0.031 seconds
[2026-06-16T13:11:29.730+0000] {processor.py:186} INFO - Started process (PID=474) to work on /opt/airflow/dags/crypto_pipeline_dag.py
[2026-06-16T13:11:29.731+0000] {processor.py:914} INFO - Processing file /opt/airflow/dags/crypto_pipeline_dag.py for tasks to queue
[2026-06-16T13:11:29.732+0000] {logging_mixin.py:190} INFO - [2026-06-16T13:11:29.732+0000] {dagbag.py:588} INFO - Filling up the DagBag from /opt/airflow/dags/crypto_pipeline_dag.py
[2026-06-16T13:11:29.743+0000] {logging_mixin.py:190} INFO - [2026-06-16T13:11:29.743+0000] {dagbag.py:387} ERROR - Failed to import: /opt/airflow/dags/crypto_pipeline_dag.py
Traceback (most recent call last):
  File "/home/airflow/.local/lib/python3.12/site-packages/airflow/models/dagbag.py", line 383, in parse
    loader.exec_module(new_module)
  File "<frozen importlib._bootstrap_external>", line 995, in exec_module
  File "<frozen importlib._bootstrap_external>", line 1133, in get_code
  File "<frozen importlib._bootstrap_external>", line 1063, in source_to_code
  File "<frozen importlib._bootstrap>", line 488, in _call_with_frames_removed
  File "/opt/airflow/dags/crypto_pipeline_dag.py", line 60
    """
    ^
SyntaxError: unterminated triple-quoted string literal (detected at line 64)
[2026-06-16T13:11:29.744+0000] {processor.py:927} WARNING - No viable dags retrieved from /opt/airflow/dags/crypto_pipeline_dag.py
[2026-06-16T13:11:29.759+0000] {processor.py:208} INFO - Processing /opt/airflow/dags/crypto_pipeline_dag.py took 0.034 seconds
[2026-06-16T13:11:59.934+0000] {processor.py:186} INFO - Started process (PID=479) to work on /opt/airflow/dags/crypto_pipeline_dag.py
[2026-06-16T13:11:59.935+0000] {processor.py:914} INFO - Processing file /opt/airflow/dags/crypto_pipeline_dag.py for tasks to queue
[2026-06-16T13:11:59.936+0000] {logging_mixin.py:190} INFO - [2026-06-16T13:11:59.936+0000] {dagbag.py:588} INFO - Filling up the DagBag from /opt/airflow/dags/crypto_pipeline_dag.py
[2026-06-16T13:11:59.946+0000] {logging_mixin.py:190} INFO - [2026-06-16T13:11:59.945+0000] {dagbag.py:387} ERROR - Failed to import: /opt/airflow/dags/crypto_pipeline_dag.py
Traceback (most recent call last):
  File "/home/airflow/.local/lib/python3.12/site-packages/airflow/models/dagbag.py", line 383, in parse
    loader.exec_module(new_module)
  File "<frozen importlib._bootstrap_external>", line 995, in exec_module
  File "<frozen importlib._bootstrap_external>", line 1133, in get_code
  File "<frozen importlib._bootstrap_external>", line 1063, in source_to_code
  File "<frozen importlib._bootstrap>", line 488, in _call_with_frames_removed
  File "/opt/airflow/dags/crypto_pipeline_dag.py", line 60
    """
    ^
SyntaxError: unterminated triple-quoted string literal (detected at line 64)
[2026-06-16T13:11:59.947+0000] {processor.py:927} WARNING - No viable dags retrieved from /opt/airflow/dags/crypto_pipeline_dag.py
[2026-06-16T13:11:59.962+0000] {processor.py:208} INFO - Processing /opt/airflow/dags/crypto_pipeline_dag.py took 0.032 seconds
[2026-06-16T13:12:30.217+0000] {processor.py:186} INFO - Started process (PID=484) to work on /opt/airflow/dags/crypto_pipeline_dag.py
[2026-06-16T13:12:30.218+0000] {processor.py:914} INFO - Processing file /opt/airflow/dags/crypto_pipeline_dag.py for tasks to queue
[2026-06-16T13:12:30.219+0000] {logging_mixin.py:190} INFO - [2026-06-16T13:12:30.218+0000] {dagbag.py:588} INFO - Filling up the DagBag from /opt/airflow/dags/crypto_pipeline_dag.py
[2026-06-16T13:12:30.228+0000] {logging_mixin.py:190} INFO - [2026-06-16T13:12:30.228+0000] {dagbag.py:387} ERROR - Failed to import: /opt/airflow/dags/crypto_pipeline_dag.py
Traceback (most recent call last):
  File "/home/airflow/.local/lib/python3.12/site-packages/airflow/models/dagbag.py", line 383, in parse
    loader.exec_module(new_module)
  File "<frozen importlib._bootstrap_external>", line 995, in exec_module
  File "<frozen importlib._bootstrap_external>", line 1133, in get_code
  File "<frozen importlib._bootstrap_external>", line 1063, in source_to_code
  File "<frozen importlib._bootstrap>", line 488, in _call_with_frames_removed
  File "/opt/airflow/dags/crypto_pipeline_dag.py", line 60
    """
    ^
SyntaxError: unterminated triple-quoted string literal (detected at line 64)
[2026-06-16T13:12:30.229+0000] {processor.py:927} WARNING - No viable dags retrieved from /opt/airflow/dags/crypto_pipeline_dag.py
[2026-06-16T13:12:30.243+0000] {processor.py:208} INFO - Processing /opt/airflow/dags/crypto_pipeline_dag.py took 0.030 seconds
[2026-06-16T13:13:00.451+0000] {processor.py:186} INFO - Started process (PID=489) to work on /opt/airflow/dags/crypto_pipeline_dag.py
[2026-06-16T13:13:00.452+0000] {processor.py:914} INFO - Processing file /opt/airflow/dags/crypto_pipeline_dag.py for tasks to queue
[2026-06-16T13:13:00.453+0000] {logging_mixin.py:190} INFO - [2026-06-16T13:13:00.452+0000] {dagbag.py:588} INFO - Filling up the DagBag from /opt/airflow/dags/crypto_pipeline_dag.py
[2026-06-16T13:13:00.462+0000] {logging_mixin.py:190} INFO - [2026-06-16T13:13:00.461+0000] {dagbag.py:387} ERROR - Failed to import: /opt/airflow/dags/crypto_pipeline_dag.py
Traceback (most recent call last):
  File "/home/airflow/.local/lib/python3.12/site-packages/airflow/models/dagbag.py", line 383, in parse
    loader.exec_module(new_module)
  File "<frozen importlib._bootstrap_external>", line 995, in exec_module
  File "<frozen importlib._bootstrap_external>", line 1133, in get_code
  File "<frozen importlib._bootstrap_external>", line 1063, in source_to_code
  File "<frozen importlib._bootstrap>", line 488, in _call_with_frames_removed
  File "/opt/airflow/dags/crypto_pipeline_dag.py", line 60
    """
    ^
SyntaxError: unterminated triple-quoted string literal (detected at line 64)
[2026-06-16T13:13:00.463+0000] {processor.py:927} WARNING - No viable dags retrieved from /opt/airflow/dags/crypto_pipeline_dag.py
[2026-06-16T13:13:00.477+0000] {processor.py:208} INFO - Processing /opt/airflow/dags/crypto_pipeline_dag.py took 0.031 seconds
[2026-06-16T13:13:30.748+0000] {processor.py:186} INFO - Started process (PID=494) to work on /opt/airflow/dags/crypto_pipeline_dag.py
[2026-06-16T13:13:30.748+0000] {processor.py:914} INFO - Processing file /opt/airflow/dags/crypto_pipeline_dag.py for tasks to queue
[2026-06-16T13:13:30.749+0000] {logging_mixin.py:190} INFO - [2026-06-16T13:13:30.749+0000] {dagbag.py:588} INFO - Filling up the DagBag from /opt/airflow/dags/crypto_pipeline_dag.py
[2026-06-16T13:13:30.760+0000] {logging_mixin.py:190} INFO - [2026-06-16T13:13:30.759+0000] {dagbag.py:387} ERROR - Failed to import: /opt/airflow/dags/crypto_pipeline_dag.py
Traceback (most recent call last):
  File "/home/airflow/.local/lib/python3.12/site-packages/airflow/models/dagbag.py", line 383, in parse
    loader.exec_module(new_module)
  File "<frozen importlib._bootstrap_external>", line 995, in exec_module
  File "<frozen importlib._bootstrap_external>", line 1133, in get_code
  File "<frozen importlib._bootstrap_external>", line 1063, in source_to_code
  File "<frozen importlib._bootstrap>", line 488, in _call_with_frames_removed
  File "/opt/airflow/dags/crypto_pipeline_dag.py", line 60
    """
    ^
SyntaxError: unterminated triple-quoted string literal (detected at line 64)
[2026-06-16T13:13:30.761+0000] {processor.py:927} WARNING - No viable dags retrieved from /opt/airflow/dags/crypto_pipeline_dag.py
[2026-06-16T13:13:30.774+0000] {processor.py:208} INFO - Processing /opt/airflow/dags/crypto_pipeline_dag.py took 0.031 seconds
[2026-06-16T13:14:00.997+0000] {processor.py:186} INFO - Started process (PID=499) to work on /opt/airflow/dags/crypto_pipeline_dag.py
[2026-06-16T13:14:00.998+0000] {processor.py:914} INFO - Processing file /opt/airflow/dags/crypto_pipeline_dag.py for tasks to queue
[2026-06-16T13:14:00.999+0000] {logging_mixin.py:190} INFO - [2026-06-16T13:14:00.999+0000] {dagbag.py:588} INFO - Filling up the DagBag from /opt/airflow/dags/crypto_pipeline_dag.py
[2026-06-16T13:14:01.012+0000] {logging_mixin.py:190} INFO - [2026-06-16T13:14:01.011+0000] {dagbag.py:387} ERROR - Failed to import: /opt/airflow/dags/crypto_pipeline_dag.py
Traceback (most recent call last):
  File "/home/airflow/.local/lib/python3.12/site-packages/airflow/models/dagbag.py", line 383, in parse
    loader.exec_module(new_module)
  File "<frozen importlib._bootstrap_external>", line 995, in exec_module
  File "<frozen importlib._bootstrap_external>", line 1133, in get_code
  File "<frozen importlib._bootstrap_external>", line 1063, in source_to_code
  File "<frozen importlib._bootstrap>", line 488, in _call_with_frames_removed
  File "/opt/airflow/dags/crypto_pipeline_dag.py", line 60
    """
    ^
SyntaxError: unterminated triple-quoted string literal (detected at line 64)
[2026-06-16T13:14:01.013+0000] {processor.py:927} WARNING - No viable dags retrieved from /opt/airflow/dags/crypto_pipeline_dag.py
[2026-06-16T13:14:01.027+0000] {processor.py:208} INFO - Processing /opt/airflow/dags/crypto_pipeline_dag.py took 0.034 seconds
[2026-06-16T13:14:31.271+0000] {processor.py:186} INFO - Started process (PID=504) to work on /opt/airflow/dags/crypto_pipeline_dag.py
[2026-06-16T13:14:31.272+0000] {processor.py:914} INFO - Processing file /opt/airflow/dags/crypto_pipeline_dag.py for tasks to queue
[2026-06-16T13:14:31.273+0000] {logging_mixin.py:190} INFO - [2026-06-16T13:14:31.273+0000] {dagbag.py:588} INFO - Filling up the DagBag from /opt/airflow/dags/crypto_pipeline_dag.py
[2026-06-16T13:14:31.288+0000] {logging_mixin.py:190} INFO - [2026-06-16T13:14:31.288+0000] {dagbag.py:387} ERROR - Failed to import: /opt/airflow/dags/crypto_pipeline_dag.py
Traceback (most recent call last):
  File "/home/airflow/.local/lib/python3.12/site-packages/airflow/models/dagbag.py", line 383, in parse
    loader.exec_module(new_module)
  File "<frozen importlib._bootstrap_external>", line 995, in exec_module
  File "<frozen importlib._bootstrap_external>", line 1133, in get_code
  File "<frozen importlib._bootstrap_external>", line 1063, in source_to_code
  File "<frozen importlib._bootstrap>", line 488, in _call_with_frames_removed
  File "/opt/airflow/dags/crypto_pipeline_dag.py", line 60
    """
    ^
SyntaxError: unterminated triple-quoted string literal (detected at line 64)
[2026-06-16T13:14:31.289+0000] {processor.py:927} WARNING - No viable dags retrieved from /opt/airflow/dags/crypto_pipeline_dag.py
[2026-06-16T13:14:31.303+0000] {processor.py:208} INFO - Processing /opt/airflow/dags/crypto_pipeline_dag.py took 0.036 seconds
[2026-06-16T13:15:01.481+0000] {processor.py:186} INFO - Started process (PID=509) to work on /opt/airflow/dags/crypto_pipeline_dag.py
[2026-06-16T13:15:01.482+0000] {processor.py:914} INFO - Processing file /opt/airflow/dags/crypto_pipeline_dag.py for tasks to queue
[2026-06-16T13:15:01.483+0000] {logging_mixin.py:190} INFO - [2026-06-16T13:15:01.483+0000] {dagbag.py:588} INFO - Filling up the DagBag from /opt/airflow/dags/crypto_pipeline_dag.py
[2026-06-16T13:15:01.492+0000] {logging_mixin.py:190} INFO - [2026-06-16T13:15:01.492+0000] {dagbag.py:387} ERROR - Failed to import: /opt/airflow/dags/crypto_pipeline_dag.py
Traceback (most recent call last):
  File "/home/airflow/.local/lib/python3.12/site-packages/airflow/models/dagbag.py", line 383, in parse
    loader.exec_module(new_module)
  File "<frozen importlib._bootstrap_external>", line 995, in exec_module
  File "<frozen importlib._bootstrap_external>", line 1133, in get_code
  File "<frozen importlib._bootstrap_external>", line 1063, in source_to_code
  File "<frozen importlib._bootstrap>", line 488, in _call_with_frames_removed
  File "/opt/airflow/dags/crypto_pipeline_dag.py", line 60
    """
    ^
SyntaxError: unterminated triple-quoted string literal (detected at line 64)
[2026-06-16T13:15:01.493+0000] {processor.py:927} WARNING - No viable dags retrieved from /opt/airflow/dags/crypto_pipeline_dag.py
[2026-06-16T13:15:01.508+0000] {processor.py:208} INFO - Processing /opt/airflow/dags/crypto_pipeline_dag.py took 0.032 seconds
[2026-06-16T13:15:18.652+0000] {processor.py:186} INFO - Started process (PID=514) to work on /opt/airflow/dags/crypto_pipeline_dag.py
[2026-06-16T13:15:18.654+0000] {processor.py:914} INFO - Processing file /opt/airflow/dags/crypto_pipeline_dag.py for tasks to queue
[2026-06-16T13:15:18.655+0000] {logging_mixin.py:190} INFO - [2026-06-16T13:15:18.655+0000] {dagbag.py:588} INFO - Filling up the DagBag from /opt/airflow/dags/crypto_pipeline_dag.py
[2026-06-16T13:15:18.675+0000] {logging_mixin.py:190} INFO - [2026-06-16T13:15:18.674+0000] {dagbag.py:387} ERROR - Failed to import: /opt/airflow/dags/crypto_pipeline_dag.py
Traceback (most recent call last):
  File "/home/airflow/.local/lib/python3.12/site-packages/airflow/models/dagbag.py", line 383, in parse
    loader.exec_module(new_module)
  File "<frozen importlib._bootstrap_external>", line 995, in exec_module
  File "<frozen importlib._bootstrap_external>", line 1133, in get_code
  File "<frozen importlib._bootstrap_external>", line 1063, in source_to_code
  File "<frozen importlib._bootstrap>", line 488, in _call_with_frames_removed
  File "/opt/airflow/dags/crypto_pipeline_dag.py", line 55
    load_snowflake = BashOperator(
                                  ^
IndentationError: unindent does not match any outer indentation level
[2026-06-16T13:15:18.675+0000] {processor.py:927} WARNING - No viable dags retrieved from /opt/airflow/dags/crypto_pipeline_dag.py
[2026-06-16T13:15:18.693+0000] {processor.py:208} INFO - Processing /opt/airflow/dags/crypto_pipeline_dag.py took 0.045 seconds
[2026-06-16T13:15:21.698+0000] {processor.py:186} INFO - Started process (PID=519) to work on /opt/airflow/dags/crypto_pipeline_dag.py
[2026-06-16T13:15:21.699+0000] {processor.py:914} INFO - Processing file /opt/airflow/dags/crypto_pipeline_dag.py for tasks to queue
[2026-06-16T13:15:21.700+0000] {logging_mixin.py:190} INFO - [2026-06-16T13:15:21.700+0000] {dagbag.py:588} INFO - Filling up the DagBag from /opt/airflow/dags/crypto_pipeline_dag.py
[2026-06-16T13:15:21.728+0000] {processor.py:925} INFO - DAG(s) 'crypto_pipeline_dag' retrieved from /opt/airflow/dags/crypto_pipeline_dag.py
[2026-06-16T13:15:21.871+0000] {logging_mixin.py:190} INFO - [2026-06-16T13:15:21.871+0000] {dag.py:3239} INFO - Sync 1 DAGs
[2026-06-16T13:15:21.892+0000] {logging_mixin.py:190} INFO - [2026-06-16T13:15:21.892+0000] {dag.py:4180} INFO - Setting next_dagrun for crypto_pipeline_dag to 2026-06-16 00:00:00+00:00, run_after=2026-06-17 00:00:00+00:00
[2026-06-16T13:15:21.917+0000] {processor.py:208} INFO - Processing /opt/airflow/dags/crypto_pipeline_dag.py took 0.222 seconds
[2026-06-16T13:15:51.992+0000] {processor.py:186} INFO - Started process (PID=524) to work on /opt/airflow/dags/crypto_pipeline_dag.py
[2026-06-16T13:15:51.993+0000] {processor.py:914} INFO - Processing file /opt/airflow/dags/crypto_pipeline_dag.py for tasks to queue
[2026-06-16T13:15:51.994+0000] {logging_mixin.py:190} INFO - [2026-06-16T13:15:51.994+0000] {dagbag.py:588} INFO - Filling up the DagBag from /opt/airflow/dags/crypto_pipeline_dag.py
[2026-06-16T13:15:52.006+0000] {processor.py:925} INFO - DAG(s) 'crypto_pipeline_dag' retrieved from /opt/airflow/dags/crypto_pipeline_dag.py
[2026-06-16T13:15:52.024+0000] {logging_mixin.py:190} INFO - [2026-06-16T13:15:52.024+0000] {dag.py:3239} INFO - Sync 1 DAGs
[2026-06-16T13:15:52.041+0000] {logging_mixin.py:190} INFO - [2026-06-16T13:15:52.041+0000] {dag.py:4180} INFO - Setting next_dagrun for crypto_pipeline_dag to 2026-06-16 00:00:00+00:00, run_after=2026-06-17 00:00:00+00:00
[2026-06-16T13:15:52.055+0000] {processor.py:208} INFO - Processing /opt/airflow/dags/crypto_pipeline_dag.py took 0.068 seconds
[2026-06-16T13:16:22.233+0000] {processor.py:186} INFO - Started process (PID=529) to work on /opt/airflow/dags/crypto_pipeline_dag.py
[2026-06-16T13:16:22.234+0000] {processor.py:914} INFO - Processing file /opt/airflow/dags/crypto_pipeline_dag.py for tasks to queue
[2026-06-16T13:16:22.235+0000] {logging_mixin.py:190} INFO - [2026-06-16T13:16:22.235+0000] {dagbag.py:588} INFO - Filling up the DagBag from /opt/airflow/dags/crypto_pipeline_dag.py
[2026-06-16T13:16:22.247+0000] {processor.py:925} INFO - DAG(s) 'crypto_pipeline_dag' retrieved from /opt/airflow/dags/crypto_pipeline_dag.py
[2026-06-16T13:16:22.266+0000] {logging_mixin.py:190} INFO - [2026-06-16T13:16:22.265+0000] {dag.py:3239} INFO - Sync 1 DAGs
[2026-06-16T13:16:22.283+0000] {logging_mixin.py:190} INFO - [2026-06-16T13:16:22.283+0000] {dag.py:4180} INFO - Setting next_dagrun for crypto_pipeline_dag to 2026-06-16 00:00:00+00:00, run_after=2026-06-17 00:00:00+00:00
[2026-06-16T13:16:22.297+0000] {processor.py:208} INFO - Processing /opt/airflow/dags/crypto_pipeline_dag.py took 0.068 seconds
[2026-06-16T13:16:52.524+0000] {processor.py:186} INFO - Started process (PID=534) to work on /opt/airflow/dags/crypto_pipeline_dag.py
[2026-06-16T13:16:52.525+0000] {processor.py:914} INFO - Processing file /opt/airflow/dags/crypto_pipeline_dag.py for tasks to queue
[2026-06-16T13:16:52.526+0000] {logging_mixin.py:190} INFO - [2026-06-16T13:16:52.526+0000] {dagbag.py:588} INFO - Filling up the DagBag from /opt/airflow/dags/crypto_pipeline_dag.py
[2026-06-16T13:16:52.546+0000] {processor.py:925} INFO - DAG(s) 'crypto_pipeline_dag' retrieved from /opt/airflow/dags/crypto_pipeline_dag.py
[2026-06-16T13:16:52.570+0000] {logging_mixin.py:190} INFO - [2026-06-16T13:16:52.570+0000] {dag.py:3239} INFO - Sync 1 DAGs
[2026-06-16T13:16:52.590+0000] {logging_mixin.py:190} INFO - [2026-06-16T13:16:52.589+0000] {dag.py:4180} INFO - Setting next_dagrun for crypto_pipeline_dag to 2026-06-16 00:00:00+00:00, run_after=2026-06-17 00:00:00+00:00
[2026-06-16T13:16:52.609+0000] {processor.py:208} INFO - Processing /opt/airflow/dags/crypto_pipeline_dag.py took 0.088 seconds
[2026-06-16T13:17:22.782+0000] {processor.py:186} INFO - Started process (PID=539) to work on /opt/airflow/dags/crypto_pipeline_dag.py
[2026-06-16T13:17:22.783+0000] {processor.py:914} INFO - Processing file /opt/airflow/dags/crypto_pipeline_dag.py for tasks to queue
[2026-06-16T13:17:22.784+0000] {logging_mixin.py:190} INFO - [2026-06-16T13:17:22.783+0000] {dagbag.py:588} INFO - Filling up the DagBag from /opt/airflow/dags/crypto_pipeline_dag.py
[2026-06-16T13:17:22.798+0000] {processor.py:925} INFO - DAG(s) 'crypto_pipeline_dag' retrieved from /opt/airflow/dags/crypto_pipeline_dag.py
[2026-06-16T13:17:22.821+0000] {logging_mixin.py:190} INFO - [2026-06-16T13:17:22.821+0000] {dag.py:3239} INFO - Sync 1 DAGs
[2026-06-16T13:17:22.840+0000] {logging_mixin.py:190} INFO - [2026-06-16T13:17:22.840+0000] {dag.py:4180} INFO - Setting next_dagrun for crypto_pipeline_dag to 2026-06-16 00:00:00+00:00, run_after=2026-06-17 00:00:00+00:00
[2026-06-16T13:17:22.855+0000] {processor.py:208} INFO - Processing /opt/airflow/dags/crypto_pipeline_dag.py took 0.079 seconds
[2026-06-16T13:17:53.034+0000] {processor.py:186} INFO - Started process (PID=544) to work on /opt/airflow/dags/crypto_pipeline_dag.py
[2026-06-16T13:17:53.034+0000] {processor.py:914} INFO - Processing file /opt/airflow/dags/crypto_pipeline_dag.py for tasks to queue
[2026-06-16T13:17:53.035+0000] {logging_mixin.py:190} INFO - [2026-06-16T13:17:53.035+0000] {dagbag.py:588} INFO - Filling up the DagBag from /opt/airflow/dags/crypto_pipeline_dag.py
[2026-06-16T13:17:53.047+0000] {processor.py:925} INFO - DAG(s) 'crypto_pipeline_dag' retrieved from /opt/airflow/dags/crypto_pipeline_dag.py
[2026-06-16T13:17:53.066+0000] {logging_mixin.py:190} INFO - [2026-06-16T13:17:53.066+0000] {dag.py:3239} INFO - Sync 1 DAGs
[2026-06-16T13:17:53.084+0000] {logging_mixin.py:190} INFO - [2026-06-16T13:17:53.084+0000] {dag.py:4180} INFO - Setting next_dagrun for crypto_pipeline_dag to 2026-06-16 00:00:00+00:00, run_after=2026-06-17 00:00:00+00:00
[2026-06-16T13:17:53.097+0000] {processor.py:208} INFO - Processing /opt/airflow/dags/crypto_pipeline_dag.py took 0.067 seconds
[2026-06-16T13:18:23.620+0000] {processor.py:186} INFO - Started process (PID=556) to work on /opt/airflow/dags/crypto_pipeline_dag.py
[2026-06-16T13:18:23.621+0000] {processor.py:914} INFO - Processing file /opt/airflow/dags/crypto_pipeline_dag.py for tasks to queue
[2026-06-16T13:18:23.621+0000] {logging_mixin.py:190} INFO - [2026-06-16T13:18:23.621+0000] {dagbag.py:588} INFO - Filling up the DagBag from /opt/airflow/dags/crypto_pipeline_dag.py
[2026-06-16T13:18:23.633+0000] {processor.py:925} INFO - DAG(s) 'crypto_pipeline_dag' retrieved from /opt/airflow/dags/crypto_pipeline_dag.py
[2026-06-16T13:18:23.652+0000] {logging_mixin.py:190} INFO - [2026-06-16T13:18:23.652+0000] {dag.py:3239} INFO - Sync 1 DAGs
[2026-06-16T13:18:23.668+0000] {logging_mixin.py:190} INFO - [2026-06-16T13:18:23.668+0000] {dag.py:4180} INFO - Setting next_dagrun for crypto_pipeline_dag to 2026-06-16 00:00:00+00:00, run_after=2026-06-17 00:00:00+00:00
[2026-06-16T13:18:23.681+0000] {processor.py:208} INFO - Processing /opt/airflow/dags/crypto_pipeline_dag.py took 0.065 seconds
[2026-06-16T13:18:53.939+0000] {processor.py:186} INFO - Started process (PID=561) to work on /opt/airflow/dags/crypto_pipeline_dag.py
[2026-06-16T13:18:53.940+0000] {processor.py:914} INFO - Processing file /opt/airflow/dags/crypto_pipeline_dag.py for tasks to queue
[2026-06-16T13:18:53.941+0000] {logging_mixin.py:190} INFO - [2026-06-16T13:18:53.940+0000] {dagbag.py:588} INFO - Filling up the DagBag from /opt/airflow/dags/crypto_pipeline_dag.py
[2026-06-16T13:18:53.952+0000] {processor.py:925} INFO - DAG(s) 'crypto_pipeline_dag' retrieved from /opt/airflow/dags/crypto_pipeline_dag.py
[2026-06-16T13:18:53.971+0000] {logging_mixin.py:190} INFO - [2026-06-16T13:18:53.971+0000] {dag.py:3239} INFO - Sync 1 DAGs
[2026-06-16T13:18:53.988+0000] {logging_mixin.py:190} INFO - [2026-06-16T13:18:53.988+0000] {dag.py:4180} INFO - Setting next_dagrun for crypto_pipeline_dag to 2026-06-16 00:00:00+00:00, run_after=2026-06-17 00:00:00+00:00
[2026-06-16T13:18:54.002+0000] {processor.py:208} INFO - Processing /opt/airflow/dags/crypto_pipeline_dag.py took 0.067 seconds
[2026-06-16T13:19:24.196+0000] {processor.py:186} INFO - Started process (PID=567) to work on /opt/airflow/dags/crypto_pipeline_dag.py
[2026-06-16T13:19:24.197+0000] {processor.py:914} INFO - Processing file /opt/airflow/dags/crypto_pipeline_dag.py for tasks to queue
[2026-06-16T13:19:24.198+0000] {logging_mixin.py:190} INFO - [2026-06-16T13:19:24.197+0000] {dagbag.py:588} INFO - Filling up the DagBag from /opt/airflow/dags/crypto_pipeline_dag.py
[2026-06-16T13:19:24.209+0000] {processor.py:925} INFO - DAG(s) 'crypto_pipeline_dag' retrieved from /opt/airflow/dags/crypto_pipeline_dag.py
[2026-06-16T13:19:24.230+0000] {logging_mixin.py:190} INFO - [2026-06-16T13:19:24.230+0000] {dag.py:3239} INFO - Sync 1 DAGs
[2026-06-16T13:19:24.247+0000] {logging_mixin.py:190} INFO - [2026-06-16T13:19:24.247+0000] {dag.py:4180} INFO - Setting next_dagrun for crypto_pipeline_dag to 2026-06-16 00:00:00+00:00, run_after=2026-06-17 00:00:00+00:00
[2026-06-16T13:19:24.262+0000] {processor.py:208} INFO - Processing /opt/airflow/dags/crypto_pipeline_dag.py took 0.070 seconds
[2026-06-16T13:19:54.498+0000] {processor.py:186} INFO - Started process (PID=572) to work on /opt/airflow/dags/crypto_pipeline_dag.py
[2026-06-16T13:19:54.499+0000] {processor.py:914} INFO - Processing file /opt/airflow/dags/crypto_pipeline_dag.py for tasks to queue
[2026-06-16T13:19:54.500+0000] {logging_mixin.py:190} INFO - [2026-06-16T13:19:54.499+0000] {dagbag.py:588} INFO - Filling up the DagBag from /opt/airflow/dags/crypto_pipeline_dag.py
[2026-06-16T13:19:54.512+0000] {processor.py:925} INFO - DAG(s) 'crypto_pipeline_dag' retrieved from /opt/airflow/dags/crypto_pipeline_dag.py
[2026-06-16T13:19:54.535+0000] {logging_mixin.py:190} INFO - [2026-06-16T13:19:54.535+0000] {dag.py:3239} INFO - Sync 1 DAGs
[2026-06-16T13:19:54.559+0000] {logging_mixin.py:190} INFO - [2026-06-16T13:19:54.559+0000] {dag.py:4180} INFO - Setting next_dagrun for crypto_pipeline_dag to 2026-06-16 00:00:00+00:00, run_after=2026-06-17 00:00:00+00:00
[2026-06-16T13:19:54.580+0000] {processor.py:208} INFO - Processing /opt/airflow/dags/crypto_pipeline_dag.py took 0.086 seconds
[2026-06-16T13:20:24.767+0000] {processor.py:186} INFO - Started process (PID=577) to work on /opt/airflow/dags/crypto_pipeline_dag.py
[2026-06-16T13:20:24.768+0000] {processor.py:914} INFO - Processing file /opt/airflow/dags/crypto_pipeline_dag.py for tasks to queue
[2026-06-16T13:20:24.769+0000] {logging_mixin.py:190} INFO - [2026-06-16T13:20:24.769+0000] {dagbag.py:588} INFO - Filling up the DagBag from /opt/airflow/dags/crypto_pipeline_dag.py
[2026-06-16T13:20:24.790+0000] {processor.py:925} INFO - DAG(s) 'crypto_pipeline_dag' retrieved from /opt/airflow/dags/crypto_pipeline_dag.py
[2026-06-16T13:20:24.814+0000] {logging_mixin.py:190} INFO - [2026-06-16T13:20:24.814+0000] {dag.py:3239} INFO - Sync 1 DAGs
[2026-06-16T13:20:24.830+0000] {logging_mixin.py:190} INFO - [2026-06-16T13:20:24.830+0000] {dag.py:4180} INFO - Setting next_dagrun for crypto_pipeline_dag to 2026-06-16 00:00:00+00:00, run_after=2026-06-17 00:00:00+00:00
[2026-06-16T13:20:24.842+0000] {processor.py:208} INFO - Processing /opt/airflow/dags/crypto_pipeline_dag.py took 0.080 seconds
[2026-06-16T13:20:55.039+0000] {processor.py:186} INFO - Started process (PID=582) to work on /opt/airflow/dags/crypto_pipeline_dag.py
[2026-06-16T13:20:55.040+0000] {processor.py:914} INFO - Processing file /opt/airflow/dags/crypto_pipeline_dag.py for tasks to queue
[2026-06-16T13:20:55.041+0000] {logging_mixin.py:190} INFO - [2026-06-16T13:20:55.041+0000] {dagbag.py:588} INFO - Filling up the DagBag from /opt/airflow/dags/crypto_pipeline_dag.py
[2026-06-16T13:20:55.055+0000] {processor.py:925} INFO - DAG(s) 'crypto_pipeline_dag' retrieved from /opt/airflow/dags/crypto_pipeline_dag.py
[2026-06-16T13:20:55.074+0000] {logging_mixin.py:190} INFO - [2026-06-16T13:20:55.074+0000] {dag.py:3239} INFO - Sync 1 DAGs
[2026-06-16T13:20:55.090+0000] {logging_mixin.py:190} INFO - [2026-06-16T13:20:55.090+0000] {dag.py:4180} INFO - Setting next_dagrun for crypto_pipeline_dag to 2026-06-16 00:00:00+00:00, run_after=2026-06-17 00:00:00+00:00
[2026-06-16T13:20:55.102+0000] {processor.py:208} INFO - Processing /opt/airflow/dags/crypto_pipeline_dag.py took 0.067 seconds
[2026-06-16T13:21:25.276+0000] {processor.py:186} INFO - Started process (PID=592) to work on /opt/airflow/dags/crypto_pipeline_dag.py
[2026-06-16T13:21:25.277+0000] {processor.py:914} INFO - Processing file /opt/airflow/dags/crypto_pipeline_dag.py for tasks to queue
[2026-06-16T13:21:25.277+0000] {logging_mixin.py:190} INFO - [2026-06-16T13:21:25.277+0000] {dagbag.py:588} INFO - Filling up the DagBag from /opt/airflow/dags/crypto_pipeline_dag.py
[2026-06-16T13:21:25.289+0000] {processor.py:925} INFO - DAG(s) 'crypto_pipeline_dag' retrieved from /opt/airflow/dags/crypto_pipeline_dag.py
[2026-06-16T13:21:25.307+0000] {logging_mixin.py:190} INFO - [2026-06-16T13:21:25.307+0000] {dag.py:3239} INFO - Sync 1 DAGs
[2026-06-16T13:21:25.323+0000] {logging_mixin.py:190} INFO - [2026-06-16T13:21:25.323+0000] {dag.py:4180} INFO - Setting next_dagrun for crypto_pipeline_dag to 2026-06-16 00:00:00+00:00, run_after=2026-06-17 00:00:00+00:00
[2026-06-16T13:21:25.337+0000] {processor.py:208} INFO - Processing /opt/airflow/dags/crypto_pipeline_dag.py took 0.065 seconds
[2026-06-16T13:21:55.503+0000] {processor.py:186} INFO - Started process (PID=597) to work on /opt/airflow/dags/crypto_pipeline_dag.py
[2026-06-16T13:21:55.504+0000] {processor.py:914} INFO - Processing file /opt/airflow/dags/crypto_pipeline_dag.py for tasks to queue
[2026-06-16T13:21:55.505+0000] {logging_mixin.py:190} INFO - [2026-06-16T13:21:55.505+0000] {dagbag.py:588} INFO - Filling up the DagBag from /opt/airflow/dags/crypto_pipeline_dag.py
[2026-06-16T13:21:55.518+0000] {processor.py:925} INFO - DAG(s) 'crypto_pipeline_dag' retrieved from /opt/airflow/dags/crypto_pipeline_dag.py
[2026-06-16T13:21:55.537+0000] {logging_mixin.py:190} INFO - [2026-06-16T13:21:55.537+0000] {dag.py:3239} INFO - Sync 1 DAGs
[2026-06-16T13:21:55.553+0000] {logging_mixin.py:190} INFO - [2026-06-16T13:21:55.553+0000] {dag.py:4180} INFO - Setting next_dagrun for crypto_pipeline_dag to 2026-06-16 00:00:00+00:00, run_after=2026-06-17 00:00:00+00:00
[2026-06-16T13:21:55.566+0000] {processor.py:208} INFO - Processing /opt/airflow/dags/crypto_pipeline_dag.py took 0.067 seconds
[2026-06-16T13:22:25.691+0000] {processor.py:186} INFO - Started process (PID=602) to work on /opt/airflow/dags/crypto_pipeline_dag.py
[2026-06-16T13:22:25.692+0000] {processor.py:914} INFO - Processing file /opt/airflow/dags/crypto_pipeline_dag.py for tasks to queue
[2026-06-16T13:22:25.693+0000] {logging_mixin.py:190} INFO - [2026-06-16T13:22:25.693+0000] {dagbag.py:588} INFO - Filling up the DagBag from /opt/airflow/dags/crypto_pipeline_dag.py
[2026-06-16T13:22:25.711+0000] {processor.py:925} INFO - DAG(s) 'crypto_pipeline_dag' retrieved from /opt/airflow/dags/crypto_pipeline_dag.py
[2026-06-16T13:22:25.740+0000] {logging_mixin.py:190} INFO - [2026-06-16T13:22:25.740+0000] {dag.py:3239} INFO - Sync 1 DAGs
[2026-06-16T13:22:25.761+0000] {logging_mixin.py:190} INFO - [2026-06-16T13:22:25.761+0000] {dag.py:4180} INFO - Setting next_dagrun for crypto_pipeline_dag to 2026-06-16 00:00:00+00:00, run_after=2026-06-17 00:00:00+00:00
[2026-06-16T13:22:25.778+0000] {processor.py:208} INFO - Processing /opt/airflow/dags/crypto_pipeline_dag.py took 0.094 seconds
[2026-06-16T13:22:55.989+0000] {processor.py:186} INFO - Started process (PID=607) to work on /opt/airflow/dags/crypto_pipeline_dag.py
[2026-06-16T13:22:55.990+0000] {processor.py:914} INFO - Processing file /opt/airflow/dags/crypto_pipeline_dag.py for tasks to queue
[2026-06-16T13:22:55.992+0000] {logging_mixin.py:190} INFO - [2026-06-16T13:22:55.991+0000] {dagbag.py:588} INFO - Filling up the DagBag from /opt/airflow/dags/crypto_pipeline_dag.py
[2026-06-16T13:22:56.004+0000] {processor.py:925} INFO - DAG(s) 'crypto_pipeline_dag' retrieved from /opt/airflow/dags/crypto_pipeline_dag.py
[2026-06-16T13:22:56.024+0000] {logging_mixin.py:190} INFO - [2026-06-16T13:22:56.024+0000] {dag.py:3239} INFO - Sync 1 DAGs
[2026-06-16T13:22:56.041+0000] {logging_mixin.py:190} INFO - [2026-06-16T13:22:56.041+0000] {dag.py:4180} INFO - Setting next_dagrun for crypto_pipeline_dag to 2026-06-16 00:00:00+00:00, run_after=2026-06-17 00:00:00+00:00
[2026-06-16T13:22:56.055+0000] {processor.py:208} INFO - Processing /opt/airflow/dags/crypto_pipeline_dag.py took 0.070 seconds
[2026-06-16T13:23:26.202+0000] {processor.py:186} INFO - Started process (PID=612) to work on /opt/airflow/dags/crypto_pipeline_dag.py
[2026-06-16T13:23:26.204+0000] {processor.py:914} INFO - Processing file /opt/airflow/dags/crypto_pipeline_dag.py for tasks to queue
[2026-06-16T13:23:26.205+0000] {logging_mixin.py:190} INFO - [2026-06-16T13:23:26.205+0000] {dagbag.py:588} INFO - Filling up the DagBag from /opt/airflow/dags/crypto_pipeline_dag.py
[2026-06-16T13:23:26.221+0000] {processor.py:925} INFO - DAG(s) 'crypto_pipeline_dag' retrieved from /opt/airflow/dags/crypto_pipeline_dag.py
[2026-06-16T13:23:26.246+0000] {logging_mixin.py:190} INFO - [2026-06-16T13:23:26.246+0000] {dag.py:3239} INFO - Sync 1 DAGs
[2026-06-16T13:23:26.265+0000] {logging_mixin.py:190} INFO - [2026-06-16T13:23:26.265+0000] {dag.py:4180} INFO - Setting next_dagrun for crypto_pipeline_dag to 2026-06-16 00:00:00+00:00, run_after=2026-06-17 00:00:00+00:00
[2026-06-16T13:23:26.278+0000] {processor.py:208} INFO - Processing /opt/airflow/dags/crypto_pipeline_dag.py took 0.084 seconds
[2026-06-16T13:23:56.481+0000] {processor.py:186} INFO - Started process (PID=617) to work on /opt/airflow/dags/crypto_pipeline_dag.py
[2026-06-16T13:23:56.482+0000] {processor.py:914} INFO - Processing file /opt/airflow/dags/crypto_pipeline_dag.py for tasks to queue
[2026-06-16T13:23:56.483+0000] {logging_mixin.py:190} INFO - [2026-06-16T13:23:56.483+0000] {dagbag.py:588} INFO - Filling up the DagBag from /opt/airflow/dags/crypto_pipeline_dag.py
[2026-06-16T13:23:56.496+0000] {processor.py:925} INFO - DAG(s) 'crypto_pipeline_dag' retrieved from /opt/airflow/dags/crypto_pipeline_dag.py
[2026-06-16T13:23:56.518+0000] {logging_mixin.py:190} INFO - [2026-06-16T13:23:56.518+0000] {dag.py:3239} INFO - Sync 1 DAGs
[2026-06-16T13:23:56.537+0000] {logging_mixin.py:190} INFO - [2026-06-16T13:23:56.536+0000] {dag.py:4180} INFO - Setting next_dagrun for crypto_pipeline_dag to 2026-06-16 00:00:00+00:00, run_after=2026-06-17 00:00:00+00:00
[2026-06-16T13:23:56.551+0000] {processor.py:208} INFO - Processing /opt/airflow/dags/crypto_pipeline_dag.py took 0.075 seconds
[2026-06-16T13:24:26.741+0000] {processor.py:186} INFO - Started process (PID=622) to work on /opt/airflow/dags/crypto_pipeline_dag.py
[2026-06-16T13:24:26.742+0000] {processor.py:914} INFO - Processing file /opt/airflow/dags/crypto_pipeline_dag.py for tasks to queue
[2026-06-16T13:24:26.744+0000] {logging_mixin.py:190} INFO - [2026-06-16T13:24:26.743+0000] {dagbag.py:588} INFO - Filling up the DagBag from /opt/airflow/dags/crypto_pipeline_dag.py
[2026-06-16T13:24:26.761+0000] {processor.py:925} INFO - DAG(s) 'crypto_pipeline_dag' retrieved from /opt/airflow/dags/crypto_pipeline_dag.py
[2026-06-16T13:24:26.786+0000] {logging_mixin.py:190} INFO - [2026-06-16T13:24:26.785+0000] {dag.py:3239} INFO - Sync 1 DAGs
[2026-06-16T13:24:26.803+0000] {logging_mixin.py:190} INFO - [2026-06-16T13:24:26.803+0000] {dag.py:4180} INFO - Setting next_dagrun for crypto_pipeline_dag to 2026-06-16 00:00:00+00:00, run_after=2026-06-17 00:00:00+00:00
[2026-06-16T13:24:26.817+0000] {processor.py:208} INFO - Processing /opt/airflow/dags/crypto_pipeline_dag.py took 0.081 seconds
[2026-06-16T13:24:57.010+0000] {processor.py:186} INFO - Started process (PID=627) to work on /opt/airflow/dags/crypto_pipeline_dag.py
[2026-06-16T13:24:57.012+0000] {processor.py:914} INFO - Processing file /opt/airflow/dags/crypto_pipeline_dag.py for tasks to queue
[2026-06-16T13:24:57.013+0000] {logging_mixin.py:190} INFO - [2026-06-16T13:24:57.012+0000] {dagbag.py:588} INFO - Filling up the DagBag from /opt/airflow/dags/crypto_pipeline_dag.py
[2026-06-16T13:24:57.053+0000] {processor.py:925} INFO - DAG(s) 'crypto_pipeline_dag' retrieved from /opt/airflow/dags/crypto_pipeline_dag.py
[2026-06-16T13:24:57.078+0000] {logging_mixin.py:190} INFO - [2026-06-16T13:24:57.078+0000] {dag.py:3239} INFO - Sync 1 DAGs
[2026-06-16T13:24:57.099+0000] {logging_mixin.py:190} INFO - [2026-06-16T13:24:57.098+0000] {dag.py:4180} INFO - Setting next_dagrun for crypto_pipeline_dag to 2026-06-16 00:00:00+00:00, run_after=2026-06-17 00:00:00+00:00
[2026-06-16T13:24:57.114+0000] {processor.py:208} INFO - Processing /opt/airflow/dags/crypto_pipeline_dag.py took 0.108 seconds
[2026-06-16T13:25:27.305+0000] {processor.py:186} INFO - Started process (PID=632) to work on /opt/airflow/dags/crypto_pipeline_dag.py
[2026-06-16T13:25:27.306+0000] {processor.py:914} INFO - Processing file /opt/airflow/dags/crypto_pipeline_dag.py for tasks to queue
[2026-06-16T13:25:27.307+0000] {logging_mixin.py:190} INFO - [2026-06-16T13:25:27.307+0000] {dagbag.py:588} INFO - Filling up the DagBag from /opt/airflow/dags/crypto_pipeline_dag.py
[2026-06-16T13:25:27.328+0000] {processor.py:925} INFO - DAG(s) 'crypto_pipeline_dag' retrieved from /opt/airflow/dags/crypto_pipeline_dag.py
[2026-06-16T13:25:27.352+0000] {logging_mixin.py:190} INFO - [2026-06-16T13:25:27.352+0000] {dag.py:3239} INFO - Sync 1 DAGs
[2026-06-16T13:25:27.372+0000] {logging_mixin.py:190} INFO - [2026-06-16T13:25:27.372+0000] {dag.py:4180} INFO - Setting next_dagrun for crypto_pipeline_dag to 2026-06-16 00:00:00+00:00, run_after=2026-06-17 00:00:00+00:00
[2026-06-16T13:25:27.388+0000] {processor.py:208} INFO - Processing /opt/airflow/dags/crypto_pipeline_dag.py took 0.090 seconds
[2026-06-16T13:25:57.608+0000] {processor.py:186} INFO - Started process (PID=637) to work on /opt/airflow/dags/crypto_pipeline_dag.py
[2026-06-16T13:25:57.608+0000] {processor.py:914} INFO - Processing file /opt/airflow/dags/crypto_pipeline_dag.py for tasks to queue
[2026-06-16T13:25:57.609+0000] {logging_mixin.py:190} INFO - [2026-06-16T13:25:57.609+0000] {dagbag.py:588} INFO - Filling up the DagBag from /opt/airflow/dags/crypto_pipeline_dag.py
[2026-06-16T13:25:57.622+0000] {processor.py:925} INFO - DAG(s) 'crypto_pipeline_dag' retrieved from /opt/airflow/dags/crypto_pipeline_dag.py
[2026-06-16T13:25:57.641+0000] {logging_mixin.py:190} INFO - [2026-06-16T13:25:57.641+0000] {dag.py:3239} INFO - Sync 1 DAGs
[2026-06-16T13:25:57.659+0000] {logging_mixin.py:190} INFO - [2026-06-16T13:25:57.658+0000] {dag.py:4180} INFO - Setting next_dagrun for crypto_pipeline_dag to 2026-06-16 00:00:00+00:00, run_after=2026-06-17 00:00:00+00:00
[2026-06-16T13:25:57.673+0000] {processor.py:208} INFO - Processing /opt/airflow/dags/crypto_pipeline_dag.py took 0.069 seconds
[2026-06-16T13:26:27.850+0000] {processor.py:186} INFO - Started process (PID=642) to work on /opt/airflow/dags/crypto_pipeline_dag.py
[2026-06-16T13:26:27.851+0000] {processor.py:914} INFO - Processing file /opt/airflow/dags/crypto_pipeline_dag.py for tasks to queue
[2026-06-16T13:26:27.852+0000] {logging_mixin.py:190} INFO - [2026-06-16T13:26:27.852+0000] {dagbag.py:588} INFO - Filling up the DagBag from /opt/airflow/dags/crypto_pipeline_dag.py
[2026-06-16T13:26:27.865+0000] {processor.py:925} INFO - DAG(s) 'crypto_pipeline_dag' retrieved from /opt/airflow/dags/crypto_pipeline_dag.py
[2026-06-16T13:26:27.887+0000] {logging_mixin.py:190} INFO - [2026-06-16T13:26:27.887+0000] {dag.py:3239} INFO - Sync 1 DAGs
[2026-06-16T13:26:27.906+0000] {logging_mixin.py:190} INFO - [2026-06-16T13:26:27.906+0000] {dag.py:4180} INFO - Setting next_dagrun for crypto_pipeline_dag to 2026-06-16 00:00:00+00:00, run_after=2026-06-17 00:00:00+00:00
[2026-06-16T13:26:27.921+0000] {processor.py:208} INFO - Processing /opt/airflow/dags/crypto_pipeline_dag.py took 0.075 seconds
[2026-06-16T13:26:58.168+0000] {processor.py:186} INFO - Started process (PID=647) to work on /opt/airflow/dags/crypto_pipeline_dag.py
[2026-06-16T13:26:58.169+0000] {processor.py:914} INFO - Processing file /opt/airflow/dags/crypto_pipeline_dag.py for tasks to queue
[2026-06-16T13:26:58.170+0000] {logging_mixin.py:190} INFO - [2026-06-16T13:26:58.170+0000] {dagbag.py:588} INFO - Filling up the DagBag from /opt/airflow/dags/crypto_pipeline_dag.py
[2026-06-16T13:26:58.183+0000] {processor.py:925} INFO - DAG(s) 'crypto_pipeline_dag' retrieved from /opt/airflow/dags/crypto_pipeline_dag.py
[2026-06-16T13:26:58.203+0000] {logging_mixin.py:190} INFO - [2026-06-16T13:26:58.202+0000] {dag.py:3239} INFO - Sync 1 DAGs
[2026-06-16T13:26:58.219+0000] {logging_mixin.py:190} INFO - [2026-06-16T13:26:58.219+0000] {dag.py:4180} INFO - Setting next_dagrun for crypto_pipeline_dag to 2026-06-16 00:00:00+00:00, run_after=2026-06-17 00:00:00+00:00
[2026-06-16T13:26:58.232+0000] {processor.py:208} INFO - Processing /opt/airflow/dags/crypto_pipeline_dag.py took 0.069 seconds
[2026-06-16T13:27:28.406+0000] {processor.py:186} INFO - Started process (PID=652) to work on /opt/airflow/dags/crypto_pipeline_dag.py
[2026-06-16T13:27:28.407+0000] {processor.py:914} INFO - Processing file /opt/airflow/dags/crypto_pipeline_dag.py for tasks to queue
[2026-06-16T13:27:28.408+0000] {logging_mixin.py:190} INFO - [2026-06-16T13:27:28.408+0000] {dagbag.py:588} INFO - Filling up the DagBag from /opt/airflow/dags/crypto_pipeline_dag.py
[2026-06-16T13:27:28.420+0000] {processor.py:925} INFO - DAG(s) 'crypto_pipeline_dag' retrieved from /opt/airflow/dags/crypto_pipeline_dag.py
[2026-06-16T13:27:28.445+0000] {logging_mixin.py:190} INFO - [2026-06-16T13:27:28.445+0000] {dag.py:3239} INFO - Sync 1 DAGs
[2026-06-16T13:27:28.463+0000] {logging_mixin.py:190} INFO - [2026-06-16T13:27:28.463+0000] {dag.py:4180} INFO - Setting next_dagrun for crypto_pipeline_dag to 2026-06-16 00:00:00+00:00, run_after=2026-06-17 00:00:00+00:00
[2026-06-16T13:27:28.477+0000] {processor.py:208} INFO - Processing /opt/airflow/dags/crypto_pipeline_dag.py took 0.075 seconds
[2026-06-16T13:27:58.757+0000] {processor.py:186} INFO - Started process (PID=657) to work on /opt/airflow/dags/crypto_pipeline_dag.py
[2026-06-16T13:27:58.758+0000] {processor.py:914} INFO - Processing file /opt/airflow/dags/crypto_pipeline_dag.py for tasks to queue
[2026-06-16T13:27:58.759+0000] {logging_mixin.py:190} INFO - [2026-06-16T13:27:58.759+0000] {dagbag.py:588} INFO - Filling up the DagBag from /opt/airflow/dags/crypto_pipeline_dag.py
[2026-06-16T13:27:58.772+0000] {processor.py:925} INFO - DAG(s) 'crypto_pipeline_dag' retrieved from /opt/airflow/dags/crypto_pipeline_dag.py
[2026-06-16T13:27:58.791+0000] {logging_mixin.py:190} INFO - [2026-06-16T13:27:58.791+0000] {dag.py:3239} INFO - Sync 1 DAGs
[2026-06-16T13:27:58.808+0000] {logging_mixin.py:190} INFO - [2026-06-16T13:27:58.808+0000] {dag.py:4180} INFO - Setting next_dagrun for crypto_pipeline_dag to 2026-06-16 00:00:00+00:00, run_after=2026-06-17 00:00:00+00:00
[2026-06-16T13:27:58.822+0000] {processor.py:208} INFO - Processing /opt/airflow/dags/crypto_pipeline_dag.py took 0.069 seconds
[2026-06-16T13:28:28.960+0000] {processor.py:186} INFO - Started process (PID=662) to work on /opt/airflow/dags/crypto_pipeline_dag.py
[2026-06-16T13:28:28.961+0000] {processor.py:914} INFO - Processing file /opt/airflow/dags/crypto_pipeline_dag.py for tasks to queue
[2026-06-16T13:28:28.961+0000] {logging_mixin.py:190} INFO - [2026-06-16T13:28:28.961+0000] {dagbag.py:588} INFO - Filling up the DagBag from /opt/airflow/dags/crypto_pipeline_dag.py
[2026-06-16T13:28:28.974+0000] {processor.py:925} INFO - DAG(s) 'crypto_pipeline_dag' retrieved from /opt/airflow/dags/crypto_pipeline_dag.py
[2026-06-16T13:28:28.994+0000] {logging_mixin.py:190} INFO - [2026-06-16T13:28:28.994+0000] {dag.py:3239} INFO - Sync 1 DAGs
[2026-06-16T13:28:29.012+0000] {logging_mixin.py:190} INFO - [2026-06-16T13:28:29.012+0000] {dag.py:4180} INFO - Setting next_dagrun for crypto_pipeline_dag to 2026-06-16 00:00:00+00:00, run_after=2026-06-17 00:00:00+00:00
[2026-06-16T13:28:29.026+0000] {processor.py:208} INFO - Processing /opt/airflow/dags/crypto_pipeline_dag.py took 0.070 seconds
[2026-06-16T13:28:59.221+0000] {processor.py:186} INFO - Started process (PID=667) to work on /opt/airflow/dags/crypto_pipeline_dag.py
[2026-06-16T13:28:59.222+0000] {processor.py:914} INFO - Processing file /opt/airflow/dags/crypto_pipeline_dag.py for tasks to queue
[2026-06-16T13:28:59.223+0000] {logging_mixin.py:190} INFO - [2026-06-16T13:28:59.223+0000] {dagbag.py:588} INFO - Filling up the DagBag from /opt/airflow/dags/crypto_pipeline_dag.py
[2026-06-16T13:28:59.244+0000] {processor.py:925} INFO - DAG(s) 'crypto_pipeline_dag' retrieved from /opt/airflow/dags/crypto_pipeline_dag.py
[2026-06-16T13:28:59.266+0000] {logging_mixin.py:190} INFO - [2026-06-16T13:28:59.266+0000] {dag.py:3239} INFO - Sync 1 DAGs
[2026-06-16T13:28:59.284+0000] {logging_mixin.py:190} INFO - [2026-06-16T13:28:59.284+0000] {dag.py:4180} INFO - Setting next_dagrun for crypto_pipeline_dag to 2026-06-16 00:00:00+00:00, run_after=2026-06-17 00:00:00+00:00
[2026-06-16T13:28:59.300+0000] {processor.py:208} INFO - Processing /opt/airflow/dags/crypto_pipeline_dag.py took 0.083 seconds
[2026-06-16T13:29:29.473+0000] {processor.py:186} INFO - Started process (PID=672) to work on /opt/airflow/dags/crypto_pipeline_dag.py
[2026-06-16T13:29:29.474+0000] {processor.py:914} INFO - Processing file /opt/airflow/dags/crypto_pipeline_dag.py for tasks to queue
[2026-06-16T13:29:29.475+0000] {logging_mixin.py:190} INFO - [2026-06-16T13:29:29.474+0000] {dagbag.py:588} INFO - Filling up the DagBag from /opt/airflow/dags/crypto_pipeline_dag.py
[2026-06-16T13:29:29.490+0000] {processor.py:925} INFO - DAG(s) 'crypto_pipeline_dag' retrieved from /opt/airflow/dags/crypto_pipeline_dag.py
[2026-06-16T13:29:29.513+0000] {logging_mixin.py:190} INFO - [2026-06-16T13:29:29.513+0000] {dag.py:3239} INFO - Sync 1 DAGs
[2026-06-16T13:29:29.537+0000] {logging_mixin.py:190} INFO - [2026-06-16T13:29:29.537+0000] {dag.py:4180} INFO - Setting next_dagrun for crypto_pipeline_dag to 2026-06-16 00:00:00+00:00, run_after=2026-06-17 00:00:00+00:00
[2026-06-16T13:29:29.551+0000] {processor.py:208} INFO - Processing /opt/airflow/dags/crypto_pipeline_dag.py took 0.082 seconds
[2026-06-16T13:29:59.716+0000] {processor.py:186} INFO - Started process (PID=677) to work on /opt/airflow/dags/crypto_pipeline_dag.py
[2026-06-16T13:29:59.718+0000] {processor.py:914} INFO - Processing file /opt/airflow/dags/crypto_pipeline_dag.py for tasks to queue
[2026-06-16T13:29:59.719+0000] {logging_mixin.py:190} INFO - [2026-06-16T13:29:59.718+0000] {dagbag.py:588} INFO - Filling up the DagBag from /opt/airflow/dags/crypto_pipeline_dag.py
[2026-06-16T13:29:59.740+0000] {processor.py:925} INFO - DAG(s) 'crypto_pipeline_dag' retrieved from /opt/airflow/dags/crypto_pipeline_dag.py
[2026-06-16T13:29:59.760+0000] {logging_mixin.py:190} INFO - [2026-06-16T13:29:59.760+0000] {dag.py:3239} INFO - Sync 1 DAGs
[2026-06-16T13:29:59.778+0000] {logging_mixin.py:190} INFO - [2026-06-16T13:29:59.778+0000] {dag.py:4180} INFO - Setting next_dagrun for crypto_pipeline_dag to 2026-06-16 00:00:00+00:00, run_after=2026-06-17 00:00:00+00:00
[2026-06-16T13:29:59.794+0000] {processor.py:208} INFO - Processing /opt/airflow/dags/crypto_pipeline_dag.py took 0.082 seconds
[2026-06-16T13:30:29.967+0000] {processor.py:186} INFO - Started process (PID=682) to work on /opt/airflow/dags/crypto_pipeline_dag.py
[2026-06-16T13:30:29.967+0000] {processor.py:914} INFO - Processing file /opt/airflow/dags/crypto_pipeline_dag.py for tasks to queue
[2026-06-16T13:30:29.969+0000] {logging_mixin.py:190} INFO - [2026-06-16T13:30:29.969+0000] {dagbag.py:588} INFO - Filling up the DagBag from /opt/airflow/dags/crypto_pipeline_dag.py
[2026-06-16T13:30:29.981+0000] {processor.py:925} INFO - DAG(s) 'crypto_pipeline_dag' retrieved from /opt/airflow/dags/crypto_pipeline_dag.py
[2026-06-16T13:30:30.005+0000] {logging_mixin.py:190} INFO - [2026-06-16T13:30:30.005+0000] {dag.py:3239} INFO - Sync 1 DAGs
[2026-06-16T13:30:30.021+0000] {logging_mixin.py:190} INFO - [2026-06-16T13:30:30.021+0000] {dag.py:4180} INFO - Setting next_dagrun for crypto_pipeline_dag to 2026-06-16 00:00:00+00:00, run_after=2026-06-17 00:00:00+00:00
[2026-06-16T13:30:30.035+0000] {processor.py:208} INFO - Processing /opt/airflow/dags/crypto_pipeline_dag.py took 0.072 seconds
[2026-06-16T13:31:00.283+0000] {processor.py:186} INFO - Started process (PID=687) to work on /opt/airflow/dags/crypto_pipeline_dag.py
[2026-06-16T13:31:00.284+0000] {processor.py:914} INFO - Processing file /opt/airflow/dags/crypto_pipeline_dag.py for tasks to queue
[2026-06-16T13:31:00.285+0000] {logging_mixin.py:190} INFO - [2026-06-16T13:31:00.284+0000] {dagbag.py:588} INFO - Filling up the DagBag from /opt/airflow/dags/crypto_pipeline_dag.py
[2026-06-16T13:31:00.297+0000] {processor.py:925} INFO - DAG(s) 'crypto_pipeline_dag' retrieved from /opt/airflow/dags/crypto_pipeline_dag.py
[2026-06-16T13:31:00.317+0000] {logging_mixin.py:190} INFO - [2026-06-16T13:31:00.317+0000] {dag.py:3239} INFO - Sync 1 DAGs
[2026-06-16T13:31:00.334+0000] {logging_mixin.py:190} INFO - [2026-06-16T13:31:00.333+0000] {dag.py:4180} INFO - Setting next_dagrun for crypto_pipeline_dag to 2026-06-16 00:00:00+00:00, run_after=2026-06-17 00:00:00+00:00
[2026-06-16T13:31:00.349+0000] {processor.py:208} INFO - Processing /opt/airflow/dags/crypto_pipeline_dag.py took 0.071 seconds
[2026-06-16T13:31:30.542+0000] {processor.py:186} INFO - Started process (PID=692) to work on /opt/airflow/dags/crypto_pipeline_dag.py
[2026-06-16T13:31:30.543+0000] {processor.py:914} INFO - Processing file /opt/airflow/dags/crypto_pipeline_dag.py for tasks to queue
[2026-06-16T13:31:30.543+0000] {logging_mixin.py:190} INFO - [2026-06-16T13:31:30.543+0000] {dagbag.py:588} INFO - Filling up the DagBag from /opt/airflow/dags/crypto_pipeline_dag.py
[2026-06-16T13:31:30.557+0000] {processor.py:925} INFO - DAG(s) 'crypto_pipeline_dag' retrieved from /opt/airflow/dags/crypto_pipeline_dag.py
[2026-06-16T13:31:30.577+0000] {logging_mixin.py:190} INFO - [2026-06-16T13:31:30.577+0000] {dag.py:3239} INFO - Sync 1 DAGs
[2026-06-16T13:31:30.595+0000] {logging_mixin.py:190} INFO - [2026-06-16T13:31:30.595+0000] {dag.py:4180} INFO - Setting next_dagrun for crypto_pipeline_dag to 2026-06-16 00:00:00+00:00, run_after=2026-06-17 00:00:00+00:00
[2026-06-16T13:31:30.608+0000] {processor.py:208} INFO - Processing /opt/airflow/dags/crypto_pipeline_dag.py took 0.071 seconds
[2026-06-16T13:32:00.854+0000] {processor.py:186} INFO - Started process (PID=697) to work on /opt/airflow/dags/crypto_pipeline_dag.py
[2026-06-16T13:32:00.855+0000] {processor.py:914} INFO - Processing file /opt/airflow/dags/crypto_pipeline_dag.py for tasks to queue
[2026-06-16T13:32:00.856+0000] {logging_mixin.py:190} INFO - [2026-06-16T13:32:00.855+0000] {dagbag.py:588} INFO - Filling up the DagBag from /opt/airflow/dags/crypto_pipeline_dag.py
[2026-06-16T13:32:00.868+0000] {processor.py:925} INFO - DAG(s) 'crypto_pipeline_dag' retrieved from /opt/airflow/dags/crypto_pipeline_dag.py
[2026-06-16T13:32:00.889+0000] {logging_mixin.py:190} INFO - [2026-06-16T13:32:00.888+0000] {dag.py:3239} INFO - Sync 1 DAGs
[2026-06-16T13:32:00.906+0000] {logging_mixin.py:190} INFO - [2026-06-16T13:32:00.905+0000] {dag.py:4180} INFO - Setting next_dagrun for crypto_pipeline_dag to 2026-06-16 00:00:00+00:00, run_after=2026-06-17 00:00:00+00:00
[2026-06-16T13:32:00.920+0000] {processor.py:208} INFO - Processing /opt/airflow/dags/crypto_pipeline_dag.py took 0.071 seconds
[2026-06-16T13:32:31.138+0000] {processor.py:186} INFO - Started process (PID=702) to work on /opt/airflow/dags/crypto_pipeline_dag.py
[2026-06-16T13:32:31.139+0000] {processor.py:914} INFO - Processing file /opt/airflow/dags/crypto_pipeline_dag.py for tasks to queue
[2026-06-16T13:32:31.140+0000] {logging_mixin.py:190} INFO - [2026-06-16T13:32:31.139+0000] {dagbag.py:588} INFO - Filling up the DagBag from /opt/airflow/dags/crypto_pipeline_dag.py
[2026-06-16T13:32:31.153+0000] {processor.py:925} INFO - DAG(s) 'crypto_pipeline_dag' retrieved from /opt/airflow/dags/crypto_pipeline_dag.py
[2026-06-16T13:32:31.173+0000] {logging_mixin.py:190} INFO - [2026-06-16T13:32:31.173+0000] {dag.py:3239} INFO - Sync 1 DAGs
[2026-06-16T13:32:31.189+0000] {logging_mixin.py:190} INFO - [2026-06-16T13:32:31.189+0000] {dag.py:4180} INFO - Setting next_dagrun for crypto_pipeline_dag to 2026-06-16 00:00:00+00:00, run_after=2026-06-17 00:00:00+00:00
[2026-06-16T13:32:31.204+0000] {processor.py:208} INFO - Processing /opt/airflow/dags/crypto_pipeline_dag.py took 0.070 seconds
[2026-06-16T13:33:01.456+0000] {processor.py:186} INFO - Started process (PID=707) to work on /opt/airflow/dags/crypto_pipeline_dag.py
[2026-06-16T13:33:01.457+0000] {processor.py:914} INFO - Processing file /opt/airflow/dags/crypto_pipeline_dag.py for tasks to queue
[2026-06-16T13:33:01.458+0000] {logging_mixin.py:190} INFO - [2026-06-16T13:33:01.458+0000] {dagbag.py:588} INFO - Filling up the DagBag from /opt/airflow/dags/crypto_pipeline_dag.py
[2026-06-16T13:33:01.472+0000] {processor.py:925} INFO - DAG(s) 'crypto_pipeline_dag' retrieved from /opt/airflow/dags/crypto_pipeline_dag.py
[2026-06-16T13:33:01.491+0000] {logging_mixin.py:190} INFO - [2026-06-16T13:33:01.491+0000] {dag.py:3239} INFO - Sync 1 DAGs
[2026-06-16T13:33:01.508+0000] {logging_mixin.py:190} INFO - [2026-06-16T13:33:01.508+0000] {dag.py:4180} INFO - Setting next_dagrun for crypto_pipeline_dag to 2026-06-16 00:00:00+00:00, run_after=2026-06-17 00:00:00+00:00
[2026-06-16T13:33:01.523+0000] {processor.py:208} INFO - Processing /opt/airflow/dags/crypto_pipeline_dag.py took 0.070 seconds
[2026-06-16T13:33:31.704+0000] {processor.py:186} INFO - Started process (PID=712) to work on /opt/airflow/dags/crypto_pipeline_dag.py
[2026-06-16T13:33:31.705+0000] {processor.py:914} INFO - Processing file /opt/airflow/dags/crypto_pipeline_dag.py for tasks to queue
[2026-06-16T13:33:31.706+0000] {logging_mixin.py:190} INFO - [2026-06-16T13:33:31.706+0000] {dagbag.py:588} INFO - Filling up the DagBag from /opt/airflow/dags/crypto_pipeline_dag.py
[2026-06-16T13:33:31.720+0000] {processor.py:925} INFO - DAG(s) 'crypto_pipeline_dag' retrieved from /opt/airflow/dags/crypto_pipeline_dag.py
[2026-06-16T13:33:31.740+0000] {logging_mixin.py:190} INFO - [2026-06-16T13:33:31.740+0000] {dag.py:3239} INFO - Sync 1 DAGs
[2026-06-16T13:33:31.757+0000] {logging_mixin.py:190} INFO - [2026-06-16T13:33:31.757+0000] {dag.py:4180} INFO - Setting next_dagrun for crypto_pipeline_dag to 2026-06-16 00:00:00+00:00, run_after=2026-06-17 00:00:00+00:00
[2026-06-16T13:33:31.769+0000] {processor.py:208} INFO - Processing /opt/airflow/dags/crypto_pipeline_dag.py took 0.069 seconds
[2026-06-16T13:34:01.923+0000] {processor.py:186} INFO - Started process (PID=717) to work on /opt/airflow/dags/crypto_pipeline_dag.py
[2026-06-16T13:34:01.924+0000] {processor.py:914} INFO - Processing file /opt/airflow/dags/crypto_pipeline_dag.py for tasks to queue
[2026-06-16T13:34:01.925+0000] {logging_mixin.py:190} INFO - [2026-06-16T13:34:01.925+0000] {dagbag.py:588} INFO - Filling up the DagBag from /opt/airflow/dags/crypto_pipeline_dag.py
[2026-06-16T13:34:01.939+0000] {processor.py:925} INFO - DAG(s) 'crypto_pipeline_dag' retrieved from /opt/airflow/dags/crypto_pipeline_dag.py
[2026-06-16T13:34:01.958+0000] {logging_mixin.py:190} INFO - [2026-06-16T13:34:01.958+0000] {dag.py:3239} INFO - Sync 1 DAGs
[2026-06-16T13:34:01.975+0000] {logging_mixin.py:190} INFO - [2026-06-16T13:34:01.975+0000] {dag.py:4180} INFO - Setting next_dagrun for crypto_pipeline_dag to 2026-06-16 00:00:00+00:00, run_after=2026-06-17 00:00:00+00:00
[2026-06-16T13:34:01.988+0000] {processor.py:208} INFO - Processing /opt/airflow/dags/crypto_pipeline_dag.py took 0.069 seconds
[2026-06-16T13:34:32.190+0000] {processor.py:186} INFO - Started process (PID=722) to work on /opt/airflow/dags/crypto_pipeline_dag.py
[2026-06-16T13:34:32.191+0000] {processor.py:914} INFO - Processing file /opt/airflow/dags/crypto_pipeline_dag.py for tasks to queue
[2026-06-16T13:34:32.192+0000] {logging_mixin.py:190} INFO - [2026-06-16T13:34:32.192+0000] {dagbag.py:588} INFO - Filling up the DagBag from /opt/airflow/dags/crypto_pipeline_dag.py
[2026-06-16T13:34:32.205+0000] {processor.py:925} INFO - DAG(s) 'crypto_pipeline_dag' retrieved from /opt/airflow/dags/crypto_pipeline_dag.py
[2026-06-16T13:34:32.224+0000] {logging_mixin.py:190} INFO - [2026-06-16T13:34:32.224+0000] {dag.py:3239} INFO - Sync 1 DAGs
[2026-06-16T13:34:32.241+0000] {logging_mixin.py:190} INFO - [2026-06-16T13:34:32.241+0000] {dag.py:4180} INFO - Setting next_dagrun for crypto_pipeline_dag to 2026-06-16 00:00:00+00:00, run_after=2026-06-17 00:00:00+00:00
[2026-06-16T13:34:32.254+0000] {processor.py:208} INFO - Processing /opt/airflow/dags/crypto_pipeline_dag.py took 0.068 seconds
[2026-06-16T13:35:02.518+0000] {processor.py:186} INFO - Started process (PID=727) to work on /opt/airflow/dags/crypto_pipeline_dag.py
[2026-06-16T13:35:02.519+0000] {processor.py:914} INFO - Processing file /opt/airflow/dags/crypto_pipeline_dag.py for tasks to queue
[2026-06-16T13:35:02.520+0000] {logging_mixin.py:190} INFO - [2026-06-16T13:35:02.520+0000] {dagbag.py:588} INFO - Filling up the DagBag from /opt/airflow/dags/crypto_pipeline_dag.py
[2026-06-16T13:35:02.537+0000] {processor.py:925} INFO - DAG(s) 'crypto_pipeline_dag' retrieved from /opt/airflow/dags/crypto_pipeline_dag.py
[2026-06-16T13:35:02.557+0000] {logging_mixin.py:190} INFO - [2026-06-16T13:35:02.557+0000] {dag.py:3239} INFO - Sync 1 DAGs
[2026-06-16T13:35:02.573+0000] {logging_mixin.py:190} INFO - [2026-06-16T13:35:02.573+0000] {dag.py:4180} INFO - Setting next_dagrun for crypto_pipeline_dag to 2026-06-16 00:00:00+00:00, run_after=2026-06-17 00:00:00+00:00
[2026-06-16T13:35:02.586+0000] {processor.py:208} INFO - Processing /opt/airflow/dags/crypto_pipeline_dag.py took 0.072 seconds
[2026-06-16T13:35:32.813+0000] {processor.py:186} INFO - Started process (PID=732) to work on /opt/airflow/dags/crypto_pipeline_dag.py
[2026-06-16T13:35:32.814+0000] {processor.py:914} INFO - Processing file /opt/airflow/dags/crypto_pipeline_dag.py for tasks to queue
[2026-06-16T13:35:32.815+0000] {logging_mixin.py:190} INFO - [2026-06-16T13:35:32.815+0000] {dagbag.py:588} INFO - Filling up the DagBag from /opt/airflow/dags/crypto_pipeline_dag.py
[2026-06-16T13:35:32.830+0000] {processor.py:925} INFO - DAG(s) 'crypto_pipeline_dag' retrieved from /opt/airflow/dags/crypto_pipeline_dag.py
[2026-06-16T13:35:32.850+0000] {logging_mixin.py:190} INFO - [2026-06-16T13:35:32.849+0000] {dag.py:3239} INFO - Sync 1 DAGs
[2026-06-16T13:35:32.866+0000] {logging_mixin.py:190} INFO - [2026-06-16T13:35:32.865+0000] {dag.py:4180} INFO - Setting next_dagrun for crypto_pipeline_dag to 2026-06-16 00:00:00+00:00, run_after=2026-06-17 00:00:00+00:00
[2026-06-16T13:35:32.879+0000] {processor.py:208} INFO - Processing /opt/airflow/dags/crypto_pipeline_dag.py took 0.071 seconds
[2026-06-16T13:36:03.098+0000] {processor.py:186} INFO - Started process (PID=737) to work on /opt/airflow/dags/crypto_pipeline_dag.py
[2026-06-16T13:36:03.099+0000] {processor.py:914} INFO - Processing file /opt/airflow/dags/crypto_pipeline_dag.py for tasks to queue
[2026-06-16T13:36:03.100+0000] {logging_mixin.py:190} INFO - [2026-06-16T13:36:03.100+0000] {dagbag.py:588} INFO - Filling up the DagBag from /opt/airflow/dags/crypto_pipeline_dag.py
[2026-06-16T13:36:03.113+0000] {processor.py:925} INFO - DAG(s) 'crypto_pipeline_dag' retrieved from /opt/airflow/dags/crypto_pipeline_dag.py
[2026-06-16T13:36:03.132+0000] {logging_mixin.py:190} INFO - [2026-06-16T13:36:03.132+0000] {dag.py:3239} INFO - Sync 1 DAGs
[2026-06-16T13:36:03.148+0000] {logging_mixin.py:190} INFO - [2026-06-16T13:36:03.148+0000] {dag.py:4180} INFO - Setting next_dagrun for crypto_pipeline_dag to 2026-06-16 00:00:00+00:00, run_after=2026-06-17 00:00:00+00:00
[2026-06-16T13:36:03.162+0000] {processor.py:208} INFO - Processing /opt/airflow/dags/crypto_pipeline_dag.py took 0.068 seconds
[2026-06-16T13:36:33.348+0000] {processor.py:186} INFO - Started process (PID=742) to work on /opt/airflow/dags/crypto_pipeline_dag.py
[2026-06-16T13:36:33.349+0000] {processor.py:914} INFO - Processing file /opt/airflow/dags/crypto_pipeline_dag.py for tasks to queue
[2026-06-16T13:36:33.350+0000] {logging_mixin.py:190} INFO - [2026-06-16T13:36:33.350+0000] {dagbag.py:588} INFO - Filling up the DagBag from /opt/airflow/dags/crypto_pipeline_dag.py
[2026-06-16T13:36:33.370+0000] {processor.py:925} INFO - DAG(s) 'crypto_pipeline_dag' retrieved from /opt/airflow/dags/crypto_pipeline_dag.py
[2026-06-16T13:36:33.392+0000] {logging_mixin.py:190} INFO - [2026-06-16T13:36:33.392+0000] {dag.py:3239} INFO - Sync 1 DAGs
[2026-06-16T13:36:33.410+0000] {logging_mixin.py:190} INFO - [2026-06-16T13:36:33.410+0000] {dag.py:4180} INFO - Setting next_dagrun for crypto_pipeline_dag to 2026-06-16 00:00:00+00:00, run_after=2026-06-17 00:00:00+00:00
[2026-06-16T13:36:33.424+0000] {processor.py:208} INFO - Processing /opt/airflow/dags/crypto_pipeline_dag.py took 0.081 seconds
[2026-06-16T13:37:03.620+0000] {processor.py:186} INFO - Started process (PID=747) to work on /opt/airflow/dags/crypto_pipeline_dag.py
[2026-06-16T13:37:03.622+0000] {processor.py:914} INFO - Processing file /opt/airflow/dags/crypto_pipeline_dag.py for tasks to queue
[2026-06-16T13:37:03.623+0000] {logging_mixin.py:190} INFO - [2026-06-16T13:37:03.623+0000] {dagbag.py:588} INFO - Filling up the DagBag from /opt/airflow/dags/crypto_pipeline_dag.py
[2026-06-16T13:37:03.642+0000] {processor.py:925} INFO - DAG(s) 'crypto_pipeline_dag' retrieved from /opt/airflow/dags/crypto_pipeline_dag.py
[2026-06-16T13:37:03.665+0000] {logging_mixin.py:190} INFO - [2026-06-16T13:37:03.664+0000] {dag.py:3239} INFO - Sync 1 DAGs
[2026-06-16T13:37:03.685+0000] {logging_mixin.py:190} INFO - [2026-06-16T13:37:03.685+0000] {dag.py:4180} INFO - Setting next_dagrun for crypto_pipeline_dag to 2026-06-16 00:00:00+00:00, run_after=2026-06-17 00:00:00+00:00
[2026-06-16T13:37:03.702+0000] {processor.py:208} INFO - Processing /opt/airflow/dags/crypto_pipeline_dag.py took 0.087 seconds
[2026-06-16T13:37:33.897+0000] {processor.py:186} INFO - Started process (PID=752) to work on /opt/airflow/dags/crypto_pipeline_dag.py
[2026-06-16T13:37:33.897+0000] {processor.py:914} INFO - Processing file /opt/airflow/dags/crypto_pipeline_dag.py for tasks to queue
[2026-06-16T13:37:33.898+0000] {logging_mixin.py:190} INFO - [2026-06-16T13:37:33.898+0000] {dagbag.py:588} INFO - Filling up the DagBag from /opt/airflow/dags/crypto_pipeline_dag.py
[2026-06-16T13:37:33.911+0000] {processor.py:925} INFO - DAG(s) 'crypto_pipeline_dag' retrieved from /opt/airflow/dags/crypto_pipeline_dag.py
[2026-06-16T13:37:33.929+0000] {logging_mixin.py:190} INFO - [2026-06-16T13:37:33.929+0000] {dag.py:3239} INFO - Sync 1 DAGs
[2026-06-16T13:37:33.946+0000] {logging_mixin.py:190} INFO - [2026-06-16T13:37:33.946+0000] {dag.py:4180} INFO - Setting next_dagrun for crypto_pipeline_dag to 2026-06-16 00:00:00+00:00, run_after=2026-06-17 00:00:00+00:00
[2026-06-16T13:37:33.960+0000] {processor.py:208} INFO - Processing /opt/airflow/dags/crypto_pipeline_dag.py took 0.067 seconds
[2026-06-16T13:38:04.152+0000] {processor.py:186} INFO - Started process (PID=757) to work on /opt/airflow/dags/crypto_pipeline_dag.py
[2026-06-16T13:38:04.153+0000] {processor.py:914} INFO - Processing file /opt/airflow/dags/crypto_pipeline_dag.py for tasks to queue
[2026-06-16T13:38:04.154+0000] {logging_mixin.py:190} INFO - [2026-06-16T13:38:04.154+0000] {dagbag.py:588} INFO - Filling up the DagBag from /opt/airflow/dags/crypto_pipeline_dag.py
[2026-06-16T13:38:04.167+0000] {processor.py:925} INFO - DAG(s) 'crypto_pipeline_dag' retrieved from /opt/airflow/dags/crypto_pipeline_dag.py
[2026-06-16T13:38:04.187+0000] {logging_mixin.py:190} INFO - [2026-06-16T13:38:04.187+0000] {dag.py:3239} INFO - Sync 1 DAGs
[2026-06-16T13:38:04.205+0000] {logging_mixin.py:190} INFO - [2026-06-16T13:38:04.205+0000] {dag.py:4180} INFO - Setting next_dagrun for crypto_pipeline_dag to 2026-06-16 00:00:00+00:00, run_after=2026-06-17 00:00:00+00:00
[2026-06-16T13:38:04.219+0000] {processor.py:208} INFO - Processing /opt/airflow/dags/crypto_pipeline_dag.py took 0.071 seconds
[2026-06-16T13:38:34.390+0000] {processor.py:186} INFO - Started process (PID=762) to work on /opt/airflow/dags/crypto_pipeline_dag.py
[2026-06-16T13:38:34.391+0000] {processor.py:914} INFO - Processing file /opt/airflow/dags/crypto_pipeline_dag.py for tasks to queue
[2026-06-16T13:38:34.392+0000] {logging_mixin.py:190} INFO - [2026-06-16T13:38:34.392+0000] {dagbag.py:588} INFO - Filling up the DagBag from /opt/airflow/dags/crypto_pipeline_dag.py
[2026-06-16T13:38:34.408+0000] {processor.py:925} INFO - DAG(s) 'crypto_pipeline_dag' retrieved from /opt/airflow/dags/crypto_pipeline_dag.py
[2026-06-16T13:38:34.432+0000] {logging_mixin.py:190} INFO - [2026-06-16T13:38:34.431+0000] {dag.py:3239} INFO - Sync 1 DAGs
[2026-06-16T13:38:34.451+0000] {logging_mixin.py:190} INFO - [2026-06-16T13:38:34.451+0000] {dag.py:4180} INFO - Setting next_dagrun for crypto_pipeline_dag to 2026-06-16 00:00:00+00:00, run_after=2026-06-17 00:00:00+00:00
[2026-06-16T13:38:34.466+0000] {processor.py:208} INFO - Processing /opt/airflow/dags/crypto_pipeline_dag.py took 0.081 seconds
[2026-06-16T13:39:04.659+0000] {processor.py:186} INFO - Started process (PID=767) to work on /opt/airflow/dags/crypto_pipeline_dag.py
[2026-06-16T13:39:04.659+0000] {processor.py:914} INFO - Processing file /opt/airflow/dags/crypto_pipeline_dag.py for tasks to queue
[2026-06-16T13:39:04.661+0000] {logging_mixin.py:190} INFO - [2026-06-16T13:39:04.660+0000] {dagbag.py:588} INFO - Filling up the DagBag from /opt/airflow/dags/crypto_pipeline_dag.py
[2026-06-16T13:39:04.674+0000] {processor.py:925} INFO - DAG(s) 'crypto_pipeline_dag' retrieved from /opt/airflow/dags/crypto_pipeline_dag.py
[2026-06-16T13:39:04.694+0000] {logging_mixin.py:190} INFO - [2026-06-16T13:39:04.694+0000] {dag.py:3239} INFO - Sync 1 DAGs
[2026-06-16T13:39:04.712+0000] {logging_mixin.py:190} INFO - [2026-06-16T13:39:04.712+0000] {dag.py:4180} INFO - Setting next_dagrun for crypto_pipeline_dag to 2026-06-16 00:00:00+00:00, run_after=2026-06-17 00:00:00+00:00
[2026-06-16T13:39:04.728+0000] {processor.py:208} INFO - Processing /opt/airflow/dags/crypto_pipeline_dag.py took 0.073 seconds
[2026-06-16T13:39:34.946+0000] {processor.py:186} INFO - Started process (PID=772) to work on /opt/airflow/dags/crypto_pipeline_dag.py
[2026-06-16T13:39:34.947+0000] {processor.py:914} INFO - Processing file /opt/airflow/dags/crypto_pipeline_dag.py for tasks to queue
[2026-06-16T13:39:34.948+0000] {logging_mixin.py:190} INFO - [2026-06-16T13:39:34.948+0000] {dagbag.py:588} INFO - Filling up the DagBag from /opt/airflow/dags/crypto_pipeline_dag.py
[2026-06-16T13:39:34.961+0000] {processor.py:925} INFO - DAG(s) 'crypto_pipeline_dag' retrieved from /opt/airflow/dags/crypto_pipeline_dag.py
[2026-06-16T13:39:34.981+0000] {logging_mixin.py:190} INFO - [2026-06-16T13:39:34.981+0000] {dag.py:3239} INFO - Sync 1 DAGs
[2026-06-16T13:39:34.998+0000] {logging_mixin.py:190} INFO - [2026-06-16T13:39:34.998+0000] {dag.py:4180} INFO - Setting next_dagrun for crypto_pipeline_dag to 2026-06-16 00:00:00+00:00, run_after=2026-06-17 00:00:00+00:00
[2026-06-16T13:39:35.014+0000] {processor.py:208} INFO - Processing /opt/airflow/dags/crypto_pipeline_dag.py took 0.072 seconds
[2026-06-16T13:40:05.251+0000] {processor.py:186} INFO - Started process (PID=777) to work on /opt/airflow/dags/crypto_pipeline_dag.py
[2026-06-16T13:40:05.252+0000] {processor.py:914} INFO - Processing file /opt/airflow/dags/crypto_pipeline_dag.py for tasks to queue
[2026-06-16T13:40:05.253+0000] {logging_mixin.py:190} INFO - [2026-06-16T13:40:05.252+0000] {dagbag.py:588} INFO - Filling up the DagBag from /opt/airflow/dags/crypto_pipeline_dag.py
[2026-06-16T13:40:05.265+0000] {processor.py:925} INFO - DAG(s) 'crypto_pipeline_dag' retrieved from /opt/airflow/dags/crypto_pipeline_dag.py
[2026-06-16T13:40:05.284+0000] {logging_mixin.py:190} INFO - [2026-06-16T13:40:05.284+0000] {dag.py:3239} INFO - Sync 1 DAGs
[2026-06-16T13:40:05.301+0000] {logging_mixin.py:190} INFO - [2026-06-16T13:40:05.301+0000] {dag.py:4180} INFO - Setting next_dagrun for crypto_pipeline_dag to 2026-06-16 00:00:00+00:00, run_after=2026-06-17 00:00:00+00:00
[2026-06-16T13:40:05.315+0000] {processor.py:208} INFO - Processing /opt/airflow/dags/crypto_pipeline_dag.py took 0.068 seconds
[2026-06-16T13:40:35.589+0000] {processor.py:186} INFO - Started process (PID=782) to work on /opt/airflow/dags/crypto_pipeline_dag.py
[2026-06-16T13:40:35.590+0000] {processor.py:914} INFO - Processing file /opt/airflow/dags/crypto_pipeline_dag.py for tasks to queue
[2026-06-16T13:40:35.591+0000] {logging_mixin.py:190} INFO - [2026-06-16T13:40:35.591+0000] {dagbag.py:588} INFO - Filling up the DagBag from /opt/airflow/dags/crypto_pipeline_dag.py
[2026-06-16T13:40:35.604+0000] {processor.py:925} INFO - DAG(s) 'crypto_pipeline_dag' retrieved from /opt/airflow/dags/crypto_pipeline_dag.py
[2026-06-16T13:40:35.623+0000] {logging_mixin.py:190} INFO - [2026-06-16T13:40:35.622+0000] {dag.py:3239} INFO - Sync 1 DAGs
[2026-06-16T13:40:35.639+0000] {logging_mixin.py:190} INFO - [2026-06-16T13:40:35.639+0000] {dag.py:4180} INFO - Setting next_dagrun for crypto_pipeline_dag to 2026-06-16 00:00:00+00:00, run_after=2026-06-17 00:00:00+00:00
[2026-06-16T13:40:35.653+0000] {processor.py:208} INFO - Processing /opt/airflow/dags/crypto_pipeline_dag.py took 0.068 seconds
[2026-06-16T13:41:05.935+0000] {processor.py:186} INFO - Started process (PID=787) to work on /opt/airflow/dags/crypto_pipeline_dag.py
[2026-06-16T13:41:05.935+0000] {processor.py:914} INFO - Processing file /opt/airflow/dags/crypto_pipeline_dag.py for tasks to queue
[2026-06-16T13:41:05.936+0000] {logging_mixin.py:190} INFO - [2026-06-16T13:41:05.936+0000] {dagbag.py:588} INFO - Filling up the DagBag from /opt/airflow/dags/crypto_pipeline_dag.py
[2026-06-16T13:41:05.949+0000] {processor.py:925} INFO - DAG(s) 'crypto_pipeline_dag' retrieved from /opt/airflow/dags/crypto_pipeline_dag.py
[2026-06-16T13:41:05.967+0000] {logging_mixin.py:190} INFO - [2026-06-16T13:41:05.967+0000] {dag.py:3239} INFO - Sync 1 DAGs
[2026-06-16T13:41:05.985+0000] {logging_mixin.py:190} INFO - [2026-06-16T13:41:05.985+0000] {dag.py:4180} INFO - Setting next_dagrun for crypto_pipeline_dag to 2026-06-16 00:00:00+00:00, run_after=2026-06-17 00:00:00+00:00
[2026-06-16T13:41:06.000+0000] {processor.py:208} INFO - Processing /opt/airflow/dags/crypto_pipeline_dag.py took 0.070 seconds
[2026-06-16T13:41:36.166+0000] {processor.py:186} INFO - Started process (PID=792) to work on /opt/airflow/dags/crypto_pipeline_dag.py
[2026-06-16T13:41:36.167+0000] {processor.py:914} INFO - Processing file /opt/airflow/dags/crypto_pipeline_dag.py for tasks to queue
[2026-06-16T13:41:36.168+0000] {logging_mixin.py:190} INFO - [2026-06-16T13:41:36.168+0000] {dagbag.py:588} INFO - Filling up the DagBag from /opt/airflow/dags/crypto_pipeline_dag.py
[2026-06-16T13:41:36.183+0000] {processor.py:925} INFO - DAG(s) 'crypto_pipeline_dag' retrieved from /opt/airflow/dags/crypto_pipeline_dag.py
[2026-06-16T13:41:36.205+0000] {logging_mixin.py:190} INFO - [2026-06-16T13:41:36.204+0000] {dag.py:3239} INFO - Sync 1 DAGs
[2026-06-16T13:41:36.224+0000] {logging_mixin.py:190} INFO - [2026-06-16T13:41:36.223+0000] {dag.py:4180} INFO - Setting next_dagrun for crypto_pipeline_dag to 2026-06-16 00:00:00+00:00, run_after=2026-06-17 00:00:00+00:00
[2026-06-16T13:41:36.238+0000] {processor.py:208} INFO - Processing /opt/airflow/dags/crypto_pipeline_dag.py took 0.077 seconds
[2026-06-16T13:42:06.370+0000] {processor.py:186} INFO - Started process (PID=797) to work on /opt/airflow/dags/crypto_pipeline_dag.py
[2026-06-16T13:42:06.371+0000] {processor.py:914} INFO - Processing file /opt/airflow/dags/crypto_pipeline_dag.py for tasks to queue
[2026-06-16T13:42:06.372+0000] {logging_mixin.py:190} INFO - [2026-06-16T13:42:06.372+0000] {dagbag.py:588} INFO - Filling up the DagBag from /opt/airflow/dags/crypto_pipeline_dag.py
[2026-06-16T13:42:06.386+0000] {processor.py:925} INFO - DAG(s) 'crypto_pipeline_dag' retrieved from /opt/airflow/dags/crypto_pipeline_dag.py
[2026-06-16T13:42:06.407+0000] {logging_mixin.py:190} INFO - [2026-06-16T13:42:06.407+0000] {dag.py:3239} INFO - Sync 1 DAGs
[2026-06-16T13:42:06.424+0000] {logging_mixin.py:190} INFO - [2026-06-16T13:42:06.424+0000] {dag.py:4180} INFO - Setting next_dagrun for crypto_pipeline_dag to 2026-06-16 00:00:00+00:00, run_after=2026-06-17 00:00:00+00:00
[2026-06-16T13:42:06.437+0000] {processor.py:208} INFO - Processing /opt/airflow/dags/crypto_pipeline_dag.py took 0.072 seconds
[2026-06-16T13:42:36.745+0000] {processor.py:186} INFO - Started process (PID=802) to work on /opt/airflow/dags/crypto_pipeline_dag.py
[2026-06-16T13:42:36.746+0000] {processor.py:914} INFO - Processing file /opt/airflow/dags/crypto_pipeline_dag.py for tasks to queue
[2026-06-16T13:42:36.747+0000] {logging_mixin.py:190} INFO - [2026-06-16T13:42:36.747+0000] {dagbag.py:588} INFO - Filling up the DagBag from /opt/airflow/dags/crypto_pipeline_dag.py
[2026-06-16T13:42:36.760+0000] {processor.py:925} INFO - DAG(s) 'crypto_pipeline_dag' retrieved from /opt/airflow/dags/crypto_pipeline_dag.py
[2026-06-16T13:42:36.779+0000] {logging_mixin.py:190} INFO - [2026-06-16T13:42:36.779+0000] {dag.py:3239} INFO - Sync 1 DAGs
[2026-06-16T13:42:36.795+0000] {logging_mixin.py:190} INFO - [2026-06-16T13:42:36.795+0000] {dag.py:4180} INFO - Setting next_dagrun for crypto_pipeline_dag to 2026-06-16 00:00:00+00:00, run_after=2026-06-17 00:00:00+00:00
[2026-06-16T13:42:36.809+0000] {processor.py:208} INFO - Processing /opt/airflow/dags/crypto_pipeline_dag.py took 0.068 seconds
[2026-06-16T13:43:07.048+0000] {processor.py:186} INFO - Started process (PID=807) to work on /opt/airflow/dags/crypto_pipeline_dag.py
[2026-06-16T13:43:07.049+0000] {processor.py:914} INFO - Processing file /opt/airflow/dags/crypto_pipeline_dag.py for tasks to queue
[2026-06-16T13:43:07.050+0000] {logging_mixin.py:190} INFO - [2026-06-16T13:43:07.050+0000] {dagbag.py:588} INFO - Filling up the DagBag from /opt/airflow/dags/crypto_pipeline_dag.py
[2026-06-16T13:43:07.063+0000] {processor.py:925} INFO - DAG(s) 'crypto_pipeline_dag' retrieved from /opt/airflow/dags/crypto_pipeline_dag.py
[2026-06-16T13:43:07.081+0000] {logging_mixin.py:190} INFO - [2026-06-16T13:43:07.081+0000] {dag.py:3239} INFO - Sync 1 DAGs
[2026-06-16T13:43:07.098+0000] {logging_mixin.py:190} INFO - [2026-06-16T13:43:07.098+0000] {dag.py:4180} INFO - Setting next_dagrun for crypto_pipeline_dag to 2026-06-16 00:00:00+00:00, run_after=2026-06-17 00:00:00+00:00
[2026-06-16T13:43:07.112+0000] {processor.py:208} INFO - Processing /opt/airflow/dags/crypto_pipeline_dag.py took 0.067 seconds
[2026-06-16T13:43:37.299+0000] {processor.py:186} INFO - Started process (PID=812) to work on /opt/airflow/dags/crypto_pipeline_dag.py
[2026-06-16T13:43:37.300+0000] {processor.py:914} INFO - Processing file /opt/airflow/dags/crypto_pipeline_dag.py for tasks to queue
[2026-06-16T13:43:37.301+0000] {logging_mixin.py:190} INFO - [2026-06-16T13:43:37.301+0000] {dagbag.py:588} INFO - Filling up the DagBag from /opt/airflow/dags/crypto_pipeline_dag.py
[2026-06-16T13:43:37.315+0000] {processor.py:925} INFO - DAG(s) 'crypto_pipeline_dag' retrieved from /opt/airflow/dags/crypto_pipeline_dag.py
[2026-06-16T13:43:37.336+0000] {logging_mixin.py:190} INFO - [2026-06-16T13:43:37.336+0000] {dag.py:3239} INFO - Sync 1 DAGs
[2026-06-16T13:43:37.354+0000] {logging_mixin.py:190} INFO - [2026-06-16T13:43:37.354+0000] {dag.py:4180} INFO - Setting next_dagrun for crypto_pipeline_dag to 2026-06-16 00:00:00+00:00, run_after=2026-06-17 00:00:00+00:00
[2026-06-16T13:43:37.368+0000] {processor.py:208} INFO - Processing /opt/airflow/dags/crypto_pipeline_dag.py took 0.075 seconds
[2026-06-16T13:44:07.580+0000] {processor.py:186} INFO - Started process (PID=817) to work on /opt/airflow/dags/crypto_pipeline_dag.py
[2026-06-16T13:44:07.581+0000] {processor.py:914} INFO - Processing file /opt/airflow/dags/crypto_pipeline_dag.py for tasks to queue
[2026-06-16T13:44:07.582+0000] {logging_mixin.py:190} INFO - [2026-06-16T13:44:07.581+0000] {dagbag.py:588} INFO - Filling up the DagBag from /opt/airflow/dags/crypto_pipeline_dag.py
[2026-06-16T13:44:07.595+0000] {processor.py:925} INFO - DAG(s) 'crypto_pipeline_dag' retrieved from /opt/airflow/dags/crypto_pipeline_dag.py
[2026-06-16T13:44:07.614+0000] {logging_mixin.py:190} INFO - [2026-06-16T13:44:07.614+0000] {dag.py:3239} INFO - Sync 1 DAGs
[2026-06-16T13:44:07.631+0000] {logging_mixin.py:190} INFO - [2026-06-16T13:44:07.631+0000] {dag.py:4180} INFO - Setting next_dagrun for crypto_pipeline_dag to 2026-06-16 00:00:00+00:00, run_after=2026-06-17 00:00:00+00:00
[2026-06-16T13:44:07.645+0000] {processor.py:208} INFO - Processing /opt/airflow/dags/crypto_pipeline_dag.py took 0.070 seconds
[2026-06-16T13:44:37.818+0000] {processor.py:186} INFO - Started process (PID=822) to work on /opt/airflow/dags/crypto_pipeline_dag.py
[2026-06-16T13:44:37.820+0000] {processor.py:914} INFO - Processing file /opt/airflow/dags/crypto_pipeline_dag.py for tasks to queue
[2026-06-16T13:44:37.821+0000] {logging_mixin.py:190} INFO - [2026-06-16T13:44:37.821+0000] {dagbag.py:588} INFO - Filling up the DagBag from /opt/airflow/dags/crypto_pipeline_dag.py
[2026-06-16T13:44:37.843+0000] {processor.py:925} INFO - DAG(s) 'crypto_pipeline_dag' retrieved from /opt/airflow/dags/crypto_pipeline_dag.py
[2026-06-16T13:44:37.866+0000] {logging_mixin.py:190} INFO - [2026-06-16T13:44:37.866+0000] {dag.py:3239} INFO - Sync 1 DAGs
[2026-06-16T13:44:37.886+0000] {logging_mixin.py:190} INFO - [2026-06-16T13:44:37.886+0000] {dag.py:4180} INFO - Setting next_dagrun for crypto_pipeline_dag to 2026-06-16 00:00:00+00:00, run_after=2026-06-17 00:00:00+00:00
[2026-06-16T13:44:37.903+0000] {processor.py:208} INFO - Processing /opt/airflow/dags/crypto_pipeline_dag.py took 0.090 seconds
[2026-06-16T13:45:08.028+0000] {processor.py:186} INFO - Started process (PID=827) to work on /opt/airflow/dags/crypto_pipeline_dag.py
[2026-06-16T13:45:08.029+0000] {processor.py:914} INFO - Processing file /opt/airflow/dags/crypto_pipeline_dag.py for tasks to queue
[2026-06-16T13:45:08.031+0000] {logging_mixin.py:190} INFO - [2026-06-16T13:45:08.031+0000] {dagbag.py:588} INFO - Filling up the DagBag from /opt/airflow/dags/crypto_pipeline_dag.py
[2026-06-16T13:45:08.054+0000] {processor.py:925} INFO - DAG(s) 'crypto_pipeline_dag' retrieved from /opt/airflow/dags/crypto_pipeline_dag.py
[2026-06-16T13:45:08.080+0000] {logging_mixin.py:190} INFO - [2026-06-16T13:45:08.079+0000] {dag.py:3239} INFO - Sync 1 DAGs
[2026-06-16T13:45:08.109+0000] {logging_mixin.py:190} INFO - [2026-06-16T13:45:08.109+0000] {dag.py:4180} INFO - Setting next_dagrun for crypto_pipeline_dag to 2026-06-16 00:00:00+00:00, run_after=2026-06-17 00:00:00+00:00
[2026-06-16T13:45:08.138+0000] {processor.py:208} INFO - Processing /opt/airflow/dags/crypto_pipeline_dag.py took 0.115 seconds
[2026-06-16T13:45:38.251+0000] {processor.py:186} INFO - Started process (PID=832) to work on /opt/airflow/dags/crypto_pipeline_dag.py
[2026-06-16T13:45:38.252+0000] {processor.py:914} INFO - Processing file /opt/airflow/dags/crypto_pipeline_dag.py for tasks to queue
[2026-06-16T13:45:38.253+0000] {logging_mixin.py:190} INFO - [2026-06-16T13:45:38.253+0000] {dagbag.py:588} INFO - Filling up the DagBag from /opt/airflow/dags/crypto_pipeline_dag.py
[2026-06-16T13:45:38.274+0000] {processor.py:925} INFO - DAG(s) 'crypto_pipeline_dag' retrieved from /opt/airflow/dags/crypto_pipeline_dag.py
[2026-06-16T13:45:38.302+0000] {logging_mixin.py:190} INFO - [2026-06-16T13:45:38.301+0000] {dag.py:3239} INFO - Sync 1 DAGs
[2026-06-16T13:45:38.323+0000] {logging_mixin.py:190} INFO - [2026-06-16T13:45:38.322+0000] {dag.py:4180} INFO - Setting next_dagrun for crypto_pipeline_dag to 2026-06-16 00:00:00+00:00, run_after=2026-06-17 00:00:00+00:00
[2026-06-16T13:45:38.362+0000] {processor.py:208} INFO - Processing /opt/airflow/dags/crypto_pipeline_dag.py took 0.119 seconds
[2026-06-16T13:46:08.546+0000] {processor.py:186} INFO - Started process (PID=837) to work on /opt/airflow/dags/crypto_pipeline_dag.py
[2026-06-16T13:46:08.547+0000] {processor.py:914} INFO - Processing file /opt/airflow/dags/crypto_pipeline_dag.py for tasks to queue
[2026-06-16T13:46:08.548+0000] {logging_mixin.py:190} INFO - [2026-06-16T13:46:08.548+0000] {dagbag.py:588} INFO - Filling up the DagBag from /opt/airflow/dags/crypto_pipeline_dag.py
[2026-06-16T13:46:08.561+0000] {processor.py:925} INFO - DAG(s) 'crypto_pipeline_dag' retrieved from /opt/airflow/dags/crypto_pipeline_dag.py
[2026-06-16T13:46:08.583+0000] {logging_mixin.py:190} INFO - [2026-06-16T13:46:08.583+0000] {dag.py:3239} INFO - Sync 1 DAGs
[2026-06-16T13:46:08.600+0000] {logging_mixin.py:190} INFO - [2026-06-16T13:46:08.600+0000] {dag.py:4180} INFO - Setting next_dagrun for crypto_pipeline_dag to 2026-06-16 00:00:00+00:00, run_after=2026-06-17 00:00:00+00:00
[2026-06-16T13:46:08.635+0000] {processor.py:208} INFO - Processing /opt/airflow/dags/crypto_pipeline_dag.py took 0.092 seconds
[2026-06-16T13:46:38.812+0000] {processor.py:186} INFO - Started process (PID=842) to work on /opt/airflow/dags/crypto_pipeline_dag.py
[2026-06-16T13:46:38.813+0000] {processor.py:914} INFO - Processing file /opt/airflow/dags/crypto_pipeline_dag.py for tasks to queue
[2026-06-16T13:46:38.814+0000] {logging_mixin.py:190} INFO - [2026-06-16T13:46:38.813+0000] {dagbag.py:588} INFO - Filling up the DagBag from /opt/airflow/dags/crypto_pipeline_dag.py
[2026-06-16T13:46:38.829+0000] {processor.py:925} INFO - DAG(s) 'crypto_pipeline_dag' retrieved from /opt/airflow/dags/crypto_pipeline_dag.py
[2026-06-16T13:46:38.851+0000] {logging_mixin.py:190} INFO - [2026-06-16T13:46:38.851+0000] {dag.py:3239} INFO - Sync 1 DAGs
[2026-06-16T13:46:38.869+0000] {logging_mixin.py:190} INFO - [2026-06-16T13:46:38.869+0000] {dag.py:4180} INFO - Setting next_dagrun for crypto_pipeline_dag to 2026-06-16 00:00:00+00:00, run_after=2026-06-17 00:00:00+00:00
[2026-06-16T13:46:38.882+0000] {processor.py:208} INFO - Processing /opt/airflow/dags/crypto_pipeline_dag.py took 0.074 seconds
[2026-06-16T13:47:09.075+0000] {processor.py:186} INFO - Started process (PID=847) to work on /opt/airflow/dags/crypto_pipeline_dag.py
[2026-06-16T13:47:09.076+0000] {processor.py:914} INFO - Processing file /opt/airflow/dags/crypto_pipeline_dag.py for tasks to queue
[2026-06-16T13:47:09.077+0000] {logging_mixin.py:190} INFO - [2026-06-16T13:47:09.076+0000] {dagbag.py:588} INFO - Filling up the DagBag from /opt/airflow/dags/crypto_pipeline_dag.py
[2026-06-16T13:47:09.089+0000] {processor.py:925} INFO - DAG(s) 'crypto_pipeline_dag' retrieved from /opt/airflow/dags/crypto_pipeline_dag.py
[2026-06-16T13:47:09.109+0000] {logging_mixin.py:190} INFO - [2026-06-16T13:47:09.109+0000] {dag.py:3239} INFO - Sync 1 DAGs
[2026-06-16T13:47:09.127+0000] {logging_mixin.py:190} INFO - [2026-06-16T13:47:09.127+0000] {dag.py:4180} INFO - Setting next_dagrun for crypto_pipeline_dag to 2026-06-16 00:00:00+00:00, run_after=2026-06-17 00:00:00+00:00
[2026-06-16T13:47:09.154+0000] {processor.py:208} INFO - Processing /opt/airflow/dags/crypto_pipeline_dag.py took 0.084 seconds
[2026-06-16T13:47:39.311+0000] {processor.py:186} INFO - Started process (PID=852) to work on /opt/airflow/dags/crypto_pipeline_dag.py
[2026-06-16T13:47:39.312+0000] {processor.py:914} INFO - Processing file /opt/airflow/dags/crypto_pipeline_dag.py for tasks to queue
[2026-06-16T13:47:39.313+0000] {logging_mixin.py:190} INFO - [2026-06-16T13:47:39.313+0000] {dagbag.py:588} INFO - Filling up the DagBag from /opt/airflow/dags/crypto_pipeline_dag.py
[2026-06-16T13:47:39.326+0000] {processor.py:925} INFO - DAG(s) 'crypto_pipeline_dag' retrieved from /opt/airflow/dags/crypto_pipeline_dag.py
[2026-06-16T13:47:39.347+0000] {logging_mixin.py:190} INFO - [2026-06-16T13:47:39.347+0000] {dag.py:3239} INFO - Sync 1 DAGs
[2026-06-16T13:47:39.365+0000] {logging_mixin.py:190} INFO - [2026-06-16T13:47:39.365+0000] {dag.py:4180} INFO - Setting next_dagrun for crypto_pipeline_dag to 2026-06-16 00:00:00+00:00, run_after=2026-06-17 00:00:00+00:00
[2026-06-16T13:47:39.379+0000] {processor.py:208} INFO - Processing /opt/airflow/dags/crypto_pipeline_dag.py took 0.072 seconds
[2026-06-16T13:48:09.619+0000] {processor.py:186} INFO - Started process (PID=857) to work on /opt/airflow/dags/crypto_pipeline_dag.py
[2026-06-16T13:48:09.619+0000] {processor.py:914} INFO - Processing file /opt/airflow/dags/crypto_pipeline_dag.py for tasks to queue
[2026-06-16T13:48:09.621+0000] {logging_mixin.py:190} INFO - [2026-06-16T13:48:09.620+0000] {dagbag.py:588} INFO - Filling up the DagBag from /opt/airflow/dags/crypto_pipeline_dag.py
[2026-06-16T13:48:09.634+0000] {processor.py:925} INFO - DAG(s) 'crypto_pipeline_dag' retrieved from /opt/airflow/dags/crypto_pipeline_dag.py
[2026-06-16T13:48:09.653+0000] {logging_mixin.py:190} INFO - [2026-06-16T13:48:09.653+0000] {dag.py:3239} INFO - Sync 1 DAGs
[2026-06-16T13:48:09.670+0000] {logging_mixin.py:190} INFO - [2026-06-16T13:48:09.670+0000] {dag.py:4180} INFO - Setting next_dagrun for crypto_pipeline_dag to 2026-06-16 00:00:00+00:00, run_after=2026-06-17 00:00:00+00:00
[2026-06-16T13:48:09.713+0000] {processor.py:208} INFO - Processing /opt/airflow/dags/crypto_pipeline_dag.py took 0.098 seconds
[2026-06-16T13:48:39.876+0000] {processor.py:186} INFO - Started process (PID=862) to work on /opt/airflow/dags/crypto_pipeline_dag.py
[2026-06-16T13:48:39.877+0000] {processor.py:914} INFO - Processing file /opt/airflow/dags/crypto_pipeline_dag.py for tasks to queue
[2026-06-16T13:48:39.878+0000] {logging_mixin.py:190} INFO - [2026-06-16T13:48:39.878+0000] {dagbag.py:588} INFO - Filling up the DagBag from /opt/airflow/dags/crypto_pipeline_dag.py
[2026-06-16T13:48:39.891+0000] {processor.py:925} INFO - DAG(s) 'crypto_pipeline_dag' retrieved from /opt/airflow/dags/crypto_pipeline_dag.py
[2026-06-16T13:48:39.913+0000] {logging_mixin.py:190} INFO - [2026-06-16T13:48:39.913+0000] {dag.py:3239} INFO - Sync 1 DAGs
[2026-06-16T13:48:39.929+0000] {logging_mixin.py:190} INFO - [2026-06-16T13:48:39.929+0000] {dag.py:4180} INFO - Setting next_dagrun for crypto_pipeline_dag to 2026-06-16 00:00:00+00:00, run_after=2026-06-17 00:00:00+00:00
[2026-06-16T13:48:39.941+0000] {processor.py:208} INFO - Processing /opt/airflow/dags/crypto_pipeline_dag.py took 0.070 seconds
[2026-06-16T13:49:10.247+0000] {processor.py:186} INFO - Started process (PID=867) to work on /opt/airflow/dags/crypto_pipeline_dag.py
[2026-06-16T13:49:10.248+0000] {processor.py:914} INFO - Processing file /opt/airflow/dags/crypto_pipeline_dag.py for tasks to queue
[2026-06-16T13:49:10.249+0000] {logging_mixin.py:190} INFO - [2026-06-16T13:49:10.249+0000] {dagbag.py:588} INFO - Filling up the DagBag from /opt/airflow/dags/crypto_pipeline_dag.py
[2026-06-16T13:49:10.262+0000] {processor.py:925} INFO - DAG(s) 'crypto_pipeline_dag' retrieved from /opt/airflow/dags/crypto_pipeline_dag.py
[2026-06-16T13:49:10.281+0000] {logging_mixin.py:190} INFO - [2026-06-16T13:49:10.280+0000] {dag.py:3239} INFO - Sync 1 DAGs
[2026-06-16T13:49:10.296+0000] {logging_mixin.py:190} INFO - [2026-06-16T13:49:10.296+0000] {dag.py:4180} INFO - Setting next_dagrun for crypto_pipeline_dag to 2026-06-16 00:00:00+00:00, run_after=2026-06-17 00:00:00+00:00
[2026-06-16T13:49:10.309+0000] {processor.py:208} INFO - Processing /opt/airflow/dags/crypto_pipeline_dag.py took 0.066 seconds
[2026-06-16T13:49:40.535+0000] {processor.py:186} INFO - Started process (PID=872) to work on /opt/airflow/dags/crypto_pipeline_dag.py
[2026-06-16T13:49:40.536+0000] {processor.py:914} INFO - Processing file /opt/airflow/dags/crypto_pipeline_dag.py for tasks to queue
[2026-06-16T13:49:40.537+0000] {logging_mixin.py:190} INFO - [2026-06-16T13:49:40.537+0000] {dagbag.py:588} INFO - Filling up the DagBag from /opt/airflow/dags/crypto_pipeline_dag.py
[2026-06-16T13:49:40.554+0000] {processor.py:925} INFO - DAG(s) 'crypto_pipeline_dag' retrieved from /opt/airflow/dags/crypto_pipeline_dag.py
[2026-06-16T13:49:40.575+0000] {logging_mixin.py:190} INFO - [2026-06-16T13:49:40.575+0000] {dag.py:3239} INFO - Sync 1 DAGs
[2026-06-16T13:49:40.592+0000] {logging_mixin.py:190} INFO - [2026-06-16T13:49:40.592+0000] {dag.py:4180} INFO - Setting next_dagrun for crypto_pipeline_dag to 2026-06-16 00:00:00+00:00, run_after=2026-06-17 00:00:00+00:00
[2026-06-16T13:49:40.606+0000] {processor.py:208} INFO - Processing /opt/airflow/dags/crypto_pipeline_dag.py took 0.075 seconds
[2026-06-16T13:50:10.783+0000] {processor.py:186} INFO - Started process (PID=877) to work on /opt/airflow/dags/crypto_pipeline_dag.py
[2026-06-16T13:50:10.784+0000] {processor.py:914} INFO - Processing file /opt/airflow/dags/crypto_pipeline_dag.py for tasks to queue
[2026-06-16T13:50:10.785+0000] {logging_mixin.py:190} INFO - [2026-06-16T13:50:10.785+0000] {dagbag.py:588} INFO - Filling up the DagBag from /opt/airflow/dags/crypto_pipeline_dag.py
[2026-06-16T13:50:10.804+0000] {processor.py:925} INFO - DAG(s) 'crypto_pipeline_dag' retrieved from /opt/airflow/dags/crypto_pipeline_dag.py
[2026-06-16T13:50:10.825+0000] {logging_mixin.py:190} INFO - [2026-06-16T13:50:10.824+0000] {dag.py:3239} INFO - Sync 1 DAGs
[2026-06-16T13:50:10.842+0000] {logging_mixin.py:190} INFO - [2026-06-16T13:50:10.842+0000] {dag.py:4180} INFO - Setting next_dagrun for crypto_pipeline_dag to 2026-06-16 00:00:00+00:00, run_after=2026-06-17 00:00:00+00:00
[2026-06-16T13:50:10.859+0000] {processor.py:208} INFO - Processing /opt/airflow/dags/crypto_pipeline_dag.py took 0.080 seconds
[2026-06-16T13:50:41.073+0000] {processor.py:186} INFO - Started process (PID=882) to work on /opt/airflow/dags/crypto_pipeline_dag.py
[2026-06-16T13:50:41.074+0000] {processor.py:914} INFO - Processing file /opt/airflow/dags/crypto_pipeline_dag.py for tasks to queue
[2026-06-16T13:50:41.075+0000] {logging_mixin.py:190} INFO - [2026-06-16T13:50:41.075+0000] {dagbag.py:588} INFO - Filling up the DagBag from /opt/airflow/dags/crypto_pipeline_dag.py
[2026-06-16T13:50:41.088+0000] {processor.py:925} INFO - DAG(s) 'crypto_pipeline_dag' retrieved from /opt/airflow/dags/crypto_pipeline_dag.py
[2026-06-16T13:50:41.107+0000] {logging_mixin.py:190} INFO - [2026-06-16T13:50:41.107+0000] {dag.py:3239} INFO - Sync 1 DAGs
[2026-06-16T13:50:41.123+0000] {logging_mixin.py:190} INFO - [2026-06-16T13:50:41.123+0000] {dag.py:4180} INFO - Setting next_dagrun for crypto_pipeline_dag to 2026-06-16 00:00:00+00:00, run_after=2026-06-17 00:00:00+00:00
[2026-06-16T13:50:41.144+0000] {processor.py:208} INFO - Processing /opt/airflow/dags/crypto_pipeline_dag.py took 0.075 seconds
[2026-06-16T13:51:11.302+0000] {processor.py:186} INFO - Started process (PID=887) to work on /opt/airflow/dags/crypto_pipeline_dag.py
[2026-06-16T13:51:11.302+0000] {processor.py:914} INFO - Processing file /opt/airflow/dags/crypto_pipeline_dag.py for tasks to queue
[2026-06-16T13:51:11.304+0000] {logging_mixin.py:190} INFO - [2026-06-16T13:51:11.303+0000] {dagbag.py:588} INFO - Filling up the DagBag from /opt/airflow/dags/crypto_pipeline_dag.py
[2026-06-16T13:51:11.316+0000] {processor.py:925} INFO - DAG(s) 'crypto_pipeline_dag' retrieved from /opt/airflow/dags/crypto_pipeline_dag.py
[2026-06-16T13:51:11.336+0000] {logging_mixin.py:190} INFO - [2026-06-16T13:51:11.335+0000] {dag.py:3239} INFO - Sync 1 DAGs
[2026-06-16T13:51:11.353+0000] {logging_mixin.py:190} INFO - [2026-06-16T13:51:11.352+0000] {dag.py:4180} INFO - Setting next_dagrun for crypto_pipeline_dag to 2026-06-16 00:00:00+00:00, run_after=2026-06-17 00:00:00+00:00
[2026-06-16T13:51:11.399+0000] {processor.py:208} INFO - Processing /opt/airflow/dags/crypto_pipeline_dag.py took 0.102 seconds
[2026-06-16T13:51:41.569+0000] {processor.py:186} INFO - Started process (PID=892) to work on /opt/airflow/dags/crypto_pipeline_dag.py
[2026-06-16T13:51:41.570+0000] {processor.py:914} INFO - Processing file /opt/airflow/dags/crypto_pipeline_dag.py for tasks to queue
[2026-06-16T13:51:41.571+0000] {logging_mixin.py:190} INFO - [2026-06-16T13:51:41.571+0000] {dagbag.py:588} INFO - Filling up the DagBag from /opt/airflow/dags/crypto_pipeline_dag.py
[2026-06-16T13:51:41.585+0000] {processor.py:925} INFO - DAG(s) 'crypto_pipeline_dag' retrieved from /opt/airflow/dags/crypto_pipeline_dag.py
[2026-06-16T13:51:41.606+0000] {logging_mixin.py:190} INFO - [2026-06-16T13:51:41.606+0000] {dag.py:3239} INFO - Sync 1 DAGs
[2026-06-16T13:51:41.624+0000] {logging_mixin.py:190} INFO - [2026-06-16T13:51:41.623+0000] {dag.py:4180} INFO - Setting next_dagrun for crypto_pipeline_dag to 2026-06-16 00:00:00+00:00, run_after=2026-06-17 00:00:00+00:00
[2026-06-16T13:51:41.637+0000] {processor.py:208} INFO - Processing /opt/airflow/dags/crypto_pipeline_dag.py took 0.073 seconds
[2026-06-16T13:52:11.892+0000] {processor.py:186} INFO - Started process (PID=897) to work on /opt/airflow/dags/crypto_pipeline_dag.py
[2026-06-16T13:52:11.893+0000] {processor.py:914} INFO - Processing file /opt/airflow/dags/crypto_pipeline_dag.py for tasks to queue
[2026-06-16T13:52:11.894+0000] {logging_mixin.py:190} INFO - [2026-06-16T13:52:11.893+0000] {dagbag.py:588} INFO - Filling up the DagBag from /opt/airflow/dags/crypto_pipeline_dag.py
[2026-06-16T13:52:11.907+0000] {processor.py:925} INFO - DAG(s) 'crypto_pipeline_dag' retrieved from /opt/airflow/dags/crypto_pipeline_dag.py
[2026-06-16T13:52:11.927+0000] {logging_mixin.py:190} INFO - [2026-06-16T13:52:11.926+0000] {dag.py:3239} INFO - Sync 1 DAGs
[2026-06-16T13:52:11.943+0000] {logging_mixin.py:190} INFO - [2026-06-16T13:52:11.943+0000] {dag.py:4180} INFO - Setting next_dagrun for crypto_pipeline_dag to 2026-06-16 00:00:00+00:00, run_after=2026-06-17 00:00:00+00:00
[2026-06-16T13:52:11.956+0000] {processor.py:208} INFO - Processing /opt/airflow/dags/crypto_pipeline_dag.py took 0.069 seconds
[2026-06-16T13:52:17.966+0000] {processor.py:186} INFO - Started process (PID=902) to work on /opt/airflow/dags/crypto_pipeline_dag.py
[2026-06-16T13:52:17.967+0000] {processor.py:914} INFO - Processing file /opt/airflow/dags/crypto_pipeline_dag.py for tasks to queue
[2026-06-16T13:52:17.968+0000] {logging_mixin.py:190} INFO - [2026-06-16T13:52:17.968+0000] {dagbag.py:588} INFO - Filling up the DagBag from /opt/airflow/dags/crypto_pipeline_dag.py
[2026-06-16T13:52:17.972+0000] {logging_mixin.py:190} INFO - [2026-06-16T13:52:17.972+0000] {dagbag.py:366} INFO - File /opt/airflow/dags/crypto_pipeline_dag.py assumed to contain no DAGs. Skipping.
[2026-06-16T13:52:17.972+0000] {processor.py:927} WARNING - No viable dags retrieved from /opt/airflow/dags/crypto_pipeline_dag.py
[2026-06-16T13:52:17.983+0000] {processor.py:208} INFO - Processing /opt/airflow/dags/crypto_pipeline_dag.py took 0.022 seconds
[2026-06-16T13:52:18.985+0000] {processor.py:186} INFO - Started process (PID=907) to work on /opt/airflow/dags/crypto_pipeline_dag.py
[2026-06-16T13:52:18.986+0000] {processor.py:914} INFO - Processing file /opt/airflow/dags/crypto_pipeline_dag.py for tasks to queue
[2026-06-16T13:52:18.987+0000] {logging_mixin.py:190} INFO - [2026-06-16T13:52:18.987+0000] {dagbag.py:588} INFO - Filling up the DagBag from /opt/airflow/dags/crypto_pipeline_dag.py
[2026-06-16T13:52:19.015+0000] {processor.py:925} INFO - DAG(s) 'crypto_pipeline_dag' retrieved from /opt/airflow/dags/crypto_pipeline_dag.py
[2026-06-16T13:52:19.036+0000] {logging_mixin.py:190} INFO - [2026-06-16T13:52:19.036+0000] {dag.py:3239} INFO - Sync 1 DAGs
[2026-06-16T13:52:19.052+0000] {logging_mixin.py:190} INFO - [2026-06-16T13:52:19.052+0000] {dag.py:4180} INFO - Setting next_dagrun for crypto_pipeline_dag to 2026-06-16 00:00:00+00:00, run_after=2026-06-17 00:00:00+00:00
[2026-06-16T13:52:19.093+0000] {processor.py:208} INFO - Processing /opt/airflow/dags/crypto_pipeline_dag.py took 0.112 seconds
[2026-06-16T13:52:49.233+0000] {processor.py:186} INFO - Started process (PID=912) to work on /opt/airflow/dags/crypto_pipeline_dag.py
[2026-06-16T13:52:49.234+0000] {processor.py:914} INFO - Processing file /opt/airflow/dags/crypto_pipeline_dag.py for tasks to queue
[2026-06-16T13:52:49.235+0000] {logging_mixin.py:190} INFO - [2026-06-16T13:52:49.235+0000] {dagbag.py:588} INFO - Filling up the DagBag from /opt/airflow/dags/crypto_pipeline_dag.py
[2026-06-16T13:52:49.249+0000] {processor.py:925} INFO - DAG(s) 'crypto_pipeline_dag' retrieved from /opt/airflow/dags/crypto_pipeline_dag.py
[2026-06-16T13:52:49.270+0000] {logging_mixin.py:190} INFO - [2026-06-16T13:52:49.270+0000] {dag.py:3239} INFO - Sync 1 DAGs
[2026-06-16T13:52:49.287+0000] {logging_mixin.py:190} INFO - [2026-06-16T13:52:49.287+0000] {dag.py:4180} INFO - Setting next_dagrun for crypto_pipeline_dag to 2026-06-16 00:00:00+00:00, run_after=2026-06-17 00:00:00+00:00
[2026-06-16T13:52:49.300+0000] {processor.py:208} INFO - Processing /opt/airflow/dags/crypto_pipeline_dag.py took 0.071 seconds
[2026-06-16T13:53:19.532+0000] {processor.py:186} INFO - Started process (PID=917) to work on /opt/airflow/dags/crypto_pipeline_dag.py
[2026-06-16T13:53:19.532+0000] {processor.py:914} INFO - Processing file /opt/airflow/dags/crypto_pipeline_dag.py for tasks to queue
[2026-06-16T13:53:19.533+0000] {logging_mixin.py:190} INFO - [2026-06-16T13:53:19.533+0000] {dagbag.py:588} INFO - Filling up the DagBag from /opt/airflow/dags/crypto_pipeline_dag.py
[2026-06-16T13:53:19.545+0000] {processor.py:925} INFO - DAG(s) 'crypto_pipeline_dag' retrieved from /opt/airflow/dags/crypto_pipeline_dag.py
[2026-06-16T13:53:19.564+0000] {logging_mixin.py:190} INFO - [2026-06-16T13:53:19.564+0000] {dag.py:3239} INFO - Sync 1 DAGs
[2026-06-16T13:53:19.580+0000] {logging_mixin.py:190} INFO - [2026-06-16T13:53:19.580+0000] {dag.py:4180} INFO - Setting next_dagrun for crypto_pipeline_dag to 2026-06-16 00:00:00+00:00, run_after=2026-06-17 00:00:00+00:00
[2026-06-16T13:53:19.594+0000] {processor.py:208} INFO - Processing /opt/airflow/dags/crypto_pipeline_dag.py took 0.066 seconds
[2026-06-16T13:53:49.805+0000] {processor.py:186} INFO - Started process (PID=922) to work on /opt/airflow/dags/crypto_pipeline_dag.py
[2026-06-16T13:53:49.805+0000] {processor.py:914} INFO - Processing file /opt/airflow/dags/crypto_pipeline_dag.py for tasks to queue
[2026-06-16T13:53:49.807+0000] {logging_mixin.py:190} INFO - [2026-06-16T13:53:49.806+0000] {dagbag.py:588} INFO - Filling up the DagBag from /opt/airflow/dags/crypto_pipeline_dag.py
[2026-06-16T13:53:49.819+0000] {processor.py:925} INFO - DAG(s) 'crypto_pipeline_dag' retrieved from /opt/airflow/dags/crypto_pipeline_dag.py
[2026-06-16T13:53:49.839+0000] {logging_mixin.py:190} INFO - [2026-06-16T13:53:49.839+0000] {dag.py:3239} INFO - Sync 1 DAGs
[2026-06-16T13:53:49.855+0000] {logging_mixin.py:190} INFO - [2026-06-16T13:53:49.855+0000] {dag.py:4180} INFO - Setting next_dagrun for crypto_pipeline_dag to 2026-06-16 00:00:00+00:00, run_after=2026-06-17 00:00:00+00:00
[2026-06-16T13:53:49.869+0000] {processor.py:208} INFO - Processing /opt/airflow/dags/crypto_pipeline_dag.py took 0.068 seconds
[2026-06-16T13:54:20.075+0000] {processor.py:186} INFO - Started process (PID=927) to work on /opt/airflow/dags/crypto_pipeline_dag.py
[2026-06-16T13:54:20.077+0000] {processor.py:914} INFO - Processing file /opt/airflow/dags/crypto_pipeline_dag.py for tasks to queue
[2026-06-16T13:54:20.078+0000] {logging_mixin.py:190} INFO - [2026-06-16T13:54:20.078+0000] {dagbag.py:588} INFO - Filling up the DagBag from /opt/airflow/dags/crypto_pipeline_dag.py
[2026-06-16T13:54:20.094+0000] {processor.py:925} INFO - DAG(s) 'crypto_pipeline_dag' retrieved from /opt/airflow/dags/crypto_pipeline_dag.py
[2026-06-16T13:54:20.115+0000] {logging_mixin.py:190} INFO - [2026-06-16T13:54:20.115+0000] {dag.py:3239} INFO - Sync 1 DAGs
[2026-06-16T13:54:20.134+0000] {logging_mixin.py:190} INFO - [2026-06-16T13:54:20.134+0000] {dag.py:4180} INFO - Setting next_dagrun for crypto_pipeline_dag to 2026-06-16 00:00:00+00:00, run_after=2026-06-17 00:00:00+00:00
[2026-06-16T13:54:20.148+0000] {processor.py:208} INFO - Processing /opt/airflow/dags/crypto_pipeline_dag.py took 0.077 seconds
[2026-06-16T13:54:50.342+0000] {processor.py:186} INFO - Started process (PID=932) to work on /opt/airflow/dags/crypto_pipeline_dag.py
[2026-06-16T13:54:50.343+0000] {processor.py:914} INFO - Processing file /opt/airflow/dags/crypto_pipeline_dag.py for tasks to queue
[2026-06-16T13:54:50.344+0000] {logging_mixin.py:190} INFO - [2026-06-16T13:54:50.344+0000] {dagbag.py:588} INFO - Filling up the DagBag from /opt/airflow/dags/crypto_pipeline_dag.py
[2026-06-16T13:54:50.358+0000] {processor.py:925} INFO - DAG(s) 'crypto_pipeline_dag' retrieved from /opt/airflow/dags/crypto_pipeline_dag.py
[2026-06-16T13:54:50.379+0000] {logging_mixin.py:190} INFO - [2026-06-16T13:54:50.378+0000] {dag.py:3239} INFO - Sync 1 DAGs
[2026-06-16T13:54:50.395+0000] {logging_mixin.py:190} INFO - [2026-06-16T13:54:50.395+0000] {dag.py:4180} INFO - Setting next_dagrun for crypto_pipeline_dag to 2026-06-16 00:00:00+00:00, run_after=2026-06-17 00:00:00+00:00
[2026-06-16T13:54:50.445+0000] {processor.py:208} INFO - Processing /opt/airflow/dags/crypto_pipeline_dag.py took 0.107 seconds
[2026-06-16T13:55:20.620+0000] {processor.py:186} INFO - Started process (PID=937) to work on /opt/airflow/dags/crypto_pipeline_dag.py
[2026-06-16T13:55:20.621+0000] {processor.py:914} INFO - Processing file /opt/airflow/dags/crypto_pipeline_dag.py for tasks to queue
[2026-06-16T13:55:20.622+0000] {logging_mixin.py:190} INFO - [2026-06-16T13:55:20.621+0000] {dagbag.py:588} INFO - Filling up the DagBag from /opt/airflow/dags/crypto_pipeline_dag.py
[2026-06-16T13:55:20.634+0000] {processor.py:925} INFO - DAG(s) 'crypto_pipeline_dag' retrieved from /opt/airflow/dags/crypto_pipeline_dag.py
[2026-06-16T13:55:20.654+0000] {logging_mixin.py:190} INFO - [2026-06-16T13:55:20.654+0000] {dag.py:3239} INFO - Sync 1 DAGs
[2026-06-16T13:55:20.671+0000] {logging_mixin.py:190} INFO - [2026-06-16T13:55:20.671+0000] {dag.py:4180} INFO - Setting next_dagrun for crypto_pipeline_dag to 2026-06-16 00:00:00+00:00, run_after=2026-06-17 00:00:00+00:00
[2026-06-16T13:55:20.706+0000] {processor.py:208} INFO - Processing /opt/airflow/dags/crypto_pipeline_dag.py took 0.090 seconds
[2026-06-16T13:55:50.923+0000] {processor.py:186} INFO - Started process (PID=942) to work on /opt/airflow/dags/crypto_pipeline_dag.py
[2026-06-16T13:55:50.925+0000] {processor.py:914} INFO - Processing file /opt/airflow/dags/crypto_pipeline_dag.py for tasks to queue
[2026-06-16T13:55:50.926+0000] {logging_mixin.py:190} INFO - [2026-06-16T13:55:50.925+0000] {dagbag.py:588} INFO - Filling up the DagBag from /opt/airflow/dags/crypto_pipeline_dag.py
[2026-06-16T13:55:50.951+0000] {processor.py:925} INFO - DAG(s) 'crypto_pipeline_dag' retrieved from /opt/airflow/dags/crypto_pipeline_dag.py
[2026-06-16T13:55:50.974+0000] {logging_mixin.py:190} INFO - [2026-06-16T13:55:50.974+0000] {dag.py:3239} INFO - Sync 1 DAGs
[2026-06-16T13:55:50.993+0000] {logging_mixin.py:190} INFO - [2026-06-16T13:55:50.993+0000] {dag.py:4180} INFO - Setting next_dagrun for crypto_pipeline_dag to 2026-06-16 00:00:00+00:00, run_after=2026-06-17 00:00:00+00:00
[2026-06-16T13:55:51.018+0000] {processor.py:208} INFO - Processing /opt/airflow/dags/crypto_pipeline_dag.py took 0.099 seconds
[2026-06-16T13:56:21.200+0000] {processor.py:186} INFO - Started process (PID=947) to work on /opt/airflow/dags/crypto_pipeline_dag.py
[2026-06-16T13:56:21.201+0000] {processor.py:914} INFO - Processing file /opt/airflow/dags/crypto_pipeline_dag.py for tasks to queue
[2026-06-16T13:56:21.202+0000] {logging_mixin.py:190} INFO - [2026-06-16T13:56:21.202+0000] {dagbag.py:588} INFO - Filling up the DagBag from /opt/airflow/dags/crypto_pipeline_dag.py
[2026-06-16T13:56:21.219+0000] {processor.py:925} INFO - DAG(s) 'crypto_pipeline_dag' retrieved from /opt/airflow/dags/crypto_pipeline_dag.py
[2026-06-16T13:56:21.241+0000] {logging_mixin.py:190} INFO - [2026-06-16T13:56:21.241+0000] {dag.py:3239} INFO - Sync 1 DAGs
[2026-06-16T13:56:21.260+0000] {logging_mixin.py:190} INFO - [2026-06-16T13:56:21.260+0000] {dag.py:4180} INFO - Setting next_dagrun for crypto_pipeline_dag to 2026-06-16 00:00:00+00:00, run_after=2026-06-17 00:00:00+00:00
[2026-06-16T13:56:21.277+0000] {processor.py:208} INFO - Processing /opt/airflow/dags/crypto_pipeline_dag.py took 0.082 seconds
[2026-06-16T13:56:51.496+0000] {processor.py:186} INFO - Started process (PID=952) to work on /opt/airflow/dags/crypto_pipeline_dag.py
[2026-06-16T13:56:51.498+0000] {processor.py:914} INFO - Processing file /opt/airflow/dags/crypto_pipeline_dag.py for tasks to queue
[2026-06-16T13:56:51.502+0000] {logging_mixin.py:190} INFO - [2026-06-16T13:56:51.501+0000] {dagbag.py:588} INFO - Filling up the DagBag from /opt/airflow/dags/crypto_pipeline_dag.py
[2026-06-16T13:56:51.556+0000] {processor.py:925} INFO - DAG(s) 'crypto_pipeline_dag' retrieved from /opt/airflow/dags/crypto_pipeline_dag.py
[2026-06-16T13:56:51.576+0000] {logging_mixin.py:190} INFO - [2026-06-16T13:56:51.576+0000] {dag.py:3239} INFO - Sync 1 DAGs
[2026-06-16T13:56:51.594+0000] {logging_mixin.py:190} INFO - [2026-06-16T13:56:51.594+0000] {dag.py:4180} INFO - Setting next_dagrun for crypto_pipeline_dag to 2026-06-16 00:00:00+00:00, run_after=2026-06-17 00:00:00+00:00
[2026-06-16T13:56:51.657+0000] {processor.py:208} INFO - Processing /opt/airflow/dags/crypto_pipeline_dag.py took 0.166 seconds
[2026-06-16T13:57:21.757+0000] {processor.py:186} INFO - Started process (PID=957) to work on /opt/airflow/dags/crypto_pipeline_dag.py
[2026-06-16T13:57:21.758+0000] {processor.py:914} INFO - Processing file /opt/airflow/dags/crypto_pipeline_dag.py for tasks to queue
[2026-06-16T13:57:21.760+0000] {logging_mixin.py:190} INFO - [2026-06-16T13:57:21.759+0000] {dagbag.py:588} INFO - Filling up the DagBag from /opt/airflow/dags/crypto_pipeline_dag.py
[2026-06-16T13:57:21.771+0000] {processor.py:925} INFO - DAG(s) 'crypto_pipeline_dag' retrieved from /opt/airflow/dags/crypto_pipeline_dag.py
[2026-06-16T13:57:21.794+0000] {logging_mixin.py:190} INFO - [2026-06-16T13:57:21.793+0000] {dag.py:3239} INFO - Sync 1 DAGs
[2026-06-16T13:57:21.811+0000] {logging_mixin.py:190} INFO - [2026-06-16T13:57:21.811+0000] {dag.py:4180} INFO - Setting next_dagrun for crypto_pipeline_dag to 2026-06-16 00:00:00+00:00, run_after=2026-06-17 00:00:00+00:00
[2026-06-16T13:57:21.856+0000] {processor.py:208} INFO - Processing /opt/airflow/dags/crypto_pipeline_dag.py took 0.102 seconds
[2026-06-16T13:57:52.066+0000] {processor.py:186} INFO - Started process (PID=962) to work on /opt/airflow/dags/crypto_pipeline_dag.py
[2026-06-16T13:57:52.066+0000] {processor.py:914} INFO - Processing file /opt/airflow/dags/crypto_pipeline_dag.py for tasks to queue
[2026-06-16T13:57:52.068+0000] {logging_mixin.py:190} INFO - [2026-06-16T13:57:52.067+0000] {dagbag.py:588} INFO - Filling up the DagBag from /opt/airflow/dags/crypto_pipeline_dag.py
[2026-06-16T13:57:52.081+0000] {processor.py:925} INFO - DAG(s) 'crypto_pipeline_dag' retrieved from /opt/airflow/dags/crypto_pipeline_dag.py
[2026-06-16T13:57:52.100+0000] {logging_mixin.py:190} INFO - [2026-06-16T13:57:52.100+0000] {dag.py:3239} INFO - Sync 1 DAGs
[2026-06-16T13:57:52.117+0000] {logging_mixin.py:190} INFO - [2026-06-16T13:57:52.117+0000] {dag.py:4180} INFO - Setting next_dagrun for crypto_pipeline_dag to 2026-06-16 00:00:00+00:00, run_after=2026-06-17 00:00:00+00:00
[2026-06-16T13:57:52.130+0000] {processor.py:208} INFO - Processing /opt/airflow/dags/crypto_pipeline_dag.py took 0.069 seconds
[2026-06-16T13:58:22.301+0000] {processor.py:186} INFO - Started process (PID=967) to work on /opt/airflow/dags/crypto_pipeline_dag.py
[2026-06-16T13:58:22.302+0000] {processor.py:914} INFO - Processing file /opt/airflow/dags/crypto_pipeline_dag.py for tasks to queue
[2026-06-16T13:58:22.304+0000] {logging_mixin.py:190} INFO - [2026-06-16T13:58:22.303+0000] {dagbag.py:588} INFO - Filling up the DagBag from /opt/airflow/dags/crypto_pipeline_dag.py
[2026-06-16T13:58:22.326+0000] {processor.py:925} INFO - DAG(s) 'crypto_pipeline_dag' retrieved from /opt/airflow/dags/crypto_pipeline_dag.py
[2026-06-16T13:58:22.354+0000] {logging_mixin.py:190} INFO - [2026-06-16T13:58:22.354+0000] {dag.py:3239} INFO - Sync 1 DAGs
[2026-06-16T13:58:22.376+0000] {logging_mixin.py:190} INFO - [2026-06-16T13:58:22.375+0000] {dag.py:4180} INFO - Setting next_dagrun for crypto_pipeline_dag to 2026-06-16 00:00:00+00:00, run_after=2026-06-17 00:00:00+00:00
[2026-06-16T13:58:22.392+0000] {processor.py:208} INFO - Processing /opt/airflow/dags/crypto_pipeline_dag.py took 0.096 seconds
[2026-06-16T13:58:52.603+0000] {processor.py:186} INFO - Started process (PID=972) to work on /opt/airflow/dags/crypto_pipeline_dag.py
[2026-06-16T13:58:52.604+0000] {processor.py:914} INFO - Processing file /opt/airflow/dags/crypto_pipeline_dag.py for tasks to queue
[2026-06-16T13:58:52.605+0000] {logging_mixin.py:190} INFO - [2026-06-16T13:58:52.605+0000] {dagbag.py:588} INFO - Filling up the DagBag from /opt/airflow/dags/crypto_pipeline_dag.py
[2026-06-16T13:58:52.617+0000] {processor.py:925} INFO - DAG(s) 'crypto_pipeline_dag' retrieved from /opt/airflow/dags/crypto_pipeline_dag.py
[2026-06-16T13:58:52.641+0000] {logging_mixin.py:190} INFO - [2026-06-16T13:58:52.640+0000] {dag.py:3239} INFO - Sync 1 DAGs
[2026-06-16T13:58:52.658+0000] {logging_mixin.py:190} INFO - [2026-06-16T13:58:52.658+0000] {dag.py:4180} INFO - Setting next_dagrun for crypto_pipeline_dag to 2026-06-16 00:00:00+00:00, run_after=2026-06-17 00:00:00+00:00
[2026-06-16T13:58:52.686+0000] {processor.py:208} INFO - Processing /opt/airflow/dags/crypto_pipeline_dag.py took 0.087 seconds
[2026-06-16T13:59:22.911+0000] {processor.py:186} INFO - Started process (PID=977) to work on /opt/airflow/dags/crypto_pipeline_dag.py
[2026-06-16T13:59:22.912+0000] {processor.py:914} INFO - Processing file /opt/airflow/dags/crypto_pipeline_dag.py for tasks to queue
[2026-06-16T13:59:22.913+0000] {logging_mixin.py:190} INFO - [2026-06-16T13:59:22.913+0000] {dagbag.py:588} INFO - Filling up the DagBag from /opt/airflow/dags/crypto_pipeline_dag.py
[2026-06-16T13:59:22.926+0000] {processor.py:925} INFO - DAG(s) 'crypto_pipeline_dag' retrieved from /opt/airflow/dags/crypto_pipeline_dag.py
[2026-06-16T13:59:22.946+0000] {logging_mixin.py:190} INFO - [2026-06-16T13:59:22.946+0000] {dag.py:3239} INFO - Sync 1 DAGs
[2026-06-16T13:59:22.965+0000] {logging_mixin.py:190} INFO - [2026-06-16T13:59:22.965+0000] {dag.py:4180} INFO - Setting next_dagrun for crypto_pipeline_dag to 2026-06-16 00:00:00+00:00, run_after=2026-06-17 00:00:00+00:00
[2026-06-16T13:59:23.005+0000] {processor.py:208} INFO - Processing /opt/airflow/dags/crypto_pipeline_dag.py took 0.098 seconds
[2026-06-16T13:59:53.181+0000] {processor.py:186} INFO - Started process (PID=982) to work on /opt/airflow/dags/crypto_pipeline_dag.py
[2026-06-16T13:59:53.182+0000] {processor.py:914} INFO - Processing file /opt/airflow/dags/crypto_pipeline_dag.py for tasks to queue
[2026-06-16T13:59:53.183+0000] {logging_mixin.py:190} INFO - [2026-06-16T13:59:53.183+0000] {dagbag.py:588} INFO - Filling up the DagBag from /opt/airflow/dags/crypto_pipeline_dag.py
[2026-06-16T13:59:53.199+0000] {processor.py:925} INFO - DAG(s) 'crypto_pipeline_dag' retrieved from /opt/airflow/dags/crypto_pipeline_dag.py
[2026-06-16T13:59:53.222+0000] {logging_mixin.py:190} INFO - [2026-06-16T13:59:53.221+0000] {dag.py:3239} INFO - Sync 1 DAGs
[2026-06-16T13:59:53.241+0000] {logging_mixin.py:190} INFO - [2026-06-16T13:59:53.240+0000] {dag.py:4180} INFO - Setting next_dagrun for crypto_pipeline_dag to 2026-06-16 00:00:00+00:00, run_after=2026-06-17 00:00:00+00:00
[2026-06-16T13:59:53.295+0000] {processor.py:208} INFO - Processing /opt/airflow/dags/crypto_pipeline_dag.py took 0.119 seconds
[2026-06-16T14:00:23.427+0000] {processor.py:186} INFO - Started process (PID=987) to work on /opt/airflow/dags/crypto_pipeline_dag.py
[2026-06-16T14:00:23.428+0000] {processor.py:914} INFO - Processing file /opt/airflow/dags/crypto_pipeline_dag.py for tasks to queue
[2026-06-16T14:00:23.429+0000] {logging_mixin.py:190} INFO - [2026-06-16T14:00:23.429+0000] {dagbag.py:588} INFO - Filling up the DagBag from /opt/airflow/dags/crypto_pipeline_dag.py
[2026-06-16T14:00:23.443+0000] {processor.py:925} INFO - DAG(s) 'crypto_pipeline_dag' retrieved from /opt/airflow/dags/crypto_pipeline_dag.py
[2026-06-16T14:00:23.463+0000] {logging_mixin.py:190} INFO - [2026-06-16T14:00:23.463+0000] {dag.py:3239} INFO - Sync 1 DAGs
[2026-06-16T14:00:23.480+0000] {logging_mixin.py:190} INFO - [2026-06-16T14:00:23.480+0000] {dag.py:4180} INFO - Setting next_dagrun for crypto_pipeline_dag to 2026-06-16 00:00:00+00:00, run_after=2026-06-17 00:00:00+00:00
[2026-06-16T14:00:23.494+0000] {processor.py:208} INFO - Processing /opt/airflow/dags/crypto_pipeline_dag.py took 0.071 seconds
[2026-06-16T14:00:53.702+0000] {processor.py:186} INFO - Started process (PID=992) to work on /opt/airflow/dags/crypto_pipeline_dag.py
[2026-06-16T14:00:53.703+0000] {processor.py:914} INFO - Processing file /opt/airflow/dags/crypto_pipeline_dag.py for tasks to queue
[2026-06-16T14:00:53.704+0000] {logging_mixin.py:190} INFO - [2026-06-16T14:00:53.704+0000] {dagbag.py:588} INFO - Filling up the DagBag from /opt/airflow/dags/crypto_pipeline_dag.py
[2026-06-16T14:00:53.718+0000] {processor.py:925} INFO - DAG(s) 'crypto_pipeline_dag' retrieved from /opt/airflow/dags/crypto_pipeline_dag.py
[2026-06-16T14:00:53.738+0000] {logging_mixin.py:190} INFO - [2026-06-16T14:00:53.738+0000] {dag.py:3239} INFO - Sync 1 DAGs
[2026-06-16T14:00:53.756+0000] {logging_mixin.py:190} INFO - [2026-06-16T14:00:53.755+0000] {dag.py:4180} INFO - Setting next_dagrun for crypto_pipeline_dag to 2026-06-16 00:00:00+00:00, run_after=2026-06-17 00:00:00+00:00
[2026-06-16T14:00:53.787+0000] {processor.py:208} INFO - Processing /opt/airflow/dags/crypto_pipeline_dag.py took 0.089 seconds
[2026-06-16T14:01:24.015+0000] {processor.py:186} INFO - Started process (PID=997) to work on /opt/airflow/dags/crypto_pipeline_dag.py
[2026-06-16T14:01:24.017+0000] {processor.py:914} INFO - Processing file /opt/airflow/dags/crypto_pipeline_dag.py for tasks to queue
[2026-06-16T14:01:24.019+0000] {logging_mixin.py:190} INFO - [2026-06-16T14:01:24.018+0000] {dagbag.py:588} INFO - Filling up the DagBag from /opt/airflow/dags/crypto_pipeline_dag.py
[2026-06-16T14:01:24.034+0000] {processor.py:925} INFO - DAG(s) 'crypto_pipeline_dag' retrieved from /opt/airflow/dags/crypto_pipeline_dag.py
[2026-06-16T14:01:24.054+0000] {logging_mixin.py:190} INFO - [2026-06-16T14:01:24.054+0000] {dag.py:3239} INFO - Sync 1 DAGs
[2026-06-16T14:01:24.071+0000] {logging_mixin.py:190} INFO - [2026-06-16T14:01:24.071+0000] {dag.py:4180} INFO - Setting next_dagrun for crypto_pipeline_dag to 2026-06-16 00:00:00+00:00, run_after=2026-06-17 00:00:00+00:00
[2026-06-16T14:01:24.105+0000] {processor.py:208} INFO - Processing /opt/airflow/dags/crypto_pipeline_dag.py took 0.098 seconds
[2026-06-16T14:01:54.241+0000] {processor.py:186} INFO - Started process (PID=1002) to work on /opt/airflow/dags/crypto_pipeline_dag.py
[2026-06-16T14:01:54.242+0000] {processor.py:914} INFO - Processing file /opt/airflow/dags/crypto_pipeline_dag.py for tasks to queue
[2026-06-16T14:01:54.243+0000] {logging_mixin.py:190} INFO - [2026-06-16T14:01:54.242+0000] {dagbag.py:588} INFO - Filling up the DagBag from /opt/airflow/dags/crypto_pipeline_dag.py
[2026-06-16T14:01:54.263+0000] {processor.py:925} INFO - DAG(s) 'crypto_pipeline_dag' retrieved from /opt/airflow/dags/crypto_pipeline_dag.py
[2026-06-16T14:01:54.287+0000] {logging_mixin.py:190} INFO - [2026-06-16T14:01:54.286+0000] {dag.py:3239} INFO - Sync 1 DAGs
[2026-06-16T14:01:54.307+0000] {logging_mixin.py:190} INFO - [2026-06-16T14:01:54.307+0000] {dag.py:4180} INFO - Setting next_dagrun for crypto_pipeline_dag to 2026-06-16 00:00:00+00:00, run_after=2026-06-17 00:00:00+00:00
[2026-06-16T14:01:54.324+0000] {processor.py:208} INFO - Processing /opt/airflow/dags/crypto_pipeline_dag.py took 0.088 seconds
[2026-06-16T14:02:24.471+0000] {processor.py:186} INFO - Started process (PID=1007) to work on /opt/airflow/dags/crypto_pipeline_dag.py
[2026-06-16T14:02:24.472+0000] {processor.py:914} INFO - Processing file /opt/airflow/dags/crypto_pipeline_dag.py for tasks to queue
[2026-06-16T14:02:24.473+0000] {logging_mixin.py:190} INFO - [2026-06-16T14:02:24.473+0000] {dagbag.py:588} INFO - Filling up the DagBag from /opt/airflow/dags/crypto_pipeline_dag.py
[2026-06-16T14:02:24.490+0000] {processor.py:925} INFO - DAG(s) 'crypto_pipeline_dag' retrieved from /opt/airflow/dags/crypto_pipeline_dag.py
[2026-06-16T14:02:24.510+0000] {logging_mixin.py:190} INFO - [2026-06-16T14:02:24.510+0000] {dag.py:3239} INFO - Sync 1 DAGs
[2026-06-16T14:02:24.527+0000] {logging_mixin.py:190} INFO - [2026-06-16T14:02:24.527+0000] {dag.py:4180} INFO - Setting next_dagrun for crypto_pipeline_dag to 2026-06-16 00:00:00+00:00, run_after=2026-06-17 00:00:00+00:00
[2026-06-16T14:02:24.540+0000] {processor.py:208} INFO - Processing /opt/airflow/dags/crypto_pipeline_dag.py took 0.073 seconds
[2026-06-16T14:02:54.675+0000] {processor.py:186} INFO - Started process (PID=1012) to work on /opt/airflow/dags/crypto_pipeline_dag.py
[2026-06-16T14:02:54.676+0000] {processor.py:914} INFO - Processing file /opt/airflow/dags/crypto_pipeline_dag.py for tasks to queue
[2026-06-16T14:02:54.677+0000] {logging_mixin.py:190} INFO - [2026-06-16T14:02:54.677+0000] {dagbag.py:588} INFO - Filling up the DagBag from /opt/airflow/dags/crypto_pipeline_dag.py
[2026-06-16T14:02:54.690+0000] {processor.py:925} INFO - DAG(s) 'crypto_pipeline_dag' retrieved from /opt/airflow/dags/crypto_pipeline_dag.py
[2026-06-16T14:02:54.713+0000] {logging_mixin.py:190} INFO - [2026-06-16T14:02:54.712+0000] {dag.py:3239} INFO - Sync 1 DAGs
[2026-06-16T14:02:54.730+0000] {logging_mixin.py:190} INFO - [2026-06-16T14:02:54.730+0000] {dag.py:4180} INFO - Setting next_dagrun for crypto_pipeline_dag to 2026-06-16 00:00:00+00:00, run_after=2026-06-17 00:00:00+00:00
[2026-06-16T14:02:54.754+0000] {processor.py:208} INFO - Processing /opt/airflow/dags/crypto_pipeline_dag.py took 0.084 seconds
[2026-06-16T14:03:24.972+0000] {processor.py:186} INFO - Started process (PID=1017) to work on /opt/airflow/dags/crypto_pipeline_dag.py
[2026-06-16T14:03:24.973+0000] {processor.py:914} INFO - Processing file /opt/airflow/dags/crypto_pipeline_dag.py for tasks to queue
[2026-06-16T14:03:24.974+0000] {logging_mixin.py:190} INFO - [2026-06-16T14:03:24.974+0000] {dagbag.py:588} INFO - Filling up the DagBag from /opt/airflow/dags/crypto_pipeline_dag.py
[2026-06-16T14:03:24.991+0000] {processor.py:925} INFO - DAG(s) 'crypto_pipeline_dag' retrieved from /opt/airflow/dags/crypto_pipeline_dag.py
[2026-06-16T14:03:25.017+0000] {logging_mixin.py:190} INFO - [2026-06-16T14:03:25.016+0000] {dag.py:3239} INFO - Sync 1 DAGs
[2026-06-16T14:03:25.037+0000] {logging_mixin.py:190} INFO - [2026-06-16T14:03:25.037+0000] {dag.py:4180} INFO - Setting next_dagrun for crypto_pipeline_dag to 2026-06-16 00:00:00+00:00, run_after=2026-06-17 00:00:00+00:00
[2026-06-16T14:03:25.074+0000] {processor.py:208} INFO - Processing /opt/airflow/dags/crypto_pipeline_dag.py took 0.107 seconds
[2026-06-16T14:03:55.189+0000] {processor.py:186} INFO - Started process (PID=1022) to work on /opt/airflow/dags/crypto_pipeline_dag.py
[2026-06-16T14:03:55.190+0000] {processor.py:914} INFO - Processing file /opt/airflow/dags/crypto_pipeline_dag.py for tasks to queue
[2026-06-16T14:03:55.191+0000] {logging_mixin.py:190} INFO - [2026-06-16T14:03:55.191+0000] {dagbag.py:588} INFO - Filling up the DagBag from /opt/airflow/dags/crypto_pipeline_dag.py
[2026-06-16T14:03:55.205+0000] {processor.py:925} INFO - DAG(s) 'crypto_pipeline_dag' retrieved from /opt/airflow/dags/crypto_pipeline_dag.py
[2026-06-16T14:03:55.226+0000] {logging_mixin.py:190} INFO - [2026-06-16T14:03:55.226+0000] {dag.py:3239} INFO - Sync 1 DAGs
[2026-06-16T14:03:55.243+0000] {logging_mixin.py:190} INFO - [2026-06-16T14:03:55.243+0000] {dag.py:4180} INFO - Setting next_dagrun for crypto_pipeline_dag to 2026-06-16 00:00:00+00:00, run_after=2026-06-17 00:00:00+00:00
[2026-06-16T14:03:55.257+0000] {processor.py:208} INFO - Processing /opt/airflow/dags/crypto_pipeline_dag.py took 0.072 seconds
[2026-06-16T14:04:25.404+0000] {processor.py:186} INFO - Started process (PID=1027) to work on /opt/airflow/dags/crypto_pipeline_dag.py
[2026-06-16T14:04:25.405+0000] {processor.py:914} INFO - Processing file /opt/airflow/dags/crypto_pipeline_dag.py for tasks to queue
[2026-06-16T14:04:25.406+0000] {logging_mixin.py:190} INFO - [2026-06-16T14:04:25.406+0000] {dagbag.py:588} INFO - Filling up the DagBag from /opt/airflow/dags/crypto_pipeline_dag.py
[2026-06-16T14:04:25.420+0000] {processor.py:925} INFO - DAG(s) 'crypto_pipeline_dag' retrieved from /opt/airflow/dags/crypto_pipeline_dag.py
[2026-06-16T14:04:25.440+0000] {logging_mixin.py:190} INFO - [2026-06-16T14:04:25.439+0000] {dag.py:3239} INFO - Sync 1 DAGs
[2026-06-16T14:04:25.457+0000] {logging_mixin.py:190} INFO - [2026-06-16T14:04:25.457+0000] {dag.py:4180} INFO - Setting next_dagrun for crypto_pipeline_dag to 2026-06-16 00:00:00+00:00, run_after=2026-06-17 00:00:00+00:00
[2026-06-16T14:04:25.469+0000] {processor.py:208} INFO - Processing /opt/airflow/dags/crypto_pipeline_dag.py took 0.070 seconds
[2026-06-16T14:04:55.755+0000] {processor.py:186} INFO - Started process (PID=1032) to work on /opt/airflow/dags/crypto_pipeline_dag.py
[2026-06-16T14:04:55.756+0000] {processor.py:914} INFO - Processing file /opt/airflow/dags/crypto_pipeline_dag.py for tasks to queue
[2026-06-16T14:04:55.758+0000] {logging_mixin.py:190} INFO - [2026-06-16T14:04:55.757+0000] {dagbag.py:588} INFO - Filling up the DagBag from /opt/airflow/dags/crypto_pipeline_dag.py
[2026-06-16T14:04:55.781+0000] {processor.py:925} INFO - DAG(s) 'crypto_pipeline_dag' retrieved from /opt/airflow/dags/crypto_pipeline_dag.py
[2026-06-16T14:04:55.810+0000] {logging_mixin.py:190} INFO - [2026-06-16T14:04:55.810+0000] {dag.py:3239} INFO - Sync 1 DAGs
[2026-06-16T14:04:55.829+0000] {logging_mixin.py:190} INFO - [2026-06-16T14:04:55.829+0000] {dag.py:4180} INFO - Setting next_dagrun for crypto_pipeline_dag to 2026-06-16 00:00:00+00:00, run_after=2026-06-17 00:00:00+00:00
[2026-06-16T14:04:55.842+0000] {processor.py:208} INFO - Processing /opt/airflow/dags/crypto_pipeline_dag.py took 0.132 seconds
[2026-06-16T14:05:25.875+0000] {processor.py:186} INFO - Started process (PID=1037) to work on /opt/airflow/dags/crypto_pipeline_dag.py
[2026-06-16T14:05:25.875+0000] {processor.py:914} INFO - Processing file /opt/airflow/dags/crypto_pipeline_dag.py for tasks to queue
[2026-06-16T14:05:25.877+0000] {logging_mixin.py:190} INFO - [2026-06-16T14:05:25.876+0000] {dagbag.py:588} INFO - Filling up the DagBag from /opt/airflow/dags/crypto_pipeline_dag.py
[2026-06-16T14:05:25.890+0000] {processor.py:925} INFO - DAG(s) 'crypto_pipeline_dag' retrieved from /opt/airflow/dags/crypto_pipeline_dag.py
[2026-06-16T14:05:25.914+0000] {logging_mixin.py:190} INFO - [2026-06-16T14:05:25.913+0000] {dag.py:3239} INFO - Sync 1 DAGs
[2026-06-16T14:05:25.933+0000] {logging_mixin.py:190} INFO - [2026-06-16T14:05:25.933+0000] {dag.py:4180} INFO - Setting next_dagrun for crypto_pipeline_dag to 2026-06-16 00:00:00+00:00, run_after=2026-06-17 00:00:00+00:00
[2026-06-16T14:05:25.981+0000] {processor.py:208} INFO - Processing /opt/airflow/dags/crypto_pipeline_dag.py took 0.111 seconds
[2026-06-16T14:05:56.222+0000] {processor.py:186} INFO - Started process (PID=1051) to work on /opt/airflow/dags/crypto_pipeline_dag.py
[2026-06-16T14:05:56.223+0000] {processor.py:914} INFO - Processing file /opt/airflow/dags/crypto_pipeline_dag.py for tasks to queue
[2026-06-16T14:05:56.224+0000] {logging_mixin.py:190} INFO - [2026-06-16T14:05:56.223+0000] {dagbag.py:588} INFO - Filling up the DagBag from /opt/airflow/dags/crypto_pipeline_dag.py
[2026-06-16T14:05:56.236+0000] {processor.py:925} INFO - DAG(s) 'crypto_pipeline_dag' retrieved from /opt/airflow/dags/crypto_pipeline_dag.py
[2026-06-16T14:05:56.255+0000] {logging_mixin.py:190} INFO - [2026-06-16T14:05:56.255+0000] {dag.py:3239} INFO - Sync 1 DAGs
[2026-06-16T14:05:56.272+0000] {logging_mixin.py:190} INFO - [2026-06-16T14:05:56.272+0000] {dag.py:4180} INFO - Setting next_dagrun for crypto_pipeline_dag to 2026-06-16 00:00:00+00:00, run_after=2026-06-17 00:00:00+00:00
[2026-06-16T14:05:56.333+0000] {processor.py:208} INFO - Processing /opt/airflow/dags/crypto_pipeline_dag.py took 0.116 seconds
[2026-06-16T14:06:26.468+0000] {processor.py:186} INFO - Started process (PID=1056) to work on /opt/airflow/dags/crypto_pipeline_dag.py
[2026-06-16T14:06:26.469+0000] {processor.py:914} INFO - Processing file /opt/airflow/dags/crypto_pipeline_dag.py for tasks to queue
[2026-06-16T14:06:26.470+0000] {logging_mixin.py:190} INFO - [2026-06-16T14:06:26.470+0000] {dagbag.py:588} INFO - Filling up the DagBag from /opt/airflow/dags/crypto_pipeline_dag.py
[2026-06-16T14:06:26.486+0000] {processor.py:925} INFO - DAG(s) 'crypto_pipeline_dag' retrieved from /opt/airflow/dags/crypto_pipeline_dag.py
[2026-06-16T14:06:26.506+0000] {logging_mixin.py:190} INFO - [2026-06-16T14:06:26.506+0000] {dag.py:3239} INFO - Sync 1 DAGs
[2026-06-16T14:06:26.523+0000] {logging_mixin.py:190} INFO - [2026-06-16T14:06:26.523+0000] {dag.py:4180} INFO - Setting next_dagrun for crypto_pipeline_dag to 2026-06-16 00:00:00+00:00, run_after=2026-06-17 00:00:00+00:00
[2026-06-16T14:06:26.535+0000] {processor.py:208} INFO - Processing /opt/airflow/dags/crypto_pipeline_dag.py took 0.071 seconds
[2026-06-16T14:06:56.764+0000] {processor.py:186} INFO - Started process (PID=1061) to work on /opt/airflow/dags/crypto_pipeline_dag.py
[2026-06-16T14:06:56.765+0000] {processor.py:914} INFO - Processing file /opt/airflow/dags/crypto_pipeline_dag.py for tasks to queue
[2026-06-16T14:06:56.766+0000] {logging_mixin.py:190} INFO - [2026-06-16T14:06:56.766+0000] {dagbag.py:588} INFO - Filling up the DagBag from /opt/airflow/dags/crypto_pipeline_dag.py
[2026-06-16T14:06:56.781+0000] {processor.py:925} INFO - DAG(s) 'crypto_pipeline_dag' retrieved from /opt/airflow/dags/crypto_pipeline_dag.py
[2026-06-16T14:06:56.808+0000] {logging_mixin.py:190} INFO - [2026-06-16T14:06:56.808+0000] {dag.py:3239} INFO - Sync 1 DAGs
[2026-06-16T14:06:56.825+0000] {logging_mixin.py:190} INFO - [2026-06-16T14:06:56.825+0000] {dag.py:4180} INFO - Setting next_dagrun for crypto_pipeline_dag to 2026-06-16 00:00:00+00:00, run_after=2026-06-17 00:00:00+00:00
[2026-06-16T14:06:56.838+0000] {processor.py:208} INFO - Processing /opt/airflow/dags/crypto_pipeline_dag.py took 0.080 seconds
[2026-06-16T14:07:26.988+0000] {processor.py:186} INFO - Started process (PID=1066) to work on /opt/airflow/dags/crypto_pipeline_dag.py
[2026-06-16T14:07:26.988+0000] {processor.py:914} INFO - Processing file /opt/airflow/dags/crypto_pipeline_dag.py for tasks to queue
[2026-06-16T14:07:26.989+0000] {logging_mixin.py:190} INFO - [2026-06-16T14:07:26.989+0000] {dagbag.py:588} INFO - Filling up the DagBag from /opt/airflow/dags/crypto_pipeline_dag.py
[2026-06-16T14:07:27.003+0000] {processor.py:925} INFO - DAG(s) 'crypto_pipeline_dag' retrieved from /opt/airflow/dags/crypto_pipeline_dag.py
[2026-06-16T14:07:27.024+0000] {logging_mixin.py:190} INFO - [2026-06-16T14:07:27.023+0000] {dag.py:3239} INFO - Sync 1 DAGs
[2026-06-16T14:07:27.044+0000] {logging_mixin.py:190} INFO - [2026-06-16T14:07:27.044+0000] {dag.py:4180} INFO - Setting next_dagrun for crypto_pipeline_dag to 2026-06-16 00:00:00+00:00, run_after=2026-06-17 00:00:00+00:00
[2026-06-16T14:07:27.068+0000] {processor.py:208} INFO - Processing /opt/airflow/dags/crypto_pipeline_dag.py took 0.086 seconds
[2026-06-16T14:07:57.260+0000] {processor.py:186} INFO - Started process (PID=1071) to work on /opt/airflow/dags/crypto_pipeline_dag.py
[2026-06-16T14:07:57.261+0000] {processor.py:914} INFO - Processing file /opt/airflow/dags/crypto_pipeline_dag.py for tasks to queue
[2026-06-16T14:07:57.261+0000] {logging_mixin.py:190} INFO - [2026-06-16T14:07:57.261+0000] {dagbag.py:588} INFO - Filling up the DagBag from /opt/airflow/dags/crypto_pipeline_dag.py
[2026-06-16T14:07:57.274+0000] {processor.py:925} INFO - DAG(s) 'crypto_pipeline_dag' retrieved from /opt/airflow/dags/crypto_pipeline_dag.py
[2026-06-16T14:07:57.293+0000] {logging_mixin.py:190} INFO - [2026-06-16T14:07:57.293+0000] {dag.py:3239} INFO - Sync 1 DAGs
[2026-06-16T14:07:57.309+0000] {logging_mixin.py:190} INFO - [2026-06-16T14:07:57.309+0000] {dag.py:4180} INFO - Setting next_dagrun for crypto_pipeline_dag to 2026-06-16 00:00:00+00:00, run_after=2026-06-17 00:00:00+00:00
[2026-06-16T14:07:57.398+0000] {processor.py:208} INFO - Processing /opt/airflow/dags/crypto_pipeline_dag.py took 0.142 seconds
[2026-06-16T14:08:27.511+0000] {processor.py:186} INFO - Started process (PID=1076) to work on /opt/airflow/dags/crypto_pipeline_dag.py
[2026-06-16T14:08:27.511+0000] {processor.py:914} INFO - Processing file /opt/airflow/dags/crypto_pipeline_dag.py for tasks to queue
[2026-06-16T14:08:27.513+0000] {logging_mixin.py:190} INFO - [2026-06-16T14:08:27.512+0000] {dagbag.py:588} INFO - Filling up the DagBag from /opt/airflow/dags/crypto_pipeline_dag.py
[2026-06-16T14:08:27.525+0000] {processor.py:925} INFO - DAG(s) 'crypto_pipeline_dag' retrieved from /opt/airflow/dags/crypto_pipeline_dag.py
[2026-06-16T14:08:27.548+0000] {logging_mixin.py:190} INFO - [2026-06-16T14:08:27.548+0000] {dag.py:3239} INFO - Sync 1 DAGs
[2026-06-16T14:08:27.565+0000] {logging_mixin.py:190} INFO - [2026-06-16T14:08:27.565+0000] {dag.py:4180} INFO - Setting next_dagrun for crypto_pipeline_dag to 2026-06-16 00:00:00+00:00, run_after=2026-06-17 00:00:00+00:00
[2026-06-16T14:08:27.608+0000] {processor.py:208} INFO - Processing /opt/airflow/dags/crypto_pipeline_dag.py took 0.101 seconds
[2026-06-16T14:08:57.756+0000] {processor.py:186} INFO - Started process (PID=1081) to work on /opt/airflow/dags/crypto_pipeline_dag.py
[2026-06-16T14:08:57.756+0000] {processor.py:914} INFO - Processing file /opt/airflow/dags/crypto_pipeline_dag.py for tasks to queue
[2026-06-16T14:08:57.757+0000] {logging_mixin.py:190} INFO - [2026-06-16T14:08:57.757+0000] {dagbag.py:588} INFO - Filling up the DagBag from /opt/airflow/dags/crypto_pipeline_dag.py
[2026-06-16T14:08:57.770+0000] {processor.py:925} INFO - DAG(s) 'crypto_pipeline_dag' retrieved from /opt/airflow/dags/crypto_pipeline_dag.py
[2026-06-16T14:08:57.790+0000] {logging_mixin.py:190} INFO - [2026-06-16T14:08:57.789+0000] {dag.py:3239} INFO - Sync 1 DAGs
[2026-06-16T14:08:57.806+0000] {logging_mixin.py:190} INFO - [2026-06-16T14:08:57.806+0000] {dag.py:4180} INFO - Setting next_dagrun for crypto_pipeline_dag to 2026-06-16 00:00:00+00:00, run_after=2026-06-17 00:00:00+00:00
[2026-06-16T14:08:57.842+0000] {processor.py:208} INFO - Processing /opt/airflow/dags/crypto_pipeline_dag.py took 0.090 seconds
[2026-06-16T14:09:28.118+0000] {processor.py:186} INFO - Started process (PID=1086) to work on /opt/airflow/dags/crypto_pipeline_dag.py
[2026-06-16T14:09:28.119+0000] {processor.py:914} INFO - Processing file /opt/airflow/dags/crypto_pipeline_dag.py for tasks to queue
[2026-06-16T14:09:28.120+0000] {logging_mixin.py:190} INFO - [2026-06-16T14:09:28.120+0000] {dagbag.py:588} INFO - Filling up the DagBag from /opt/airflow/dags/crypto_pipeline_dag.py
[2026-06-16T14:09:28.132+0000] {processor.py:925} INFO - DAG(s) 'crypto_pipeline_dag' retrieved from /opt/airflow/dags/crypto_pipeline_dag.py
[2026-06-16T14:09:28.152+0000] {logging_mixin.py:190} INFO - [2026-06-16T14:09:28.152+0000] {dag.py:3239} INFO - Sync 1 DAGs
[2026-06-16T14:09:28.169+0000] {logging_mixin.py:190} INFO - [2026-06-16T14:09:28.169+0000] {dag.py:4180} INFO - Setting next_dagrun for crypto_pipeline_dag to 2026-06-16 00:00:00+00:00, run_after=2026-06-17 00:00:00+00:00
[2026-06-16T14:09:28.181+0000] {processor.py:208} INFO - Processing /opt/airflow/dags/crypto_pipeline_dag.py took 0.068 seconds
[2026-06-16T14:09:58.349+0000] {processor.py:186} INFO - Started process (PID=1091) to work on /opt/airflow/dags/crypto_pipeline_dag.py
[2026-06-16T14:09:58.350+0000] {processor.py:914} INFO - Processing file /opt/airflow/dags/crypto_pipeline_dag.py for tasks to queue
[2026-06-16T14:09:58.351+0000] {logging_mixin.py:190} INFO - [2026-06-16T14:09:58.351+0000] {dagbag.py:588} INFO - Filling up the DagBag from /opt/airflow/dags/crypto_pipeline_dag.py
[2026-06-16T14:09:58.369+0000] {processor.py:925} INFO - DAG(s) 'crypto_pipeline_dag' retrieved from /opt/airflow/dags/crypto_pipeline_dag.py
[2026-06-16T14:09:58.394+0000] {logging_mixin.py:190} INFO - [2026-06-16T14:09:58.394+0000] {dag.py:3239} INFO - Sync 1 DAGs
[2026-06-16T14:09:58.413+0000] {logging_mixin.py:190} INFO - [2026-06-16T14:09:58.413+0000] {dag.py:4180} INFO - Setting next_dagrun for crypto_pipeline_dag to 2026-06-16 00:00:00+00:00, run_after=2026-06-17 00:00:00+00:00
[2026-06-16T14:09:58.428+0000] {processor.py:208} INFO - Processing /opt/airflow/dags/crypto_pipeline_dag.py took 0.084 seconds
[2026-06-16T14:10:28.580+0000] {processor.py:186} INFO - Started process (PID=1096) to work on /opt/airflow/dags/crypto_pipeline_dag.py
[2026-06-16T14:10:28.581+0000] {processor.py:914} INFO - Processing file /opt/airflow/dags/crypto_pipeline_dag.py for tasks to queue
[2026-06-16T14:10:28.582+0000] {logging_mixin.py:190} INFO - [2026-06-16T14:10:28.581+0000] {dagbag.py:588} INFO - Filling up the DagBag from /opt/airflow/dags/crypto_pipeline_dag.py
[2026-06-16T14:10:28.593+0000] {processor.py:925} INFO - DAG(s) 'crypto_pipeline_dag' retrieved from /opt/airflow/dags/crypto_pipeline_dag.py
[2026-06-16T14:10:28.613+0000] {logging_mixin.py:190} INFO - [2026-06-16T14:10:28.613+0000] {dag.py:3239} INFO - Sync 1 DAGs
[2026-06-16T14:10:28.629+0000] {logging_mixin.py:190} INFO - [2026-06-16T14:10:28.629+0000] {dag.py:4180} INFO - Setting next_dagrun for crypto_pipeline_dag to 2026-06-16 00:00:00+00:00, run_after=2026-06-17 00:00:00+00:00
[2026-06-16T14:10:28.650+0000] {processor.py:208} INFO - Processing /opt/airflow/dags/crypto_pipeline_dag.py took 0.075 seconds
[2026-06-16T14:10:58.874+0000] {processor.py:186} INFO - Started process (PID=1109) to work on /opt/airflow/dags/crypto_pipeline_dag.py
[2026-06-16T14:10:58.875+0000] {processor.py:914} INFO - Processing file /opt/airflow/dags/crypto_pipeline_dag.py for tasks to queue
[2026-06-16T14:10:58.875+0000] {logging_mixin.py:190} INFO - [2026-06-16T14:10:58.875+0000] {dagbag.py:588} INFO - Filling up the DagBag from /opt/airflow/dags/crypto_pipeline_dag.py
[2026-06-16T14:10:58.889+0000] {processor.py:925} INFO - DAG(s) 'crypto_pipeline_dag' retrieved from /opt/airflow/dags/crypto_pipeline_dag.py
[2026-06-16T14:10:58.908+0000] {logging_mixin.py:190} INFO - [2026-06-16T14:10:58.908+0000] {dag.py:3239} INFO - Sync 1 DAGs
[2026-06-16T14:10:58.925+0000] {logging_mixin.py:190} INFO - [2026-06-16T14:10:58.924+0000] {dag.py:4180} INFO - Setting next_dagrun for crypto_pipeline_dag to 2026-06-16 00:00:00+00:00, run_after=2026-06-17 00:00:00+00:00
[2026-06-16T14:10:58.956+0000] {processor.py:208} INFO - Processing /opt/airflow/dags/crypto_pipeline_dag.py took 0.086 seconds
[2026-06-16T14:11:29.121+0000] {processor.py:186} INFO - Started process (PID=1115) to work on /opt/airflow/dags/crypto_pipeline_dag.py
[2026-06-16T14:11:29.123+0000] {processor.py:914} INFO - Processing file /opt/airflow/dags/crypto_pipeline_dag.py for tasks to queue
[2026-06-16T14:11:29.124+0000] {logging_mixin.py:190} INFO - [2026-06-16T14:11:29.124+0000] {dagbag.py:588} INFO - Filling up the DagBag from /opt/airflow/dags/crypto_pipeline_dag.py
[2026-06-16T14:11:29.143+0000] {processor.py:925} INFO - DAG(s) 'crypto_pipeline_dag' retrieved from /opt/airflow/dags/crypto_pipeline_dag.py
[2026-06-16T14:11:29.168+0000] {logging_mixin.py:190} INFO - [2026-06-16T14:11:29.168+0000] {dag.py:3239} INFO - Sync 1 DAGs
[2026-06-16T14:11:29.189+0000] {logging_mixin.py:190} INFO - [2026-06-16T14:11:29.189+0000] {dag.py:4180} INFO - Setting next_dagrun for crypto_pipeline_dag to 2026-06-16 00:00:00+00:00, run_after=2026-06-17 00:00:00+00:00
[2026-06-16T14:11:29.220+0000] {processor.py:208} INFO - Processing /opt/airflow/dags/crypto_pipeline_dag.py took 0.105 seconds
[2026-06-16T14:11:59.362+0000] {processor.py:186} INFO - Started process (PID=1121) to work on /opt/airflow/dags/crypto_pipeline_dag.py
[2026-06-16T14:11:59.363+0000] {processor.py:914} INFO - Processing file /opt/airflow/dags/crypto_pipeline_dag.py for tasks to queue
[2026-06-16T14:11:59.364+0000] {logging_mixin.py:190} INFO - [2026-06-16T14:11:59.363+0000] {dagbag.py:588} INFO - Filling up the DagBag from /opt/airflow/dags/crypto_pipeline_dag.py
[2026-06-16T14:11:59.380+0000] {processor.py:925} INFO - DAG(s) 'crypto_pipeline_dag' retrieved from /opt/airflow/dags/crypto_pipeline_dag.py
[2026-06-16T14:11:59.405+0000] {logging_mixin.py:190} INFO - [2026-06-16T14:11:59.405+0000] {dag.py:3239} INFO - Sync 1 DAGs
[2026-06-16T14:11:59.429+0000] {logging_mixin.py:190} INFO - [2026-06-16T14:11:59.429+0000] {dag.py:4180} INFO - Setting next_dagrun for crypto_pipeline_dag to 2026-06-16 00:00:00+00:00, run_after=2026-06-17 00:00:00+00:00
[2026-06-16T14:11:59.467+0000] {processor.py:208} INFO - Processing /opt/airflow/dags/crypto_pipeline_dag.py took 0.111 seconds
[2026-06-16T14:12:29.635+0000] {processor.py:186} INFO - Started process (PID=1126) to work on /opt/airflow/dags/crypto_pipeline_dag.py
[2026-06-16T14:12:29.636+0000] {processor.py:914} INFO - Processing file /opt/airflow/dags/crypto_pipeline_dag.py for tasks to queue
[2026-06-16T14:12:29.637+0000] {logging_mixin.py:190} INFO - [2026-06-16T14:12:29.637+0000] {dagbag.py:588} INFO - Filling up the DagBag from /opt/airflow/dags/crypto_pipeline_dag.py
[2026-06-16T14:12:29.661+0000] {processor.py:925} INFO - DAG(s) 'crypto_pipeline_dag' retrieved from /opt/airflow/dags/crypto_pipeline_dag.py
[2026-06-16T14:12:29.682+0000] {logging_mixin.py:190} INFO - [2026-06-16T14:12:29.682+0000] {dag.py:3239} INFO - Sync 1 DAGs
[2026-06-16T14:12:29.699+0000] {logging_mixin.py:190} INFO - [2026-06-16T14:12:29.699+0000] {dag.py:4180} INFO - Setting next_dagrun for crypto_pipeline_dag to 2026-06-16 00:00:00+00:00, run_after=2026-06-17 00:00:00+00:00
[2026-06-16T14:12:29.712+0000] {processor.py:208} INFO - Processing /opt/airflow/dags/crypto_pipeline_dag.py took 0.081 seconds
[2026-06-16T14:12:59.893+0000] {processor.py:186} INFO - Started process (PID=1131) to work on /opt/airflow/dags/crypto_pipeline_dag.py
[2026-06-16T14:12:59.894+0000] {processor.py:914} INFO - Processing file /opt/airflow/dags/crypto_pipeline_dag.py for tasks to queue
[2026-06-16T14:12:59.896+0000] {logging_mixin.py:190} INFO - [2026-06-16T14:12:59.895+0000] {dagbag.py:588} INFO - Filling up the DagBag from /opt/airflow/dags/crypto_pipeline_dag.py
[2026-06-16T14:12:59.923+0000] {processor.py:925} INFO - DAG(s) 'crypto_pipeline_dag' retrieved from /opt/airflow/dags/crypto_pipeline_dag.py
[2026-06-16T14:12:59.953+0000] {logging_mixin.py:190} INFO - [2026-06-16T14:12:59.952+0000] {dag.py:3239} INFO - Sync 1 DAGs
[2026-06-16T14:12:59.974+0000] {logging_mixin.py:190} INFO - [2026-06-16T14:12:59.974+0000] {dag.py:4180} INFO - Setting next_dagrun for crypto_pipeline_dag to 2026-06-16 00:00:00+00:00, run_after=2026-06-17 00:00:00+00:00
[2026-06-16T14:12:59.989+0000] {processor.py:208} INFO - Processing /opt/airflow/dags/crypto_pipeline_dag.py took 0.103 seconds
[2026-06-16T14:13:30.159+0000] {processor.py:186} INFO - Started process (PID=1136) to work on /opt/airflow/dags/crypto_pipeline_dag.py
[2026-06-16T14:13:30.160+0000] {processor.py:914} INFO - Processing file /opt/airflow/dags/crypto_pipeline_dag.py for tasks to queue
[2026-06-16T14:13:30.161+0000] {logging_mixin.py:190} INFO - [2026-06-16T14:13:30.161+0000] {dagbag.py:588} INFO - Filling up the DagBag from /opt/airflow/dags/crypto_pipeline_dag.py
[2026-06-16T14:13:30.180+0000] {processor.py:925} INFO - DAG(s) 'crypto_pipeline_dag' retrieved from /opt/airflow/dags/crypto_pipeline_dag.py
[2026-06-16T14:13:30.205+0000] {logging_mixin.py:190} INFO - [2026-06-16T14:13:30.204+0000] {dag.py:3239} INFO - Sync 1 DAGs
[2026-06-16T14:13:30.224+0000] {logging_mixin.py:190} INFO - [2026-06-16T14:13:30.224+0000] {dag.py:4180} INFO - Setting next_dagrun for crypto_pipeline_dag to 2026-06-16 00:00:00+00:00, run_after=2026-06-17 00:00:00+00:00
[2026-06-16T14:13:30.285+0000] {processor.py:208} INFO - Processing /opt/airflow/dags/crypto_pipeline_dag.py took 0.132 seconds
[2026-06-16T14:14:00.466+0000] {processor.py:186} INFO - Started process (PID=1141) to work on /opt/airflow/dags/crypto_pipeline_dag.py
[2026-06-16T14:14:00.466+0000] {processor.py:914} INFO - Processing file /opt/airflow/dags/crypto_pipeline_dag.py for tasks to queue
[2026-06-16T14:14:00.467+0000] {logging_mixin.py:190} INFO - [2026-06-16T14:14:00.467+0000] {dagbag.py:588} INFO - Filling up the DagBag from /opt/airflow/dags/crypto_pipeline_dag.py
[2026-06-16T14:14:00.480+0000] {processor.py:925} INFO - DAG(s) 'crypto_pipeline_dag' retrieved from /opt/airflow/dags/crypto_pipeline_dag.py
[2026-06-16T14:14:00.500+0000] {logging_mixin.py:190} INFO - [2026-06-16T14:14:00.500+0000] {dag.py:3239} INFO - Sync 1 DAGs
[2026-06-16T14:14:00.518+0000] {logging_mixin.py:190} INFO - [2026-06-16T14:14:00.518+0000] {dag.py:4180} INFO - Setting next_dagrun for crypto_pipeline_dag to 2026-06-16 00:00:00+00:00, run_after=2026-06-17 00:00:00+00:00
[2026-06-16T14:14:00.531+0000] {processor.py:208} INFO - Processing /opt/airflow/dags/crypto_pipeline_dag.py took 0.070 seconds
[2026-06-16T14:14:30.780+0000] {processor.py:186} INFO - Started process (PID=1146) to work on /opt/airflow/dags/crypto_pipeline_dag.py
[2026-06-16T14:14:30.781+0000] {processor.py:914} INFO - Processing file /opt/airflow/dags/crypto_pipeline_dag.py for tasks to queue
[2026-06-16T14:14:30.782+0000] {logging_mixin.py:190} INFO - [2026-06-16T14:14:30.782+0000] {dagbag.py:588} INFO - Filling up the DagBag from /opt/airflow/dags/crypto_pipeline_dag.py
[2026-06-16T14:14:30.802+0000] {processor.py:925} INFO - DAG(s) 'crypto_pipeline_dag' retrieved from /opt/airflow/dags/crypto_pipeline_dag.py
[2026-06-16T14:14:30.824+0000] {logging_mixin.py:190} INFO - [2026-06-16T14:14:30.824+0000] {dag.py:3239} INFO - Sync 1 DAGs
[2026-06-16T14:14:30.843+0000] {logging_mixin.py:190} INFO - [2026-06-16T14:14:30.842+0000] {dag.py:4180} INFO - Setting next_dagrun for crypto_pipeline_dag to 2026-06-16 00:00:00+00:00, run_after=2026-06-17 00:00:00+00:00
[2026-06-16T14:14:30.858+0000] {processor.py:208} INFO - Processing /opt/airflow/dags/crypto_pipeline_dag.py took 0.082 seconds
[2026-06-16T14:15:01.003+0000] {processor.py:186} INFO - Started process (PID=1151) to work on /opt/airflow/dags/crypto_pipeline_dag.py
[2026-06-16T14:15:01.004+0000] {processor.py:914} INFO - Processing file /opt/airflow/dags/crypto_pipeline_dag.py for tasks to queue
[2026-06-16T14:15:01.005+0000] {logging_mixin.py:190} INFO - [2026-06-16T14:15:01.005+0000] {dagbag.py:588} INFO - Filling up the DagBag from /opt/airflow/dags/crypto_pipeline_dag.py
[2026-06-16T14:15:01.025+0000] {processor.py:925} INFO - DAG(s) 'crypto_pipeline_dag' retrieved from /opt/airflow/dags/crypto_pipeline_dag.py
[2026-06-16T14:15:01.045+0000] {logging_mixin.py:190} INFO - [2026-06-16T14:15:01.045+0000] {dag.py:3239} INFO - Sync 1 DAGs
[2026-06-16T14:15:01.062+0000] {logging_mixin.py:190} INFO - [2026-06-16T14:15:01.062+0000] {dag.py:4180} INFO - Setting next_dagrun for crypto_pipeline_dag to 2026-06-16 00:00:00+00:00, run_after=2026-06-17 00:00:00+00:00
[2026-06-16T14:15:01.121+0000] {processor.py:208} INFO - Processing /opt/airflow/dags/crypto_pipeline_dag.py took 0.122 seconds
[2026-06-16T14:15:31.271+0000] {processor.py:186} INFO - Started process (PID=1198) to work on /opt/airflow/dags/crypto_pipeline_dag.py
[2026-06-16T14:15:31.272+0000] {processor.py:914} INFO - Processing file /opt/airflow/dags/crypto_pipeline_dag.py for tasks to queue
[2026-06-16T14:15:31.272+0000] {logging_mixin.py:190} INFO - [2026-06-16T14:15:31.272+0000] {dagbag.py:588} INFO - Filling up the DagBag from /opt/airflow/dags/crypto_pipeline_dag.py
[2026-06-16T14:15:31.285+0000] {processor.py:925} INFO - DAG(s) 'crypto_pipeline_dag' retrieved from /opt/airflow/dags/crypto_pipeline_dag.py
[2026-06-16T14:15:31.305+0000] {logging_mixin.py:190} INFO - [2026-06-16T14:15:31.305+0000] {dag.py:3239} INFO - Sync 1 DAGs
[2026-06-16T14:15:31.321+0000] {logging_mixin.py:190} INFO - [2026-06-16T14:15:31.321+0000] {dag.py:4180} INFO - Setting next_dagrun for crypto_pipeline_dag to 2026-06-16 00:00:00+00:00, run_after=2026-06-17 00:00:00+00:00
[2026-06-16T14:15:31.334+0000] {processor.py:208} INFO - Processing /opt/airflow/dags/crypto_pipeline_dag.py took 0.068 seconds
[2026-06-16T14:16:01.575+0000] {processor.py:186} INFO - Started process (PID=1203) to work on /opt/airflow/dags/crypto_pipeline_dag.py
[2026-06-16T14:16:01.576+0000] {processor.py:914} INFO - Processing file /opt/airflow/dags/crypto_pipeline_dag.py for tasks to queue
[2026-06-16T14:16:01.577+0000] {logging_mixin.py:190} INFO - [2026-06-16T14:16:01.577+0000] {dagbag.py:588} INFO - Filling up the DagBag from /opt/airflow/dags/crypto_pipeline_dag.py
[2026-06-16T14:16:01.595+0000] {processor.py:925} INFO - DAG(s) 'crypto_pipeline_dag' retrieved from /opt/airflow/dags/crypto_pipeline_dag.py
[2026-06-16T14:16:01.615+0000] {logging_mixin.py:190} INFO - [2026-06-16T14:16:01.615+0000] {dag.py:3239} INFO - Sync 1 DAGs
[2026-06-16T14:16:01.635+0000] {logging_mixin.py:190} INFO - [2026-06-16T14:16:01.635+0000] {dag.py:4180} INFO - Setting next_dagrun for crypto_pipeline_dag to 2026-06-16 00:00:00+00:00, run_after=2026-06-17 00:00:00+00:00
[2026-06-16T14:16:01.711+0000] {processor.py:208} INFO - Processing /opt/airflow/dags/crypto_pipeline_dag.py took 0.140 seconds
[2026-06-16T14:16:31.810+0000] {processor.py:186} INFO - Started process (PID=1208) to work on /opt/airflow/dags/crypto_pipeline_dag.py
[2026-06-16T14:16:31.812+0000] {processor.py:914} INFO - Processing file /opt/airflow/dags/crypto_pipeline_dag.py for tasks to queue
[2026-06-16T14:16:31.813+0000] {logging_mixin.py:190} INFO - [2026-06-16T14:16:31.813+0000] {dagbag.py:588} INFO - Filling up the DagBag from /opt/airflow/dags/crypto_pipeline_dag.py
[2026-06-16T14:16:31.831+0000] {processor.py:925} INFO - DAG(s) 'crypto_pipeline_dag' retrieved from /opt/airflow/dags/crypto_pipeline_dag.py
[2026-06-16T14:16:31.855+0000] {logging_mixin.py:190} INFO - [2026-06-16T14:16:31.855+0000] {dag.py:3239} INFO - Sync 1 DAGs
[2026-06-16T14:16:31.876+0000] {logging_mixin.py:190} INFO - [2026-06-16T14:16:31.876+0000] {dag.py:4180} INFO - Setting next_dagrun for crypto_pipeline_dag to 2026-06-16 00:00:00+00:00, run_after=2026-06-17 00:00:00+00:00
[2026-06-16T14:16:31.893+0000] {processor.py:208} INFO - Processing /opt/airflow/dags/crypto_pipeline_dag.py took 0.087 seconds
[2026-06-16T14:17:02.072+0000] {processor.py:186} INFO - Started process (PID=1213) to work on /opt/airflow/dags/crypto_pipeline_dag.py
[2026-06-16T14:17:02.073+0000] {processor.py:914} INFO - Processing file /opt/airflow/dags/crypto_pipeline_dag.py for tasks to queue
[2026-06-16T14:17:02.074+0000] {logging_mixin.py:190} INFO - [2026-06-16T14:17:02.074+0000] {dagbag.py:588} INFO - Filling up the DagBag from /opt/airflow/dags/crypto_pipeline_dag.py
[2026-06-16T14:17:02.095+0000] {processor.py:925} INFO - DAG(s) 'crypto_pipeline_dag' retrieved from /opt/airflow/dags/crypto_pipeline_dag.py
[2026-06-16T14:17:02.124+0000] {logging_mixin.py:190} INFO - [2026-06-16T14:17:02.124+0000] {dag.py:3239} INFO - Sync 1 DAGs
[2026-06-16T14:17:02.142+0000] {logging_mixin.py:190} INFO - [2026-06-16T14:17:02.142+0000] {dag.py:4180} INFO - Setting next_dagrun for crypto_pipeline_dag to 2026-06-16 00:00:00+00:00, run_after=2026-06-17 00:00:00+00:00
[2026-06-16T14:17:02.155+0000] {processor.py:208} INFO - Processing /opt/airflow/dags/crypto_pipeline_dag.py took 0.089 seconds
[2026-06-16T14:17:32.261+0000] {processor.py:186} INFO - Started process (PID=1218) to work on /opt/airflow/dags/crypto_pipeline_dag.py
[2026-06-16T14:17:32.262+0000] {processor.py:914} INFO - Processing file /opt/airflow/dags/crypto_pipeline_dag.py for tasks to queue
[2026-06-16T14:17:32.263+0000] {logging_mixin.py:190} INFO - [2026-06-16T14:17:32.263+0000] {dagbag.py:588} INFO - Filling up the DagBag from /opt/airflow/dags/crypto_pipeline_dag.py
[2026-06-16T14:17:32.277+0000] {processor.py:925} INFO - DAG(s) 'crypto_pipeline_dag' retrieved from /opt/airflow/dags/crypto_pipeline_dag.py
[2026-06-16T14:17:32.300+0000] {logging_mixin.py:190} INFO - [2026-06-16T14:17:32.299+0000] {dag.py:3239} INFO - Sync 1 DAGs
[2026-06-16T14:17:32.319+0000] {logging_mixin.py:190} INFO - [2026-06-16T14:17:32.318+0000] {dag.py:4180} INFO - Setting next_dagrun for crypto_pipeline_dag to 2026-06-16 00:00:00+00:00, run_after=2026-06-17 00:00:00+00:00
[2026-06-16T14:17:32.385+0000] {processor.py:208} INFO - Processing /opt/airflow/dags/crypto_pipeline_dag.py took 0.129 seconds
[2026-06-16T14:18:02.534+0000] {processor.py:186} INFO - Started process (PID=1223) to work on /opt/airflow/dags/crypto_pipeline_dag.py
[2026-06-16T14:18:02.534+0000] {processor.py:914} INFO - Processing file /opt/airflow/dags/crypto_pipeline_dag.py for tasks to queue
[2026-06-16T14:18:02.536+0000] {logging_mixin.py:190} INFO - [2026-06-16T14:18:02.536+0000] {dagbag.py:588} INFO - Filling up the DagBag from /opt/airflow/dags/crypto_pipeline_dag.py
[2026-06-16T14:18:02.555+0000] {processor.py:925} INFO - DAG(s) 'crypto_pipeline_dag' retrieved from /opt/airflow/dags/crypto_pipeline_dag.py
[2026-06-16T14:18:02.583+0000] {logging_mixin.py:190} INFO - [2026-06-16T14:18:02.583+0000] {dag.py:3239} INFO - Sync 1 DAGs
[2026-06-16T14:18:02.602+0000] {logging_mixin.py:190} INFO - [2026-06-16T14:18:02.602+0000] {dag.py:4180} INFO - Setting next_dagrun for crypto_pipeline_dag to 2026-06-16 00:00:00+00:00, run_after=2026-06-17 00:00:00+00:00
[2026-06-16T14:18:02.618+0000] {processor.py:208} INFO - Processing /opt/airflow/dags/crypto_pipeline_dag.py took 0.091 seconds
[2026-06-16T14:18:32.812+0000] {processor.py:186} INFO - Started process (PID=1228) to work on /opt/airflow/dags/crypto_pipeline_dag.py
[2026-06-16T14:18:32.813+0000] {processor.py:914} INFO - Processing file /opt/airflow/dags/crypto_pipeline_dag.py for tasks to queue
[2026-06-16T14:18:32.814+0000] {logging_mixin.py:190} INFO - [2026-06-16T14:18:32.813+0000] {dagbag.py:588} INFO - Filling up the DagBag from /opt/airflow/dags/crypto_pipeline_dag.py
[2026-06-16T14:18:32.827+0000] {processor.py:925} INFO - DAG(s) 'crypto_pipeline_dag' retrieved from /opt/airflow/dags/crypto_pipeline_dag.py
[2026-06-16T14:18:32.847+0000] {logging_mixin.py:190} INFO - [2026-06-16T14:18:32.847+0000] {dag.py:3239} INFO - Sync 1 DAGs
[2026-06-16T14:18:32.864+0000] {logging_mixin.py:190} INFO - [2026-06-16T14:18:32.864+0000] {dag.py:4180} INFO - Setting next_dagrun for crypto_pipeline_dag to 2026-06-16 00:00:00+00:00, run_after=2026-06-17 00:00:00+00:00
[2026-06-16T14:18:32.921+0000] {processor.py:208} INFO - Processing /opt/airflow/dags/crypto_pipeline_dag.py took 0.113 seconds
[2026-06-16T14:19:03.067+0000] {processor.py:186} INFO - Started process (PID=1233) to work on /opt/airflow/dags/crypto_pipeline_dag.py
[2026-06-16T14:19:03.068+0000] {processor.py:914} INFO - Processing file /opt/airflow/dags/crypto_pipeline_dag.py for tasks to queue
[2026-06-16T14:19:03.069+0000] {logging_mixin.py:190} INFO - [2026-06-16T14:19:03.069+0000] {dagbag.py:588} INFO - Filling up the DagBag from /opt/airflow/dags/crypto_pipeline_dag.py
[2026-06-16T14:19:03.089+0000] {processor.py:925} INFO - DAG(s) 'crypto_pipeline_dag' retrieved from /opt/airflow/dags/crypto_pipeline_dag.py
[2026-06-16T14:19:03.114+0000] {logging_mixin.py:190} INFO - [2026-06-16T14:19:03.114+0000] {dag.py:3239} INFO - Sync 1 DAGs
[2026-06-16T14:19:03.131+0000] {logging_mixin.py:190} INFO - [2026-06-16T14:19:03.131+0000] {dag.py:4180} INFO - Setting next_dagrun for crypto_pipeline_dag to 2026-06-16 00:00:00+00:00, run_after=2026-06-17 00:00:00+00:00
[2026-06-16T14:19:03.143+0000] {processor.py:208} INFO - Processing /opt/airflow/dags/crypto_pipeline_dag.py took 0.082 seconds
[2026-06-16T14:19:33.316+0000] {processor.py:186} INFO - Started process (PID=1238) to work on /opt/airflow/dags/crypto_pipeline_dag.py
[2026-06-16T14:19:33.317+0000] {processor.py:914} INFO - Processing file /opt/airflow/dags/crypto_pipeline_dag.py for tasks to queue
[2026-06-16T14:19:33.317+0000] {logging_mixin.py:190} INFO - [2026-06-16T14:19:33.317+0000] {dagbag.py:588} INFO - Filling up the DagBag from /opt/airflow/dags/crypto_pipeline_dag.py
[2026-06-16T14:19:33.331+0000] {processor.py:925} INFO - DAG(s) 'crypto_pipeline_dag' retrieved from /opt/airflow/dags/crypto_pipeline_dag.py
[2026-06-16T14:19:33.353+0000] {logging_mixin.py:190} INFO - [2026-06-16T14:19:33.353+0000] {dag.py:3239} INFO - Sync 1 DAGs
[2026-06-16T14:19:33.371+0000] {logging_mixin.py:190} INFO - [2026-06-16T14:19:33.371+0000] {dag.py:4180} INFO - Setting next_dagrun for crypto_pipeline_dag to 2026-06-16 00:00:00+00:00, run_after=2026-06-17 00:00:00+00:00
[2026-06-16T14:19:33.390+0000] {processor.py:208} INFO - Processing /opt/airflow/dags/crypto_pipeline_dag.py took 0.079 seconds
[2026-06-16T14:20:03.523+0000] {processor.py:186} INFO - Started process (PID=1243) to work on /opt/airflow/dags/crypto_pipeline_dag.py
[2026-06-16T14:20:03.525+0000] {processor.py:914} INFO - Processing file /opt/airflow/dags/crypto_pipeline_dag.py for tasks to queue
[2026-06-16T14:20:03.526+0000] {logging_mixin.py:190} INFO - [2026-06-16T14:20:03.526+0000] {dagbag.py:588} INFO - Filling up the DagBag from /opt/airflow/dags/crypto_pipeline_dag.py
[2026-06-16T14:20:03.540+0000] {processor.py:925} INFO - DAG(s) 'crypto_pipeline_dag' retrieved from /opt/airflow/dags/crypto_pipeline_dag.py
[2026-06-16T14:20:03.561+0000] {logging_mixin.py:190} INFO - [2026-06-16T14:20:03.561+0000] {dag.py:3239} INFO - Sync 1 DAGs
[2026-06-16T14:20:03.580+0000] {logging_mixin.py:190} INFO - [2026-06-16T14:20:03.580+0000] {dag.py:4180} INFO - Setting next_dagrun for crypto_pipeline_dag to 2026-06-16 00:00:00+00:00, run_after=2026-06-17 00:00:00+00:00
[2026-06-16T14:20:03.593+0000] {processor.py:208} INFO - Processing /opt/airflow/dags/crypto_pipeline_dag.py took 0.075 seconds
[2026-06-16T14:20:33.791+0000] {processor.py:186} INFO - Started process (PID=1248) to work on /opt/airflow/dags/crypto_pipeline_dag.py
[2026-06-16T14:20:33.792+0000] {processor.py:914} INFO - Processing file /opt/airflow/dags/crypto_pipeline_dag.py for tasks to queue
[2026-06-16T14:20:33.793+0000] {logging_mixin.py:190} INFO - [2026-06-16T14:20:33.793+0000] {dagbag.py:588} INFO - Filling up the DagBag from /opt/airflow/dags/crypto_pipeline_dag.py
[2026-06-16T14:20:33.808+0000] {processor.py:925} INFO - DAG(s) 'crypto_pipeline_dag' retrieved from /opt/airflow/dags/crypto_pipeline_dag.py
[2026-06-16T14:20:33.830+0000] {logging_mixin.py:190} INFO - [2026-06-16T14:20:33.829+0000] {dag.py:3239} INFO - Sync 1 DAGs
[2026-06-16T14:20:33.847+0000] {logging_mixin.py:190} INFO - [2026-06-16T14:20:33.847+0000] {dag.py:4180} INFO - Setting next_dagrun for crypto_pipeline_dag to 2026-06-16 00:00:00+00:00, run_after=2026-06-17 00:00:00+00:00
[2026-06-16T14:20:33.873+0000] {processor.py:208} INFO - Processing /opt/airflow/dags/crypto_pipeline_dag.py took 0.087 seconds
[2026-06-16T14:21:04.062+0000] {processor.py:186} INFO - Started process (PID=1253) to work on /opt/airflow/dags/crypto_pipeline_dag.py
[2026-06-16T14:21:04.063+0000] {processor.py:914} INFO - Processing file /opt/airflow/dags/crypto_pipeline_dag.py for tasks to queue
[2026-06-16T14:21:04.064+0000] {logging_mixin.py:190} INFO - [2026-06-16T14:21:04.064+0000] {dagbag.py:588} INFO - Filling up the DagBag from /opt/airflow/dags/crypto_pipeline_dag.py
[2026-06-16T14:21:04.085+0000] {processor.py:925} INFO - DAG(s) 'crypto_pipeline_dag' retrieved from /opt/airflow/dags/crypto_pipeline_dag.py
[2026-06-16T14:21:04.112+0000] {logging_mixin.py:190} INFO - [2026-06-16T14:21:04.112+0000] {dag.py:3239} INFO - Sync 1 DAGs
[2026-06-16T14:21:04.131+0000] {logging_mixin.py:190} INFO - [2026-06-16T14:21:04.131+0000] {dag.py:4180} INFO - Setting next_dagrun for crypto_pipeline_dag to 2026-06-16 00:00:00+00:00, run_after=2026-06-17 00:00:00+00:00
[2026-06-16T14:21:04.146+0000] {processor.py:208} INFO - Processing /opt/airflow/dags/crypto_pipeline_dag.py took 0.090 seconds
[2026-06-16T14:21:34.322+0000] {processor.py:186} INFO - Started process (PID=1258) to work on /opt/airflow/dags/crypto_pipeline_dag.py
[2026-06-16T14:21:34.323+0000] {processor.py:914} INFO - Processing file /opt/airflow/dags/crypto_pipeline_dag.py for tasks to queue
[2026-06-16T14:21:34.324+0000] {logging_mixin.py:190} INFO - [2026-06-16T14:21:34.324+0000] {dagbag.py:588} INFO - Filling up the DagBag from /opt/airflow/dags/crypto_pipeline_dag.py
[2026-06-16T14:21:34.337+0000] {processor.py:925} INFO - DAG(s) 'crypto_pipeline_dag' retrieved from /opt/airflow/dags/crypto_pipeline_dag.py
[2026-06-16T14:21:34.357+0000] {logging_mixin.py:190} INFO - [2026-06-16T14:21:34.357+0000] {dag.py:3239} INFO - Sync 1 DAGs
[2026-06-16T14:21:34.373+0000] {logging_mixin.py:190} INFO - [2026-06-16T14:21:34.373+0000] {dag.py:4180} INFO - Setting next_dagrun for crypto_pipeline_dag to 2026-06-16 00:00:00+00:00, run_after=2026-06-17 00:00:00+00:00
[2026-06-16T14:21:34.390+0000] {processor.py:208} INFO - Processing /opt/airflow/dags/crypto_pipeline_dag.py took 0.071 seconds
[2026-06-16T14:22:04.605+0000] {processor.py:186} INFO - Started process (PID=1263) to work on /opt/airflow/dags/crypto_pipeline_dag.py
[2026-06-16T14:22:04.606+0000] {processor.py:914} INFO - Processing file /opt/airflow/dags/crypto_pipeline_dag.py for tasks to queue
[2026-06-16T14:22:04.607+0000] {logging_mixin.py:190} INFO - [2026-06-16T14:22:04.607+0000] {dagbag.py:588} INFO - Filling up the DagBag from /opt/airflow/dags/crypto_pipeline_dag.py
[2026-06-16T14:22:04.628+0000] {processor.py:925} INFO - DAG(s) 'crypto_pipeline_dag' retrieved from /opt/airflow/dags/crypto_pipeline_dag.py
[2026-06-16T14:22:04.650+0000] {logging_mixin.py:190} INFO - [2026-06-16T14:22:04.650+0000] {dag.py:3239} INFO - Sync 1 DAGs
[2026-06-16T14:22:04.669+0000] {logging_mixin.py:190} INFO - [2026-06-16T14:22:04.669+0000] {dag.py:4180} INFO - Setting next_dagrun for crypto_pipeline_dag to 2026-06-16 00:00:00+00:00, run_after=2026-06-17 00:00:00+00:00
[2026-06-16T14:22:04.683+0000] {processor.py:208} INFO - Processing /opt/airflow/dags/crypto_pipeline_dag.py took 0.082 seconds
[2026-06-16T14:22:34.807+0000] {processor.py:186} INFO - Started process (PID=1268) to work on /opt/airflow/dags/crypto_pipeline_dag.py
[2026-06-16T14:22:34.808+0000] {processor.py:914} INFO - Processing file /opt/airflow/dags/crypto_pipeline_dag.py for tasks to queue
[2026-06-16T14:22:34.810+0000] {logging_mixin.py:190} INFO - [2026-06-16T14:22:34.809+0000] {dagbag.py:588} INFO - Filling up the DagBag from /opt/airflow/dags/crypto_pipeline_dag.py
[2026-06-16T14:22:34.830+0000] {processor.py:925} INFO - DAG(s) 'crypto_pipeline_dag' retrieved from /opt/airflow/dags/crypto_pipeline_dag.py
[2026-06-16T14:22:34.852+0000] {logging_mixin.py:190} INFO - [2026-06-16T14:22:34.851+0000] {dag.py:3239} INFO - Sync 1 DAGs
[2026-06-16T14:22:34.871+0000] {logging_mixin.py:190} INFO - [2026-06-16T14:22:34.870+0000] {dag.py:4180} INFO - Setting next_dagrun for crypto_pipeline_dag to 2026-06-16 00:00:00+00:00, run_after=2026-06-17 00:00:00+00:00
[2026-06-16T14:22:34.885+0000] {processor.py:208} INFO - Processing /opt/airflow/dags/crypto_pipeline_dag.py took 0.082 seconds
[2026-06-16T14:23:05.075+0000] {processor.py:186} INFO - Started process (PID=1273) to work on /opt/airflow/dags/crypto_pipeline_dag.py
[2026-06-16T14:23:05.076+0000] {processor.py:914} INFO - Processing file /opt/airflow/dags/crypto_pipeline_dag.py for tasks to queue
[2026-06-16T14:23:05.077+0000] {logging_mixin.py:190} INFO - [2026-06-16T14:23:05.077+0000] {dagbag.py:588} INFO - Filling up the DagBag from /opt/airflow/dags/crypto_pipeline_dag.py
[2026-06-16T14:23:05.088+0000] {processor.py:925} INFO - DAG(s) 'crypto_pipeline_dag' retrieved from /opt/airflow/dags/crypto_pipeline_dag.py
[2026-06-16T14:23:05.106+0000] {logging_mixin.py:190} INFO - [2026-06-16T14:23:05.106+0000] {dag.py:3239} INFO - Sync 1 DAGs
[2026-06-16T14:23:05.122+0000] {logging_mixin.py:190} INFO - [2026-06-16T14:23:05.122+0000] {dag.py:4180} INFO - Setting next_dagrun for crypto_pipeline_dag to 2026-06-16 00:00:00+00:00, run_after=2026-06-17 00:00:00+00:00
[2026-06-16T14:23:05.183+0000] {processor.py:208} INFO - Processing /opt/airflow/dags/crypto_pipeline_dag.py took 0.112 seconds
[2026-06-16T14:23:35.395+0000] {processor.py:186} INFO - Started process (PID=1278) to work on /opt/airflow/dags/crypto_pipeline_dag.py
[2026-06-16T14:23:35.396+0000] {processor.py:914} INFO - Processing file /opt/airflow/dags/crypto_pipeline_dag.py for tasks to queue
[2026-06-16T14:23:35.398+0000] {logging_mixin.py:190} INFO - [2026-06-16T14:23:35.397+0000] {dagbag.py:588} INFO - Filling up the DagBag from /opt/airflow/dags/crypto_pipeline_dag.py
[2026-06-16T14:23:35.422+0000] {processor.py:925} INFO - DAG(s) 'crypto_pipeline_dag' retrieved from /opt/airflow/dags/crypto_pipeline_dag.py
[2026-06-16T14:23:35.449+0000] {logging_mixin.py:190} INFO - [2026-06-16T14:23:35.448+0000] {dag.py:3239} INFO - Sync 1 DAGs
[2026-06-16T14:23:35.467+0000] {logging_mixin.py:190} INFO - [2026-06-16T14:23:35.467+0000] {dag.py:4180} INFO - Setting next_dagrun for crypto_pipeline_dag to 2026-06-16 00:00:00+00:00, run_after=2026-06-17 00:00:00+00:00
[2026-06-16T14:23:35.481+0000] {processor.py:208} INFO - Processing /opt/airflow/dags/crypto_pipeline_dag.py took 0.149 seconds
[2026-06-16T14:24:05.730+0000] {processor.py:186} INFO - Started process (PID=1283) to work on /opt/airflow/dags/crypto_pipeline_dag.py
[2026-06-16T14:24:05.731+0000] {processor.py:914} INFO - Processing file /opt/airflow/dags/crypto_pipeline_dag.py for tasks to queue
[2026-06-16T14:24:05.732+0000] {logging_mixin.py:190} INFO - [2026-06-16T14:24:05.732+0000] {dagbag.py:588} INFO - Filling up the DagBag from /opt/airflow/dags/crypto_pipeline_dag.py
[2026-06-16T14:24:05.744+0000] {processor.py:925} INFO - DAG(s) 'crypto_pipeline_dag' retrieved from /opt/airflow/dags/crypto_pipeline_dag.py
[2026-06-16T14:24:05.765+0000] {logging_mixin.py:190} INFO - [2026-06-16T14:24:05.764+0000] {dag.py:3239} INFO - Sync 1 DAGs
[2026-06-16T14:24:05.781+0000] {logging_mixin.py:190} INFO - [2026-06-16T14:24:05.781+0000] {dag.py:4180} INFO - Setting next_dagrun for crypto_pipeline_dag to 2026-06-16 00:00:00+00:00, run_after=2026-06-17 00:00:00+00:00
[2026-06-16T14:24:05.803+0000] {processor.py:208} INFO - Processing /opt/airflow/dags/crypto_pipeline_dag.py took 0.078 seconds
[2026-06-16T14:24:36.012+0000] {processor.py:186} INFO - Started process (PID=1288) to work on /opt/airflow/dags/crypto_pipeline_dag.py
[2026-06-16T14:24:36.013+0000] {processor.py:914} INFO - Processing file /opt/airflow/dags/crypto_pipeline_dag.py for tasks to queue
[2026-06-16T14:24:36.014+0000] {logging_mixin.py:190} INFO - [2026-06-16T14:24:36.014+0000] {dagbag.py:588} INFO - Filling up the DagBag from /opt/airflow/dags/crypto_pipeline_dag.py
[2026-06-16T14:24:36.033+0000] {processor.py:925} INFO - DAG(s) 'crypto_pipeline_dag' retrieved from /opt/airflow/dags/crypto_pipeline_dag.py
[2026-06-16T14:24:36.053+0000] {logging_mixin.py:190} INFO - [2026-06-16T14:24:36.052+0000] {dag.py:3239} INFO - Sync 1 DAGs
[2026-06-16T14:24:36.070+0000] {logging_mixin.py:190} INFO - [2026-06-16T14:24:36.070+0000] {dag.py:4180} INFO - Setting next_dagrun for crypto_pipeline_dag to 2026-06-16 00:00:00+00:00, run_after=2026-06-17 00:00:00+00:00
[2026-06-16T14:24:36.116+0000] {processor.py:208} INFO - Processing /opt/airflow/dags/crypto_pipeline_dag.py took 0.108 seconds
[2026-06-16T14:25:06.292+0000] {processor.py:186} INFO - Started process (PID=1293) to work on /opt/airflow/dags/crypto_pipeline_dag.py
[2026-06-16T14:25:06.293+0000] {processor.py:914} INFO - Processing file /opt/airflow/dags/crypto_pipeline_dag.py for tasks to queue
[2026-06-16T14:25:06.294+0000] {logging_mixin.py:190} INFO - [2026-06-16T14:25:06.294+0000] {dagbag.py:588} INFO - Filling up the DagBag from /opt/airflow/dags/crypto_pipeline_dag.py
[2026-06-16T14:25:06.312+0000] {processor.py:925} INFO - DAG(s) 'crypto_pipeline_dag' retrieved from /opt/airflow/dags/crypto_pipeline_dag.py
[2026-06-16T14:25:06.333+0000] {logging_mixin.py:190} INFO - [2026-06-16T14:25:06.333+0000] {dag.py:3239} INFO - Sync 1 DAGs
[2026-06-16T14:25:06.351+0000] {logging_mixin.py:190} INFO - [2026-06-16T14:25:06.351+0000] {dag.py:4180} INFO - Setting next_dagrun for crypto_pipeline_dag to 2026-06-16 00:00:00+00:00, run_after=2026-06-17 00:00:00+00:00
[2026-06-16T14:25:06.365+0000] {processor.py:208} INFO - Processing /opt/airflow/dags/crypto_pipeline_dag.py took 0.077 seconds
[2026-06-16T14:25:36.566+0000] {processor.py:186} INFO - Started process (PID=1298) to work on /opt/airflow/dags/crypto_pipeline_dag.py
[2026-06-16T14:25:36.567+0000] {processor.py:914} INFO - Processing file /opt/airflow/dags/crypto_pipeline_dag.py for tasks to queue
[2026-06-16T14:25:36.568+0000] {logging_mixin.py:190} INFO - [2026-06-16T14:25:36.568+0000] {dagbag.py:588} INFO - Filling up the DagBag from /opt/airflow/dags/crypto_pipeline_dag.py
[2026-06-16T14:25:36.580+0000] {processor.py:925} INFO - DAG(s) 'crypto_pipeline_dag' retrieved from /opt/airflow/dags/crypto_pipeline_dag.py
[2026-06-16T14:25:36.599+0000] {logging_mixin.py:190} INFO - [2026-06-16T14:25:36.599+0000] {dag.py:3239} INFO - Sync 1 DAGs
[2026-06-16T14:25:36.617+0000] {logging_mixin.py:190} INFO - [2026-06-16T14:25:36.616+0000] {dag.py:4180} INFO - Setting next_dagrun for crypto_pipeline_dag to 2026-06-16 00:00:00+00:00, run_after=2026-06-17 00:00:00+00:00
[2026-06-16T14:25:36.629+0000] {processor.py:208} INFO - Processing /opt/airflow/dags/crypto_pipeline_dag.py took 0.066 seconds
[2026-06-16T14:26:06.810+0000] {processor.py:186} INFO - Started process (PID=1303) to work on /opt/airflow/dags/crypto_pipeline_dag.py
[2026-06-16T14:26:06.811+0000] {processor.py:914} INFO - Processing file /opt/airflow/dags/crypto_pipeline_dag.py for tasks to queue
[2026-06-16T14:26:06.812+0000] {logging_mixin.py:190} INFO - [2026-06-16T14:26:06.811+0000] {dagbag.py:588} INFO - Filling up the DagBag from /opt/airflow/dags/crypto_pipeline_dag.py
[2026-06-16T14:26:06.824+0000] {processor.py:925} INFO - DAG(s) 'crypto_pipeline_dag' retrieved from /opt/airflow/dags/crypto_pipeline_dag.py
[2026-06-16T14:26:06.844+0000] {logging_mixin.py:190} INFO - [2026-06-16T14:26:06.844+0000] {dag.py:3239} INFO - Sync 1 DAGs
[2026-06-16T14:26:06.862+0000] {logging_mixin.py:190} INFO - [2026-06-16T14:26:06.862+0000] {dag.py:4180} INFO - Setting next_dagrun for crypto_pipeline_dag to 2026-06-16 00:00:00+00:00, run_after=2026-06-17 00:00:00+00:00
[2026-06-16T14:26:06.906+0000] {processor.py:208} INFO - Processing /opt/airflow/dags/crypto_pipeline_dag.py took 0.101 seconds
[2026-06-16T14:26:37.058+0000] {processor.py:186} INFO - Started process (PID=1308) to work on /opt/airflow/dags/crypto_pipeline_dag.py
[2026-06-16T14:26:37.059+0000] {processor.py:914} INFO - Processing file /opt/airflow/dags/crypto_pipeline_dag.py for tasks to queue
[2026-06-16T14:26:37.060+0000] {logging_mixin.py:190} INFO - [2026-06-16T14:26:37.060+0000] {dagbag.py:588} INFO - Filling up the DagBag from /opt/airflow/dags/crypto_pipeline_dag.py
[2026-06-16T14:26:37.074+0000] {processor.py:925} INFO - DAG(s) 'crypto_pipeline_dag' retrieved from /opt/airflow/dags/crypto_pipeline_dag.py
[2026-06-16T14:26:37.095+0000] {logging_mixin.py:190} INFO - [2026-06-16T14:26:37.095+0000] {dag.py:3239} INFO - Sync 1 DAGs
[2026-06-16T14:26:37.112+0000] {logging_mixin.py:190} INFO - [2026-06-16T14:26:37.112+0000] {dag.py:4180} INFO - Setting next_dagrun for crypto_pipeline_dag to 2026-06-16 00:00:00+00:00, run_after=2026-06-17 00:00:00+00:00
[2026-06-16T14:26:37.164+0000] {processor.py:208} INFO - Processing /opt/airflow/dags/crypto_pipeline_dag.py took 0.109 seconds
[2026-06-16T14:27:07.425+0000] {processor.py:186} INFO - Started process (PID=1313) to work on /opt/airflow/dags/crypto_pipeline_dag.py
[2026-06-16T14:27:07.426+0000] {processor.py:914} INFO - Processing file /opt/airflow/dags/crypto_pipeline_dag.py for tasks to queue
[2026-06-16T14:27:07.427+0000] {logging_mixin.py:190} INFO - [2026-06-16T14:27:07.427+0000] {dagbag.py:588} INFO - Filling up the DagBag from /opt/airflow/dags/crypto_pipeline_dag.py
[2026-06-16T14:27:07.443+0000] {processor.py:925} INFO - DAG(s) 'crypto_pipeline_dag' retrieved from /opt/airflow/dags/crypto_pipeline_dag.py
[2026-06-16T14:27:07.466+0000] {logging_mixin.py:190} INFO - [2026-06-16T14:27:07.466+0000] {dag.py:3239} INFO - Sync 1 DAGs
[2026-06-16T14:27:07.483+0000] {logging_mixin.py:190} INFO - [2026-06-16T14:27:07.483+0000] {dag.py:4180} INFO - Setting next_dagrun for crypto_pipeline_dag to 2026-06-16 00:00:00+00:00, run_after=2026-06-17 00:00:00+00:00
[2026-06-16T14:27:07.495+0000] {processor.py:208} INFO - Processing /opt/airflow/dags/crypto_pipeline_dag.py took 0.118 seconds
[2026-06-16T14:27:37.624+0000] {processor.py:186} INFO - Started process (PID=1318) to work on /opt/airflow/dags/crypto_pipeline_dag.py
[2026-06-16T14:27:37.625+0000] {processor.py:914} INFO - Processing file /opt/airflow/dags/crypto_pipeline_dag.py for tasks to queue
[2026-06-16T14:27:37.627+0000] {logging_mixin.py:190} INFO - [2026-06-16T14:27:37.627+0000] {dagbag.py:588} INFO - Filling up the DagBag from /opt/airflow/dags/crypto_pipeline_dag.py
[2026-06-16T14:27:37.640+0000] {processor.py:925} INFO - DAG(s) 'crypto_pipeline_dag' retrieved from /opt/airflow/dags/crypto_pipeline_dag.py
[2026-06-16T14:27:37.660+0000] {logging_mixin.py:190} INFO - [2026-06-16T14:27:37.660+0000] {dag.py:3239} INFO - Sync 1 DAGs
[2026-06-16T14:27:37.676+0000] {logging_mixin.py:190} INFO - [2026-06-16T14:27:37.676+0000] {dag.py:4180} INFO - Setting next_dagrun for crypto_pipeline_dag to 2026-06-16 00:00:00+00:00, run_after=2026-06-17 00:00:00+00:00
[2026-06-16T14:27:37.735+0000] {processor.py:208} INFO - Processing /opt/airflow/dags/crypto_pipeline_dag.py took 0.116 seconds
[2026-06-16T14:28:07.945+0000] {processor.py:186} INFO - Started process (PID=1323) to work on /opt/airflow/dags/crypto_pipeline_dag.py
[2026-06-16T14:28:07.946+0000] {processor.py:914} INFO - Processing file /opt/airflow/dags/crypto_pipeline_dag.py for tasks to queue
[2026-06-16T14:28:07.947+0000] {logging_mixin.py:190} INFO - [2026-06-16T14:28:07.947+0000] {dagbag.py:588} INFO - Filling up the DagBag from /opt/airflow/dags/crypto_pipeline_dag.py
[2026-06-16T14:28:07.959+0000] {processor.py:925} INFO - DAG(s) 'crypto_pipeline_dag' retrieved from /opt/airflow/dags/crypto_pipeline_dag.py
[2026-06-16T14:28:07.979+0000] {logging_mixin.py:190} INFO - [2026-06-16T14:28:07.978+0000] {dag.py:3239} INFO - Sync 1 DAGs
[2026-06-16T14:28:07.995+0000] {logging_mixin.py:190} INFO - [2026-06-16T14:28:07.995+0000] {dag.py:4180} INFO - Setting next_dagrun for crypto_pipeline_dag to 2026-06-16 00:00:00+00:00, run_after=2026-06-17 00:00:00+00:00
[2026-06-16T14:28:08.012+0000] {processor.py:208} INFO - Processing /opt/airflow/dags/crypto_pipeline_dag.py took 0.070 seconds
[2026-06-16T14:28:38.196+0000] {processor.py:186} INFO - Started process (PID=1328) to work on /opt/airflow/dags/crypto_pipeline_dag.py
[2026-06-16T14:28:38.197+0000] {processor.py:914} INFO - Processing file /opt/airflow/dags/crypto_pipeline_dag.py for tasks to queue
[2026-06-16T14:28:38.199+0000] {logging_mixin.py:190} INFO - [2026-06-16T14:28:38.198+0000] {dagbag.py:588} INFO - Filling up the DagBag from /opt/airflow/dags/crypto_pipeline_dag.py
[2026-06-16T14:28:38.213+0000] {processor.py:925} INFO - DAG(s) 'crypto_pipeline_dag' retrieved from /opt/airflow/dags/crypto_pipeline_dag.py
[2026-06-16T14:28:38.235+0000] {logging_mixin.py:190} INFO - [2026-06-16T14:28:38.235+0000] {dag.py:3239} INFO - Sync 1 DAGs
[2026-06-16T14:28:38.254+0000] {logging_mixin.py:190} INFO - [2026-06-16T14:28:38.254+0000] {dag.py:4180} INFO - Setting next_dagrun for crypto_pipeline_dag to 2026-06-16 00:00:00+00:00, run_after=2026-06-17 00:00:00+00:00
[2026-06-16T14:28:38.352+0000] {processor.py:208} INFO - Processing /opt/airflow/dags/crypto_pipeline_dag.py took 0.160 seconds
[2026-06-16T14:29:08.464+0000] {processor.py:186} INFO - Started process (PID=1333) to work on /opt/airflow/dags/crypto_pipeline_dag.py
[2026-06-16T14:29:08.465+0000] {processor.py:914} INFO - Processing file /opt/airflow/dags/crypto_pipeline_dag.py for tasks to queue
[2026-06-16T14:29:08.466+0000] {logging_mixin.py:190} INFO - [2026-06-16T14:29:08.466+0000] {dagbag.py:588} INFO - Filling up the DagBag from /opt/airflow/dags/crypto_pipeline_dag.py
[2026-06-16T14:29:08.478+0000] {processor.py:925} INFO - DAG(s) 'crypto_pipeline_dag' retrieved from /opt/airflow/dags/crypto_pipeline_dag.py
[2026-06-16T14:29:08.497+0000] {logging_mixin.py:190} INFO - [2026-06-16T14:29:08.497+0000] {dag.py:3239} INFO - Sync 1 DAGs
[2026-06-16T14:29:08.513+0000] {logging_mixin.py:190} INFO - [2026-06-16T14:29:08.513+0000] {dag.py:4180} INFO - Setting next_dagrun for crypto_pipeline_dag to 2026-06-16 00:00:00+00:00, run_after=2026-06-17 00:00:00+00:00
[2026-06-16T14:29:08.549+0000] {processor.py:208} INFO - Processing /opt/airflow/dags/crypto_pipeline_dag.py took 0.089 seconds
[2026-06-16T14:29:38.751+0000] {processor.py:186} INFO - Started process (PID=1338) to work on /opt/airflow/dags/crypto_pipeline_dag.py
[2026-06-16T14:29:38.752+0000] {processor.py:914} INFO - Processing file /opt/airflow/dags/crypto_pipeline_dag.py for tasks to queue
[2026-06-16T14:29:38.753+0000] {logging_mixin.py:190} INFO - [2026-06-16T14:29:38.752+0000] {dagbag.py:588} INFO - Filling up the DagBag from /opt/airflow/dags/crypto_pipeline_dag.py
[2026-06-16T14:29:38.767+0000] {processor.py:925} INFO - DAG(s) 'crypto_pipeline_dag' retrieved from /opt/airflow/dags/crypto_pipeline_dag.py
[2026-06-16T14:29:38.786+0000] {logging_mixin.py:190} INFO - [2026-06-16T14:29:38.786+0000] {dag.py:3239} INFO - Sync 1 DAGs
[2026-06-16T14:29:38.804+0000] {logging_mixin.py:190} INFO - [2026-06-16T14:29:38.803+0000] {dag.py:4180} INFO - Setting next_dagrun for crypto_pipeline_dag to 2026-06-16 00:00:00+00:00, run_after=2026-06-17 00:00:00+00:00
[2026-06-16T14:29:38.817+0000] {processor.py:208} INFO - Processing /opt/airflow/dags/crypto_pipeline_dag.py took 0.070 seconds
[2026-06-16T14:30:09.049+0000] {processor.py:186} INFO - Started process (PID=1343) to work on /opt/airflow/dags/crypto_pipeline_dag.py
[2026-06-16T14:30:09.049+0000] {processor.py:914} INFO - Processing file /opt/airflow/dags/crypto_pipeline_dag.py for tasks to queue
[2026-06-16T14:30:09.050+0000] {logging_mixin.py:190} INFO - [2026-06-16T14:30:09.050+0000] {dagbag.py:588} INFO - Filling up the DagBag from /opt/airflow/dags/crypto_pipeline_dag.py
[2026-06-16T14:30:09.062+0000] {processor.py:925} INFO - DAG(s) 'crypto_pipeline_dag' retrieved from /opt/airflow/dags/crypto_pipeline_dag.py
[2026-06-16T14:30:09.081+0000] {logging_mixin.py:190} INFO - [2026-06-16T14:30:09.081+0000] {dag.py:3239} INFO - Sync 1 DAGs
[2026-06-16T14:30:09.099+0000] {logging_mixin.py:190} INFO - [2026-06-16T14:30:09.099+0000] {dag.py:4180} INFO - Setting next_dagrun for crypto_pipeline_dag to 2026-06-16 00:00:00+00:00, run_after=2026-06-17 00:00:00+00:00
[2026-06-16T14:30:09.117+0000] {processor.py:208} INFO - Processing /opt/airflow/dags/crypto_pipeline_dag.py took 0.072 seconds
[2026-06-16T14:30:39.366+0000] {processor.py:186} INFO - Started process (PID=1348) to work on /opt/airflow/dags/crypto_pipeline_dag.py
[2026-06-16T14:30:39.367+0000] {processor.py:914} INFO - Processing file /opt/airflow/dags/crypto_pipeline_dag.py for tasks to queue
[2026-06-16T14:30:39.368+0000] {logging_mixin.py:190} INFO - [2026-06-16T14:30:39.367+0000] {dagbag.py:588} INFO - Filling up the DagBag from /opt/airflow/dags/crypto_pipeline_dag.py
[2026-06-16T14:30:39.379+0000] {processor.py:925} INFO - DAG(s) 'crypto_pipeline_dag' retrieved from /opt/airflow/dags/crypto_pipeline_dag.py
[2026-06-16T14:30:39.399+0000] {logging_mixin.py:190} INFO - [2026-06-16T14:30:39.398+0000] {dag.py:3239} INFO - Sync 1 DAGs
[2026-06-16T14:30:39.415+0000] {logging_mixin.py:190} INFO - [2026-06-16T14:30:39.414+0000] {dag.py:4180} INFO - Setting next_dagrun for crypto_pipeline_dag to 2026-06-16 00:00:00+00:00, run_after=2026-06-17 00:00:00+00:00
[2026-06-16T14:30:39.438+0000] {processor.py:208} INFO - Processing /opt/airflow/dags/crypto_pipeline_dag.py took 0.076 seconds
[2026-06-16T14:31:09.638+0000] {processor.py:186} INFO - Started process (PID=1353) to work on /opt/airflow/dags/crypto_pipeline_dag.py
[2026-06-16T14:31:09.639+0000] {processor.py:914} INFO - Processing file /opt/airflow/dags/crypto_pipeline_dag.py for tasks to queue
[2026-06-16T14:31:09.639+0000] {logging_mixin.py:190} INFO - [2026-06-16T14:31:09.639+0000] {dagbag.py:588} INFO - Filling up the DagBag from /opt/airflow/dags/crypto_pipeline_dag.py
[2026-06-16T14:31:09.653+0000] {processor.py:925} INFO - DAG(s) 'crypto_pipeline_dag' retrieved from /opt/airflow/dags/crypto_pipeline_dag.py
[2026-06-16T14:31:09.672+0000] {logging_mixin.py:190} INFO - [2026-06-16T14:31:09.672+0000] {dag.py:3239} INFO - Sync 1 DAGs
[2026-06-16T14:31:09.689+0000] {logging_mixin.py:190} INFO - [2026-06-16T14:31:09.689+0000] {dag.py:4180} INFO - Setting next_dagrun for crypto_pipeline_dag to 2026-06-16 00:00:00+00:00, run_after=2026-06-17 00:00:00+00:00
[2026-06-16T14:31:09.701+0000] {processor.py:208} INFO - Processing /opt/airflow/dags/crypto_pipeline_dag.py took 0.066 seconds
[2026-06-16T14:31:39.906+0000] {processor.py:186} INFO - Started process (PID=1358) to work on /opt/airflow/dags/crypto_pipeline_dag.py
[2026-06-16T14:31:39.907+0000] {processor.py:914} INFO - Processing file /opt/airflow/dags/crypto_pipeline_dag.py for tasks to queue
[2026-06-16T14:31:39.908+0000] {logging_mixin.py:190} INFO - [2026-06-16T14:31:39.907+0000] {dagbag.py:588} INFO - Filling up the DagBag from /opt/airflow/dags/crypto_pipeline_dag.py
[2026-06-16T14:31:39.920+0000] {processor.py:925} INFO - DAG(s) 'crypto_pipeline_dag' retrieved from /opt/airflow/dags/crypto_pipeline_dag.py
[2026-06-16T14:31:39.940+0000] {logging_mixin.py:190} INFO - [2026-06-16T14:31:39.940+0000] {dag.py:3239} INFO - Sync 1 DAGs
[2026-06-16T14:31:39.956+0000] {logging_mixin.py:190} INFO - [2026-06-16T14:31:39.956+0000] {dag.py:4180} INFO - Setting next_dagrun for crypto_pipeline_dag to 2026-06-16 00:00:00+00:00, run_after=2026-06-17 00:00:00+00:00
[2026-06-16T14:31:40.015+0000] {processor.py:208} INFO - Processing /opt/airflow/dags/crypto_pipeline_dag.py took 0.113 seconds
[2026-06-16T14:32:10.183+0000] {processor.py:186} INFO - Started process (PID=1363) to work on /opt/airflow/dags/crypto_pipeline_dag.py
[2026-06-16T14:32:10.184+0000] {processor.py:914} INFO - Processing file /opt/airflow/dags/crypto_pipeline_dag.py for tasks to queue
[2026-06-16T14:32:10.185+0000] {logging_mixin.py:190} INFO - [2026-06-16T14:32:10.185+0000] {dagbag.py:588} INFO - Filling up the DagBag from /opt/airflow/dags/crypto_pipeline_dag.py
[2026-06-16T14:32:10.199+0000] {processor.py:925} INFO - DAG(s) 'crypto_pipeline_dag' retrieved from /opt/airflow/dags/crypto_pipeline_dag.py
[2026-06-16T14:32:10.218+0000] {logging_mixin.py:190} INFO - [2026-06-16T14:32:10.217+0000] {dag.py:3239} INFO - Sync 1 DAGs
[2026-06-16T14:32:10.234+0000] {logging_mixin.py:190} INFO - [2026-06-16T14:32:10.233+0000] {dag.py:4180} INFO - Setting next_dagrun for crypto_pipeline_dag to 2026-06-16 00:00:00+00:00, run_after=2026-06-17 00:00:00+00:00
[2026-06-16T14:32:10.255+0000] {processor.py:208} INFO - Processing /opt/airflow/dags/crypto_pipeline_dag.py took 0.076 seconds
[2026-06-16T14:32:40.470+0000] {processor.py:186} INFO - Started process (PID=1368) to work on /opt/airflow/dags/crypto_pipeline_dag.py
[2026-06-16T14:32:40.471+0000] {processor.py:914} INFO - Processing file /opt/airflow/dags/crypto_pipeline_dag.py for tasks to queue
[2026-06-16T14:32:40.472+0000] {logging_mixin.py:190} INFO - [2026-06-16T14:32:40.471+0000] {dagbag.py:588} INFO - Filling up the DagBag from /opt/airflow/dags/crypto_pipeline_dag.py
[2026-06-16T14:32:40.493+0000] {processor.py:925} INFO - DAG(s) 'crypto_pipeline_dag' retrieved from /opt/airflow/dags/crypto_pipeline_dag.py
[2026-06-16T14:32:40.519+0000] {logging_mixin.py:190} INFO - [2026-06-16T14:32:40.519+0000] {dag.py:3239} INFO - Sync 1 DAGs
[2026-06-16T14:32:40.544+0000] {logging_mixin.py:190} INFO - [2026-06-16T14:32:40.544+0000] {dag.py:4180} INFO - Setting next_dagrun for crypto_pipeline_dag to 2026-06-16 00:00:00+00:00, run_after=2026-06-17 00:00:00+00:00
[2026-06-16T14:32:40.618+0000] {processor.py:208} INFO - Processing /opt/airflow/dags/crypto_pipeline_dag.py took 0.153 seconds
[2026-06-16T14:33:10.752+0000] {processor.py:186} INFO - Started process (PID=1373) to work on /opt/airflow/dags/crypto_pipeline_dag.py
[2026-06-16T14:33:10.753+0000] {processor.py:914} INFO - Processing file /opt/airflow/dags/crypto_pipeline_dag.py for tasks to queue
[2026-06-16T14:33:10.754+0000] {logging_mixin.py:190} INFO - [2026-06-16T14:33:10.754+0000] {dagbag.py:588} INFO - Filling up the DagBag from /opt/airflow/dags/crypto_pipeline_dag.py
[2026-06-16T14:33:10.766+0000] {processor.py:925} INFO - DAG(s) 'crypto_pipeline_dag' retrieved from /opt/airflow/dags/crypto_pipeline_dag.py
[2026-06-16T14:33:10.787+0000] {logging_mixin.py:190} INFO - [2026-06-16T14:33:10.787+0000] {dag.py:3239} INFO - Sync 1 DAGs
[2026-06-16T14:33:10.806+0000] {logging_mixin.py:190} INFO - [2026-06-16T14:33:10.806+0000] {dag.py:4180} INFO - Setting next_dagrun for crypto_pipeline_dag to 2026-06-16 00:00:00+00:00, run_after=2026-06-17 00:00:00+00:00
[2026-06-16T14:33:10.856+0000] {processor.py:208} INFO - Processing /opt/airflow/dags/crypto_pipeline_dag.py took 0.108 seconds
[2026-06-16T14:33:41.096+0000] {processor.py:186} INFO - Started process (PID=1378) to work on /opt/airflow/dags/crypto_pipeline_dag.py
[2026-06-16T14:33:41.097+0000] {processor.py:914} INFO - Processing file /opt/airflow/dags/crypto_pipeline_dag.py for tasks to queue
[2026-06-16T14:33:41.098+0000] {logging_mixin.py:190} INFO - [2026-06-16T14:33:41.098+0000] {dagbag.py:588} INFO - Filling up the DagBag from /opt/airflow/dags/crypto_pipeline_dag.py
[2026-06-16T14:33:41.117+0000] {processor.py:925} INFO - DAG(s) 'crypto_pipeline_dag' retrieved from /opt/airflow/dags/crypto_pipeline_dag.py
[2026-06-16T14:33:41.140+0000] {logging_mixin.py:190} INFO - [2026-06-16T14:33:41.140+0000] {dag.py:3239} INFO - Sync 1 DAGs
[2026-06-16T14:33:41.157+0000] {logging_mixin.py:190} INFO - [2026-06-16T14:33:41.157+0000] {dag.py:4180} INFO - Setting next_dagrun for crypto_pipeline_dag to 2026-06-16 00:00:00+00:00, run_after=2026-06-17 00:00:00+00:00
[2026-06-16T14:33:41.172+0000] {processor.py:208} INFO - Processing /opt/airflow/dags/crypto_pipeline_dag.py took 0.080 seconds
[2026-06-16T14:34:11.332+0000] {processor.py:186} INFO - Started process (PID=1383) to work on /opt/airflow/dags/crypto_pipeline_dag.py
[2026-06-16T14:34:11.333+0000] {processor.py:914} INFO - Processing file /opt/airflow/dags/crypto_pipeline_dag.py for tasks to queue
[2026-06-16T14:34:11.334+0000] {logging_mixin.py:190} INFO - [2026-06-16T14:34:11.334+0000] {dagbag.py:588} INFO - Filling up the DagBag from /opt/airflow/dags/crypto_pipeline_dag.py
[2026-06-16T14:34:11.347+0000] {processor.py:925} INFO - DAG(s) 'crypto_pipeline_dag' retrieved from /opt/airflow/dags/crypto_pipeline_dag.py
[2026-06-16T14:34:11.370+0000] {logging_mixin.py:190} INFO - [2026-06-16T14:34:11.370+0000] {dag.py:3239} INFO - Sync 1 DAGs
[2026-06-16T14:34:11.388+0000] {logging_mixin.py:190} INFO - [2026-06-16T14:34:11.388+0000] {dag.py:4180} INFO - Setting next_dagrun for crypto_pipeline_dag to 2026-06-16 00:00:00+00:00, run_after=2026-06-17 00:00:00+00:00
[2026-06-16T14:34:11.432+0000] {processor.py:208} INFO - Processing /opt/airflow/dags/crypto_pipeline_dag.py took 0.105 seconds
[2026-06-16T14:34:41.703+0000] {processor.py:186} INFO - Started process (PID=1388) to work on /opt/airflow/dags/crypto_pipeline_dag.py
[2026-06-16T14:34:41.704+0000] {processor.py:914} INFO - Processing file /opt/airflow/dags/crypto_pipeline_dag.py for tasks to queue
[2026-06-16T14:34:41.705+0000] {logging_mixin.py:190} INFO - [2026-06-16T14:34:41.705+0000] {dagbag.py:588} INFO - Filling up the DagBag from /opt/airflow/dags/crypto_pipeline_dag.py
[2026-06-16T14:34:41.719+0000] {processor.py:925} INFO - DAG(s) 'crypto_pipeline_dag' retrieved from /opt/airflow/dags/crypto_pipeline_dag.py
[2026-06-16T14:34:41.740+0000] {logging_mixin.py:190} INFO - [2026-06-16T14:34:41.740+0000] {dag.py:3239} INFO - Sync 1 DAGs
[2026-06-16T14:34:41.761+0000] {logging_mixin.py:190} INFO - [2026-06-16T14:34:41.761+0000] {dag.py:4180} INFO - Setting next_dagrun for crypto_pipeline_dag to 2026-06-16 00:00:00+00:00, run_after=2026-06-17 00:00:00+00:00
[2026-06-16T14:34:41.783+0000] {processor.py:208} INFO - Processing /opt/airflow/dags/crypto_pipeline_dag.py took 0.085 seconds
[2026-06-16T14:35:11.913+0000] {processor.py:186} INFO - Started process (PID=1393) to work on /opt/airflow/dags/crypto_pipeline_dag.py
[2026-06-16T14:35:11.914+0000] {processor.py:914} INFO - Processing file /opt/airflow/dags/crypto_pipeline_dag.py for tasks to queue
[2026-06-16T14:35:11.915+0000] {logging_mixin.py:190} INFO - [2026-06-16T14:35:11.915+0000] {dagbag.py:588} INFO - Filling up the DagBag from /opt/airflow/dags/crypto_pipeline_dag.py
[2026-06-16T14:35:11.930+0000] {processor.py:925} INFO - DAG(s) 'crypto_pipeline_dag' retrieved from /opt/airflow/dags/crypto_pipeline_dag.py
[2026-06-16T14:35:11.951+0000] {logging_mixin.py:190} INFO - [2026-06-16T14:35:11.951+0000] {dag.py:3239} INFO - Sync 1 DAGs
[2026-06-16T14:35:11.970+0000] {logging_mixin.py:190} INFO - [2026-06-16T14:35:11.970+0000] {dag.py:4180} INFO - Setting next_dagrun for crypto_pipeline_dag to 2026-06-16 00:00:00+00:00, run_after=2026-06-17 00:00:00+00:00
[2026-06-16T14:35:12.035+0000] {processor.py:208} INFO - Processing /opt/airflow/dags/crypto_pipeline_dag.py took 0.127 seconds
[2026-06-16T14:35:42.154+0000] {processor.py:186} INFO - Started process (PID=1398) to work on /opt/airflow/dags/crypto_pipeline_dag.py
[2026-06-16T14:35:42.154+0000] {processor.py:914} INFO - Processing file /opt/airflow/dags/crypto_pipeline_dag.py for tasks to queue
[2026-06-16T14:35:42.155+0000] {logging_mixin.py:190} INFO - [2026-06-16T14:35:42.155+0000] {dagbag.py:588} INFO - Filling up the DagBag from /opt/airflow/dags/crypto_pipeline_dag.py
[2026-06-16T14:35:42.169+0000] {processor.py:925} INFO - DAG(s) 'crypto_pipeline_dag' retrieved from /opt/airflow/dags/crypto_pipeline_dag.py
[2026-06-16T14:35:42.193+0000] {logging_mixin.py:190} INFO - [2026-06-16T14:35:42.193+0000] {dag.py:3239} INFO - Sync 1 DAGs
[2026-06-16T14:35:42.210+0000] {logging_mixin.py:190} INFO - [2026-06-16T14:35:42.210+0000] {dag.py:4180} INFO - Setting next_dagrun for crypto_pipeline_dag to 2026-06-16 00:00:00+00:00, run_after=2026-06-17 00:00:00+00:00
[2026-06-16T14:35:42.246+0000] {processor.py:208} INFO - Processing /opt/airflow/dags/crypto_pipeline_dag.py took 0.096 seconds
[2026-06-16T14:36:12.489+0000] {processor.py:186} INFO - Started process (PID=1403) to work on /opt/airflow/dags/crypto_pipeline_dag.py
[2026-06-16T14:36:12.490+0000] {processor.py:914} INFO - Processing file /opt/airflow/dags/crypto_pipeline_dag.py for tasks to queue
[2026-06-16T14:36:12.493+0000] {logging_mixin.py:190} INFO - [2026-06-16T14:36:12.493+0000] {dagbag.py:588} INFO - Filling up the DagBag from /opt/airflow/dags/crypto_pipeline_dag.py
[2026-06-16T14:36:12.513+0000] {processor.py:925} INFO - DAG(s) 'crypto_pipeline_dag' retrieved from /opt/airflow/dags/crypto_pipeline_dag.py
[2026-06-16T14:36:12.533+0000] {logging_mixin.py:190} INFO - [2026-06-16T14:36:12.533+0000] {dag.py:3239} INFO - Sync 1 DAGs
[2026-06-16T14:36:12.550+0000] {logging_mixin.py:190} INFO - [2026-06-16T14:36:12.550+0000] {dag.py:4180} INFO - Setting next_dagrun for crypto_pipeline_dag to 2026-06-16 00:00:00+00:00, run_after=2026-06-17 00:00:00+00:00
[2026-06-16T14:36:12.563+0000] {processor.py:208} INFO - Processing /opt/airflow/dags/crypto_pipeline_dag.py took 0.077 seconds
[2026-06-16T14:36:42.748+0000] {processor.py:186} INFO - Started process (PID=1408) to work on /opt/airflow/dags/crypto_pipeline_dag.py
[2026-06-16T14:36:42.749+0000] {processor.py:914} INFO - Processing file /opt/airflow/dags/crypto_pipeline_dag.py for tasks to queue
[2026-06-16T14:36:42.751+0000] {logging_mixin.py:190} INFO - [2026-06-16T14:36:42.751+0000] {dagbag.py:588} INFO - Filling up the DagBag from /opt/airflow/dags/crypto_pipeline_dag.py
[2026-06-16T14:36:42.770+0000] {processor.py:925} INFO - DAG(s) 'crypto_pipeline_dag' retrieved from /opt/airflow/dags/crypto_pipeline_dag.py
[2026-06-16T14:36:42.791+0000] {logging_mixin.py:190} INFO - [2026-06-16T14:36:42.791+0000] {dag.py:3239} INFO - Sync 1 DAGs
[2026-06-16T14:36:42.810+0000] {logging_mixin.py:190} INFO - [2026-06-16T14:36:42.810+0000] {dag.py:4180} INFO - Setting next_dagrun for crypto_pipeline_dag to 2026-06-16 00:00:00+00:00, run_after=2026-06-17 00:00:00+00:00
[2026-06-16T14:36:42.833+0000] {processor.py:208} INFO - Processing /opt/airflow/dags/crypto_pipeline_dag.py took 0.093 seconds
[2026-06-16T14:37:12.928+0000] {processor.py:186} INFO - Started process (PID=1413) to work on /opt/airflow/dags/crypto_pipeline_dag.py
[2026-06-16T14:37:12.929+0000] {processor.py:914} INFO - Processing file /opt/airflow/dags/crypto_pipeline_dag.py for tasks to queue
[2026-06-16T14:37:12.931+0000] {logging_mixin.py:190} INFO - [2026-06-16T14:37:12.930+0000] {dagbag.py:588} INFO - Filling up the DagBag from /opt/airflow/dags/crypto_pipeline_dag.py
[2026-06-16T14:37:12.952+0000] {processor.py:925} INFO - DAG(s) 'crypto_pipeline_dag' retrieved from /opt/airflow/dags/crypto_pipeline_dag.py
[2026-06-16T14:37:12.979+0000] {logging_mixin.py:190} INFO - [2026-06-16T14:37:12.979+0000] {dag.py:3239} INFO - Sync 1 DAGs
[2026-06-16T14:37:12.998+0000] {logging_mixin.py:190} INFO - [2026-06-16T14:37:12.998+0000] {dag.py:4180} INFO - Setting next_dagrun for crypto_pipeline_dag to 2026-06-16 00:00:00+00:00, run_after=2026-06-17 00:00:00+00:00
[2026-06-16T14:37:13.012+0000] {processor.py:208} INFO - Processing /opt/airflow/dags/crypto_pipeline_dag.py took 0.088 seconds
[2026-06-16T14:37:43.180+0000] {processor.py:186} INFO - Started process (PID=1418) to work on /opt/airflow/dags/crypto_pipeline_dag.py
[2026-06-16T14:37:43.182+0000] {processor.py:914} INFO - Processing file /opt/airflow/dags/crypto_pipeline_dag.py for tasks to queue
[2026-06-16T14:37:43.183+0000] {logging_mixin.py:190} INFO - [2026-06-16T14:37:43.183+0000] {dagbag.py:588} INFO - Filling up the DagBag from /opt/airflow/dags/crypto_pipeline_dag.py
[2026-06-16T14:37:43.205+0000] {processor.py:925} INFO - DAG(s) 'crypto_pipeline_dag' retrieved from /opt/airflow/dags/crypto_pipeline_dag.py
[2026-06-16T14:37:43.226+0000] {logging_mixin.py:190} INFO - [2026-06-16T14:37:43.226+0000] {dag.py:3239} INFO - Sync 1 DAGs
[2026-06-16T14:37:43.244+0000] {logging_mixin.py:190} INFO - [2026-06-16T14:37:43.244+0000] {dag.py:4180} INFO - Setting next_dagrun for crypto_pipeline_dag to 2026-06-16 00:00:00+00:00, run_after=2026-06-17 00:00:00+00:00
[2026-06-16T14:37:43.278+0000] {processor.py:208} INFO - Processing /opt/airflow/dags/crypto_pipeline_dag.py took 0.102 seconds
[2026-06-16T14:38:13.461+0000] {processor.py:186} INFO - Started process (PID=1423) to work on /opt/airflow/dags/crypto_pipeline_dag.py
[2026-06-16T14:38:13.462+0000] {processor.py:914} INFO - Processing file /opt/airflow/dags/crypto_pipeline_dag.py for tasks to queue
[2026-06-16T14:38:13.463+0000] {logging_mixin.py:190} INFO - [2026-06-16T14:38:13.463+0000] {dagbag.py:588} INFO - Filling up the DagBag from /opt/airflow/dags/crypto_pipeline_dag.py
[2026-06-16T14:38:13.479+0000] {processor.py:925} INFO - DAG(s) 'crypto_pipeline_dag' retrieved from /opt/airflow/dags/crypto_pipeline_dag.py
[2026-06-16T14:38:13.502+0000] {logging_mixin.py:190} INFO - [2026-06-16T14:38:13.502+0000] {dag.py:3239} INFO - Sync 1 DAGs
[2026-06-16T14:38:13.520+0000] {logging_mixin.py:190} INFO - [2026-06-16T14:38:13.520+0000] {dag.py:4180} INFO - Setting next_dagrun for crypto_pipeline_dag to 2026-06-16 00:00:00+00:00, run_after=2026-06-17 00:00:00+00:00
[2026-06-16T14:38:13.532+0000] {processor.py:208} INFO - Processing /opt/airflow/dags/crypto_pipeline_dag.py took 0.147 seconds
[2026-06-16T14:38:43.680+0000] {processor.py:186} INFO - Started process (PID=1428) to work on /opt/airflow/dags/crypto_pipeline_dag.py
[2026-06-16T14:38:43.681+0000] {processor.py:914} INFO - Processing file /opt/airflow/dags/crypto_pipeline_dag.py for tasks to queue
[2026-06-16T14:38:43.682+0000] {logging_mixin.py:190} INFO - [2026-06-16T14:38:43.682+0000] {dagbag.py:588} INFO - Filling up the DagBag from /opt/airflow/dags/crypto_pipeline_dag.py
[2026-06-16T14:38:43.694+0000] {processor.py:925} INFO - DAG(s) 'crypto_pipeline_dag' retrieved from /opt/airflow/dags/crypto_pipeline_dag.py
[2026-06-16T14:38:43.715+0000] {logging_mixin.py:190} INFO - [2026-06-16T14:38:43.715+0000] {dag.py:3239} INFO - Sync 1 DAGs
[2026-06-16T14:38:43.732+0000] {logging_mixin.py:190} INFO - [2026-06-16T14:38:43.732+0000] {dag.py:4180} INFO - Setting next_dagrun for crypto_pipeline_dag to 2026-06-16 00:00:00+00:00, run_after=2026-06-17 00:00:00+00:00
[2026-06-16T14:38:43.786+0000] {processor.py:208} INFO - Processing /opt/airflow/dags/crypto_pipeline_dag.py took 0.111 seconds
[2026-06-16T14:39:13.918+0000] {processor.py:186} INFO - Started process (PID=1433) to work on /opt/airflow/dags/crypto_pipeline_dag.py
[2026-06-16T14:39:13.919+0000] {processor.py:914} INFO - Processing file /opt/airflow/dags/crypto_pipeline_dag.py for tasks to queue
[2026-06-16T14:39:13.921+0000] {logging_mixin.py:190} INFO - [2026-06-16T14:39:13.920+0000] {dagbag.py:588} INFO - Filling up the DagBag from /opt/airflow/dags/crypto_pipeline_dag.py
[2026-06-16T14:39:13.935+0000] {processor.py:925} INFO - DAG(s) 'crypto_pipeline_dag' retrieved from /opt/airflow/dags/crypto_pipeline_dag.py
[2026-06-16T14:39:13.958+0000] {logging_mixin.py:190} INFO - [2026-06-16T14:39:13.958+0000] {dag.py:3239} INFO - Sync 1 DAGs
[2026-06-16T14:39:13.977+0000] {logging_mixin.py:190} INFO - [2026-06-16T14:39:13.977+0000] {dag.py:4180} INFO - Setting next_dagrun for crypto_pipeline_dag to 2026-06-16 00:00:00+00:00, run_after=2026-06-17 00:00:00+00:00
[2026-06-16T14:39:13.991+0000] {processor.py:208} INFO - Processing /opt/airflow/dags/crypto_pipeline_dag.py took 0.077 seconds
[2026-06-16T14:39:27.050+0000] {processor.py:186} INFO - Started process (PID=1438) to work on /opt/airflow/dags/crypto_pipeline_dag.py
[2026-06-16T14:39:27.051+0000] {processor.py:914} INFO - Processing file /opt/airflow/dags/crypto_pipeline_dag.py for tasks to queue
[2026-06-16T14:39:27.052+0000] {logging_mixin.py:190} INFO - [2026-06-16T14:39:27.052+0000] {dagbag.py:588} INFO - Filling up the DagBag from /opt/airflow/dags/crypto_pipeline_dag.py
[2026-06-16T14:39:27.070+0000] {processor.py:925} INFO - DAG(s) 'crypto_pipeline_dag' retrieved from /opt/airflow/dags/crypto_pipeline_dag.py
[2026-06-16T14:39:27.226+0000] {logging_mixin.py:190} INFO - [2026-06-16T14:39:27.225+0000] {dag.py:3239} INFO - Sync 1 DAGs
[2026-06-16T14:39:27.241+0000] {logging_mixin.py:190} INFO - [2026-06-16T14:39:27.241+0000] {dag.py:4180} INFO - Setting next_dagrun for crypto_pipeline_dag to 2026-06-16 00:00:00+00:00, run_after=2026-06-17 00:00:00+00:00
[2026-06-16T14:39:27.516+0000] {processor.py:208} INFO - Processing /opt/airflow/dags/crypto_pipeline_dag.py took 0.470 seconds
[2026-06-16T14:39:33.123+0000] {processor.py:186} INFO - Started process (PID=1443) to work on /opt/airflow/dags/crypto_pipeline_dag.py
[2026-06-16T14:39:33.124+0000] {processor.py:914} INFO - Processing file /opt/airflow/dags/crypto_pipeline_dag.py for tasks to queue
[2026-06-16T14:39:33.125+0000] {logging_mixin.py:190} INFO - [2026-06-16T14:39:33.124+0000] {dagbag.py:588} INFO - Filling up the DagBag from /opt/airflow/dags/crypto_pipeline_dag.py
[2026-06-16T14:39:33.172+0000] {processor.py:925} INFO - DAG(s) 'crypto_pipeline_dag' retrieved from /opt/airflow/dags/crypto_pipeline_dag.py
[2026-06-16T14:39:33.183+0000] {logging_mixin.py:190} INFO - [2026-06-16T14:39:33.183+0000] {dag.py:3239} INFO - Sync 1 DAGs
[2026-06-16T14:39:33.201+0000] {logging_mixin.py:190} INFO - [2026-06-16T14:39:33.200+0000] {dag.py:4180} INFO - Setting next_dagrun for crypto_pipeline_dag to 2026-06-16 00:00:00+00:00, run_after=2026-06-17 00:00:00+00:00
[2026-06-16T14:39:33.239+0000] {processor.py:208} INFO - Processing /opt/airflow/dags/crypto_pipeline_dag.py took 0.121 seconds
[2026-06-16T14:39:35.141+0000] {processor.py:186} INFO - Started process (PID=1448) to work on /opt/airflow/dags/crypto_pipeline_dag.py
[2026-06-16T14:39:35.142+0000] {processor.py:914} INFO - Processing file /opt/airflow/dags/crypto_pipeline_dag.py for tasks to queue
[2026-06-16T14:39:35.143+0000] {logging_mixin.py:190} INFO - [2026-06-16T14:39:35.142+0000] {dagbag.py:588} INFO - Filling up the DagBag from /opt/airflow/dags/crypto_pipeline_dag.py
[2026-06-16T14:39:35.163+0000] {processor.py:925} INFO - DAG(s) 'crypto_pipeline_dag' retrieved from /opt/airflow/dags/crypto_pipeline_dag.py
[2026-06-16T14:39:35.173+0000] {logging_mixin.py:190} INFO - [2026-06-16T14:39:35.173+0000] {dag.py:3239} INFO - Sync 1 DAGs
[2026-06-16T14:39:35.190+0000] {logging_mixin.py:190} INFO - [2026-06-16T14:39:35.190+0000] {dag.py:4180} INFO - Setting next_dagrun for crypto_pipeline_dag to 2026-06-16 00:00:00+00:00, run_after=2026-06-17 00:00:00+00:00
[2026-06-16T14:39:35.207+0000] {processor.py:208} INFO - Processing /opt/airflow/dags/crypto_pipeline_dag.py took 0.071 seconds
[2026-06-16T14:40:05.356+0000] {processor.py:186} INFO - Started process (PID=1461) to work on /opt/airflow/dags/crypto_pipeline_dag.py
[2026-06-16T14:40:05.356+0000] {processor.py:914} INFO - Processing file /opt/airflow/dags/crypto_pipeline_dag.py for tasks to queue
[2026-06-16T14:40:05.358+0000] {logging_mixin.py:190} INFO - [2026-06-16T14:40:05.357+0000] {dagbag.py:588} INFO - Filling up the DagBag from /opt/airflow/dags/crypto_pipeline_dag.py
[2026-06-16T14:40:05.375+0000] {processor.py:925} INFO - DAG(s) 'crypto_pipeline_dag' retrieved from /opt/airflow/dags/crypto_pipeline_dag.py
[2026-06-16T14:40:05.397+0000] {logging_mixin.py:190} INFO - [2026-06-16T14:40:05.397+0000] {dag.py:3239} INFO - Sync 1 DAGs
[2026-06-16T14:40:05.416+0000] {logging_mixin.py:190} INFO - [2026-06-16T14:40:05.415+0000] {dag.py:4180} INFO - Setting next_dagrun for crypto_pipeline_dag to 2026-06-16 00:00:00+00:00, run_after=2026-06-17 00:00:00+00:00
[2026-06-16T14:40:05.439+0000] {processor.py:208} INFO - Processing /opt/airflow/dags/crypto_pipeline_dag.py took 0.088 seconds
[2026-06-16T14:40:35.642+0000] {processor.py:186} INFO - Started process (PID=1475) to work on /opt/airflow/dags/crypto_pipeline_dag.py
[2026-06-16T14:40:35.642+0000] {processor.py:914} INFO - Processing file /opt/airflow/dags/crypto_pipeline_dag.py for tasks to queue
[2026-06-16T14:40:35.644+0000] {logging_mixin.py:190} INFO - [2026-06-16T14:40:35.643+0000] {dagbag.py:588} INFO - Filling up the DagBag from /opt/airflow/dags/crypto_pipeline_dag.py
[2026-06-16T14:40:35.656+0000] {processor.py:925} INFO - DAG(s) 'crypto_pipeline_dag' retrieved from /opt/airflow/dags/crypto_pipeline_dag.py
[2026-06-16T14:40:35.678+0000] {logging_mixin.py:190} INFO - [2026-06-16T14:40:35.678+0000] {dag.py:3239} INFO - Sync 1 DAGs
[2026-06-16T14:40:35.699+0000] {logging_mixin.py:190} INFO - [2026-06-16T14:40:35.699+0000] {dag.py:4180} INFO - Setting next_dagrun for crypto_pipeline_dag to 2026-06-16 00:00:00+00:00, run_after=2026-06-17 00:00:00+00:00
[2026-06-16T14:40:35.715+0000] {processor.py:208} INFO - Processing /opt/airflow/dags/crypto_pipeline_dag.py took 0.078 seconds
[2026-06-16T14:41:05.883+0000] {processor.py:186} INFO - Started process (PID=1480) to work on /opt/airflow/dags/crypto_pipeline_dag.py
[2026-06-16T14:41:05.884+0000] {processor.py:914} INFO - Processing file /opt/airflow/dags/crypto_pipeline_dag.py for tasks to queue
[2026-06-16T14:41:05.886+0000] {logging_mixin.py:190} INFO - [2026-06-16T14:41:05.885+0000] {dagbag.py:588} INFO - Filling up the DagBag from /opt/airflow/dags/crypto_pipeline_dag.py
[2026-06-16T14:41:05.899+0000] {processor.py:925} INFO - DAG(s) 'crypto_pipeline_dag' retrieved from /opt/airflow/dags/crypto_pipeline_dag.py
[2026-06-16T14:41:05.921+0000] {logging_mixin.py:190} INFO - [2026-06-16T14:41:05.921+0000] {dag.py:3239} INFO - Sync 1 DAGs
[2026-06-16T14:41:05.939+0000] {logging_mixin.py:190} INFO - [2026-06-16T14:41:05.939+0000] {dag.py:4180} INFO - Setting next_dagrun for crypto_pipeline_dag to 2026-06-16 00:00:00+00:00, run_after=2026-06-17 00:00:00+00:00
[2026-06-16T14:41:05.955+0000] {processor.py:208} INFO - Processing /opt/airflow/dags/crypto_pipeline_dag.py took 0.077 seconds
[2026-06-16T14:41:36.161+0000] {processor.py:186} INFO - Started process (PID=1485) to work on /opt/airflow/dags/crypto_pipeline_dag.py
[2026-06-16T14:41:36.161+0000] {processor.py:914} INFO - Processing file /opt/airflow/dags/crypto_pipeline_dag.py for tasks to queue
[2026-06-16T14:41:36.163+0000] {logging_mixin.py:190} INFO - [2026-06-16T14:41:36.162+0000] {dagbag.py:588} INFO - Filling up the DagBag from /opt/airflow/dags/crypto_pipeline_dag.py
[2026-06-16T14:41:36.176+0000] {processor.py:925} INFO - DAG(s) 'crypto_pipeline_dag' retrieved from /opt/airflow/dags/crypto_pipeline_dag.py
[2026-06-16T14:41:36.196+0000] {logging_mixin.py:190} INFO - [2026-06-16T14:41:36.196+0000] {dag.py:3239} INFO - Sync 1 DAGs
[2026-06-16T14:41:36.212+0000] {logging_mixin.py:190} INFO - [2026-06-16T14:41:36.212+0000] {dag.py:4180} INFO - Setting next_dagrun for crypto_pipeline_dag to 2026-06-16 00:00:00+00:00, run_after=2026-06-17 00:00:00+00:00
[2026-06-16T14:41:36.262+0000] {processor.py:208} INFO - Processing /opt/airflow/dags/crypto_pipeline_dag.py took 0.106 seconds
[2026-06-16T14:42:06.480+0000] {processor.py:186} INFO - Started process (PID=1498) to work on /opt/airflow/dags/crypto_pipeline_dag.py
[2026-06-16T14:42:06.482+0000] {processor.py:914} INFO - Processing file /opt/airflow/dags/crypto_pipeline_dag.py for tasks to queue
[2026-06-16T14:42:06.483+0000] {logging_mixin.py:190} INFO - [2026-06-16T14:42:06.482+0000] {dagbag.py:588} INFO - Filling up the DagBag from /opt/airflow/dags/crypto_pipeline_dag.py
[2026-06-16T14:42:06.501+0000] {processor.py:925} INFO - DAG(s) 'crypto_pipeline_dag' retrieved from /opt/airflow/dags/crypto_pipeline_dag.py
[2026-06-16T14:42:06.525+0000] {logging_mixin.py:190} INFO - [2026-06-16T14:42:06.524+0000] {dag.py:3239} INFO - Sync 1 DAGs
[2026-06-16T14:42:06.542+0000] {logging_mixin.py:190} INFO - [2026-06-16T14:42:06.542+0000] {dag.py:4180} INFO - Setting next_dagrun for crypto_pipeline_dag to 2026-06-16 00:00:00+00:00, run_after=2026-06-17 00:00:00+00:00
[2026-06-16T14:42:06.556+0000] {processor.py:208} INFO - Processing /opt/airflow/dags/crypto_pipeline_dag.py took 0.139 seconds
[2026-06-16T14:42:36.710+0000] {processor.py:186} INFO - Started process (PID=1503) to work on /opt/airflow/dags/crypto_pipeline_dag.py
[2026-06-16T14:42:36.710+0000] {processor.py:914} INFO - Processing file /opt/airflow/dags/crypto_pipeline_dag.py for tasks to queue
[2026-06-16T14:42:36.711+0000] {logging_mixin.py:190} INFO - [2026-06-16T14:42:36.711+0000] {dagbag.py:588} INFO - Filling up the DagBag from /opt/airflow/dags/crypto_pipeline_dag.py
[2026-06-16T14:42:36.725+0000] {processor.py:925} INFO - DAG(s) 'crypto_pipeline_dag' retrieved from /opt/airflow/dags/crypto_pipeline_dag.py
[2026-06-16T14:42:36.745+0000] {logging_mixin.py:190} INFO - [2026-06-16T14:42:36.745+0000] {dag.py:3239} INFO - Sync 1 DAGs
[2026-06-16T14:42:36.762+0000] {logging_mixin.py:190} INFO - [2026-06-16T14:42:36.762+0000] {dag.py:4180} INFO - Setting next_dagrun for crypto_pipeline_dag to 2026-06-16 00:00:00+00:00, run_after=2026-06-17 00:00:00+00:00
[2026-06-16T14:42:36.828+0000] {processor.py:208} INFO - Processing /opt/airflow/dags/crypto_pipeline_dag.py took 0.123 seconds
[2026-06-16T14:43:06.979+0000] {processor.py:186} INFO - Started process (PID=1508) to work on /opt/airflow/dags/crypto_pipeline_dag.py
[2026-06-16T14:43:06.980+0000] {processor.py:914} INFO - Processing file /opt/airflow/dags/crypto_pipeline_dag.py for tasks to queue
[2026-06-16T14:43:06.981+0000] {logging_mixin.py:190} INFO - [2026-06-16T14:43:06.981+0000] {dagbag.py:588} INFO - Filling up the DagBag from /opt/airflow/dags/crypto_pipeline_dag.py
[2026-06-16T14:43:06.996+0000] {processor.py:925} INFO - DAG(s) 'crypto_pipeline_dag' retrieved from /opt/airflow/dags/crypto_pipeline_dag.py
[2026-06-16T14:43:07.017+0000] {logging_mixin.py:190} INFO - [2026-06-16T14:43:07.017+0000] {dag.py:3239} INFO - Sync 1 DAGs
[2026-06-16T14:43:07.036+0000] {logging_mixin.py:190} INFO - [2026-06-16T14:43:07.036+0000] {dag.py:4180} INFO - Setting next_dagrun for crypto_pipeline_dag to 2026-06-16 00:00:00+00:00, run_after=2026-06-17 00:00:00+00:00
[2026-06-16T14:43:07.105+0000] {processor.py:208} INFO - Processing /opt/airflow/dags/crypto_pipeline_dag.py took 0.131 seconds
[2026-06-16T14:43:37.213+0000] {processor.py:186} INFO - Started process (PID=1513) to work on /opt/airflow/dags/crypto_pipeline_dag.py
[2026-06-16T14:43:37.215+0000] {processor.py:914} INFO - Processing file /opt/airflow/dags/crypto_pipeline_dag.py for tasks to queue
[2026-06-16T14:43:37.216+0000] {logging_mixin.py:190} INFO - [2026-06-16T14:43:37.216+0000] {dagbag.py:588} INFO - Filling up the DagBag from /opt/airflow/dags/crypto_pipeline_dag.py
[2026-06-16T14:43:37.239+0000] {processor.py:925} INFO - DAG(s) 'crypto_pipeline_dag' retrieved from /opt/airflow/dags/crypto_pipeline_dag.py
[2026-06-16T14:43:37.268+0000] {logging_mixin.py:190} INFO - [2026-06-16T14:43:37.268+0000] {dag.py:3239} INFO - Sync 1 DAGs
[2026-06-16T14:43:37.291+0000] {logging_mixin.py:190} INFO - [2026-06-16T14:43:37.291+0000] {dag.py:4180} INFO - Setting next_dagrun for crypto_pipeline_dag to 2026-06-16 00:00:00+00:00, run_after=2026-06-17 00:00:00+00:00
[2026-06-16T14:43:37.309+0000] {processor.py:208} INFO - Processing /opt/airflow/dags/crypto_pipeline_dag.py took 0.103 seconds
[2026-06-16T14:43:48.396+0000] {processor.py:186} INFO - Started process (PID=1518) to work on /opt/airflow/dags/crypto_pipeline_dag.py
[2026-06-16T14:43:48.396+0000] {processor.py:914} INFO - Processing file /opt/airflow/dags/crypto_pipeline_dag.py for tasks to queue
[2026-06-16T14:43:48.397+0000] {logging_mixin.py:190} INFO - [2026-06-16T14:43:48.397+0000] {dagbag.py:588} INFO - Filling up the DagBag from /opt/airflow/dags/crypto_pipeline_dag.py
[2026-06-16T14:43:48.421+0000] {processor.py:925} INFO - DAG(s) 'crypto_pipeline_dag' retrieved from /opt/airflow/dags/crypto_pipeline_dag.py
[2026-06-16T14:43:48.538+0000] {logging_mixin.py:190} INFO - [2026-06-16T14:43:48.538+0000] {dag.py:3239} INFO - Sync 1 DAGs
[2026-06-16T14:43:48.553+0000] {logging_mixin.py:190} INFO - [2026-06-16T14:43:48.553+0000] {dag.py:4180} INFO - Setting next_dagrun for crypto_pipeline_dag to 2026-06-16 00:00:00+00:00, run_after=2026-06-17 00:00:00+00:00
[2026-06-16T14:43:48.572+0000] {processor.py:208} INFO - Processing /opt/airflow/dags/crypto_pipeline_dag.py took 0.181 seconds
[2026-06-16T14:44:18.817+0000] {processor.py:186} INFO - Started process (PID=1523) to work on /opt/airflow/dags/crypto_pipeline_dag.py
[2026-06-16T14:44:18.818+0000] {processor.py:914} INFO - Processing file /opt/airflow/dags/crypto_pipeline_dag.py for tasks to queue
[2026-06-16T14:44:18.820+0000] {logging_mixin.py:190} INFO - [2026-06-16T14:44:18.819+0000] {dagbag.py:588} INFO - Filling up the DagBag from /opt/airflow/dags/crypto_pipeline_dag.py
[2026-06-16T14:44:18.844+0000] {processor.py:925} INFO - DAG(s) 'crypto_pipeline_dag' retrieved from /opt/airflow/dags/crypto_pipeline_dag.py
[2026-06-16T14:44:18.866+0000] {logging_mixin.py:190} INFO - [2026-06-16T14:44:18.866+0000] {dag.py:3239} INFO - Sync 1 DAGs
[2026-06-16T14:44:18.884+0000] {logging_mixin.py:190} INFO - [2026-06-16T14:44:18.884+0000] {dag.py:4180} INFO - Setting next_dagrun for crypto_pipeline_dag to 2026-06-16 00:00:00+00:00, run_after=2026-06-17 00:00:00+00:00
[2026-06-16T14:44:18.898+0000] {processor.py:208} INFO - Processing /opt/airflow/dags/crypto_pipeline_dag.py took 0.085 seconds
[2026-06-16T14:44:49.050+0000] {processor.py:186} INFO - Started process (PID=1528) to work on /opt/airflow/dags/crypto_pipeline_dag.py
[2026-06-16T14:44:49.051+0000] {processor.py:914} INFO - Processing file /opt/airflow/dags/crypto_pipeline_dag.py for tasks to queue
[2026-06-16T14:44:49.052+0000] {logging_mixin.py:190} INFO - [2026-06-16T14:44:49.052+0000] {dagbag.py:588} INFO - Filling up the DagBag from /opt/airflow/dags/crypto_pipeline_dag.py
[2026-06-16T14:44:49.066+0000] {processor.py:925} INFO - DAG(s) 'crypto_pipeline_dag' retrieved from /opt/airflow/dags/crypto_pipeline_dag.py
[2026-06-16T14:44:49.086+0000] {logging_mixin.py:190} INFO - [2026-06-16T14:44:49.086+0000] {dag.py:3239} INFO - Sync 1 DAGs
[2026-06-16T14:44:49.104+0000] {logging_mixin.py:190} INFO - [2026-06-16T14:44:49.104+0000] {dag.py:4180} INFO - Setting next_dagrun for crypto_pipeline_dag to 2026-06-16 00:00:00+00:00, run_after=2026-06-17 00:00:00+00:00
[2026-06-16T14:44:49.117+0000] {processor.py:208} INFO - Processing /opt/airflow/dags/crypto_pipeline_dag.py took 0.071 seconds
[2026-06-16T14:45:19.299+0000] {processor.py:186} INFO - Started process (PID=1533) to work on /opt/airflow/dags/crypto_pipeline_dag.py
[2026-06-16T14:45:19.300+0000] {processor.py:914} INFO - Processing file /opt/airflow/dags/crypto_pipeline_dag.py for tasks to queue
[2026-06-16T14:45:19.301+0000] {logging_mixin.py:190} INFO - [2026-06-16T14:45:19.301+0000] {dagbag.py:588} INFO - Filling up the DagBag from /opt/airflow/dags/crypto_pipeline_dag.py
[2026-06-16T14:45:19.316+0000] {processor.py:925} INFO - DAG(s) 'crypto_pipeline_dag' retrieved from /opt/airflow/dags/crypto_pipeline_dag.py
[2026-06-16T14:45:19.337+0000] {logging_mixin.py:190} INFO - [2026-06-16T14:45:19.337+0000] {dag.py:3239} INFO - Sync 1 DAGs
[2026-06-16T14:45:19.356+0000] {logging_mixin.py:190} INFO - [2026-06-16T14:45:19.356+0000] {dag.py:4180} INFO - Setting next_dagrun for crypto_pipeline_dag to 2026-06-16 00:00:00+00:00, run_after=2026-06-17 00:00:00+00:00
[2026-06-16T14:45:19.370+0000] {processor.py:208} INFO - Processing /opt/airflow/dags/crypto_pipeline_dag.py took 0.075 seconds
[2026-06-16T14:45:49.528+0000] {processor.py:186} INFO - Started process (PID=1548) to work on /opt/airflow/dags/crypto_pipeline_dag.py
[2026-06-16T14:45:49.529+0000] {processor.py:914} INFO - Processing file /opt/airflow/dags/crypto_pipeline_dag.py for tasks to queue
[2026-06-16T14:45:49.530+0000] {logging_mixin.py:190} INFO - [2026-06-16T14:45:49.530+0000] {dagbag.py:588} INFO - Filling up the DagBag from /opt/airflow/dags/crypto_pipeline_dag.py
[2026-06-16T14:45:49.544+0000] {processor.py:925} INFO - DAG(s) 'crypto_pipeline_dag' retrieved from /opt/airflow/dags/crypto_pipeline_dag.py
[2026-06-16T14:45:49.561+0000] {logging_mixin.py:190} INFO - [2026-06-16T14:45:49.561+0000] {dag.py:3239} INFO - Sync 1 DAGs
[2026-06-16T14:45:49.578+0000] {logging_mixin.py:190} INFO - [2026-06-16T14:45:49.578+0000] {dag.py:4180} INFO - Setting next_dagrun for crypto_pipeline_dag to 2026-06-16 00:00:00+00:00, run_after=2026-06-17 00:00:00+00:00
[2026-06-16T14:45:49.592+0000] {processor.py:208} INFO - Processing /opt/airflow/dags/crypto_pipeline_dag.py took 0.068 seconds
[2026-06-16T14:46:19.853+0000] {processor.py:186} INFO - Started process (PID=1554) to work on /opt/airflow/dags/crypto_pipeline_dag.py
[2026-06-16T14:46:19.855+0000] {processor.py:914} INFO - Processing file /opt/airflow/dags/crypto_pipeline_dag.py for tasks to queue
[2026-06-16T14:46:19.857+0000] {logging_mixin.py:190} INFO - [2026-06-16T14:46:19.856+0000] {dagbag.py:588} INFO - Filling up the DagBag from /opt/airflow/dags/crypto_pipeline_dag.py
[2026-06-16T14:46:19.872+0000] {processor.py:925} INFO - DAG(s) 'crypto_pipeline_dag' retrieved from /opt/airflow/dags/crypto_pipeline_dag.py
[2026-06-16T14:46:19.896+0000] {logging_mixin.py:190} INFO - [2026-06-16T14:46:19.896+0000] {dag.py:3239} INFO - Sync 1 DAGs
[2026-06-16T14:46:19.916+0000] {logging_mixin.py:190} INFO - [2026-06-16T14:46:19.916+0000] {dag.py:4180} INFO - Setting next_dagrun for crypto_pipeline_dag to 2026-06-16 00:00:00+00:00, run_after=2026-06-17 00:00:00+00:00
[2026-06-16T14:46:19.932+0000] {processor.py:208} INFO - Processing /opt/airflow/dags/crypto_pipeline_dag.py took 0.085 seconds
[2026-06-16T14:46:50.074+0000] {processor.py:186} INFO - Started process (PID=1559) to work on /opt/airflow/dags/crypto_pipeline_dag.py
[2026-06-16T14:46:50.075+0000] {processor.py:914} INFO - Processing file /opt/airflow/dags/crypto_pipeline_dag.py for tasks to queue
[2026-06-16T14:46:50.076+0000] {logging_mixin.py:190} INFO - [2026-06-16T14:46:50.075+0000] {dagbag.py:588} INFO - Filling up the DagBag from /opt/airflow/dags/crypto_pipeline_dag.py
[2026-06-16T14:46:50.092+0000] {processor.py:925} INFO - DAG(s) 'crypto_pipeline_dag' retrieved from /opt/airflow/dags/crypto_pipeline_dag.py
[2026-06-16T14:46:50.116+0000] {logging_mixin.py:190} INFO - [2026-06-16T14:46:50.116+0000] {dag.py:3239} INFO - Sync 1 DAGs
[2026-06-16T14:46:50.132+0000] {logging_mixin.py:190} INFO - [2026-06-16T14:46:50.132+0000] {dag.py:4180} INFO - Setting next_dagrun for crypto_pipeline_dag to 2026-06-16 00:00:00+00:00, run_after=2026-06-17 00:00:00+00:00
[2026-06-16T14:46:50.145+0000] {processor.py:208} INFO - Processing /opt/airflow/dags/crypto_pipeline_dag.py took 0.087 seconds
[2026-06-16T14:47:20.266+0000] {processor.py:186} INFO - Started process (PID=1564) to work on /opt/airflow/dags/crypto_pipeline_dag.py
[2026-06-16T14:47:20.267+0000] {processor.py:914} INFO - Processing file /opt/airflow/dags/crypto_pipeline_dag.py for tasks to queue
[2026-06-16T14:47:20.268+0000] {logging_mixin.py:190} INFO - [2026-06-16T14:47:20.268+0000] {dagbag.py:588} INFO - Filling up the DagBag from /opt/airflow/dags/crypto_pipeline_dag.py
[2026-06-16T14:47:20.285+0000] {processor.py:925} INFO - DAG(s) 'crypto_pipeline_dag' retrieved from /opt/airflow/dags/crypto_pipeline_dag.py
[2026-06-16T14:47:20.305+0000] {logging_mixin.py:190} INFO - [2026-06-16T14:47:20.305+0000] {dag.py:3239} INFO - Sync 1 DAGs
[2026-06-16T14:47:20.322+0000] {logging_mixin.py:190} INFO - [2026-06-16T14:47:20.322+0000] {dag.py:4180} INFO - Setting next_dagrun for crypto_pipeline_dag to 2026-06-16 00:00:00+00:00, run_after=2026-06-17 00:00:00+00:00
[2026-06-16T14:47:20.368+0000] {processor.py:208} INFO - Processing /opt/airflow/dags/crypto_pipeline_dag.py took 0.106 seconds
[2026-06-16T14:47:50.493+0000] {processor.py:186} INFO - Started process (PID=1586) to work on /opt/airflow/dags/crypto_pipeline_dag.py
[2026-06-16T14:47:50.494+0000] {processor.py:914} INFO - Processing file /opt/airflow/dags/crypto_pipeline_dag.py for tasks to queue
[2026-06-16T14:47:50.495+0000] {logging_mixin.py:190} INFO - [2026-06-16T14:47:50.495+0000] {dagbag.py:588} INFO - Filling up the DagBag from /opt/airflow/dags/crypto_pipeline_dag.py
[2026-06-16T14:47:50.511+0000] {processor.py:925} INFO - DAG(s) 'crypto_pipeline_dag' retrieved from /opt/airflow/dags/crypto_pipeline_dag.py
[2026-06-16T14:47:50.530+0000] {logging_mixin.py:190} INFO - [2026-06-16T14:47:50.530+0000] {dag.py:3239} INFO - Sync 1 DAGs
[2026-06-16T14:47:50.547+0000] {logging_mixin.py:190} INFO - [2026-06-16T14:47:50.547+0000] {dag.py:4180} INFO - Setting next_dagrun for crypto_pipeline_dag to 2026-06-16 00:00:00+00:00, run_after=2026-06-17 00:00:00+00:00
[2026-06-16T14:47:50.560+0000] {processor.py:208} INFO - Processing /opt/airflow/dags/crypto_pipeline_dag.py took 0.070 seconds
[2026-06-16T14:48:20.705+0000] {processor.py:186} INFO - Started process (PID=1591) to work on /opt/airflow/dags/crypto_pipeline_dag.py
[2026-06-16T14:48:20.706+0000] {processor.py:914} INFO - Processing file /opt/airflow/dags/crypto_pipeline_dag.py for tasks to queue
[2026-06-16T14:48:20.708+0000] {logging_mixin.py:190} INFO - [2026-06-16T14:48:20.707+0000] {dagbag.py:588} INFO - Filling up the DagBag from /opt/airflow/dags/crypto_pipeline_dag.py
[2026-06-16T14:48:20.728+0000] {processor.py:925} INFO - DAG(s) 'crypto_pipeline_dag' retrieved from /opt/airflow/dags/crypto_pipeline_dag.py
[2026-06-16T14:48:20.757+0000] {logging_mixin.py:190} INFO - [2026-06-16T14:48:20.757+0000] {dag.py:3239} INFO - Sync 1 DAGs
[2026-06-16T14:48:20.776+0000] {logging_mixin.py:190} INFO - [2026-06-16T14:48:20.776+0000] {dag.py:4180} INFO - Setting next_dagrun for crypto_pipeline_dag to 2026-06-16 00:00:00+00:00, run_after=2026-06-17 00:00:00+00:00
[2026-06-16T14:48:20.792+0000] {processor.py:208} INFO - Processing /opt/airflow/dags/crypto_pipeline_dag.py took 0.093 seconds
[2026-06-16T14:48:50.945+0000] {processor.py:186} INFO - Started process (PID=1596) to work on /opt/airflow/dags/crypto_pipeline_dag.py
[2026-06-16T14:48:50.946+0000] {processor.py:914} INFO - Processing file /opt/airflow/dags/crypto_pipeline_dag.py for tasks to queue
[2026-06-16T14:48:50.947+0000] {logging_mixin.py:190} INFO - [2026-06-16T14:48:50.946+0000] {dagbag.py:588} INFO - Filling up the DagBag from /opt/airflow/dags/crypto_pipeline_dag.py
[2026-06-16T14:48:50.959+0000] {processor.py:925} INFO - DAG(s) 'crypto_pipeline_dag' retrieved from /opt/airflow/dags/crypto_pipeline_dag.py
[2026-06-16T14:48:50.979+0000] {logging_mixin.py:190} INFO - [2026-06-16T14:48:50.979+0000] {dag.py:3239} INFO - Sync 1 DAGs
[2026-06-16T14:48:50.997+0000] {logging_mixin.py:190} INFO - [2026-06-16T14:48:50.997+0000] {dag.py:4180} INFO - Setting next_dagrun for crypto_pipeline_dag to 2026-06-16 00:00:00+00:00, run_after=2026-06-17 00:00:00+00:00
[2026-06-16T14:48:51.012+0000] {processor.py:208} INFO - Processing /opt/airflow/dags/crypto_pipeline_dag.py took 0.071 seconds
[2026-06-16T14:49:21.284+0000] {processor.py:186} INFO - Started process (PID=1601) to work on /opt/airflow/dags/crypto_pipeline_dag.py
[2026-06-16T14:49:21.285+0000] {processor.py:914} INFO - Processing file /opt/airflow/dags/crypto_pipeline_dag.py for tasks to queue
[2026-06-16T14:49:21.286+0000] {logging_mixin.py:190} INFO - [2026-06-16T14:49:21.286+0000] {dagbag.py:588} INFO - Filling up the DagBag from /opt/airflow/dags/crypto_pipeline_dag.py
[2026-06-16T14:49:21.303+0000] {processor.py:925} INFO - DAG(s) 'crypto_pipeline_dag' retrieved from /opt/airflow/dags/crypto_pipeline_dag.py
[2026-06-16T14:49:21.325+0000] {logging_mixin.py:190} INFO - [2026-06-16T14:49:21.324+0000] {dag.py:3239} INFO - Sync 1 DAGs
[2026-06-16T14:49:21.342+0000] {logging_mixin.py:190} INFO - [2026-06-16T14:49:21.342+0000] {dag.py:4180} INFO - Setting next_dagrun for crypto_pipeline_dag to 2026-06-16 00:00:00+00:00, run_after=2026-06-17 00:00:00+00:00
[2026-06-16T14:49:21.360+0000] {processor.py:208} INFO - Processing /opt/airflow/dags/crypto_pipeline_dag.py took 0.081 seconds
[2026-06-16T14:49:51.590+0000] {processor.py:186} INFO - Started process (PID=1606) to work on /opt/airflow/dags/crypto_pipeline_dag.py
[2026-06-16T14:49:51.592+0000] {processor.py:914} INFO - Processing file /opt/airflow/dags/crypto_pipeline_dag.py for tasks to queue
[2026-06-16T14:49:51.593+0000] {logging_mixin.py:190} INFO - [2026-06-16T14:49:51.593+0000] {dagbag.py:588} INFO - Filling up the DagBag from /opt/airflow/dags/crypto_pipeline_dag.py
[2026-06-16T14:49:51.629+0000] {processor.py:925} INFO - DAG(s) 'crypto_pipeline_dag' retrieved from /opt/airflow/dags/crypto_pipeline_dag.py
[2026-06-16T14:49:51.600+0000] {logging_mixin.py:190} INFO - [2026-06-16T14:49:51.600+0000] {dag.py:3239} INFO - Sync 1 DAGs
[2026-06-16T14:49:51.624+0000] {logging_mixin.py:190} INFO - [2026-06-16T14:49:51.624+0000] {dag.py:4180} INFO - Setting next_dagrun for crypto_pipeline_dag to 2026-06-16 00:00:00+00:00, run_after=2026-06-17 00:00:00+00:00
[2026-06-16T14:49:51.642+0000] {processor.py:208} INFO - Processing /opt/airflow/dags/crypto_pipeline_dag.py took 0.119 seconds
[2026-06-16T14:50:21.802+0000] {processor.py:186} INFO - Started process (PID=1611) to work on /opt/airflow/dags/crypto_pipeline_dag.py
[2026-06-16T14:50:21.802+0000] {processor.py:914} INFO - Processing file /opt/airflow/dags/crypto_pipeline_dag.py for tasks to queue
[2026-06-16T14:50:21.804+0000] {logging_mixin.py:190} INFO - [2026-06-16T14:50:21.803+0000] {dagbag.py:588} INFO - Filling up the DagBag from /opt/airflow/dags/crypto_pipeline_dag.py
[2026-06-16T14:50:21.815+0000] {processor.py:925} INFO - DAG(s) 'crypto_pipeline_dag' retrieved from /opt/airflow/dags/crypto_pipeline_dag.py
[2026-06-16T14:50:21.836+0000] {logging_mixin.py:190} INFO - [2026-06-16T14:50:21.836+0000] {dag.py:3239} INFO - Sync 1 DAGs
[2026-06-16T14:50:21.853+0000] {logging_mixin.py:190} INFO - [2026-06-16T14:50:21.852+0000] {dag.py:4180} INFO - Setting next_dagrun for crypto_pipeline_dag to 2026-06-16 00:00:00+00:00, run_after=2026-06-17 00:00:00+00:00
[2026-06-16T14:50:21.865+0000] {processor.py:208} INFO - Processing /opt/airflow/dags/crypto_pipeline_dag.py took 0.068 seconds
[2026-06-16T14:50:52.148+0000] {processor.py:186} INFO - Started process (PID=1616) to work on /opt/airflow/dags/crypto_pipeline_dag.py
[2026-06-16T14:50:52.148+0000] {processor.py:914} INFO - Processing file /opt/airflow/dags/crypto_pipeline_dag.py for tasks to queue
[2026-06-16T14:50:52.150+0000] {logging_mixin.py:190} INFO - [2026-06-16T14:50:52.149+0000] {dagbag.py:588} INFO - Filling up the DagBag from /opt/airflow/dags/crypto_pipeline_dag.py
[2026-06-16T14:50:52.163+0000] {processor.py:925} INFO - DAG(s) 'crypto_pipeline_dag' retrieved from /opt/airflow/dags/crypto_pipeline_dag.py
[2026-06-16T14:50:52.182+0000] {logging_mixin.py:190} INFO - [2026-06-16T14:50:52.182+0000] {dag.py:3239} INFO - Sync 1 DAGs
[2026-06-16T14:50:52.199+0000] {logging_mixin.py:190} INFO - [2026-06-16T14:50:52.199+0000] {dag.py:4180} INFO - Setting next_dagrun for crypto_pipeline_dag to 2026-06-16 00:00:00+00:00, run_after=2026-06-17 00:00:00+00:00
[2026-06-16T14:50:52.212+0000] {processor.py:208} INFO - Processing /opt/airflow/dags/crypto_pipeline_dag.py took 0.069 seconds
[2026-06-16T14:51:22.385+0000] {processor.py:186} INFO - Started process (PID=1621) to work on /opt/airflow/dags/crypto_pipeline_dag.py
[2026-06-16T14:51:22.386+0000] {processor.py:914} INFO - Processing file /opt/airflow/dags/crypto_pipeline_dag.py for tasks to queue
[2026-06-16T14:51:22.387+0000] {logging_mixin.py:190} INFO - [2026-06-16T14:51:22.387+0000] {dagbag.py:588} INFO - Filling up the DagBag from /opt/airflow/dags/crypto_pipeline_dag.py
[2026-06-16T14:51:22.400+0000] {processor.py:925} INFO - DAG(s) 'crypto_pipeline_dag' retrieved from /opt/airflow/dags/crypto_pipeline_dag.py
[2026-06-16T14:51:22.419+0000] {logging_mixin.py:190} INFO - [2026-06-16T14:51:22.419+0000] {dag.py:3239} INFO - Sync 1 DAGs
[2026-06-16T14:51:22.436+0000] {logging_mixin.py:190} INFO - [2026-06-16T14:51:22.436+0000] {dag.py:4180} INFO - Setting next_dagrun for crypto_pipeline_dag to 2026-06-16 00:00:00+00:00, run_after=2026-06-17 00:00:00+00:00
[2026-06-16T14:51:22.449+0000] {processor.py:208} INFO - Processing /opt/airflow/dags/crypto_pipeline_dag.py took 0.067 seconds
[2026-06-16T14:51:52.634+0000] {processor.py:186} INFO - Started process (PID=1626) to work on /opt/airflow/dags/crypto_pipeline_dag.py
[2026-06-16T14:51:52.635+0000] {processor.py:914} INFO - Processing file /opt/airflow/dags/crypto_pipeline_dag.py for tasks to queue
[2026-06-16T14:51:52.636+0000] {logging_mixin.py:190} INFO - [2026-06-16T14:51:52.635+0000] {dagbag.py:588} INFO - Filling up the DagBag from /opt/airflow/dags/crypto_pipeline_dag.py
[2026-06-16T14:51:52.648+0000] {processor.py:925} INFO - DAG(s) 'crypto_pipeline_dag' retrieved from /opt/airflow/dags/crypto_pipeline_dag.py
[2026-06-16T14:51:52.667+0000] {logging_mixin.py:190} INFO - [2026-06-16T14:51:52.667+0000] {dag.py:3239} INFO - Sync 1 DAGs
[2026-06-16T14:51:52.683+0000] {logging_mixin.py:190} INFO - [2026-06-16T14:51:52.683+0000] {dag.py:4180} INFO - Setting next_dagrun for crypto_pipeline_dag to 2026-06-16 00:00:00+00:00, run_after=2026-06-17 00:00:00+00:00
[2026-06-16T14:51:52.696+0000] {processor.py:208} INFO - Processing /opt/airflow/dags/crypto_pipeline_dag.py took 0.066 seconds
[2026-06-16T14:52:22.849+0000] {processor.py:186} INFO - Started process (PID=1631) to work on /opt/airflow/dags/crypto_pipeline_dag.py
[2026-06-16T14:52:22.849+0000] {processor.py:914} INFO - Processing file /opt/airflow/dags/crypto_pipeline_dag.py for tasks to queue
[2026-06-16T14:52:22.850+0000] {logging_mixin.py:190} INFO - [2026-06-16T14:52:22.850+0000] {dagbag.py:588} INFO - Filling up the DagBag from /opt/airflow/dags/crypto_pipeline_dag.py
[2026-06-16T14:52:22.862+0000] {processor.py:925} INFO - DAG(s) 'crypto_pipeline_dag' retrieved from /opt/airflow/dags/crypto_pipeline_dag.py
[2026-06-16T14:52:22.882+0000] {logging_mixin.py:190} INFO - [2026-06-16T14:52:22.882+0000] {dag.py:3239} INFO - Sync 1 DAGs
[2026-06-16T14:52:22.898+0000] {logging_mixin.py:190} INFO - [2026-06-16T14:52:22.898+0000] {dag.py:4180} INFO - Setting next_dagrun for crypto_pipeline_dag to 2026-06-16 00:00:00+00:00, run_after=2026-06-17 00:00:00+00:00
[2026-06-16T14:52:22.916+0000] {processor.py:208} INFO - Processing /opt/airflow/dags/crypto_pipeline_dag.py took 0.071 seconds
[2026-06-16T14:52:53.161+0000] {processor.py:186} INFO - Started process (PID=1636) to work on /opt/airflow/dags/crypto_pipeline_dag.py
[2026-06-16T14:52:53.162+0000] {processor.py:914} INFO - Processing file /opt/airflow/dags/crypto_pipeline_dag.py for tasks to queue
[2026-06-16T14:52:53.163+0000] {logging_mixin.py:190} INFO - [2026-06-16T14:52:53.162+0000] {dagbag.py:588} INFO - Filling up the DagBag from /opt/airflow/dags/crypto_pipeline_dag.py
[2026-06-16T14:52:53.174+0000] {processor.py:925} INFO - DAG(s) 'crypto_pipeline_dag' retrieved from /opt/airflow/dags/crypto_pipeline_dag.py
[2026-06-16T14:52:53.193+0000] {logging_mixin.py:190} INFO - [2026-06-16T14:52:53.193+0000] {dag.py:3239} INFO - Sync 1 DAGs
[2026-06-16T14:52:53.209+0000] {logging_mixin.py:190} INFO - [2026-06-16T14:52:53.209+0000] {dag.py:4180} INFO - Setting next_dagrun for crypto_pipeline_dag to 2026-06-16 00:00:00+00:00, run_after=2026-06-17 00:00:00+00:00
[2026-06-16T14:52:53.222+0000] {processor.py:208} INFO - Processing /opt/airflow/dags/crypto_pipeline_dag.py took 0.065 seconds
[2026-06-16T14:53:23.466+0000] {processor.py:186} INFO - Started process (PID=1641) to work on /opt/airflow/dags/crypto_pipeline_dag.py
[2026-06-16T14:53:23.467+0000] {processor.py:914} INFO - Processing file /opt/airflow/dags/crypto_pipeline_dag.py for tasks to queue
[2026-06-16T14:53:23.469+0000] {logging_mixin.py:190} INFO - [2026-06-16T14:53:23.468+0000] {dagbag.py:588} INFO - Filling up the DagBag from /opt/airflow/dags/crypto_pipeline_dag.py
[2026-06-16T14:53:23.487+0000] {processor.py:925} INFO - DAG(s) 'crypto_pipeline_dag' retrieved from /opt/airflow/dags/crypto_pipeline_dag.py
[2026-06-16T14:53:23.511+0000] {logging_mixin.py:190} INFO - [2026-06-16T14:53:23.510+0000] {dag.py:3239} INFO - Sync 1 DAGs
[2026-06-16T14:53:23.529+0000] {logging_mixin.py:190} INFO - [2026-06-16T14:53:23.529+0000] {dag.py:4180} INFO - Setting next_dagrun for crypto_pipeline_dag to 2026-06-16 00:00:00+00:00, run_after=2026-06-17 00:00:00+00:00
[2026-06-16T14:53:23.564+0000] {processor.py:208} INFO - Processing /opt/airflow/dags/crypto_pipeline_dag.py took 0.103 seconds
[2026-06-16T14:53:53.736+0000] {processor.py:186} INFO - Started process (PID=1646) to work on /opt/airflow/dags/crypto_pipeline_dag.py
[2026-06-16T14:53:53.737+0000] {processor.py:914} INFO - Processing file /opt/airflow/dags/crypto_pipeline_dag.py for tasks to queue
[2026-06-16T14:53:53.738+0000] {logging_mixin.py:190} INFO - [2026-06-16T14:53:53.738+0000] {dagbag.py:588} INFO - Filling up the DagBag from /opt/airflow/dags/crypto_pipeline_dag.py
[2026-06-16T14:53:53.751+0000] {processor.py:925} INFO - DAG(s) 'crypto_pipeline_dag' retrieved from /opt/airflow/dags/crypto_pipeline_dag.py
[2026-06-16T14:53:53.770+0000] {logging_mixin.py:190} INFO - [2026-06-16T14:53:53.770+0000] {dag.py:3239} INFO - Sync 1 DAGs
[2026-06-16T14:53:53.787+0000] {logging_mixin.py:190} INFO - [2026-06-16T14:53:53.787+0000] {dag.py:4180} INFO - Setting next_dagrun for crypto_pipeline_dag to 2026-06-16 00:00:00+00:00, run_after=2026-06-17 00:00:00+00:00
[2026-06-16T14:53:53.800+0000] {processor.py:208} INFO - Processing /opt/airflow/dags/crypto_pipeline_dag.py took 0.068 seconds
[2026-06-16T14:54:24.074+0000] {processor.py:186} INFO - Started process (PID=1651) to work on /opt/airflow/dags/crypto_pipeline_dag.py
[2026-06-16T14:54:24.075+0000] {processor.py:914} INFO - Processing file /opt/airflow/dags/crypto_pipeline_dag.py for tasks to queue
[2026-06-16T14:54:24.076+0000] {logging_mixin.py:190} INFO - [2026-06-16T14:54:24.076+0000] {dagbag.py:588} INFO - Filling up the DagBag from /opt/airflow/dags/crypto_pipeline_dag.py
[2026-06-16T14:54:24.088+0000] {processor.py:925} INFO - DAG(s) 'crypto_pipeline_dag' retrieved from /opt/airflow/dags/crypto_pipeline_dag.py
[2026-06-16T14:54:24.107+0000] {logging_mixin.py:190} INFO - [2026-06-16T14:54:24.107+0000] {dag.py:3239} INFO - Sync 1 DAGs
[2026-06-16T14:54:24.123+0000] {logging_mixin.py:190} INFO - [2026-06-16T14:54:24.123+0000] {dag.py:4180} INFO - Setting next_dagrun for crypto_pipeline_dag to 2026-06-16 00:00:00+00:00, run_after=2026-06-17 00:00:00+00:00
[2026-06-16T14:54:24.198+0000] {processor.py:208} INFO - Processing /opt/airflow/dags/crypto_pipeline_dag.py took 0.128 seconds
[2026-06-16T14:54:54.369+0000] {processor.py:186} INFO - Started process (PID=1656) to work on /opt/airflow/dags/crypto_pipeline_dag.py
[2026-06-16T14:54:54.370+0000] {processor.py:914} INFO - Processing file /opt/airflow/dags/crypto_pipeline_dag.py for tasks to queue
[2026-06-16T14:54:54.371+0000] {logging_mixin.py:190} INFO - [2026-06-16T14:54:54.371+0000] {dagbag.py:588} INFO - Filling up the DagBag from /opt/airflow/dags/crypto_pipeline_dag.py
[2026-06-16T14:54:54.383+0000] {processor.py:925} INFO - DAG(s) 'crypto_pipeline_dag' retrieved from /opt/airflow/dags/crypto_pipeline_dag.py
[2026-06-16T14:54:54.404+0000] {logging_mixin.py:190} INFO - [2026-06-16T14:54:54.403+0000] {dag.py:3239} INFO - Sync 1 DAGs
[2026-06-16T14:54:54.420+0000] {logging_mixin.py:190} INFO - [2026-06-16T14:54:54.420+0000] {dag.py:4180} INFO - Setting next_dagrun for crypto_pipeline_dag to 2026-06-16 00:00:00+00:00, run_after=2026-06-17 00:00:00+00:00
[2026-06-16T14:54:54.455+0000] {processor.py:208} INFO - Processing /opt/airflow/dags/crypto_pipeline_dag.py took 0.089 seconds
[2026-06-16T14:55:24.740+0000] {processor.py:186} INFO - Started process (PID=1661) to work on /opt/airflow/dags/crypto_pipeline_dag.py
[2026-06-16T14:55:24.740+0000] {processor.py:914} INFO - Processing file /opt/airflow/dags/crypto_pipeline_dag.py for tasks to queue
[2026-06-16T14:55:24.741+0000] {logging_mixin.py:190} INFO - [2026-06-16T14:55:24.741+0000] {dagbag.py:588} INFO - Filling up the DagBag from /opt/airflow/dags/crypto_pipeline_dag.py
[2026-06-16T14:55:24.754+0000] {processor.py:925} INFO - DAG(s) 'crypto_pipeline_dag' retrieved from /opt/airflow/dags/crypto_pipeline_dag.py
[2026-06-16T14:55:24.772+0000] {logging_mixin.py:190} INFO - [2026-06-16T14:55:24.772+0000] {dag.py:3239} INFO - Sync 1 DAGs
[2026-06-16T14:55:24.788+0000] {logging_mixin.py:190} INFO - [2026-06-16T14:55:24.788+0000] {dag.py:4180} INFO - Setting next_dagrun for crypto_pipeline_dag to 2026-06-16 00:00:00+00:00, run_after=2026-06-17 00:00:00+00:00
[2026-06-16T14:55:24.811+0000] {processor.py:208} INFO - Processing /opt/airflow/dags/crypto_pipeline_dag.py took 0.075 seconds
[2026-06-16T14:55:55.027+0000] {processor.py:186} INFO - Started process (PID=1666) to work on /opt/airflow/dags/crypto_pipeline_dag.py
[2026-06-16T14:55:55.028+0000] {processor.py:914} INFO - Processing file /opt/airflow/dags/crypto_pipeline_dag.py for tasks to queue
[2026-06-16T14:55:55.029+0000] {logging_mixin.py:190} INFO - [2026-06-16T14:55:55.028+0000] {dagbag.py:588} INFO - Filling up the DagBag from /opt/airflow/dags/crypto_pipeline_dag.py
[2026-06-16T14:55:55.048+0000] {processor.py:925} INFO - DAG(s) 'crypto_pipeline_dag' retrieved from /opt/airflow/dags/crypto_pipeline_dag.py
[2026-06-16T14:55:55.068+0000] {logging_mixin.py:190} INFO - [2026-06-16T14:55:55.068+0000] {dag.py:3239} INFO - Sync 1 DAGs
[2026-06-16T14:55:55.086+0000] {logging_mixin.py:190} INFO - [2026-06-16T14:55:55.086+0000] {dag.py:4180} INFO - Setting next_dagrun for crypto_pipeline_dag to 2026-06-16 00:00:00+00:00, run_after=2026-06-17 00:00:00+00:00
[2026-06-16T14:55:55.100+0000] {processor.py:208} INFO - Processing /opt/airflow/dags/crypto_pipeline_dag.py took 0.077 seconds
[2026-06-16T14:56:25.403+0000] {processor.py:186} INFO - Started process (PID=1671) to work on /opt/airflow/dags/crypto_pipeline_dag.py
[2026-06-16T14:56:25.404+0000] {processor.py:914} INFO - Processing file /opt/airflow/dags/crypto_pipeline_dag.py for tasks to queue
[2026-06-16T14:56:25.405+0000] {logging_mixin.py:190} INFO - [2026-06-16T14:56:25.405+0000] {dagbag.py:588} INFO - Filling up the DagBag from /opt/airflow/dags/crypto_pipeline_dag.py
[2026-06-16T14:56:25.417+0000] {processor.py:925} INFO - DAG(s) 'crypto_pipeline_dag' retrieved from /opt/airflow/dags/crypto_pipeline_dag.py
[2026-06-16T14:56:25.435+0000] {logging_mixin.py:190} INFO - [2026-06-16T14:56:25.435+0000] {dag.py:3239} INFO - Sync 1 DAGs
[2026-06-16T14:56:25.451+0000] {logging_mixin.py:190} INFO - [2026-06-16T14:56:25.451+0000] {dag.py:4180} INFO - Setting next_dagrun for crypto_pipeline_dag to 2026-06-16 00:00:00+00:00, run_after=2026-06-17 00:00:00+00:00
[2026-06-16T14:56:25.465+0000] {processor.py:208} INFO - Processing /opt/airflow/dags/crypto_pipeline_dag.py took 0.066 seconds
[2026-06-16T15:12:17.615+0000] {processor.py:186} INFO - Started process (PID=1676) to work on /opt/airflow/dags/crypto_pipeline_dag.py
[2026-06-16T15:12:17.619+0000] {processor.py:914} INFO - Processing file /opt/airflow/dags/crypto_pipeline_dag.py for tasks to queue
[2026-06-16T15:12:17.626+0000] {logging_mixin.py:190} INFO - [2026-06-16T15:12:17.625+0000] {dagbag.py:588} INFO - Filling up the DagBag from /opt/airflow/dags/crypto_pipeline_dag.py
[2026-06-16T15:12:17.741+0000] {processor.py:925} INFO - DAG(s) 'crypto_pipeline_dag' retrieved from /opt/airflow/dags/crypto_pipeline_dag.py
[2026-06-16T15:12:17.793+0000] {logging_mixin.py:190} INFO - [2026-06-16T15:12:17.792+0000] {dag.py:3239} INFO - Sync 1 DAGs
[2026-06-16T15:12:17.837+0000] {logging_mixin.py:190} INFO - [2026-06-16T15:12:17.836+0000] {dag.py:4180} INFO - Setting next_dagrun for crypto_pipeline_dag to 2026-06-16 00:00:00+00:00, run_after=2026-06-17 00:00:00+00:00
[2026-06-16T15:12:17.873+0000] {processor.py:208} INFO - Processing /opt/airflow/dags/crypto_pipeline_dag.py took 0.270 seconds
[2026-06-16T15:12:47.931+0000] {processor.py:186} INFO - Started process (PID=1681) to work on /opt/airflow/dags/crypto_pipeline_dag.py
[2026-06-16T15:12:47.932+0000] {processor.py:914} INFO - Processing file /opt/airflow/dags/crypto_pipeline_dag.py for tasks to queue
[2026-06-16T15:12:47.933+0000] {logging_mixin.py:190} INFO - [2026-06-16T15:12:47.933+0000] {dagbag.py:588} INFO - Filling up the DagBag from /opt/airflow/dags/crypto_pipeline_dag.py
[2026-06-16T15:12:47.946+0000] {processor.py:925} INFO - DAG(s) 'crypto_pipeline_dag' retrieved from /opt/airflow/dags/crypto_pipeline_dag.py
[2026-06-16T15:12:47.967+0000] {logging_mixin.py:190} INFO - [2026-06-16T15:12:47.967+0000] {dag.py:3239} INFO - Sync 1 DAGs
[2026-06-16T15:12:47.985+0000] {logging_mixin.py:190} INFO - [2026-06-16T15:12:47.985+0000] {dag.py:4180} INFO - Setting next_dagrun for crypto_pipeline_dag to 2026-06-16 00:00:00+00:00, run_after=2026-06-17 00:00:00+00:00
[2026-06-16T15:12:48.000+0000] {processor.py:208} INFO - Processing /opt/airflow/dags/crypto_pipeline_dag.py took 0.074 seconds
[2026-06-16T15:13:18.136+0000] {processor.py:186} INFO - Started process (PID=1686) to work on /opt/airflow/dags/crypto_pipeline_dag.py
[2026-06-16T15:13:18.137+0000] {processor.py:914} INFO - Processing file /opt/airflow/dags/crypto_pipeline_dag.py for tasks to queue
[2026-06-16T15:13:18.138+0000] {logging_mixin.py:190} INFO - [2026-06-16T15:13:18.138+0000] {dagbag.py:588} INFO - Filling up the DagBag from /opt/airflow/dags/crypto_pipeline_dag.py
[2026-06-16T15:13:18.154+0000] {processor.py:925} INFO - DAG(s) 'crypto_pipeline_dag' retrieved from /opt/airflow/dags/crypto_pipeline_dag.py
[2026-06-16T15:13:18.179+0000] {logging_mixin.py:190} INFO - [2026-06-16T15:13:18.179+0000] {dag.py:3239} INFO - Sync 1 DAGs
[2026-06-16T15:13:18.197+0000] {logging_mixin.py:190} INFO - [2026-06-16T15:13:18.196+0000] {dag.py:4180} INFO - Setting next_dagrun for crypto_pipeline_dag to 2026-06-16 00:00:00+00:00, run_after=2026-06-17 00:00:00+00:00
[2026-06-16T15:13:18.210+0000] {processor.py:208} INFO - Processing /opt/airflow/dags/crypto_pipeline_dag.py took 0.079 seconds
[2026-06-16T15:13:48.397+0000] {processor.py:186} INFO - Started process (PID=1691) to work on /opt/airflow/dags/crypto_pipeline_dag.py
[2026-06-16T15:13:48.398+0000] {processor.py:914} INFO - Processing file /opt/airflow/dags/crypto_pipeline_dag.py for tasks to queue
[2026-06-16T15:13:48.400+0000] {logging_mixin.py:190} INFO - [2026-06-16T15:13:48.399+0000] {dagbag.py:588} INFO - Filling up the DagBag from /opt/airflow/dags/crypto_pipeline_dag.py
[2026-06-16T15:13:48.414+0000] {processor.py:925} INFO - DAG(s) 'crypto_pipeline_dag' retrieved from /opt/airflow/dags/crypto_pipeline_dag.py
[2026-06-16T15:13:48.436+0000] {logging_mixin.py:190} INFO - [2026-06-16T15:13:48.436+0000] {dag.py:3239} INFO - Sync 1 DAGs
[2026-06-16T15:13:48.455+0000] {logging_mixin.py:190} INFO - [2026-06-16T15:13:48.455+0000] {dag.py:4180} INFO - Setting next_dagrun for crypto_pipeline_dag to 2026-06-16 00:00:00+00:00, run_after=2026-06-17 00:00:00+00:00
[2026-06-16T15:13:48.470+0000] {processor.py:208} INFO - Processing /opt/airflow/dags/crypto_pipeline_dag.py took 0.078 seconds
[2026-06-16T15:14:18.618+0000] {processor.py:186} INFO - Started process (PID=1696) to work on /opt/airflow/dags/crypto_pipeline_dag.py
[2026-06-16T15:14:18.619+0000] {processor.py:914} INFO - Processing file /opt/airflow/dags/crypto_pipeline_dag.py for tasks to queue
[2026-06-16T15:14:18.620+0000] {logging_mixin.py:190} INFO - [2026-06-16T15:14:18.620+0000] {dagbag.py:588} INFO - Filling up the DagBag from /opt/airflow/dags/crypto_pipeline_dag.py
[2026-06-16T15:14:18.636+0000] {processor.py:925} INFO - DAG(s) 'crypto_pipeline_dag' retrieved from /opt/airflow/dags/crypto_pipeline_dag.py
[2026-06-16T15:14:18.667+0000] {logging_mixin.py:190} INFO - [2026-06-16T15:14:18.667+0000] {dag.py:3239} INFO - Sync 1 DAGs
[2026-06-16T15:14:18.686+0000] {logging_mixin.py:190} INFO - [2026-06-16T15:14:18.686+0000] {dag.py:4180} INFO - Setting next_dagrun for crypto_pipeline_dag to 2026-06-16 00:00:00+00:00, run_after=2026-06-17 00:00:00+00:00
[2026-06-16T15:14:18.699+0000] {processor.py:208} INFO - Processing /opt/airflow/dags/crypto_pipeline_dag.py took 0.085 seconds
[2026-06-16T15:14:48.858+0000] {processor.py:186} INFO - Started process (PID=1701) to work on /opt/airflow/dags/crypto_pipeline_dag.py
[2026-06-16T15:14:48.858+0000] {processor.py:914} INFO - Processing file /opt/airflow/dags/crypto_pipeline_dag.py for tasks to queue
[2026-06-16T15:14:48.859+0000] {logging_mixin.py:190} INFO - [2026-06-16T15:14:48.859+0000] {dagbag.py:588} INFO - Filling up the DagBag from /opt/airflow/dags/crypto_pipeline_dag.py
[2026-06-16T15:14:48.871+0000] {processor.py:925} INFO - DAG(s) 'crypto_pipeline_dag' retrieved from /opt/airflow/dags/crypto_pipeline_dag.py
[2026-06-16T15:14:48.889+0000] {logging_mixin.py:190} INFO - [2026-06-16T15:14:48.889+0000] {dag.py:3239} INFO - Sync 1 DAGs
[2026-06-16T15:14:48.906+0000] {logging_mixin.py:190} INFO - [2026-06-16T15:14:48.906+0000] {dag.py:4180} INFO - Setting next_dagrun for crypto_pipeline_dag to 2026-06-16 00:00:00+00:00, run_after=2026-06-17 00:00:00+00:00
[2026-06-16T15:14:48.920+0000] {processor.py:208} INFO - Processing /opt/airflow/dags/crypto_pipeline_dag.py took 0.066 seconds
[2026-06-16T15:15:19.077+0000] {processor.py:186} INFO - Started process (PID=1706) to work on /opt/airflow/dags/crypto_pipeline_dag.py
[2026-06-16T15:15:19.078+0000] {processor.py:914} INFO - Processing file /opt/airflow/dags/crypto_pipeline_dag.py for tasks to queue
[2026-06-16T15:15:19.079+0000] {logging_mixin.py:190} INFO - [2026-06-16T15:15:19.079+0000] {dagbag.py:588} INFO - Filling up the DagBag from /opt/airflow/dags/crypto_pipeline_dag.py
[2026-06-16T15:15:19.096+0000] {processor.py:925} INFO - DAG(s) 'crypto_pipeline_dag' retrieved from /opt/airflow/dags/crypto_pipeline_dag.py
[2026-06-16T15:15:19.118+0000] {logging_mixin.py:190} INFO - [2026-06-16T15:15:19.118+0000] {dag.py:3239} INFO - Sync 1 DAGs
[2026-06-16T15:15:19.136+0000] {logging_mixin.py:190} INFO - [2026-06-16T15:15:19.136+0000] {dag.py:4180} INFO - Setting next_dagrun for crypto_pipeline_dag to 2026-06-16 00:00:00+00:00, run_after=2026-06-17 00:00:00+00:00
[2026-06-16T15:15:19.150+0000] {processor.py:208} INFO - Processing /opt/airflow/dags/crypto_pipeline_dag.py took 0.079 seconds
[2026-06-16T15:15:49.355+0000] {processor.py:186} INFO - Started process (PID=1719) to work on /opt/airflow/dags/crypto_pipeline_dag.py
[2026-06-16T15:15:49.355+0000] {processor.py:914} INFO - Processing file /opt/airflow/dags/crypto_pipeline_dag.py for tasks to queue
[2026-06-16T15:15:49.356+0000] {logging_mixin.py:190} INFO - [2026-06-16T15:15:49.356+0000] {dagbag.py:588} INFO - Filling up the DagBag from /opt/airflow/dags/crypto_pipeline_dag.py
[2026-06-16T15:15:49.373+0000] {processor.py:925} INFO - DAG(s) 'crypto_pipeline_dag' retrieved from /opt/airflow/dags/crypto_pipeline_dag.py
[2026-06-16T15:15:49.395+0000] {logging_mixin.py:190} INFO - [2026-06-16T15:15:49.394+0000] {dag.py:3239} INFO - Sync 1 DAGs
[2026-06-16T15:15:49.414+0000] {logging_mixin.py:190} INFO - [2026-06-16T15:15:49.414+0000] {dag.py:4180} INFO - Setting next_dagrun for crypto_pipeline_dag to 2026-06-16 00:00:00+00:00, run_after=2026-06-17 00:00:00+00:00
[2026-06-16T15:15:49.429+0000] {processor.py:208} INFO - Processing /opt/airflow/dags/crypto_pipeline_dag.py took 0.079 seconds
[2026-06-16T15:16:19.592+0000] {processor.py:186} INFO - Started process (PID=1766) to work on /opt/airflow/dags/crypto_pipeline_dag.py
[2026-06-16T15:16:19.593+0000] {processor.py:914} INFO - Processing file /opt/airflow/dags/crypto_pipeline_dag.py for tasks to queue
[2026-06-16T15:16:19.594+0000] {logging_mixin.py:190} INFO - [2026-06-16T15:16:19.594+0000] {dagbag.py:588} INFO - Filling up the DagBag from /opt/airflow/dags/crypto_pipeline_dag.py
[2026-06-16T15:16:19.613+0000] {processor.py:925} INFO - DAG(s) 'crypto_pipeline_dag' retrieved from /opt/airflow/dags/crypto_pipeline_dag.py
[2026-06-16T15:16:19.638+0000] {logging_mixin.py:190} INFO - [2026-06-16T15:16:19.638+0000] {dag.py:3239} INFO - Sync 1 DAGs
[2026-06-16T15:16:19.654+0000] {logging_mixin.py:190} INFO - [2026-06-16T15:16:19.654+0000] {dag.py:4180} INFO - Setting next_dagrun for crypto_pipeline_dag to 2026-06-16 00:00:00+00:00, run_after=2026-06-17 00:00:00+00:00
[2026-06-16T15:16:19.668+0000] {processor.py:208} INFO - Processing /opt/airflow/dags/crypto_pipeline_dag.py took 0.082 seconds
[2026-06-16T15:16:49.813+0000] {processor.py:186} INFO - Started process (PID=1771) to work on /opt/airflow/dags/crypto_pipeline_dag.py
[2026-06-16T15:16:49.814+0000] {processor.py:914} INFO - Processing file /opt/airflow/dags/crypto_pipeline_dag.py for tasks to queue
[2026-06-16T15:16:49.815+0000] {logging_mixin.py:190} INFO - [2026-06-16T15:16:49.815+0000] {dagbag.py:588} INFO - Filling up the DagBag from /opt/airflow/dags/crypto_pipeline_dag.py
[2026-06-16T15:16:49.829+0000] {processor.py:925} INFO - DAG(s) 'crypto_pipeline_dag' retrieved from /opt/airflow/dags/crypto_pipeline_dag.py
[2026-06-16T15:16:49.849+0000] {logging_mixin.py:190} INFO - [2026-06-16T15:16:49.849+0000] {dag.py:3239} INFO - Sync 1 DAGs
[2026-06-16T15:16:49.867+0000] {logging_mixin.py:190} INFO - [2026-06-16T15:16:49.867+0000] {dag.py:4180} INFO - Setting next_dagrun for crypto_pipeline_dag to 2026-06-16 00:00:00+00:00, run_after=2026-06-17 00:00:00+00:00
[2026-06-16T15:16:49.882+0000] {processor.py:208} INFO - Processing /opt/airflow/dags/crypto_pipeline_dag.py took 0.074 seconds
[2026-06-16T15:17:20.051+0000] {processor.py:186} INFO - Started process (PID=1776) to work on /opt/airflow/dags/crypto_pipeline_dag.py
[2026-06-16T15:17:20.052+0000] {processor.py:914} INFO - Processing file /opt/airflow/dags/crypto_pipeline_dag.py for tasks to queue
[2026-06-16T15:17:20.053+0000] {logging_mixin.py:190} INFO - [2026-06-16T15:17:20.053+0000] {dagbag.py:588} INFO - Filling up the DagBag from /opt/airflow/dags/crypto_pipeline_dag.py
[2026-06-16T15:17:20.068+0000] {processor.py:925} INFO - DAG(s) 'crypto_pipeline_dag' retrieved from /opt/airflow/dags/crypto_pipeline_dag.py
[2026-06-16T15:17:20.091+0000] {logging_mixin.py:190} INFO - [2026-06-16T15:17:20.091+0000] {dag.py:3239} INFO - Sync 1 DAGs
[2026-06-16T15:17:20.108+0000] {logging_mixin.py:190} INFO - [2026-06-16T15:17:20.108+0000] {dag.py:4180} INFO - Setting next_dagrun for crypto_pipeline_dag to 2026-06-16 00:00:00+00:00, run_after=2026-06-17 00:00:00+00:00
[2026-06-16T15:17:20.120+0000] {processor.py:208} INFO - Processing /opt/airflow/dags/crypto_pipeline_dag.py took 0.075 seconds
[2026-06-16T15:17:50.278+0000] {processor.py:186} INFO - Started process (PID=1782) to work on /opt/airflow/dags/crypto_pipeline_dag.py
[2026-06-16T15:17:50.278+0000] {processor.py:914} INFO - Processing file /opt/airflow/dags/crypto_pipeline_dag.py for tasks to queue
[2026-06-16T15:17:50.279+0000] {logging_mixin.py:190} INFO - [2026-06-16T15:17:50.279+0000] {dagbag.py:588} INFO - Filling up the DagBag from /opt/airflow/dags/crypto_pipeline_dag.py
[2026-06-16T15:17:50.293+0000] {processor.py:925} INFO - DAG(s) 'crypto_pipeline_dag' retrieved from /opt/airflow/dags/crypto_pipeline_dag.py
[2026-06-16T15:17:50.314+0000] {logging_mixin.py:190} INFO - [2026-06-16T15:17:50.313+0000] {dag.py:3239} INFO - Sync 1 DAGs
[2026-06-16T15:17:50.331+0000] {logging_mixin.py:190} INFO - [2026-06-16T15:17:50.331+0000] {dag.py:4180} INFO - Setting next_dagrun for crypto_pipeline_dag to 2026-06-16 00:00:00+00:00, run_after=2026-06-17 00:00:00+00:00
[2026-06-16T15:17:50.347+0000] {processor.py:208} INFO - Processing /opt/airflow/dags/crypto_pipeline_dag.py took 0.073 seconds
[2026-06-16T15:18:20.478+0000] {processor.py:186} INFO - Started process (PID=1804) to work on /opt/airflow/dags/crypto_pipeline_dag.py
[2026-06-16T15:18:20.479+0000] {processor.py:914} INFO - Processing file /opt/airflow/dags/crypto_pipeline_dag.py for tasks to queue
[2026-06-16T15:18:20.481+0000] {logging_mixin.py:190} INFO - [2026-06-16T15:18:20.480+0000] {dagbag.py:588} INFO - Filling up the DagBag from /opt/airflow/dags/crypto_pipeline_dag.py
[2026-06-16T15:18:20.494+0000] {processor.py:925} INFO - DAG(s) 'crypto_pipeline_dag' retrieved from /opt/airflow/dags/crypto_pipeline_dag.py
[2026-06-16T15:18:20.513+0000] {logging_mixin.py:190} INFO - [2026-06-16T15:18:20.513+0000] {dag.py:3239} INFO - Sync 1 DAGs
[2026-06-16T15:18:20.528+0000] {logging_mixin.py:190} INFO - [2026-06-16T15:18:20.528+0000] {dag.py:4180} INFO - Setting next_dagrun for crypto_pipeline_dag to 2026-06-16 00:00:00+00:00, run_after=2026-06-17 00:00:00+00:00
[2026-06-16T15:18:20.541+0000] {processor.py:208} INFO - Processing /opt/airflow/dags/crypto_pipeline_dag.py took 0.068 seconds
[2026-06-16T15:18:50.657+0000] {processor.py:186} INFO - Started process (PID=1809) to work on /opt/airflow/dags/crypto_pipeline_dag.py
[2026-06-16T15:18:50.657+0000] {processor.py:914} INFO - Processing file /opt/airflow/dags/crypto_pipeline_dag.py for tasks to queue
[2026-06-16T15:18:50.658+0000] {logging_mixin.py:190} INFO - [2026-06-16T15:18:50.658+0000] {dagbag.py:588} INFO - Filling up the DagBag from /opt/airflow/dags/crypto_pipeline_dag.py
[2026-06-16T15:18:50.674+0000] {processor.py:925} INFO - DAG(s) 'crypto_pipeline_dag' retrieved from /opt/airflow/dags/crypto_pipeline_dag.py
[2026-06-16T15:18:50.698+0000] {logging_mixin.py:190} INFO - [2026-06-16T15:18:50.698+0000] {dag.py:3239} INFO - Sync 1 DAGs
[2026-06-16T15:18:50.714+0000] {logging_mixin.py:190} INFO - [2026-06-16T15:18:50.714+0000] {dag.py:4180} INFO - Setting next_dagrun for crypto_pipeline_dag to 2026-06-16 00:00:00+00:00, run_after=2026-06-17 00:00:00+00:00
[2026-06-16T15:18:50.726+0000] {processor.py:208} INFO - Processing /opt/airflow/dags/crypto_pipeline_dag.py took 0.077 seconds
[2026-06-16T15:19:20.833+0000] {processor.py:186} INFO - Started process (PID=1815) to work on /opt/airflow/dags/crypto_pipeline_dag.py
[2026-06-16T15:19:20.834+0000] {processor.py:914} INFO - Processing file /opt/airflow/dags/crypto_pipeline_dag.py for tasks to queue
[2026-06-16T15:19:20.836+0000] {logging_mixin.py:190} INFO - [2026-06-16T15:19:20.835+0000] {dagbag.py:588} INFO - Filling up the DagBag from /opt/airflow/dags/crypto_pipeline_dag.py
[2026-06-16T15:19:20.864+0000] {processor.py:925} INFO - DAG(s) 'crypto_pipeline_dag' retrieved from /opt/airflow/dags/crypto_pipeline_dag.py
[2026-06-16T15:19:20.883+0000] {logging_mixin.py:190} INFO - [2026-06-16T15:19:20.883+0000] {dag.py:3239} INFO - Sync 1 DAGs
[2026-06-16T15:19:20.900+0000] {logging_mixin.py:190} INFO - [2026-06-16T15:19:20.900+0000] {dag.py:4180} INFO - Setting next_dagrun for crypto_pipeline_dag to 2026-06-16 00:00:00+00:00, run_after=2026-06-17 00:00:00+00:00
[2026-06-16T15:19:20.916+0000] {processor.py:208} INFO - Processing /opt/airflow/dags/crypto_pipeline_dag.py took 0.089 seconds
[2026-06-16T15:19:51.095+0000] {processor.py:186} INFO - Started process (PID=1820) to work on /opt/airflow/dags/crypto_pipeline_dag.py
[2026-06-16T15:19:51.096+0000] {processor.py:914} INFO - Processing file /opt/airflow/dags/crypto_pipeline_dag.py for tasks to queue
[2026-06-16T15:19:51.097+0000] {logging_mixin.py:190} INFO - [2026-06-16T15:19:51.097+0000] {dagbag.py:588} INFO - Filling up the DagBag from /opt/airflow/dags/crypto_pipeline_dag.py
[2026-06-16T15:19:51.113+0000] {processor.py:925} INFO - DAG(s) 'crypto_pipeline_dag' retrieved from /opt/airflow/dags/crypto_pipeline_dag.py
[2026-06-16T15:19:51.133+0000] {logging_mixin.py:190} INFO - [2026-06-16T15:19:51.133+0000] {dag.py:3239} INFO - Sync 1 DAGs
[2026-06-16T15:19:51.151+0000] {logging_mixin.py:190} INFO - [2026-06-16T15:19:51.150+0000] {dag.py:4180} INFO - Setting next_dagrun for crypto_pipeline_dag to 2026-06-16 00:00:00+00:00, run_after=2026-06-17 00:00:00+00:00
[2026-06-16T15:19:51.165+0000] {processor.py:208} INFO - Processing /opt/airflow/dags/crypto_pipeline_dag.py took 0.073 seconds
[2026-06-16T15:20:21.313+0000] {processor.py:186} INFO - Started process (PID=1826) to work on /opt/airflow/dags/crypto_pipeline_dag.py
[2026-06-16T15:20:21.314+0000] {processor.py:914} INFO - Processing file /opt/airflow/dags/crypto_pipeline_dag.py for tasks to queue
[2026-06-16T15:20:21.315+0000] {logging_mixin.py:190} INFO - [2026-06-16T15:20:21.315+0000] {dagbag.py:588} INFO - Filling up the DagBag from /opt/airflow/dags/crypto_pipeline_dag.py
[2026-06-16T15:20:21.328+0000] {processor.py:925} INFO - DAG(s) 'crypto_pipeline_dag' retrieved from /opt/airflow/dags/crypto_pipeline_dag.py
[2026-06-16T15:20:21.348+0000] {logging_mixin.py:190} INFO - [2026-06-16T15:20:21.348+0000] {dag.py:3239} INFO - Sync 1 DAGs
[2026-06-16T15:20:21.365+0000] {logging_mixin.py:190} INFO - [2026-06-16T15:20:21.364+0000] {dag.py:4180} INFO - Setting next_dagrun for crypto_pipeline_dag to 2026-06-16 00:00:00+00:00, run_after=2026-06-17 00:00:00+00:00
[2026-06-16T15:20:21.377+0000] {processor.py:208} INFO - Processing /opt/airflow/dags/crypto_pipeline_dag.py took 0.068 seconds
[2026-06-16T15:20:51.496+0000] {processor.py:186} INFO - Started process (PID=1833) to work on /opt/airflow/dags/crypto_pipeline_dag.py
[2026-06-16T15:20:51.497+0000] {processor.py:914} INFO - Processing file /opt/airflow/dags/crypto_pipeline_dag.py for tasks to queue
[2026-06-16T15:20:51.498+0000] {logging_mixin.py:190} INFO - [2026-06-16T15:20:51.498+0000] {dagbag.py:588} INFO - Filling up the DagBag from /opt/airflow/dags/crypto_pipeline_dag.py
[2026-06-16T15:20:51.510+0000] {processor.py:925} INFO - DAG(s) 'crypto_pipeline_dag' retrieved from /opt/airflow/dags/crypto_pipeline_dag.py
[2026-06-16T15:20:51.529+0000] {logging_mixin.py:190} INFO - [2026-06-16T15:20:51.529+0000] {dag.py:3239} INFO - Sync 1 DAGs
[2026-06-16T15:20:51.547+0000] {logging_mixin.py:190} INFO - [2026-06-16T15:20:51.547+0000] {dag.py:4180} INFO - Setting next_dagrun for crypto_pipeline_dag to 2026-06-16 00:00:00+00:00, run_after=2026-06-17 00:00:00+00:00
[2026-06-16T15:20:51.561+0000] {processor.py:208} INFO - Processing /opt/airflow/dags/crypto_pipeline_dag.py took 0.069 seconds
[2026-06-16T15:21:21.763+0000] {processor.py:186} INFO - Started process (PID=1873) to work on /opt/airflow/dags/crypto_pipeline_dag.py
[2026-06-16T15:21:21.764+0000] {processor.py:914} INFO - Processing file /opt/airflow/dags/crypto_pipeline_dag.py for tasks to queue
[2026-06-16T15:21:21.765+0000] {logging_mixin.py:190} INFO - [2026-06-16T15:21:21.765+0000] {dagbag.py:588} INFO - Filling up the DagBag from /opt/airflow/dags/crypto_pipeline_dag.py
[2026-06-16T15:21:21.777+0000] {processor.py:925} INFO - DAG(s) 'crypto_pipeline_dag' retrieved from /opt/airflow/dags/crypto_pipeline_dag.py
[2026-06-16T15:21:21.798+0000] {logging_mixin.py:190} INFO - [2026-06-16T15:21:21.798+0000] {dag.py:3239} INFO - Sync 1 DAGs
[2026-06-16T15:21:21.816+0000] {logging_mixin.py:190} INFO - [2026-06-16T15:21:21.816+0000] {dag.py:4180} INFO - Setting next_dagrun for crypto_pipeline_dag to 2026-06-16 00:00:00+00:00, run_after=2026-06-17 00:00:00+00:00
[2026-06-16T15:21:21.832+0000] {processor.py:208} INFO - Processing /opt/airflow/dags/crypto_pipeline_dag.py took 0.073 seconds
[2026-06-16T15:21:51.955+0000] {processor.py:186} INFO - Started process (PID=1907) to work on /opt/airflow/dags/crypto_pipeline_dag.py
[2026-06-16T15:21:51.956+0000] {processor.py:914} INFO - Processing file /opt/airflow/dags/crypto_pipeline_dag.py for tasks to queue
[2026-06-16T15:21:51.957+0000] {logging_mixin.py:190} INFO - [2026-06-16T15:21:51.956+0000] {dagbag.py:588} INFO - Filling up the DagBag from /opt/airflow/dags/crypto_pipeline_dag.py
[2026-06-16T15:21:51.970+0000] {processor.py:925} INFO - DAG(s) 'crypto_pipeline_dag' retrieved from /opt/airflow/dags/crypto_pipeline_dag.py
[2026-06-16T15:21:51.992+0000] {logging_mixin.py:190} INFO - [2026-06-16T15:21:51.992+0000] {dag.py:3239} INFO - Sync 1 DAGs
[2026-06-16T15:21:52.011+0000] {logging_mixin.py:190} INFO - [2026-06-16T15:21:52.011+0000] {dag.py:4180} INFO - Setting next_dagrun for crypto_pipeline_dag to 2026-06-16 00:00:00+00:00, run_after=2026-06-17 00:00:00+00:00
[2026-06-16T15:21:52.026+0000] {processor.py:208} INFO - Processing /opt/airflow/dags/crypto_pipeline_dag.py took 0.075 seconds
[2026-06-16T15:22:22.171+0000] {processor.py:186} INFO - Started process (PID=1918) to work on /opt/airflow/dags/crypto_pipeline_dag.py
[2026-06-16T15:22:22.172+0000] {processor.py:914} INFO - Processing file /opt/airflow/dags/crypto_pipeline_dag.py for tasks to queue
[2026-06-16T15:22:22.173+0000] {logging_mixin.py:190} INFO - [2026-06-16T15:22:22.172+0000] {dagbag.py:588} INFO - Filling up the DagBag from /opt/airflow/dags/crypto_pipeline_dag.py
[2026-06-16T15:22:22.187+0000] {processor.py:925} INFO - DAG(s) 'crypto_pipeline_dag' retrieved from /opt/airflow/dags/crypto_pipeline_dag.py
[2026-06-16T15:22:22.209+0000] {logging_mixin.py:190} INFO - [2026-06-16T15:22:22.209+0000] {dag.py:3239} INFO - Sync 1 DAGs
[2026-06-16T15:22:22.227+0000] {logging_mixin.py:190} INFO - [2026-06-16T15:22:22.227+0000] {dag.py:4180} INFO - Setting next_dagrun for crypto_pipeline_dag to 2026-06-16 00:00:00+00:00, run_after=2026-06-17 00:00:00+00:00
[2026-06-16T15:22:22.242+0000] {processor.py:208} INFO - Processing /opt/airflow/dags/crypto_pipeline_dag.py took 0.076 seconds
[2026-06-16T15:22:52.357+0000] {processor.py:186} INFO - Started process (PID=1923) to work on /opt/airflow/dags/crypto_pipeline_dag.py
[2026-06-16T15:22:52.359+0000] {processor.py:914} INFO - Processing file /opt/airflow/dags/crypto_pipeline_dag.py for tasks to queue
[2026-06-16T15:22:52.360+0000] {logging_mixin.py:190} INFO - [2026-06-16T15:22:52.359+0000] {dagbag.py:588} INFO - Filling up the DagBag from /opt/airflow/dags/crypto_pipeline_dag.py
[2026-06-16T15:22:52.379+0000] {processor.py:925} INFO - DAG(s) 'crypto_pipeline_dag' retrieved from /opt/airflow/dags/crypto_pipeline_dag.py
[2026-06-16T15:22:52.407+0000] {logging_mixin.py:190} INFO - [2026-06-16T15:22:52.407+0000] {dag.py:3239} INFO - Sync 1 DAGs
[2026-06-16T15:22:52.425+0000] {logging_mixin.py:190} INFO - [2026-06-16T15:22:52.425+0000] {dag.py:4180} INFO - Setting next_dagrun for crypto_pipeline_dag to 2026-06-16 00:00:00+00:00, run_after=2026-06-17 00:00:00+00:00
[2026-06-16T15:22:52.439+0000] {processor.py:208} INFO - Processing /opt/airflow/dags/crypto_pipeline_dag.py took 0.089 seconds
[2026-06-16T15:23:22.607+0000] {processor.py:186} INFO - Started process (PID=2129) to work on /opt/airflow/dags/crypto_pipeline_dag.py
[2026-06-16T15:23:22.608+0000] {processor.py:914} INFO - Processing file /opt/airflow/dags/crypto_pipeline_dag.py for tasks to queue
[2026-06-16T15:23:22.609+0000] {logging_mixin.py:190} INFO - [2026-06-16T15:23:22.609+0000] {dagbag.py:588} INFO - Filling up the DagBag from /opt/airflow/dags/crypto_pipeline_dag.py
[2026-06-16T15:23:22.623+0000] {processor.py:925} INFO - DAG(s) 'crypto_pipeline_dag' retrieved from /opt/airflow/dags/crypto_pipeline_dag.py
[2026-06-16T15:23:22.644+0000] {logging_mixin.py:190} INFO - [2026-06-16T15:23:22.644+0000] {dag.py:3239} INFO - Sync 1 DAGs
[2026-06-16T15:23:22.662+0000] {logging_mixin.py:190} INFO - [2026-06-16T15:23:22.662+0000] {dag.py:4180} INFO - Setting next_dagrun for crypto_pipeline_dag to 2026-06-16 00:00:00+00:00, run_after=2026-06-17 00:00:00+00:00
[2026-06-16T15:23:22.676+0000] {processor.py:208} INFO - Processing /opt/airflow/dags/crypto_pipeline_dag.py took 0.074 seconds
[2026-06-16T15:23:52.783+0000] {processor.py:186} INFO - Started process (PID=2140) to work on /opt/airflow/dags/crypto_pipeline_dag.py
[2026-06-16T15:23:52.785+0000] {processor.py:914} INFO - Processing file /opt/airflow/dags/crypto_pipeline_dag.py for tasks to queue
[2026-06-16T15:23:52.786+0000] {logging_mixin.py:190} INFO - [2026-06-16T15:23:52.786+0000] {dagbag.py:588} INFO - Filling up the DagBag from /opt/airflow/dags/crypto_pipeline_dag.py
[2026-06-16T15:23:52.807+0000] {processor.py:925} INFO - DAG(s) 'crypto_pipeline_dag' retrieved from /opt/airflow/dags/crypto_pipeline_dag.py
[2026-06-16T15:23:52.832+0000] {logging_mixin.py:190} INFO - [2026-06-16T15:23:52.831+0000] {dag.py:3239} INFO - Sync 1 DAGs
[2026-06-16T15:23:52.853+0000] {logging_mixin.py:190} INFO - [2026-06-16T15:23:52.852+0000] {dag.py:4180} INFO - Setting next_dagrun for crypto_pipeline_dag to 2026-06-16 00:00:00+00:00, run_after=2026-06-17 00:00:00+00:00
[2026-06-16T15:23:52.872+0000] {processor.py:208} INFO - Processing /opt/airflow/dags/crypto_pipeline_dag.py took 0.095 seconds
[2026-06-16T15:24:22.952+0000] {processor.py:186} INFO - Started process (PID=2145) to work on /opt/airflow/dags/crypto_pipeline_dag.py
[2026-06-16T15:24:22.953+0000] {processor.py:914} INFO - Processing file /opt/airflow/dags/crypto_pipeline_dag.py for tasks to queue
[2026-06-16T15:24:22.954+0000] {logging_mixin.py:190} INFO - [2026-06-16T15:24:22.954+0000] {dagbag.py:588} INFO - Filling up the DagBag from /opt/airflow/dags/crypto_pipeline_dag.py
[2026-06-16T15:24:22.967+0000] {processor.py:925} INFO - DAG(s) 'crypto_pipeline_dag' retrieved from /opt/airflow/dags/crypto_pipeline_dag.py
[2026-06-16T15:24:22.985+0000] {logging_mixin.py:190} INFO - [2026-06-16T15:24:22.985+0000] {dag.py:3239} INFO - Sync 1 DAGs
[2026-06-16T15:24:23.004+0000] {logging_mixin.py:190} INFO - [2026-06-16T15:24:23.004+0000] {dag.py:4180} INFO - Setting next_dagrun for crypto_pipeline_dag to 2026-06-16 00:00:00+00:00, run_after=2026-06-17 00:00:00+00:00
[2026-06-16T15:24:23.018+0000] {processor.py:208} INFO - Processing /opt/airflow/dags/crypto_pipeline_dag.py took 0.070 seconds
[2026-06-16T15:24:53.155+0000] {processor.py:186} INFO - Started process (PID=2150) to work on /opt/airflow/dags/crypto_pipeline_dag.py
[2026-06-16T15:24:53.156+0000] {processor.py:914} INFO - Processing file /opt/airflow/dags/crypto_pipeline_dag.py for tasks to queue
[2026-06-16T15:24:53.157+0000] {logging_mixin.py:190} INFO - [2026-06-16T15:24:53.157+0000] {dagbag.py:588} INFO - Filling up the DagBag from /opt/airflow/dags/crypto_pipeline_dag.py
[2026-06-16T15:24:53.174+0000] {processor.py:925} INFO - DAG(s) 'crypto_pipeline_dag' retrieved from /opt/airflow/dags/crypto_pipeline_dag.py
[2026-06-16T15:24:53.197+0000] {logging_mixin.py:190} INFO - [2026-06-16T15:24:53.197+0000] {dag.py:3239} INFO - Sync 1 DAGs
[2026-06-16T15:24:53.216+0000] {logging_mixin.py:190} INFO - [2026-06-16T15:24:53.216+0000] {dag.py:4180} INFO - Setting next_dagrun for crypto_pipeline_dag to 2026-06-16 00:00:00+00:00, run_after=2026-06-17 00:00:00+00:00
[2026-06-16T15:24:53.232+0000] {processor.py:208} INFO - Processing /opt/airflow/dags/crypto_pipeline_dag.py took 0.082 seconds
[2026-06-16T15:25:23.358+0000] {processor.py:186} INFO - Started process (PID=2155) to work on /opt/airflow/dags/crypto_pipeline_dag.py
[2026-06-16T15:25:23.360+0000] {processor.py:914} INFO - Processing file /opt/airflow/dags/crypto_pipeline_dag.py for tasks to queue
[2026-06-16T15:25:23.361+0000] {logging_mixin.py:190} INFO - [2026-06-16T15:25:23.360+0000] {dagbag.py:588} INFO - Filling up the DagBag from /opt/airflow/dags/crypto_pipeline_dag.py
[2026-06-16T15:25:23.378+0000] {processor.py:925} INFO - DAG(s) 'crypto_pipeline_dag' retrieved from /opt/airflow/dags/crypto_pipeline_dag.py
[2026-06-16T15:25:23.401+0000] {logging_mixin.py:190} INFO - [2026-06-16T15:25:23.400+0000] {dag.py:3239} INFO - Sync 1 DAGs
[2026-06-16T15:25:23.421+0000] {logging_mixin.py:190} INFO - [2026-06-16T15:25:23.421+0000] {dag.py:4180} INFO - Setting next_dagrun for crypto_pipeline_dag to 2026-06-16 00:00:00+00:00, run_after=2026-06-17 00:00:00+00:00
[2026-06-16T15:25:23.437+0000] {processor.py:208} INFO - Processing /opt/airflow/dags/crypto_pipeline_dag.py took 0.086 seconds
[2026-06-16T15:25:53.614+0000] {processor.py:186} INFO - Started process (PID=2160) to work on /opt/airflow/dags/crypto_pipeline_dag.py
[2026-06-16T15:25:53.614+0000] {processor.py:914} INFO - Processing file /opt/airflow/dags/crypto_pipeline_dag.py for tasks to queue
[2026-06-16T15:25:53.615+0000] {logging_mixin.py:190} INFO - [2026-06-16T15:25:53.615+0000] {dagbag.py:588} INFO - Filling up the DagBag from /opt/airflow/dags/crypto_pipeline_dag.py
[2026-06-16T15:25:53.627+0000] {processor.py:925} INFO - DAG(s) 'crypto_pipeline_dag' retrieved from /opt/airflow/dags/crypto_pipeline_dag.py
[2026-06-16T15:25:53.648+0000] {logging_mixin.py:190} INFO - [2026-06-16T15:25:53.648+0000] {dag.py:3239} INFO - Sync 1 DAGs
[2026-06-16T15:25:53.666+0000] {logging_mixin.py:190} INFO - [2026-06-16T15:25:53.665+0000] {dag.py:4180} INFO - Setting next_dagrun for crypto_pipeline_dag to 2026-06-16 00:00:00+00:00, run_after=2026-06-17 00:00:00+00:00
[2026-06-16T15:25:53.679+0000] {processor.py:208} INFO - Processing /opt/airflow/dags/crypto_pipeline_dag.py took 0.069 seconds
[2026-06-16T15:26:23.772+0000] {processor.py:186} INFO - Started process (PID=2165) to work on /opt/airflow/dags/crypto_pipeline_dag.py
[2026-06-16T15:26:23.773+0000] {processor.py:914} INFO - Processing file /opt/airflow/dags/crypto_pipeline_dag.py for tasks to queue
[2026-06-16T15:26:23.774+0000] {logging_mixin.py:190} INFO - [2026-06-16T15:26:23.773+0000] {dagbag.py:588} INFO - Filling up the DagBag from /opt/airflow/dags/crypto_pipeline_dag.py
[2026-06-16T15:26:23.788+0000] {processor.py:925} INFO - DAG(s) 'crypto_pipeline_dag' retrieved from /opt/airflow/dags/crypto_pipeline_dag.py
[2026-06-16T15:26:23.808+0000] {logging_mixin.py:190} INFO - [2026-06-16T15:26:23.808+0000] {dag.py:3239} INFO - Sync 1 DAGs
[2026-06-16T15:26:23.828+0000] {logging_mixin.py:190} INFO - [2026-06-16T15:26:23.828+0000] {dag.py:4180} INFO - Setting next_dagrun for crypto_pipeline_dag to 2026-06-16 00:00:00+00:00, run_after=2026-06-17 00:00:00+00:00
[2026-06-16T15:26:23.844+0000] {processor.py:208} INFO - Processing /opt/airflow/dags/crypto_pipeline_dag.py took 0.077 seconds
[2026-06-16T15:26:54.006+0000] {processor.py:186} INFO - Started process (PID=2170) to work on /opt/airflow/dags/crypto_pipeline_dag.py
[2026-06-16T15:26:54.006+0000] {processor.py:914} INFO - Processing file /opt/airflow/dags/crypto_pipeline_dag.py for tasks to queue
[2026-06-16T15:26:54.007+0000] {logging_mixin.py:190} INFO - [2026-06-16T15:26:54.007+0000] {dagbag.py:588} INFO - Filling up the DagBag from /opt/airflow/dags/crypto_pipeline_dag.py
[2026-06-16T15:26:54.020+0000] {processor.py:925} INFO - DAG(s) 'crypto_pipeline_dag' retrieved from /opt/airflow/dags/crypto_pipeline_dag.py
[2026-06-16T15:26:54.040+0000] {logging_mixin.py:190} INFO - [2026-06-16T15:26:54.040+0000] {dag.py:3239} INFO - Sync 1 DAGs
[2026-06-16T15:26:54.057+0000] {logging_mixin.py:190} INFO - [2026-06-16T15:26:54.057+0000] {dag.py:4180} INFO - Setting next_dagrun for crypto_pipeline_dag to 2026-06-16 00:00:00+00:00, run_after=2026-06-17 00:00:00+00:00
[2026-06-16T15:26:54.071+0000] {processor.py:208} INFO - Processing /opt/airflow/dags/crypto_pipeline_dag.py took 0.070 seconds
[2026-06-16T15:27:24.245+0000] {processor.py:186} INFO - Started process (PID=2175) to work on /opt/airflow/dags/crypto_pipeline_dag.py
[2026-06-16T15:27:24.246+0000] {processor.py:914} INFO - Processing file /opt/airflow/dags/crypto_pipeline_dag.py for tasks to queue
[2026-06-16T15:27:24.247+0000] {logging_mixin.py:190} INFO - [2026-06-16T15:27:24.247+0000] {dagbag.py:588} INFO - Filling up the DagBag from /opt/airflow/dags/crypto_pipeline_dag.py
[2026-06-16T15:27:24.261+0000] {processor.py:925} INFO - DAG(s) 'crypto_pipeline_dag' retrieved from /opt/airflow/dags/crypto_pipeline_dag.py
[2026-06-16T15:27:24.282+0000] {logging_mixin.py:190} INFO - [2026-06-16T15:27:24.281+0000] {dag.py:3239} INFO - Sync 1 DAGs
[2026-06-16T15:27:24.299+0000] {logging_mixin.py:190} INFO - [2026-06-16T15:27:24.299+0000] {dag.py:4180} INFO - Setting next_dagrun for crypto_pipeline_dag to 2026-06-16 00:00:00+00:00, run_after=2026-06-17 00:00:00+00:00
[2026-06-16T15:27:24.313+0000] {processor.py:208} INFO - Processing /opt/airflow/dags/crypto_pipeline_dag.py took 0.073 seconds
[2026-06-16T15:27:54.468+0000] {processor.py:186} INFO - Started process (PID=2210) to work on /opt/airflow/dags/crypto_pipeline_dag.py
[2026-06-16T15:27:54.469+0000] {processor.py:914} INFO - Processing file /opt/airflow/dags/crypto_pipeline_dag.py for tasks to queue
[2026-06-16T15:27:54.471+0000] {logging_mixin.py:190} INFO - [2026-06-16T15:27:54.470+0000] {dagbag.py:588} INFO - Filling up the DagBag from /opt/airflow/dags/crypto_pipeline_dag.py
[2026-06-16T15:27:54.484+0000] {processor.py:925} INFO - DAG(s) 'crypto_pipeline_dag' retrieved from /opt/airflow/dags/crypto_pipeline_dag.py
[2026-06-16T15:27:54.503+0000] {logging_mixin.py:190} INFO - [2026-06-16T15:27:54.503+0000] {dag.py:3239} INFO - Sync 1 DAGs
[2026-06-16T15:27:54.519+0000] {logging_mixin.py:190} INFO - [2026-06-16T15:27:54.519+0000] {dag.py:4180} INFO - Setting next_dagrun for crypto_pipeline_dag to 2026-06-16 00:00:00+00:00, run_after=2026-06-17 00:00:00+00:00
[2026-06-16T15:27:54.533+0000] {processor.py:208} INFO - Processing /opt/airflow/dags/crypto_pipeline_dag.py took 0.069 seconds
[2026-06-16T15:28:24.765+0000] {processor.py:186} INFO - Started process (PID=2217) to work on /opt/airflow/dags/crypto_pipeline_dag.py
[2026-06-16T15:28:24.766+0000] {processor.py:914} INFO - Processing file /opt/airflow/dags/crypto_pipeline_dag.py for tasks to queue
[2026-06-16T15:28:24.767+0000] {logging_mixin.py:190} INFO - [2026-06-16T15:28:24.767+0000] {dagbag.py:588} INFO - Filling up the DagBag from /opt/airflow/dags/crypto_pipeline_dag.py
[2026-06-16T15:28:24.781+0000] {processor.py:925} INFO - DAG(s) 'crypto_pipeline_dag' retrieved from /opt/airflow/dags/crypto_pipeline_dag.py
[2026-06-16T15:28:24.801+0000] {logging_mixin.py:190} INFO - [2026-06-16T15:28:24.801+0000] {dag.py:3239} INFO - Sync 1 DAGs
[2026-06-16T15:28:24.817+0000] {logging_mixin.py:190} INFO - [2026-06-16T15:28:24.817+0000] {dag.py:4180} INFO - Setting next_dagrun for crypto_pipeline_dag to 2026-06-16 00:00:00+00:00, run_after=2026-06-17 00:00:00+00:00
[2026-06-16T15:28:24.831+0000] {processor.py:208} INFO - Processing /opt/airflow/dags/crypto_pipeline_dag.py took 0.069 seconds
[2026-06-16T15:28:54.978+0000] {processor.py:186} INFO - Started process (PID=2260) to work on /opt/airflow/dags/crypto_pipeline_dag.py
[2026-06-16T15:28:54.979+0000] {processor.py:914} INFO - Processing file /opt/airflow/dags/crypto_pipeline_dag.py for tasks to queue
[2026-06-16T15:28:54.980+0000] {logging_mixin.py:190} INFO - [2026-06-16T15:28:54.980+0000] {dagbag.py:588} INFO - Filling up the DagBag from /opt/airflow/dags/crypto_pipeline_dag.py
[2026-06-16T15:28:54.994+0000] {processor.py:925} INFO - DAG(s) 'crypto_pipeline_dag' retrieved from /opt/airflow/dags/crypto_pipeline_dag.py
[2026-06-16T15:28:55.013+0000] {logging_mixin.py:190} INFO - [2026-06-16T15:28:55.013+0000] {dag.py:3239} INFO - Sync 1 DAGs
[2026-06-16T15:28:55.031+0000] {logging_mixin.py:190} INFO - [2026-06-16T15:28:55.031+0000] {dag.py:4180} INFO - Setting next_dagrun for crypto_pipeline_dag to 2026-06-16 00:00:00+00:00, run_after=2026-06-17 00:00:00+00:00
[2026-06-16T15:28:55.046+0000] {processor.py:208} INFO - Processing /opt/airflow/dags/crypto_pipeline_dag.py took 0.073 seconds
[2026-06-16T15:29:25.220+0000] {processor.py:186} INFO - Started process (PID=2267) to work on /opt/airflow/dags/crypto_pipeline_dag.py
[2026-06-16T15:29:25.221+0000] {processor.py:914} INFO - Processing file /opt/airflow/dags/crypto_pipeline_dag.py for tasks to queue
[2026-06-16T15:29:25.223+0000] {logging_mixin.py:190} INFO - [2026-06-16T15:29:25.222+0000] {dagbag.py:588} INFO - Filling up the DagBag from /opt/airflow/dags/crypto_pipeline_dag.py
[2026-06-16T15:29:25.240+0000] {processor.py:925} INFO - DAG(s) 'crypto_pipeline_dag' retrieved from /opt/airflow/dags/crypto_pipeline_dag.py
[2026-06-16T15:29:25.262+0000] {logging_mixin.py:190} INFO - [2026-06-16T15:29:25.262+0000] {dag.py:3239} INFO - Sync 1 DAGs
[2026-06-16T15:29:25.279+0000] {logging_mixin.py:190} INFO - [2026-06-16T15:29:25.279+0000] {dag.py:4180} INFO - Setting next_dagrun for crypto_pipeline_dag to 2026-06-16 00:00:00+00:00, run_after=2026-06-17 00:00:00+00:00
[2026-06-16T15:29:25.293+0000] {processor.py:208} INFO - Processing /opt/airflow/dags/crypto_pipeline_dag.py took 0.078 seconds
[2026-06-16T15:29:55.412+0000] {processor.py:186} INFO - Started process (PID=2274) to work on /opt/airflow/dags/crypto_pipeline_dag.py
[2026-06-16T15:29:55.413+0000] {processor.py:914} INFO - Processing file /opt/airflow/dags/crypto_pipeline_dag.py for tasks to queue
[2026-06-16T15:29:55.415+0000] {logging_mixin.py:190} INFO - [2026-06-16T15:29:55.414+0000] {dagbag.py:588} INFO - Filling up the DagBag from /opt/airflow/dags/crypto_pipeline_dag.py
[2026-06-16T15:29:55.443+0000] {processor.py:925} INFO - DAG(s) 'crypto_pipeline_dag' retrieved from /opt/airflow/dags/crypto_pipeline_dag.py
[2026-06-16T15:29:55.472+0000] {logging_mixin.py:190} INFO - [2026-06-16T15:29:55.472+0000] {dag.py:3239} INFO - Sync 1 DAGs
[2026-06-16T15:29:55.498+0000] {logging_mixin.py:190} INFO - [2026-06-16T15:29:55.498+0000] {dag.py:4180} INFO - Setting next_dagrun for crypto_pipeline_dag to 2026-06-16 00:00:00+00:00, run_after=2026-06-17 00:00:00+00:00
[2026-06-16T15:29:55.521+0000] {processor.py:208} INFO - Processing /opt/airflow/dags/crypto_pipeline_dag.py took 0.116 seconds
[2026-06-16T15:30:25.679+0000] {processor.py:186} INFO - Started process (PID=2281) to work on /opt/airflow/dags/crypto_pipeline_dag.py
[2026-06-16T15:30:25.680+0000] {processor.py:914} INFO - Processing file /opt/airflow/dags/crypto_pipeline_dag.py for tasks to queue
[2026-06-16T15:30:25.681+0000] {logging_mixin.py:190} INFO - [2026-06-16T15:30:25.681+0000] {dagbag.py:588} INFO - Filling up the DagBag from /opt/airflow/dags/crypto_pipeline_dag.py
[2026-06-16T15:30:25.693+0000] {processor.py:925} INFO - DAG(s) 'crypto_pipeline_dag' retrieved from /opt/airflow/dags/crypto_pipeline_dag.py
[2026-06-16T15:30:25.713+0000] {logging_mixin.py:190} INFO - [2026-06-16T15:30:25.713+0000] {dag.py:3239} INFO - Sync 1 DAGs
[2026-06-16T15:30:25.731+0000] {logging_mixin.py:190} INFO - [2026-06-16T15:30:25.731+0000] {dag.py:4180} INFO - Setting next_dagrun for crypto_pipeline_dag to 2026-06-16 00:00:00+00:00, run_after=2026-06-17 00:00:00+00:00
[2026-06-16T15:30:25.746+0000] {processor.py:208} INFO - Processing /opt/airflow/dags/crypto_pipeline_dag.py took 0.071 seconds
[2026-06-16T15:30:55.891+0000] {processor.py:186} INFO - Started process (PID=2286) to work on /opt/airflow/dags/crypto_pipeline_dag.py
[2026-06-16T15:30:55.892+0000] {processor.py:914} INFO - Processing file /opt/airflow/dags/crypto_pipeline_dag.py for tasks to queue
[2026-06-16T15:30:55.893+0000] {logging_mixin.py:190} INFO - [2026-06-16T15:30:55.893+0000] {dagbag.py:588} INFO - Filling up the DagBag from /opt/airflow/dags/crypto_pipeline_dag.py
[2026-06-16T15:30:55.906+0000] {processor.py:925} INFO - DAG(s) 'crypto_pipeline_dag' retrieved from /opt/airflow/dags/crypto_pipeline_dag.py
[2026-06-16T15:30:55.926+0000] {logging_mixin.py:190} INFO - [2026-06-16T15:30:55.926+0000] {dag.py:3239} INFO - Sync 1 DAGs
[2026-06-16T15:30:55.943+0000] {logging_mixin.py:190} INFO - [2026-06-16T15:30:55.943+0000] {dag.py:4180} INFO - Setting next_dagrun for crypto_pipeline_dag to 2026-06-16 00:00:00+00:00, run_after=2026-06-17 00:00:00+00:00
[2026-06-16T15:30:55.955+0000] {processor.py:208} INFO - Processing /opt/airflow/dags/crypto_pipeline_dag.py took 0.068 seconds
[2026-06-16T15:31:26.062+0000] {processor.py:186} INFO - Started process (PID=2291) to work on /opt/airflow/dags/crypto_pipeline_dag.py
[2026-06-16T15:31:26.063+0000] {processor.py:914} INFO - Processing file /opt/airflow/dags/crypto_pipeline_dag.py for tasks to queue
[2026-06-16T15:31:26.064+0000] {logging_mixin.py:190} INFO - [2026-06-16T15:31:26.064+0000] {dagbag.py:588} INFO - Filling up the DagBag from /opt/airflow/dags/crypto_pipeline_dag.py
[2026-06-16T15:31:26.078+0000] {processor.py:925} INFO - DAG(s) 'crypto_pipeline_dag' retrieved from /opt/airflow/dags/crypto_pipeline_dag.py
[2026-06-16T15:31:26.099+0000] {logging_mixin.py:190} INFO - [2026-06-16T15:31:26.099+0000] {dag.py:3239} INFO - Sync 1 DAGs
[2026-06-16T15:31:26.116+0000] {logging_mixin.py:190} INFO - [2026-06-16T15:31:26.116+0000] {dag.py:4180} INFO - Setting next_dagrun for crypto_pipeline_dag to 2026-06-16 00:00:00+00:00, run_after=2026-06-17 00:00:00+00:00
[2026-06-16T15:31:26.130+0000] {processor.py:208} INFO - Processing /opt/airflow/dags/crypto_pipeline_dag.py took 0.072 seconds
[2026-06-16T15:31:56.272+0000] {processor.py:186} INFO - Started process (PID=2296) to work on /opt/airflow/dags/crypto_pipeline_dag.py
[2026-06-16T15:31:56.273+0000] {processor.py:914} INFO - Processing file /opt/airflow/dags/crypto_pipeline_dag.py for tasks to queue
[2026-06-16T15:31:56.274+0000] {logging_mixin.py:190} INFO - [2026-06-16T15:31:56.274+0000] {dagbag.py:588} INFO - Filling up the DagBag from /opt/airflow/dags/crypto_pipeline_dag.py
[2026-06-16T15:31:56.287+0000] {processor.py:925} INFO - DAG(s) 'crypto_pipeline_dag' retrieved from /opt/airflow/dags/crypto_pipeline_dag.py
[2026-06-16T15:31:56.308+0000] {logging_mixin.py:190} INFO - [2026-06-16T15:31:56.308+0000] {dag.py:3239} INFO - Sync 1 DAGs
[2026-06-16T15:31:56.327+0000] {logging_mixin.py:190} INFO - [2026-06-16T15:31:56.327+0000] {dag.py:4180} INFO - Setting next_dagrun for crypto_pipeline_dag to 2026-06-16 00:00:00+00:00, run_after=2026-06-17 00:00:00+00:00
[2026-06-16T15:31:56.345+0000] {processor.py:208} INFO - Processing /opt/airflow/dags/crypto_pipeline_dag.py took 0.077 seconds
[2026-06-16T15:32:26.500+0000] {processor.py:186} INFO - Started process (PID=2301) to work on /opt/airflow/dags/crypto_pipeline_dag.py
[2026-06-16T15:32:26.501+0000] {processor.py:914} INFO - Processing file /opt/airflow/dags/crypto_pipeline_dag.py for tasks to queue
[2026-06-16T15:32:26.502+0000] {logging_mixin.py:190} INFO - [2026-06-16T15:32:26.502+0000] {dagbag.py:588} INFO - Filling up the DagBag from /opt/airflow/dags/crypto_pipeline_dag.py
[2026-06-16T15:32:26.518+0000] {processor.py:925} INFO - DAG(s) 'crypto_pipeline_dag' retrieved from /opt/airflow/dags/crypto_pipeline_dag.py
[2026-06-16T15:32:26.542+0000] {logging_mixin.py:190} INFO - [2026-06-16T15:32:26.541+0000] {dag.py:3239} INFO - Sync 1 DAGs
[2026-06-16T15:32:26.564+0000] {logging_mixin.py:190} INFO - [2026-06-16T15:32:26.564+0000] {dag.py:4180} INFO - Setting next_dagrun for crypto_pipeline_dag to 2026-06-16 00:00:00+00:00, run_after=2026-06-17 00:00:00+00:00
[2026-06-16T15:32:26.583+0000] {processor.py:208} INFO - Processing /opt/airflow/dags/crypto_pipeline_dag.py took 0.088 seconds
[2026-06-16T15:32:56.707+0000] {processor.py:186} INFO - Started process (PID=2306) to work on /opt/airflow/dags/crypto_pipeline_dag.py
[2026-06-16T15:32:56.708+0000] {processor.py:914} INFO - Processing file /opt/airflow/dags/crypto_pipeline_dag.py for tasks to queue
[2026-06-16T15:32:56.709+0000] {logging_mixin.py:190} INFO - [2026-06-16T15:32:56.709+0000] {dagbag.py:588} INFO - Filling up the DagBag from /opt/airflow/dags/crypto_pipeline_dag.py
[2026-06-16T15:32:56.724+0000] {processor.py:925} INFO - DAG(s) 'crypto_pipeline_dag' retrieved from /opt/airflow/dags/crypto_pipeline_dag.py
[2026-06-16T15:32:56.744+0000] {logging_mixin.py:190} INFO - [2026-06-16T15:32:56.743+0000] {dag.py:3239} INFO - Sync 1 DAGs
[2026-06-16T15:32:56.761+0000] {logging_mixin.py:190} INFO - [2026-06-16T15:32:56.761+0000] {dag.py:4180} INFO - Setting next_dagrun for crypto_pipeline_dag to 2026-06-16 00:00:00+00:00, run_after=2026-06-17 00:00:00+00:00
[2026-06-16T15:32:56.774+0000] {processor.py:208} INFO - Processing /opt/airflow/dags/crypto_pipeline_dag.py took 0.071 seconds
[2026-06-16T15:33:26.937+0000] {processor.py:186} INFO - Started process (PID=2311) to work on /opt/airflow/dags/crypto_pipeline_dag.py
[2026-06-16T15:33:26.938+0000] {processor.py:914} INFO - Processing file /opt/airflow/dags/crypto_pipeline_dag.py for tasks to queue
[2026-06-16T15:33:26.939+0000] {logging_mixin.py:190} INFO - [2026-06-16T15:33:26.939+0000] {dagbag.py:588} INFO - Filling up the DagBag from /opt/airflow/dags/crypto_pipeline_dag.py
[2026-06-16T15:33:26.960+0000] {processor.py:925} INFO - DAG(s) 'crypto_pipeline_dag' retrieved from /opt/airflow/dags/crypto_pipeline_dag.py
[2026-06-16T15:33:26.986+0000] {logging_mixin.py:190} INFO - [2026-06-16T15:33:26.986+0000] {dag.py:3239} INFO - Sync 1 DAGs
[2026-06-16T15:33:27.006+0000] {logging_mixin.py:190} INFO - [2026-06-16T15:33:27.006+0000] {dag.py:4180} INFO - Setting next_dagrun for crypto_pipeline_dag to 2026-06-16 00:00:00+00:00, run_after=2026-06-17 00:00:00+00:00
[2026-06-16T15:33:27.020+0000] {processor.py:208} INFO - Processing /opt/airflow/dags/crypto_pipeline_dag.py took 0.089 seconds
[2026-06-16T15:33:57.106+0000] {processor.py:186} INFO - Started process (PID=2317) to work on /opt/airflow/dags/crypto_pipeline_dag.py
[2026-06-16T15:33:57.107+0000] {processor.py:914} INFO - Processing file /opt/airflow/dags/crypto_pipeline_dag.py for tasks to queue
[2026-06-16T15:33:57.108+0000] {logging_mixin.py:190} INFO - [2026-06-16T15:33:57.107+0000] {dagbag.py:588} INFO - Filling up the DagBag from /opt/airflow/dags/crypto_pipeline_dag.py
[2026-06-16T15:33:57.125+0000] {processor.py:925} INFO - DAG(s) 'crypto_pipeline_dag' retrieved from /opt/airflow/dags/crypto_pipeline_dag.py
[2026-06-16T15:33:57.145+0000] {logging_mixin.py:190} INFO - [2026-06-16T15:33:57.145+0000] {dag.py:3239} INFO - Sync 1 DAGs
[2026-06-16T15:33:57.161+0000] {logging_mixin.py:190} INFO - [2026-06-16T15:33:57.161+0000] {dag.py:4180} INFO - Setting next_dagrun for crypto_pipeline_dag to 2026-06-16 00:00:00+00:00, run_after=2026-06-17 00:00:00+00:00
[2026-06-16T15:33:57.176+0000] {processor.py:208} INFO - Processing /opt/airflow/dags/crypto_pipeline_dag.py took 0.075 seconds
[2026-06-16T15:34:27.314+0000] {processor.py:186} INFO - Started process (PID=2322) to work on /opt/airflow/dags/crypto_pipeline_dag.py
[2026-06-16T15:34:27.315+0000] {processor.py:914} INFO - Processing file /opt/airflow/dags/crypto_pipeline_dag.py for tasks to queue
[2026-06-16T15:34:27.317+0000] {logging_mixin.py:190} INFO - [2026-06-16T15:34:27.316+0000] {dagbag.py:588} INFO - Filling up the DagBag from /opt/airflow/dags/crypto_pipeline_dag.py
[2026-06-16T15:34:27.337+0000] {processor.py:925} INFO - DAG(s) 'crypto_pipeline_dag' retrieved from /opt/airflow/dags/crypto_pipeline_dag.py
[2026-06-16T15:34:27.363+0000] {logging_mixin.py:190} INFO - [2026-06-16T15:34:27.363+0000] {dag.py:3239} INFO - Sync 1 DAGs
[2026-06-16T15:34:27.385+0000] {logging_mixin.py:190} INFO - [2026-06-16T15:34:27.385+0000] {dag.py:4180} INFO - Setting next_dagrun for crypto_pipeline_dag to 2026-06-16 00:00:00+00:00, run_after=2026-06-17 00:00:00+00:00
[2026-06-16T15:34:27.404+0000] {processor.py:208} INFO - Processing /opt/airflow/dags/crypto_pipeline_dag.py took 0.095 seconds
[2026-06-16T15:34:57.549+0000] {processor.py:186} INFO - Started process (PID=2327) to work on /opt/airflow/dags/crypto_pipeline_dag.py
[2026-06-16T15:34:57.550+0000] {processor.py:914} INFO - Processing file /opt/airflow/dags/crypto_pipeline_dag.py for tasks to queue
[2026-06-16T15:34:57.551+0000] {logging_mixin.py:190} INFO - [2026-06-16T15:34:57.551+0000] {dagbag.py:588} INFO - Filling up the DagBag from /opt/airflow/dags/crypto_pipeline_dag.py
[2026-06-16T15:34:57.564+0000] {processor.py:925} INFO - DAG(s) 'crypto_pipeline_dag' retrieved from /opt/airflow/dags/crypto_pipeline_dag.py
[2026-06-16T15:34:57.584+0000] {logging_mixin.py:190} INFO - [2026-06-16T15:34:57.584+0000] {dag.py:3239} INFO - Sync 1 DAGs
[2026-06-16T15:34:57.601+0000] {logging_mixin.py:190} INFO - [2026-06-16T15:34:57.601+0000] {dag.py:4180} INFO - Setting next_dagrun for crypto_pipeline_dag to 2026-06-16 00:00:00+00:00, run_after=2026-06-17 00:00:00+00:00
[2026-06-16T15:34:57.617+0000] {processor.py:208} INFO - Processing /opt/airflow/dags/crypto_pipeline_dag.py took 0.072 seconds
[2026-06-16T15:35:27.830+0000] {processor.py:186} INFO - Started process (PID=2368) to work on /opt/airflow/dags/crypto_pipeline_dag.py
[2026-06-16T15:35:27.830+0000] {processor.py:914} INFO - Processing file /opt/airflow/dags/crypto_pipeline_dag.py for tasks to queue
[2026-06-16T15:35:27.831+0000] {logging_mixin.py:190} INFO - [2026-06-16T15:35:27.831+0000] {dagbag.py:588} INFO - Filling up the DagBag from /opt/airflow/dags/crypto_pipeline_dag.py
[2026-06-16T15:35:27.844+0000] {processor.py:925} INFO - DAG(s) 'crypto_pipeline_dag' retrieved from /opt/airflow/dags/crypto_pipeline_dag.py
[2026-06-16T15:35:27.862+0000] {logging_mixin.py:190} INFO - [2026-06-16T15:35:27.862+0000] {dag.py:3239} INFO - Sync 1 DAGs
[2026-06-16T15:35:27.877+0000] {logging_mixin.py:190} INFO - [2026-06-16T15:35:27.877+0000] {dag.py:4180} INFO - Setting next_dagrun for crypto_pipeline_dag to 2026-06-16 00:00:00+00:00, run_after=2026-06-17 00:00:00+00:00
[2026-06-16T15:35:27.891+0000] {processor.py:208} INFO - Processing /opt/airflow/dags/crypto_pipeline_dag.py took 0.065 seconds
[2026-06-16T15:35:57.993+0000] {processor.py:186} INFO - Started process (PID=2561) to work on /opt/airflow/dags/crypto_pipeline_dag.py
[2026-06-16T15:35:57.994+0000] {processor.py:914} INFO - Processing file /opt/airflow/dags/crypto_pipeline_dag.py for tasks to queue
[2026-06-16T15:35:57.995+0000] {logging_mixin.py:190} INFO - [2026-06-16T15:35:57.995+0000] {dagbag.py:588} INFO - Filling up the DagBag from /opt/airflow/dags/crypto_pipeline_dag.py
[2026-06-16T15:35:58.010+0000] {processor.py:925} INFO - DAG(s) 'crypto_pipeline_dag' retrieved from /opt/airflow/dags/crypto_pipeline_dag.py
[2026-06-16T15:35:58.037+0000] {logging_mixin.py:190} INFO - [2026-06-16T15:35:58.036+0000] {dag.py:3239} INFO - Sync 1 DAGs
[2026-06-16T15:35:58.064+0000] {logging_mixin.py:190} INFO - [2026-06-16T15:35:58.064+0000] {dag.py:4180} INFO - Setting next_dagrun for crypto_pipeline_dag to 2026-06-16 00:00:00+00:00, run_after=2026-06-17 00:00:00+00:00
[2026-06-16T15:35:58.084+0000] {processor.py:208} INFO - Processing /opt/airflow/dags/crypto_pipeline_dag.py took 0.095 seconds
[2026-06-16T15:36:28.242+0000] {processor.py:186} INFO - Started process (PID=2592) to work on /opt/airflow/dags/crypto_pipeline_dag.py
[2026-06-16T15:36:28.243+0000] {processor.py:914} INFO - Processing file /opt/airflow/dags/crypto_pipeline_dag.py for tasks to queue
[2026-06-16T15:36:28.245+0000] {logging_mixin.py:190} INFO - [2026-06-16T15:36:28.244+0000] {dagbag.py:588} INFO - Filling up the DagBag from /opt/airflow/dags/crypto_pipeline_dag.py
[2026-06-16T15:36:28.262+0000] {processor.py:925} INFO - DAG(s) 'crypto_pipeline_dag' retrieved from /opt/airflow/dags/crypto_pipeline_dag.py
[2026-06-16T15:36:28.281+0000] {logging_mixin.py:190} INFO - [2026-06-16T15:36:28.281+0000] {dag.py:3239} INFO - Sync 1 DAGs
[2026-06-16T15:36:28.299+0000] {logging_mixin.py:190} INFO - [2026-06-16T15:36:28.299+0000] {dag.py:4180} INFO - Setting next_dagrun for crypto_pipeline_dag to 2026-06-16 00:00:00+00:00, run_after=2026-06-17 00:00:00+00:00
[2026-06-16T15:36:28.313+0000] {processor.py:208} INFO - Processing /opt/airflow/dags/crypto_pipeline_dag.py took 0.077 seconds
[2026-06-16T15:36:58.447+0000] {processor.py:186} INFO - Started process (PID=2597) to work on /opt/airflow/dags/crypto_pipeline_dag.py
[2026-06-16T15:36:58.448+0000] {processor.py:914} INFO - Processing file /opt/airflow/dags/crypto_pipeline_dag.py for tasks to queue
[2026-06-16T15:36:58.449+0000] {logging_mixin.py:190} INFO - [2026-06-16T15:36:58.449+0000] {dagbag.py:588} INFO - Filling up the DagBag from /opt/airflow/dags/crypto_pipeline_dag.py
[2026-06-16T15:36:58.462+0000] {processor.py:925} INFO - DAG(s) 'crypto_pipeline_dag' retrieved from /opt/airflow/dags/crypto_pipeline_dag.py
[2026-06-16T15:36:58.482+0000] {logging_mixin.py:190} INFO - [2026-06-16T15:36:58.481+0000] {dag.py:3239} INFO - Sync 1 DAGs
[2026-06-16T15:36:58.497+0000] {logging_mixin.py:190} INFO - [2026-06-16T15:36:58.497+0000] {dag.py:4180} INFO - Setting next_dagrun for crypto_pipeline_dag to 2026-06-16 00:00:00+00:00, run_after=2026-06-17 00:00:00+00:00
[2026-06-16T15:36:58.510+0000] {processor.py:208} INFO - Processing /opt/airflow/dags/crypto_pipeline_dag.py took 0.067 seconds
[2026-06-16T15:37:28.698+0000] {processor.py:186} INFO - Started process (PID=2602) to work on /opt/airflow/dags/crypto_pipeline_dag.py
[2026-06-16T15:37:28.699+0000] {processor.py:914} INFO - Processing file /opt/airflow/dags/crypto_pipeline_dag.py for tasks to queue
[2026-06-16T15:37:28.701+0000] {logging_mixin.py:190} INFO - [2026-06-16T15:37:28.700+0000] {dagbag.py:588} INFO - Filling up the DagBag from /opt/airflow/dags/crypto_pipeline_dag.py
[2026-06-16T15:37:28.718+0000] {processor.py:925} INFO - DAG(s) 'crypto_pipeline_dag' retrieved from /opt/airflow/dags/crypto_pipeline_dag.py
[2026-06-16T15:37:28.742+0000] {logging_mixin.py:190} INFO - [2026-06-16T15:37:28.742+0000] {dag.py:3239} INFO - Sync 1 DAGs
[2026-06-16T15:37:28.760+0000] {logging_mixin.py:190} INFO - [2026-06-16T15:37:28.760+0000] {dag.py:4180} INFO - Setting next_dagrun for crypto_pipeline_dag to 2026-06-16 00:00:00+00:00, run_after=2026-06-17 00:00:00+00:00
[2026-06-16T15:37:28.775+0000] {processor.py:208} INFO - Processing /opt/airflow/dags/crypto_pipeline_dag.py took 0.083 seconds
[2026-06-16T15:37:58.831+0000] {processor.py:186} INFO - Started process (PID=2607) to work on /opt/airflow/dags/crypto_pipeline_dag.py
[2026-06-16T15:37:58.832+0000] {processor.py:914} INFO - Processing file /opt/airflow/dags/crypto_pipeline_dag.py for tasks to queue
[2026-06-16T15:37:58.833+0000] {logging_mixin.py:190} INFO - [2026-06-16T15:37:58.833+0000] {dagbag.py:588} INFO - Filling up the DagBag from /opt/airflow/dags/crypto_pipeline_dag.py
[2026-06-16T15:37:58.847+0000] {processor.py:925} INFO - DAG(s) 'crypto_pipeline_dag' retrieved from /opt/airflow/dags/crypto_pipeline_dag.py
[2026-06-16T15:37:58.870+0000] {logging_mixin.py:190} INFO - [2026-06-16T15:37:58.870+0000] {dag.py:3239} INFO - Sync 1 DAGs
[2026-06-16T15:37:58.885+0000] {logging_mixin.py:190} INFO - [2026-06-16T15:37:58.885+0000] {dag.py:4180} INFO - Setting next_dagrun for crypto_pipeline_dag to 2026-06-16 00:00:00+00:00, run_after=2026-06-17 00:00:00+00:00
[2026-06-16T15:37:58.899+0000] {processor.py:208} INFO - Processing /opt/airflow/dags/crypto_pipeline_dag.py took 0.072 seconds
[2026-06-16T15:38:29.044+0000] {processor.py:186} INFO - Started process (PID=2612) to work on /opt/airflow/dags/crypto_pipeline_dag.py
[2026-06-16T15:38:29.044+0000] {processor.py:914} INFO - Processing file /opt/airflow/dags/crypto_pipeline_dag.py for tasks to queue
[2026-06-16T15:38:29.045+0000] {logging_mixin.py:190} INFO - [2026-06-16T15:38:29.045+0000] {dagbag.py:588} INFO - Filling up the DagBag from /opt/airflow/dags/crypto_pipeline_dag.py
[2026-06-16T15:38:29.057+0000] {processor.py:925} INFO - DAG(s) 'crypto_pipeline_dag' retrieved from /opt/airflow/dags/crypto_pipeline_dag.py
[2026-06-16T15:38:29.075+0000] {logging_mixin.py:190} INFO - [2026-06-16T15:38:29.075+0000] {dag.py:3239} INFO - Sync 1 DAGs
[2026-06-16T15:38:29.093+0000] {logging_mixin.py:190} INFO - [2026-06-16T15:38:29.093+0000] {dag.py:4180} INFO - Setting next_dagrun for crypto_pipeline_dag to 2026-06-16 00:00:00+00:00, run_after=2026-06-17 00:00:00+00:00
[2026-06-16T15:38:29.106+0000] {processor.py:208} INFO - Processing /opt/airflow/dags/crypto_pipeline_dag.py took 0.066 seconds
[2026-06-16T15:38:59.303+0000] {processor.py:186} INFO - Started process (PID=2617) to work on /opt/airflow/dags/crypto_pipeline_dag.py
[2026-06-16T15:38:59.304+0000] {processor.py:914} INFO - Processing file /opt/airflow/dags/crypto_pipeline_dag.py for tasks to queue
[2026-06-16T15:38:59.305+0000] {logging_mixin.py:190} INFO - [2026-06-16T15:38:59.305+0000] {dagbag.py:588} INFO - Filling up the DagBag from /opt/airflow/dags/crypto_pipeline_dag.py
[2026-06-16T15:38:59.319+0000] {processor.py:925} INFO - DAG(s) 'crypto_pipeline_dag' retrieved from /opt/airflow/dags/crypto_pipeline_dag.py
[2026-06-16T15:38:59.341+0000] {logging_mixin.py:190} INFO - [2026-06-16T15:38:59.341+0000] {dag.py:3239} INFO - Sync 1 DAGs
[2026-06-16T15:38:59.358+0000] {logging_mixin.py:190} INFO - [2026-06-16T15:38:59.358+0000] {dag.py:4180} INFO - Setting next_dagrun for crypto_pipeline_dag to 2026-06-16 00:00:00+00:00, run_after=2026-06-17 00:00:00+00:00
[2026-06-16T15:38:59.373+0000] {processor.py:208} INFO - Processing /opt/airflow/dags/crypto_pipeline_dag.py took 0.075 seconds
[2026-06-16T15:39:29.506+0000] {processor.py:186} INFO - Started process (PID=2622) to work on /opt/airflow/dags/crypto_pipeline_dag.py
[2026-06-16T15:39:29.507+0000] {processor.py:914} INFO - Processing file /opt/airflow/dags/crypto_pipeline_dag.py for tasks to queue
[2026-06-16T15:39:29.508+0000] {logging_mixin.py:190} INFO - [2026-06-16T15:39:29.508+0000] {dagbag.py:588} INFO - Filling up the DagBag from /opt/airflow/dags/crypto_pipeline_dag.py
[2026-06-16T15:39:29.522+0000] {processor.py:925} INFO - DAG(s) 'crypto_pipeline_dag' retrieved from /opt/airflow/dags/crypto_pipeline_dag.py
[2026-06-16T15:39:29.542+0000] {logging_mixin.py:190} INFO - [2026-06-16T15:39:29.542+0000] {dag.py:3239} INFO - Sync 1 DAGs
[2026-06-16T15:39:29.559+0000] {logging_mixin.py:190} INFO - [2026-06-16T15:39:29.559+0000] {dag.py:4180} INFO - Setting next_dagrun for crypto_pipeline_dag to 2026-06-16 00:00:00+00:00, run_after=2026-06-17 00:00:00+00:00
[2026-06-16T15:39:29.573+0000] {processor.py:208} INFO - Processing /opt/airflow/dags/crypto_pipeline_dag.py took 0.071 seconds
[2026-06-16T15:39:59.758+0000] {processor.py:186} INFO - Started process (PID=2627) to work on /opt/airflow/dags/crypto_pipeline_dag.py
[2026-06-16T15:39:59.759+0000] {processor.py:914} INFO - Processing file /opt/airflow/dags/crypto_pipeline_dag.py for tasks to queue
[2026-06-16T15:39:59.760+0000] {logging_mixin.py:190} INFO - [2026-06-16T15:39:59.760+0000] {dagbag.py:588} INFO - Filling up the DagBag from /opt/airflow/dags/crypto_pipeline_dag.py
[2026-06-16T15:39:59.774+0000] {processor.py:925} INFO - DAG(s) 'crypto_pipeline_dag' retrieved from /opt/airflow/dags/crypto_pipeline_dag.py
[2026-06-16T15:39:59.794+0000] {logging_mixin.py:190} INFO - [2026-06-16T15:39:59.793+0000] {dag.py:3239} INFO - Sync 1 DAGs
[2026-06-16T15:39:59.811+0000] {logging_mixin.py:190} INFO - [2026-06-16T15:39:59.811+0000] {dag.py:4180} INFO - Setting next_dagrun for crypto_pipeline_dag to 2026-06-16 00:00:00+00:00, run_after=2026-06-17 00:00:00+00:00
[2026-06-16T15:39:59.826+0000] {processor.py:208} INFO - Processing /opt/airflow/dags/crypto_pipeline_dag.py took 0.072 seconds
[2026-06-16T15:40:29.983+0000] {processor.py:186} INFO - Started process (PID=2632) to work on /opt/airflow/dags/crypto_pipeline_dag.py
[2026-06-16T15:40:29.984+0000] {processor.py:914} INFO - Processing file /opt/airflow/dags/crypto_pipeline_dag.py for tasks to queue
[2026-06-16T15:40:29.985+0000] {logging_mixin.py:190} INFO - [2026-06-16T15:40:29.985+0000] {dagbag.py:588} INFO - Filling up the DagBag from /opt/airflow/dags/crypto_pipeline_dag.py
[2026-06-16T15:40:29.997+0000] {processor.py:925} INFO - DAG(s) 'crypto_pipeline_dag' retrieved from /opt/airflow/dags/crypto_pipeline_dag.py
[2026-06-16T15:40:30.017+0000] {logging_mixin.py:190} INFO - [2026-06-16T15:40:30.016+0000] {dag.py:3239} INFO - Sync 1 DAGs
[2026-06-16T15:40:30.034+0000] {logging_mixin.py:190} INFO - [2026-06-16T15:40:30.033+0000] {dag.py:4180} INFO - Setting next_dagrun for crypto_pipeline_dag to 2026-06-16 00:00:00+00:00, run_after=2026-06-17 00:00:00+00:00
[2026-06-16T15:40:30.049+0000] {processor.py:208} INFO - Processing /opt/airflow/dags/crypto_pipeline_dag.py took 0.070 seconds
[2026-06-16T15:41:00.170+0000] {processor.py:186} INFO - Started process (PID=2637) to work on /opt/airflow/dags/crypto_pipeline_dag.py
[2026-06-16T15:41:00.171+0000] {processor.py:914} INFO - Processing file /opt/airflow/dags/crypto_pipeline_dag.py for tasks to queue
[2026-06-16T15:41:00.172+0000] {logging_mixin.py:190} INFO - [2026-06-16T15:41:00.172+0000] {dagbag.py:588} INFO - Filling up the DagBag from /opt/airflow/dags/crypto_pipeline_dag.py
[2026-06-16T15:41:00.194+0000] {processor.py:925} INFO - DAG(s) 'crypto_pipeline_dag' retrieved from /opt/airflow/dags/crypto_pipeline_dag.py
[2026-06-16T15:41:00.216+0000] {logging_mixin.py:190} INFO - [2026-06-16T15:41:00.216+0000] {dag.py:3239} INFO - Sync 1 DAGs
[2026-06-16T15:41:00.236+0000] {logging_mixin.py:190} INFO - [2026-06-16T15:41:00.236+0000] {dag.py:4180} INFO - Setting next_dagrun for crypto_pipeline_dag to 2026-06-16 00:00:00+00:00, run_after=2026-06-17 00:00:00+00:00
[2026-06-16T15:41:00.252+0000] {processor.py:208} INFO - Processing /opt/airflow/dags/crypto_pipeline_dag.py took 0.086 seconds
[2026-06-16T15:41:30.383+0000] {processor.py:186} INFO - Started process (PID=2642) to work on /opt/airflow/dags/crypto_pipeline_dag.py
[2026-06-16T15:41:30.386+0000] {processor.py:914} INFO - Processing file /opt/airflow/dags/crypto_pipeline_dag.py for tasks to queue
[2026-06-16T15:41:30.388+0000] {logging_mixin.py:190} INFO - [2026-06-16T15:41:30.388+0000] {dagbag.py:588} INFO - Filling up the DagBag from /opt/airflow/dags/crypto_pipeline_dag.py
[2026-06-16T15:41:30.413+0000] {processor.py:925} INFO - DAG(s) 'crypto_pipeline_dag' retrieved from /opt/airflow/dags/crypto_pipeline_dag.py
[2026-06-16T15:41:30.434+0000] {logging_mixin.py:190} INFO - [2026-06-16T15:41:30.433+0000] {dag.py:3239} INFO - Sync 1 DAGs
[2026-06-16T15:41:30.451+0000] {logging_mixin.py:190} INFO - [2026-06-16T15:41:30.451+0000] {dag.py:4180} INFO - Setting next_dagrun for crypto_pipeline_dag to 2026-06-16 00:00:00+00:00, run_after=2026-06-17 00:00:00+00:00
[2026-06-16T15:41:30.466+0000] {processor.py:208} INFO - Processing /opt/airflow/dags/crypto_pipeline_dag.py took 0.090 seconds
[2026-06-16T15:42:00.604+0000] {processor.py:186} INFO - Started process (PID=2681) to work on /opt/airflow/dags/crypto_pipeline_dag.py
[2026-06-16T15:42:00.605+0000] {processor.py:914} INFO - Processing file /opt/airflow/dags/crypto_pipeline_dag.py for tasks to queue
[2026-06-16T15:42:00.607+0000] {logging_mixin.py:190} INFO - [2026-06-16T15:42:00.606+0000] {dagbag.py:588} INFO - Filling up the DagBag from /opt/airflow/dags/crypto_pipeline_dag.py
[2026-06-16T15:42:00.624+0000] {processor.py:925} INFO - DAG(s) 'crypto_pipeline_dag' retrieved from /opt/airflow/dags/crypto_pipeline_dag.py
[2026-06-16T15:42:00.644+0000] {logging_mixin.py:190} INFO - [2026-06-16T15:42:00.644+0000] {dag.py:3239} INFO - Sync 1 DAGs
[2026-06-16T15:42:00.661+0000] {logging_mixin.py:190} INFO - [2026-06-16T15:42:00.661+0000] {dag.py:4180} INFO - Setting next_dagrun for crypto_pipeline_dag to 2026-06-16 00:00:00+00:00, run_after=2026-06-17 00:00:00+00:00
[2026-06-16T15:42:00.675+0000] {processor.py:208} INFO - Processing /opt/airflow/dags/crypto_pipeline_dag.py took 0.075 seconds
[2026-06-16T15:42:30.832+0000] {processor.py:186} INFO - Started process (PID=2688) to work on /opt/airflow/dags/crypto_pipeline_dag.py
[2026-06-16T15:42:30.833+0000] {processor.py:914} INFO - Processing file /opt/airflow/dags/crypto_pipeline_dag.py for tasks to queue
[2026-06-16T15:42:30.834+0000] {logging_mixin.py:190} INFO - [2026-06-16T15:42:30.834+0000] {dagbag.py:588} INFO - Filling up the DagBag from /opt/airflow/dags/crypto_pipeline_dag.py
[2026-06-16T15:42:30.847+0000] {processor.py:925} INFO - DAG(s) 'crypto_pipeline_dag' retrieved from /opt/airflow/dags/crypto_pipeline_dag.py
[2026-06-16T15:42:30.867+0000] {logging_mixin.py:190} INFO - [2026-06-16T15:42:30.867+0000] {dag.py:3239} INFO - Sync 1 DAGs
[2026-06-16T15:42:30.888+0000] {logging_mixin.py:190} INFO - [2026-06-16T15:42:30.888+0000] {dag.py:4180} INFO - Setting next_dagrun for crypto_pipeline_dag to 2026-06-16 00:00:00+00:00, run_after=2026-06-17 00:00:00+00:00
[2026-06-16T15:42:30.908+0000] {processor.py:208} INFO - Processing /opt/airflow/dags/crypto_pipeline_dag.py took 0.081 seconds
[2026-06-16T15:43:01.000+0000] {processor.py:186} INFO - Started process (PID=2904) to work on /opt/airflow/dags/crypto_pipeline_dag.py
[2026-06-16T15:43:01.002+0000] {processor.py:914} INFO - Processing file /opt/airflow/dags/crypto_pipeline_dag.py for tasks to queue
[2026-06-16T15:43:01.003+0000] {logging_mixin.py:190} INFO - [2026-06-16T15:43:01.003+0000] {dagbag.py:588} INFO - Filling up the DagBag from /opt/airflow/dags/crypto_pipeline_dag.py
[2026-06-16T15:43:01.027+0000] {processor.py:925} INFO - DAG(s) 'crypto_pipeline_dag' retrieved from /opt/airflow/dags/crypto_pipeline_dag.py
[2026-06-16T15:43:01.053+0000] {logging_mixin.py:190} INFO - [2026-06-16T15:43:01.053+0000] {dag.py:3239} INFO - Sync 1 DAGs
[2026-06-16T15:43:01.078+0000] {logging_mixin.py:190} INFO - [2026-06-16T15:43:01.078+0000] {dag.py:4180} INFO - Setting next_dagrun for crypto_pipeline_dag to 2026-06-16 00:00:00+00:00, run_after=2026-06-17 00:00:00+00:00
[2026-06-16T15:43:01.095+0000] {processor.py:208} INFO - Processing /opt/airflow/dags/crypto_pipeline_dag.py took 0.099 seconds
[2026-06-16T15:43:31.243+0000] {processor.py:186} INFO - Started process (PID=2911) to work on /opt/airflow/dags/crypto_pipeline_dag.py
[2026-06-16T15:43:31.244+0000] {processor.py:914} INFO - Processing file /opt/airflow/dags/crypto_pipeline_dag.py for tasks to queue
[2026-06-16T15:43:31.245+0000] {logging_mixin.py:190} INFO - [2026-06-16T15:43:31.244+0000] {dagbag.py:588} INFO - Filling up the DagBag from /opt/airflow/dags/crypto_pipeline_dag.py
[2026-06-16T15:43:31.257+0000] {processor.py:925} INFO - DAG(s) 'crypto_pipeline_dag' retrieved from /opt/airflow/dags/crypto_pipeline_dag.py
[2026-06-16T15:43:31.278+0000] {logging_mixin.py:190} INFO - [2026-06-16T15:43:31.278+0000] {dag.py:3239} INFO - Sync 1 DAGs
[2026-06-16T15:43:31.295+0000] {logging_mixin.py:190} INFO - [2026-06-16T15:43:31.295+0000] {dag.py:4180} INFO - Setting next_dagrun for crypto_pipeline_dag to 2026-06-16 00:00:00+00:00, run_after=2026-06-17 00:00:00+00:00
[2026-06-16T15:43:31.310+0000] {processor.py:208} INFO - Processing /opt/airflow/dags/crypto_pipeline_dag.py took 0.071 seconds
[2026-06-16T15:44:01.505+0000] {processor.py:186} INFO - Started process (PID=2916) to work on /opt/airflow/dags/crypto_pipeline_dag.py
[2026-06-16T15:44:01.506+0000] {processor.py:914} INFO - Processing file /opt/airflow/dags/crypto_pipeline_dag.py for tasks to queue
[2026-06-16T15:44:01.507+0000] {logging_mixin.py:190} INFO - [2026-06-16T15:44:01.506+0000] {dagbag.py:588} INFO - Filling up the DagBag from /opt/airflow/dags/crypto_pipeline_dag.py
[2026-06-16T15:44:01.521+0000] {processor.py:925} INFO - DAG(s) 'crypto_pipeline_dag' retrieved from /opt/airflow/dags/crypto_pipeline_dag.py
[2026-06-16T15:44:01.541+0000] {logging_mixin.py:190} INFO - [2026-06-16T15:44:01.541+0000] {dag.py:3239} INFO - Sync 1 DAGs
[2026-06-16T15:44:01.559+0000] {logging_mixin.py:190} INFO - [2026-06-16T15:44:01.559+0000] {dag.py:4180} INFO - Setting next_dagrun for crypto_pipeline_dag to 2026-06-16 00:00:00+00:00, run_after=2026-06-17 00:00:00+00:00
[2026-06-16T15:44:01.571+0000] {processor.py:208} INFO - Processing /opt/airflow/dags/crypto_pipeline_dag.py took 0.071 seconds
[2026-06-16T15:44:31.679+0000] {processor.py:186} INFO - Started process (PID=2921) to work on /opt/airflow/dags/crypto_pipeline_dag.py
[2026-06-16T15:44:31.680+0000] {processor.py:914} INFO - Processing file /opt/airflow/dags/crypto_pipeline_dag.py for tasks to queue
[2026-06-16T15:44:31.681+0000] {logging_mixin.py:190} INFO - [2026-06-16T15:44:31.681+0000] {dagbag.py:588} INFO - Filling up the DagBag from /opt/airflow/dags/crypto_pipeline_dag.py
[2026-06-16T15:44:31.699+0000] {processor.py:925} INFO - DAG(s) 'crypto_pipeline_dag' retrieved from /opt/airflow/dags/crypto_pipeline_dag.py
[2026-06-16T15:44:31.722+0000] {logging_mixin.py:190} INFO - [2026-06-16T15:44:31.722+0000] {dag.py:3239} INFO - Sync 1 DAGs
[2026-06-16T15:44:31.739+0000] {logging_mixin.py:190} INFO - [2026-06-16T15:44:31.739+0000] {dag.py:4180} INFO - Setting next_dagrun for crypto_pipeline_dag to 2026-06-16 00:00:00+00:00, run_after=2026-06-17 00:00:00+00:00
[2026-06-16T15:44:31.755+0000] {processor.py:208} INFO - Processing /opt/airflow/dags/crypto_pipeline_dag.py took 0.081 seconds
[2026-06-16T15:45:01.942+0000] {processor.py:186} INFO - Started process (PID=2926) to work on /opt/airflow/dags/crypto_pipeline_dag.py
[2026-06-16T15:45:01.943+0000] {processor.py:914} INFO - Processing file /opt/airflow/dags/crypto_pipeline_dag.py for tasks to queue
[2026-06-16T15:45:01.944+0000] {logging_mixin.py:190} INFO - [2026-06-16T15:45:01.944+0000] {dagbag.py:588} INFO - Filling up the DagBag from /opt/airflow/dags/crypto_pipeline_dag.py
[2026-06-16T15:45:01.958+0000] {processor.py:925} INFO - DAG(s) 'crypto_pipeline_dag' retrieved from /opt/airflow/dags/crypto_pipeline_dag.py
[2026-06-16T15:45:01.979+0000] {logging_mixin.py:190} INFO - [2026-06-16T15:45:01.979+0000] {dag.py:3239} INFO - Sync 1 DAGs
[2026-06-16T15:45:01.998+0000] {logging_mixin.py:190} INFO - [2026-06-16T15:45:01.997+0000] {dag.py:4180} INFO - Setting next_dagrun for crypto_pipeline_dag to 2026-06-16 00:00:00+00:00, run_after=2026-06-17 00:00:00+00:00
[2026-06-16T15:45:02.013+0000] {processor.py:208} INFO - Processing /opt/airflow/dags/crypto_pipeline_dag.py took 0.075 seconds
[2026-06-16T15:45:32.149+0000] {processor.py:186} INFO - Started process (PID=2931) to work on /opt/airflow/dags/crypto_pipeline_dag.py
[2026-06-16T15:45:32.151+0000] {processor.py:914} INFO - Processing file /opt/airflow/dags/crypto_pipeline_dag.py for tasks to queue
[2026-06-16T15:45:32.152+0000] {logging_mixin.py:190} INFO - [2026-06-16T15:45:32.151+0000] {dagbag.py:588} INFO - Filling up the DagBag from /opt/airflow/dags/crypto_pipeline_dag.py
[2026-06-16T15:45:32.165+0000] {processor.py:925} INFO - DAG(s) 'crypto_pipeline_dag' retrieved from /opt/airflow/dags/crypto_pipeline_dag.py
[2026-06-16T15:45:32.186+0000] {logging_mixin.py:190} INFO - [2026-06-16T15:45:32.185+0000] {dag.py:3239} INFO - Sync 1 DAGs
[2026-06-16T15:45:32.202+0000] {logging_mixin.py:190} INFO - [2026-06-16T15:45:32.202+0000] {dag.py:4180} INFO - Setting next_dagrun for crypto_pipeline_dag to 2026-06-16 00:00:00+00:00, run_after=2026-06-17 00:00:00+00:00
[2026-06-16T15:45:32.215+0000] {processor.py:208} INFO - Processing /opt/airflow/dags/crypto_pipeline_dag.py took 0.070 seconds
[2026-06-16T15:46:02.375+0000] {processor.py:186} INFO - Started process (PID=2936) to work on /opt/airflow/dags/crypto_pipeline_dag.py
[2026-06-16T15:46:02.376+0000] {processor.py:914} INFO - Processing file /opt/airflow/dags/crypto_pipeline_dag.py for tasks to queue
[2026-06-16T15:46:02.377+0000] {logging_mixin.py:190} INFO - [2026-06-16T15:46:02.376+0000] {dagbag.py:588} INFO - Filling up the DagBag from /opt/airflow/dags/crypto_pipeline_dag.py
[2026-06-16T15:46:02.392+0000] {processor.py:925} INFO - DAG(s) 'crypto_pipeline_dag' retrieved from /opt/airflow/dags/crypto_pipeline_dag.py
[2026-06-16T15:46:02.412+0000] {logging_mixin.py:190} INFO - [2026-06-16T15:46:02.412+0000] {dag.py:3239} INFO - Sync 1 DAGs
[2026-06-16T15:46:02.428+0000] {logging_mixin.py:190} INFO - [2026-06-16T15:46:02.428+0000] {dag.py:4180} INFO - Setting next_dagrun for crypto_pipeline_dag to 2026-06-16 00:00:00+00:00, run_after=2026-06-17 00:00:00+00:00
[2026-06-16T15:46:02.443+0000] {processor.py:208} INFO - Processing /opt/airflow/dags/crypto_pipeline_dag.py took 0.072 seconds
[2026-06-16T15:46:32.594+0000] {processor.py:186} INFO - Started process (PID=2941) to work on /opt/airflow/dags/crypto_pipeline_dag.py
[2026-06-16T15:46:32.594+0000] {processor.py:914} INFO - Processing file /opt/airflow/dags/crypto_pipeline_dag.py for tasks to queue
[2026-06-16T15:46:32.595+0000] {logging_mixin.py:190} INFO - [2026-06-16T15:46:32.595+0000] {dagbag.py:588} INFO - Filling up the DagBag from /opt/airflow/dags/crypto_pipeline_dag.py
[2026-06-16T15:46:32.609+0000] {processor.py:925} INFO - DAG(s) 'crypto_pipeline_dag' retrieved from /opt/airflow/dags/crypto_pipeline_dag.py
[2026-06-16T15:46:32.630+0000] {logging_mixin.py:190} INFO - [2026-06-16T15:46:32.630+0000] {dag.py:3239} INFO - Sync 1 DAGs
[2026-06-16T15:46:32.649+0000] {logging_mixin.py:190} INFO - [2026-06-16T15:46:32.649+0000] {dag.py:4180} INFO - Setting next_dagrun for crypto_pipeline_dag to 2026-06-16 00:00:00+00:00, run_after=2026-06-17 00:00:00+00:00
[2026-06-16T15:46:32.661+0000] {processor.py:208} INFO - Processing /opt/airflow/dags/crypto_pipeline_dag.py took 0.072 seconds
[2026-06-16T15:47:02.770+0000] {processor.py:186} INFO - Started process (PID=2946) to work on /opt/airflow/dags/crypto_pipeline_dag.py
[2026-06-16T15:47:02.772+0000] {processor.py:914} INFO - Processing file /opt/airflow/dags/crypto_pipeline_dag.py for tasks to queue
[2026-06-16T15:47:02.773+0000] {logging_mixin.py:190} INFO - [2026-06-16T15:47:02.773+0000] {dagbag.py:588} INFO - Filling up the DagBag from /opt/airflow/dags/crypto_pipeline_dag.py
[2026-06-16T15:47:02.786+0000] {processor.py:925} INFO - DAG(s) 'crypto_pipeline_dag' retrieved from /opt/airflow/dags/crypto_pipeline_dag.py
[2026-06-16T15:47:02.805+0000] {logging_mixin.py:190} INFO - [2026-06-16T15:47:02.805+0000] {dag.py:3239} INFO - Sync 1 DAGs
[2026-06-16T15:47:02.820+0000] {logging_mixin.py:190} INFO - [2026-06-16T15:47:02.820+0000] {dag.py:4180} INFO - Setting next_dagrun for crypto_pipeline_dag to 2026-06-16 00:00:00+00:00, run_after=2026-06-17 00:00:00+00:00
[2026-06-16T15:47:02.832+0000] {processor.py:208} INFO - Processing /opt/airflow/dags/crypto_pipeline_dag.py took 0.066 seconds
[2026-06-16T15:47:33.010+0000] {processor.py:186} INFO - Started process (PID=2956) to work on /opt/airflow/dags/crypto_pipeline_dag.py
[2026-06-16T15:47:33.011+0000] {processor.py:914} INFO - Processing file /opt/airflow/dags/crypto_pipeline_dag.py for tasks to queue
[2026-06-16T15:47:33.012+0000] {logging_mixin.py:190} INFO - [2026-06-16T15:47:33.012+0000] {dagbag.py:588} INFO - Filling up the DagBag from /opt/airflow/dags/crypto_pipeline_dag.py
[2026-06-16T15:47:33.037+0000] {processor.py:925} INFO - DAG(s) 'crypto_pipeline_dag' retrieved from /opt/airflow/dags/crypto_pipeline_dag.py
[2026-06-16T15:47:33.060+0000] {logging_mixin.py:190} INFO - [2026-06-16T15:47:33.060+0000] {dag.py:3239} INFO - Sync 1 DAGs
[2026-06-16T15:47:33.079+0000] {logging_mixin.py:190} INFO - [2026-06-16T15:47:33.079+0000] {dag.py:4180} INFO - Setting next_dagrun for crypto_pipeline_dag to 2026-06-16 00:00:00+00:00, run_after=2026-06-17 00:00:00+00:00
[2026-06-16T15:47:33.093+0000] {processor.py:208} INFO - Processing /opt/airflow/dags/crypto_pipeline_dag.py took 0.087 seconds
[2026-06-16T15:48:03.204+0000] {processor.py:186} INFO - Started process (PID=3060) to work on /opt/airflow/dags/crypto_pipeline_dag.py
[2026-06-16T15:48:03.205+0000] {processor.py:914} INFO - Processing file /opt/airflow/dags/crypto_pipeline_dag.py for tasks to queue
[2026-06-16T15:48:03.206+0000] {logging_mixin.py:190} INFO - [2026-06-16T15:48:03.206+0000] {dagbag.py:588} INFO - Filling up the DagBag from /opt/airflow/dags/crypto_pipeline_dag.py
[2026-06-16T15:48:03.219+0000] {processor.py:925} INFO - DAG(s) 'crypto_pipeline_dag' retrieved from /opt/airflow/dags/crypto_pipeline_dag.py
[2026-06-16T15:48:03.239+0000] {logging_mixin.py:190} INFO - [2026-06-16T15:48:03.239+0000] {dag.py:3239} INFO - Sync 1 DAGs
[2026-06-16T15:48:03.257+0000] {logging_mixin.py:190} INFO - [2026-06-16T15:48:03.257+0000] {dag.py:4180} INFO - Setting next_dagrun for crypto_pipeline_dag to 2026-06-16 00:00:00+00:00, run_after=2026-06-17 00:00:00+00:00
[2026-06-16T15:48:03.271+0000] {processor.py:208} INFO - Processing /opt/airflow/dags/crypto_pipeline_dag.py took 0.071 seconds
[2026-06-16T15:48:33.536+0000] {processor.py:186} INFO - Started process (PID=3065) to work on /opt/airflow/dags/crypto_pipeline_dag.py
[2026-06-16T15:48:33.537+0000] {processor.py:914} INFO - Processing file /opt/airflow/dags/crypto_pipeline_dag.py for tasks to queue
[2026-06-16T15:48:33.538+0000] {logging_mixin.py:190} INFO - [2026-06-16T15:48:33.538+0000] {dagbag.py:588} INFO - Filling up the DagBag from /opt/airflow/dags/crypto_pipeline_dag.py
[2026-06-16T15:48:33.550+0000] {processor.py:925} INFO - DAG(s) 'crypto_pipeline_dag' retrieved from /opt/airflow/dags/crypto_pipeline_dag.py
[2026-06-16T15:48:33.568+0000] {logging_mixin.py:190} INFO - [2026-06-16T15:48:33.568+0000] {dag.py:3239} INFO - Sync 1 DAGs
[2026-06-16T15:48:33.583+0000] {logging_mixin.py:190} INFO - [2026-06-16T15:48:33.583+0000] {dag.py:4180} INFO - Setting next_dagrun for crypto_pipeline_dag to 2026-06-16 00:00:00+00:00, run_after=2026-06-17 00:00:00+00:00
[2026-06-16T15:48:33.597+0000] {processor.py:208} INFO - Processing /opt/airflow/dags/crypto_pipeline_dag.py took 0.065 seconds
[2026-06-16T15:49:03.799+0000] {processor.py:186} INFO - Started process (PID=3070) to work on /opt/airflow/dags/crypto_pipeline_dag.py
[2026-06-16T15:49:03.801+0000] {processor.py:914} INFO - Processing file /opt/airflow/dags/crypto_pipeline_dag.py for tasks to queue
[2026-06-16T15:49:03.802+0000] {logging_mixin.py:190} INFO - [2026-06-16T15:49:03.802+0000] {dagbag.py:588} INFO - Filling up the DagBag from /opt/airflow/dags/crypto_pipeline_dag.py
[2026-06-16T15:49:03.815+0000] {processor.py:925} INFO - DAG(s) 'crypto_pipeline_dag' retrieved from /opt/airflow/dags/crypto_pipeline_dag.py
[2026-06-16T15:49:03.833+0000] {logging_mixin.py:190} INFO - [2026-06-16T15:49:03.833+0000] {dag.py:3239} INFO - Sync 1 DAGs
[2026-06-16T15:49:03.848+0000] {logging_mixin.py:190} INFO - [2026-06-16T15:49:03.848+0000] {dag.py:4180} INFO - Setting next_dagrun for crypto_pipeline_dag to 2026-06-16 00:00:00+00:00, run_after=2026-06-17 00:00:00+00:00
[2026-06-16T15:49:03.861+0000] {processor.py:208} INFO - Processing /opt/airflow/dags/crypto_pipeline_dag.py took 0.065 seconds
[2026-06-16T15:49:34.061+0000] {processor.py:186} INFO - Started process (PID=3075) to work on /opt/airflow/dags/crypto_pipeline_dag.py
[2026-06-16T15:49:34.062+0000] {processor.py:914} INFO - Processing file /opt/airflow/dags/crypto_pipeline_dag.py for tasks to queue
[2026-06-16T15:49:34.063+0000] {logging_mixin.py:190} INFO - [2026-06-16T15:49:34.063+0000] {dagbag.py:588} INFO - Filling up the DagBag from /opt/airflow/dags/crypto_pipeline_dag.py
[2026-06-16T15:49:34.074+0000] {processor.py:925} INFO - DAG(s) 'crypto_pipeline_dag' retrieved from /opt/airflow/dags/crypto_pipeline_dag.py
[2026-06-16T15:49:34.092+0000] {logging_mixin.py:190} INFO - [2026-06-16T15:49:34.091+0000] {dag.py:3239} INFO - Sync 1 DAGs
[2026-06-16T15:49:34.107+0000] {logging_mixin.py:190} INFO - [2026-06-16T15:49:34.107+0000] {dag.py:4180} INFO - Setting next_dagrun for crypto_pipeline_dag to 2026-06-16 00:00:00+00:00, run_after=2026-06-17 00:00:00+00:00
[2026-06-16T15:49:34.120+0000] {processor.py:208} INFO - Processing /opt/airflow/dags/crypto_pipeline_dag.py took 0.063 seconds
[2026-06-16T15:50:04.314+0000] {processor.py:186} INFO - Started process (PID=3080) to work on /opt/airflow/dags/crypto_pipeline_dag.py
[2026-06-16T15:50:04.316+0000] {processor.py:914} INFO - Processing file /opt/airflow/dags/crypto_pipeline_dag.py for tasks to queue
[2026-06-16T15:50:04.318+0000] {logging_mixin.py:190} INFO - [2026-06-16T15:50:04.317+0000] {dagbag.py:588} INFO - Filling up the DagBag from /opt/airflow/dags/crypto_pipeline_dag.py
[2026-06-16T15:50:04.330+0000] {processor.py:925} INFO - DAG(s) 'crypto_pipeline_dag' retrieved from /opt/airflow/dags/crypto_pipeline_dag.py
[2026-06-16T15:50:04.348+0000] {logging_mixin.py:190} INFO - [2026-06-16T15:50:04.348+0000] {dag.py:3239} INFO - Sync 1 DAGs
[2026-06-16T15:50:04.363+0000] {logging_mixin.py:190} INFO - [2026-06-16T15:50:04.363+0000] {dag.py:4180} INFO - Setting next_dagrun for crypto_pipeline_dag to 2026-06-16 00:00:00+00:00, run_after=2026-06-17 00:00:00+00:00
[2026-06-16T15:50:04.378+0000] {processor.py:208} INFO - Processing /opt/airflow/dags/crypto_pipeline_dag.py took 0.068 seconds
[2026-06-16T15:50:34.568+0000] {processor.py:186} INFO - Started process (PID=3085) to work on /opt/airflow/dags/crypto_pipeline_dag.py
[2026-06-16T15:50:34.569+0000] {processor.py:914} INFO - Processing file /opt/airflow/dags/crypto_pipeline_dag.py for tasks to queue
[2026-06-16T15:50:34.570+0000] {logging_mixin.py:190} INFO - [2026-06-16T15:50:34.570+0000] {dagbag.py:588} INFO - Filling up the DagBag from /opt/airflow/dags/crypto_pipeline_dag.py
[2026-06-16T15:50:34.583+0000] {processor.py:925} INFO - DAG(s) 'crypto_pipeline_dag' retrieved from /opt/airflow/dags/crypto_pipeline_dag.py
[2026-06-16T15:50:34.603+0000] {logging_mixin.py:190} INFO - [2026-06-16T15:50:34.602+0000] {dag.py:3239} INFO - Sync 1 DAGs
[2026-06-16T15:50:34.619+0000] {logging_mixin.py:190} INFO - [2026-06-16T15:50:34.619+0000] {dag.py:4180} INFO - Setting next_dagrun for crypto_pipeline_dag to 2026-06-16 00:00:00+00:00, run_after=2026-06-17 00:00:00+00:00
[2026-06-16T15:50:34.632+0000] {processor.py:208} INFO - Processing /opt/airflow/dags/crypto_pipeline_dag.py took 0.068 seconds
[2026-06-16T15:51:04.807+0000] {processor.py:186} INFO - Started process (PID=3090) to work on /opt/airflow/dags/crypto_pipeline_dag.py
[2026-06-16T15:51:04.808+0000] {processor.py:914} INFO - Processing file /opt/airflow/dags/crypto_pipeline_dag.py for tasks to queue
[2026-06-16T15:51:04.809+0000] {logging_mixin.py:190} INFO - [2026-06-16T15:51:04.809+0000] {dagbag.py:588} INFO - Filling up the DagBag from /opt/airflow/dags/crypto_pipeline_dag.py
[2026-06-16T15:51:04.822+0000] {processor.py:925} INFO - DAG(s) 'crypto_pipeline_dag' retrieved from /opt/airflow/dags/crypto_pipeline_dag.py
[2026-06-16T15:51:04.943+0000] {logging_mixin.py:190} INFO - [2026-06-16T15:51:04.942+0000] {dag.py:3239} INFO - Sync 1 DAGs
[2026-06-16T15:51:04.951+0000] {logging_mixin.py:190} INFO - [2026-06-16T15:51:04.951+0000] {dag.py:3262} INFO - Creating ORM DAG for crypto_pipeline_dag
[2026-06-16T15:51:04.959+0000] {logging_mixin.py:190} INFO - [2026-06-16T15:51:04.959+0000] {dag.py:4180} INFO - Setting next_dagrun for crypto_pipeline_dag to 2026-06-15 00:00:00+00:00, run_after=2026-06-16 00:00:00+00:00
[2026-06-16T15:51:04.976+0000] {processor.py:208} INFO - Processing /opt/airflow/dags/crypto_pipeline_dag.py took 0.173 seconds
[2026-06-16T15:51:35.088+0000] {processor.py:186} INFO - Started process (PID=3095) to work on /opt/airflow/dags/crypto_pipeline_dag.py
[2026-06-16T15:51:35.089+0000] {processor.py:914} INFO - Processing file /opt/airflow/dags/crypto_pipeline_dag.py for tasks to queue
[2026-06-16T15:51:35.090+0000] {logging_mixin.py:190} INFO - [2026-06-16T15:51:35.090+0000] {dagbag.py:588} INFO - Filling up the DagBag from /opt/airflow/dags/crypto_pipeline_dag.py
[2026-06-16T15:51:35.103+0000] {processor.py:925} INFO - DAG(s) 'crypto_pipeline_dag' retrieved from /opt/airflow/dags/crypto_pipeline_dag.py
[2026-06-16T15:51:35.122+0000] {logging_mixin.py:190} INFO - [2026-06-16T15:51:35.122+0000] {dag.py:3239} INFO - Sync 1 DAGs
[2026-06-16T15:51:35.137+0000] {logging_mixin.py:190} INFO - [2026-06-16T15:51:35.137+0000] {dag.py:4180} INFO - Setting next_dagrun for crypto_pipeline_dag to 2026-06-15 00:00:00+00:00, run_after=2026-06-16 00:00:00+00:00
[2026-06-16T15:51:35.149+0000] {processor.py:208} INFO - Processing /opt/airflow/dags/crypto_pipeline_dag.py took 0.065 seconds
[2026-06-16T15:52:05.345+0000] {processor.py:186} INFO - Started process (PID=3100) to work on /opt/airflow/dags/crypto_pipeline_dag.py
[2026-06-16T15:52:05.346+0000] {processor.py:914} INFO - Processing file /opt/airflow/dags/crypto_pipeline_dag.py for tasks to queue
[2026-06-16T15:52:05.347+0000] {logging_mixin.py:190} INFO - [2026-06-16T15:52:05.346+0000] {dagbag.py:588} INFO - Filling up the DagBag from /opt/airflow/dags/crypto_pipeline_dag.py
[2026-06-16T15:52:05.359+0000] {processor.py:925} INFO - DAG(s) 'crypto_pipeline_dag' retrieved from /opt/airflow/dags/crypto_pipeline_dag.py
[2026-06-16T15:52:05.377+0000] {logging_mixin.py:190} INFO - [2026-06-16T15:52:05.377+0000] {dag.py:3239} INFO - Sync 1 DAGs
[2026-06-16T15:52:05.394+0000] {logging_mixin.py:190} INFO - [2026-06-16T15:52:05.393+0000] {dag.py:4180} INFO - Setting next_dagrun for crypto_pipeline_dag to 2026-06-15 00:00:00+00:00, run_after=2026-06-16 00:00:00+00:00
[2026-06-16T15:52:05.412+0000] {processor.py:208} INFO - Processing /opt/airflow/dags/crypto_pipeline_dag.py took 0.071 seconds
[2026-06-16T15:52:35.562+0000] {processor.py:186} INFO - Started process (PID=3120) to work on /opt/airflow/dags/crypto_pipeline_dag.py
[2026-06-16T15:52:35.563+0000] {processor.py:914} INFO - Processing file /opt/airflow/dags/crypto_pipeline_dag.py for tasks to queue
[2026-06-16T15:52:35.564+0000] {logging_mixin.py:190} INFO - [2026-06-16T15:52:35.564+0000] {dagbag.py:588} INFO - Filling up the DagBag from /opt/airflow/dags/crypto_pipeline_dag.py
[2026-06-16T15:52:35.580+0000] {processor.py:925} INFO - DAG(s) 'crypto_pipeline_dag' retrieved from /opt/airflow/dags/crypto_pipeline_dag.py
[2026-06-16T15:52:35.603+0000] {logging_mixin.py:190} INFO - [2026-06-16T15:52:35.603+0000] {dag.py:3239} INFO - Sync 1 DAGs
[2026-06-16T15:52:35.622+0000] {logging_mixin.py:190} INFO - [2026-06-16T15:52:35.622+0000] {dag.py:4180} INFO - Setting next_dagrun for crypto_pipeline_dag to 2026-06-16 00:00:00+00:00, run_after=2026-06-17 00:00:00+00:00
[2026-06-16T15:52:35.636+0000] {processor.py:208} INFO - Processing /opt/airflow/dags/crypto_pipeline_dag.py took 0.079 seconds
[2026-06-16T15:53:05.808+0000] {processor.py:186} INFO - Started process (PID=3125) to work on /opt/airflow/dags/crypto_pipeline_dag.py
[2026-06-16T15:53:05.808+0000] {processor.py:914} INFO - Processing file /opt/airflow/dags/crypto_pipeline_dag.py for tasks to queue
[2026-06-16T15:53:05.810+0000] {logging_mixin.py:190} INFO - [2026-06-16T15:53:05.809+0000] {dagbag.py:588} INFO - Filling up the DagBag from /opt/airflow/dags/crypto_pipeline_dag.py
[2026-06-16T15:53:05.824+0000] {processor.py:925} INFO - DAG(s) 'crypto_pipeline_dag' retrieved from /opt/airflow/dags/crypto_pipeline_dag.py
[2026-06-16T15:53:05.847+0000] {logging_mixin.py:190} INFO - [2026-06-16T15:53:05.846+0000] {dag.py:3239} INFO - Sync 1 DAGs
[2026-06-16T15:53:05.865+0000] {logging_mixin.py:190} INFO - [2026-06-16T15:53:05.864+0000] {dag.py:4180} INFO - Setting next_dagrun for crypto_pipeline_dag to 2026-06-16 00:00:00+00:00, run_after=2026-06-17 00:00:00+00:00
[2026-06-16T15:53:05.880+0000] {processor.py:208} INFO - Processing /opt/airflow/dags/crypto_pipeline_dag.py took 0.077 seconds
[2026-06-16T15:53:36.081+0000] {processor.py:186} INFO - Started process (PID=3130) to work on /opt/airflow/dags/crypto_pipeline_dag.py
[2026-06-16T15:53:36.082+0000] {processor.py:914} INFO - Processing file /opt/airflow/dags/crypto_pipeline_dag.py for tasks to queue
[2026-06-16T15:53:36.083+0000] {logging_mixin.py:190} INFO - [2026-06-16T15:53:36.083+0000] {dagbag.py:588} INFO - Filling up the DagBag from /opt/airflow/dags/crypto_pipeline_dag.py
[2026-06-16T15:53:36.096+0000] {processor.py:925} INFO - DAG(s) 'crypto_pipeline_dag' retrieved from /opt/airflow/dags/crypto_pipeline_dag.py
[2026-06-16T15:53:36.116+0000] {logging_mixin.py:190} INFO - [2026-06-16T15:53:36.116+0000] {dag.py:3239} INFO - Sync 1 DAGs
[2026-06-16T15:53:36.131+0000] {logging_mixin.py:190} INFO - [2026-06-16T15:53:36.131+0000] {dag.py:4180} INFO - Setting next_dagrun for crypto_pipeline_dag to 2026-06-16 00:00:00+00:00, run_after=2026-06-17 00:00:00+00:00
[2026-06-16T15:53:36.145+0000] {processor.py:208} INFO - Processing /opt/airflow/dags/crypto_pipeline_dag.py took 0.069 seconds
[2026-06-16T15:54:06.314+0000] {processor.py:186} INFO - Started process (PID=3135) to work on /opt/airflow/dags/crypto_pipeline_dag.py
[2026-06-16T15:54:06.315+0000] {processor.py:914} INFO - Processing file /opt/airflow/dags/crypto_pipeline_dag.py for tasks to queue
[2026-06-16T15:54:06.316+0000] {logging_mixin.py:190} INFO - [2026-06-16T15:54:06.316+0000] {dagbag.py:588} INFO - Filling up the DagBag from /opt/airflow/dags/crypto_pipeline_dag.py
[2026-06-16T15:54:06.330+0000] {processor.py:925} INFO - DAG(s) 'crypto_pipeline_dag' retrieved from /opt/airflow/dags/crypto_pipeline_dag.py
[2026-06-16T15:54:06.350+0000] {logging_mixin.py:190} INFO - [2026-06-16T15:54:06.349+0000] {dag.py:3239} INFO - Sync 1 DAGs
[2026-06-16T15:54:06.365+0000] {logging_mixin.py:190} INFO - [2026-06-16T15:54:06.365+0000] {dag.py:4180} INFO - Setting next_dagrun for crypto_pipeline_dag to 2026-06-16 00:00:00+00:00, run_after=2026-06-17 00:00:00+00:00
[2026-06-16T15:54:06.380+0000] {processor.py:208} INFO - Processing /opt/airflow/dags/crypto_pipeline_dag.py took 0.069 seconds
[2026-06-16T15:54:36.600+0000] {processor.py:186} INFO - Started process (PID=3140) to work on /opt/airflow/dags/crypto_pipeline_dag.py
[2026-06-16T15:54:36.601+0000] {processor.py:914} INFO - Processing file /opt/airflow/dags/crypto_pipeline_dag.py for tasks to queue
[2026-06-16T15:54:36.603+0000] {logging_mixin.py:190} INFO - [2026-06-16T15:54:36.602+0000] {dagbag.py:588} INFO - Filling up the DagBag from /opt/airflow/dags/crypto_pipeline_dag.py
[2026-06-16T15:54:36.619+0000] {processor.py:925} INFO - DAG(s) 'crypto_pipeline_dag' retrieved from /opt/airflow/dags/crypto_pipeline_dag.py
[2026-06-16T15:54:36.641+0000] {logging_mixin.py:190} INFO - [2026-06-16T15:54:36.640+0000] {dag.py:3239} INFO - Sync 1 DAGs
[2026-06-16T15:54:36.658+0000] {logging_mixin.py:190} INFO - [2026-06-16T15:54:36.658+0000] {dag.py:4180} INFO - Setting next_dagrun for crypto_pipeline_dag to 2026-06-16 00:00:00+00:00, run_after=2026-06-17 00:00:00+00:00
[2026-06-16T15:54:36.671+0000] {processor.py:208} INFO - Processing /opt/airflow/dags/crypto_pipeline_dag.py took 0.075 seconds
[2026-06-16T15:55:06.830+0000] {processor.py:186} INFO - Started process (PID=3145) to work on /opt/airflow/dags/crypto_pipeline_dag.py
[2026-06-16T15:55:06.831+0000] {processor.py:914} INFO - Processing file /opt/airflow/dags/crypto_pipeline_dag.py for tasks to queue
[2026-06-16T15:55:06.832+0000] {logging_mixin.py:190} INFO - [2026-06-16T15:55:06.832+0000] {dagbag.py:588} INFO - Filling up the DagBag from /opt/airflow/dags/crypto_pipeline_dag.py
[2026-06-16T15:55:06.845+0000] {processor.py:925} INFO - DAG(s) 'crypto_pipeline_dag' retrieved from /opt/airflow/dags/crypto_pipeline_dag.py
[2026-06-16T15:55:06.865+0000] {logging_mixin.py:190} INFO - [2026-06-16T15:55:06.865+0000] {dag.py:3239} INFO - Sync 1 DAGs
[2026-06-16T15:55:06.882+0000] {logging_mixin.py:190} INFO - [2026-06-16T15:55:06.882+0000] {dag.py:4180} INFO - Setting next_dagrun for crypto_pipeline_dag to 2026-06-16 00:00:00+00:00, run_after=2026-06-17 00:00:00+00:00
[2026-06-16T15:55:06.895+0000] {processor.py:208} INFO - Processing /opt/airflow/dags/crypto_pipeline_dag.py took 0.070 seconds
[2026-06-16T15:55:37.068+0000] {processor.py:186} INFO - Started process (PID=3150) to work on /opt/airflow/dags/crypto_pipeline_dag.py
[2026-06-16T15:55:37.069+0000] {processor.py:914} INFO - Processing file /opt/airflow/dags/crypto_pipeline_dag.py for tasks to queue
[2026-06-16T15:55:37.070+0000] {logging_mixin.py:190} INFO - [2026-06-16T15:55:37.070+0000] {dagbag.py:588} INFO - Filling up the DagBag from /opt/airflow/dags/crypto_pipeline_dag.py
[2026-06-16T15:55:37.083+0000] {processor.py:925} INFO - DAG(s) 'crypto_pipeline_dag' retrieved from /opt/airflow/dags/crypto_pipeline_dag.py
[2026-06-16T15:55:37.102+0000] {logging_mixin.py:190} INFO - [2026-06-16T15:55:37.102+0000] {dag.py:3239} INFO - Sync 1 DAGs
[2026-06-16T15:55:37.119+0000] {logging_mixin.py:190} INFO - [2026-06-16T15:55:37.118+0000] {dag.py:4180} INFO - Setting next_dagrun for crypto_pipeline_dag to 2026-06-16 00:00:00+00:00, run_after=2026-06-17 00:00:00+00:00
[2026-06-16T15:55:37.133+0000] {processor.py:208} INFO - Processing /opt/airflow/dags/crypto_pipeline_dag.py took 0.069 seconds
[2026-06-16T15:56:07.283+0000] {processor.py:186} INFO - Started process (PID=3155) to work on /opt/airflow/dags/crypto_pipeline_dag.py
[2026-06-16T15:56:07.284+0000] {processor.py:914} INFO - Processing file /opt/airflow/dags/crypto_pipeline_dag.py for tasks to queue
[2026-06-16T15:56:07.286+0000] {logging_mixin.py:190} INFO - [2026-06-16T15:56:07.285+0000] {dagbag.py:588} INFO - Filling up the DagBag from /opt/airflow/dags/crypto_pipeline_dag.py
[2026-06-16T15:56:07.299+0000] {processor.py:925} INFO - DAG(s) 'crypto_pipeline_dag' retrieved from /opt/airflow/dags/crypto_pipeline_dag.py
[2026-06-16T15:56:07.319+0000] {logging_mixin.py:190} INFO - [2026-06-16T15:56:07.319+0000] {dag.py:3239} INFO - Sync 1 DAGs
[2026-06-16T15:56:07.335+0000] {logging_mixin.py:190} INFO - [2026-06-16T15:56:07.335+0000] {dag.py:4180} INFO - Setting next_dagrun for crypto_pipeline_dag to 2026-06-16 00:00:00+00:00, run_after=2026-06-17 00:00:00+00:00
[2026-06-16T15:56:07.348+0000] {processor.py:208} INFO - Processing /opt/airflow/dags/crypto_pipeline_dag.py took 0.070 seconds
[2026-06-16T15:56:37.509+0000] {processor.py:186} INFO - Started process (PID=3160) to work on /opt/airflow/dags/crypto_pipeline_dag.py
[2026-06-16T15:56:37.509+0000] {processor.py:914} INFO - Processing file /opt/airflow/dags/crypto_pipeline_dag.py for tasks to queue
[2026-06-16T15:56:37.510+0000] {logging_mixin.py:190} INFO - [2026-06-16T15:56:37.510+0000] {dagbag.py:588} INFO - Filling up the DagBag from /opt/airflow/dags/crypto_pipeline_dag.py
[2026-06-16T15:56:37.524+0000] {processor.py:925} INFO - DAG(s) 'crypto_pipeline_dag' retrieved from /opt/airflow/dags/crypto_pipeline_dag.py
[2026-06-16T15:56:37.544+0000] {logging_mixin.py:190} INFO - [2026-06-16T15:56:37.544+0000] {dag.py:3239} INFO - Sync 1 DAGs
[2026-06-16T15:56:37.560+0000] {logging_mixin.py:190} INFO - [2026-06-16T15:56:37.560+0000] {dag.py:4180} INFO - Setting next_dagrun for crypto_pipeline_dag to 2026-06-16 00:00:00+00:00, run_after=2026-06-17 00:00:00+00:00
[2026-06-16T15:56:37.574+0000] {processor.py:208} INFO - Processing /opt/airflow/dags/crypto_pipeline_dag.py took 0.071 seconds
[2026-06-16T15:57:07.718+0000] {processor.py:186} INFO - Started process (PID=3165) to work on /opt/airflow/dags/crypto_pipeline_dag.py
[2026-06-16T15:57:07.719+0000] {processor.py:914} INFO - Processing file /opt/airflow/dags/crypto_pipeline_dag.py for tasks to queue
[2026-06-16T15:57:07.720+0000] {logging_mixin.py:190} INFO - [2026-06-16T15:57:07.720+0000] {dagbag.py:588} INFO - Filling up the DagBag from /opt/airflow/dags/crypto_pipeline_dag.py
[2026-06-16T15:57:07.734+0000] {processor.py:925} INFO - DAG(s) 'crypto_pipeline_dag' retrieved from /opt/airflow/dags/crypto_pipeline_dag.py
[2026-06-16T15:57:07.756+0000] {logging_mixin.py:190} INFO - [2026-06-16T15:57:07.756+0000] {dag.py:3239} INFO - Sync 1 DAGs
[2026-06-16T15:57:07.774+0000] {logging_mixin.py:190} INFO - [2026-06-16T15:57:07.774+0000] {dag.py:4180} INFO - Setting next_dagrun for crypto_pipeline_dag to 2026-06-16 00:00:00+00:00, run_after=2026-06-17 00:00:00+00:00
[2026-06-16T15:57:07.829+0000] {processor.py:208} INFO - Processing /opt/airflow/dags/crypto_pipeline_dag.py took 0.116 seconds
[2026-06-16T15:57:37.962+0000] {processor.py:186} INFO - Started process (PID=3170) to work on /opt/airflow/dags/crypto_pipeline_dag.py
[2026-06-16T15:57:37.963+0000] {processor.py:914} INFO - Processing file /opt/airflow/dags/crypto_pipeline_dag.py for tasks to queue
[2026-06-16T15:57:37.964+0000] {logging_mixin.py:190} INFO - [2026-06-16T15:57:37.963+0000] {dagbag.py:588} INFO - Filling up the DagBag from /opt/airflow/dags/crypto_pipeline_dag.py
[2026-06-16T15:57:37.980+0000] {processor.py:925} INFO - DAG(s) 'crypto_pipeline_dag' retrieved from /opt/airflow/dags/crypto_pipeline_dag.py
[2026-06-16T15:57:38.001+0000] {logging_mixin.py:190} INFO - [2026-06-16T15:57:38.001+0000] {dag.py:3239} INFO - Sync 1 DAGs
[2026-06-16T15:57:38.018+0000] {logging_mixin.py:190} INFO - [2026-06-16T15:57:38.018+0000] {dag.py:4180} INFO - Setting next_dagrun for crypto_pipeline_dag to 2026-06-16 00:00:00+00:00, run_after=2026-06-17 00:00:00+00:00
[2026-06-16T15:57:38.035+0000] {processor.py:208} INFO - Processing /opt/airflow/dags/crypto_pipeline_dag.py took 0.079 seconds
[2026-06-16T15:58:08.177+0000] {processor.py:186} INFO - Started process (PID=3190) to work on /opt/airflow/dags/crypto_pipeline_dag.py
[2026-06-16T15:58:08.177+0000] {processor.py:914} INFO - Processing file /opt/airflow/dags/crypto_pipeline_dag.py for tasks to queue
[2026-06-16T15:58:08.178+0000] {logging_mixin.py:190} INFO - [2026-06-16T15:58:08.178+0000] {dagbag.py:588} INFO - Filling up the DagBag from /opt/airflow/dags/crypto_pipeline_dag.py
[2026-06-16T15:58:08.192+0000] {processor.py:925} INFO - DAG(s) 'crypto_pipeline_dag' retrieved from /opt/airflow/dags/crypto_pipeline_dag.py
[2026-06-16T15:58:08.213+0000] {logging_mixin.py:190} INFO - [2026-06-16T15:58:08.213+0000] {dag.py:3239} INFO - Sync 1 DAGs
[2026-06-16T15:58:08.232+0000] {logging_mixin.py:190} INFO - [2026-06-16T15:58:08.231+0000] {dag.py:4180} INFO - Setting next_dagrun for crypto_pipeline_dag to 2026-06-16 00:00:00+00:00, run_after=2026-06-17 00:00:00+00:00
[2026-06-16T15:58:08.246+0000] {processor.py:208} INFO - Processing /opt/airflow/dags/crypto_pipeline_dag.py took 0.074 seconds
[2026-06-16T15:58:38.391+0000] {processor.py:186} INFO - Started process (PID=3195) to work on /opt/airflow/dags/crypto_pipeline_dag.py
[2026-06-16T15:58:38.393+0000] {processor.py:914} INFO - Processing file /opt/airflow/dags/crypto_pipeline_dag.py for tasks to queue
[2026-06-16T15:58:38.394+0000] {logging_mixin.py:190} INFO - [2026-06-16T15:58:38.393+0000] {dagbag.py:588} INFO - Filling up the DagBag from /opt/airflow/dags/crypto_pipeline_dag.py
[2026-06-16T15:58:38.406+0000] {processor.py:925} INFO - DAG(s) 'crypto_pipeline_dag' retrieved from /opt/airflow/dags/crypto_pipeline_dag.py
[2026-06-16T15:58:38.425+0000] {logging_mixin.py:190} INFO - [2026-06-16T15:58:38.425+0000] {dag.py:3239} INFO - Sync 1 DAGs
[2026-06-16T15:58:38.441+0000] {logging_mixin.py:190} INFO - [2026-06-16T15:58:38.441+0000] {dag.py:4180} INFO - Setting next_dagrun for crypto_pipeline_dag to 2026-06-16 00:00:00+00:00, run_after=2026-06-17 00:00:00+00:00
[2026-06-16T15:58:38.455+0000] {processor.py:208} INFO - Processing /opt/airflow/dags/crypto_pipeline_dag.py took 0.068 seconds
[2026-06-16T15:59:08.620+0000] {processor.py:186} INFO - Started process (PID=3200) to work on /opt/airflow/dags/crypto_pipeline_dag.py
[2026-06-16T15:59:08.621+0000] {processor.py:914} INFO - Processing file /opt/airflow/dags/crypto_pipeline_dag.py for tasks to queue
[2026-06-16T15:59:08.622+0000] {logging_mixin.py:190} INFO - [2026-06-16T15:59:08.622+0000] {dagbag.py:588} INFO - Filling up the DagBag from /opt/airflow/dags/crypto_pipeline_dag.py
[2026-06-16T15:59:08.664+0000] {processor.py:925} INFO - DAG(s) 'crypto_pipeline_dag' retrieved from /opt/airflow/dags/crypto_pipeline_dag.py
[2026-06-16T15:59:08.683+0000] {logging_mixin.py:190} INFO - [2026-06-16T15:59:08.682+0000] {dag.py:3239} INFO - Sync 1 DAGs
[2026-06-16T15:59:08.699+0000] {logging_mixin.py:190} INFO - [2026-06-16T15:59:08.699+0000] {dag.py:4180} INFO - Setting next_dagrun for crypto_pipeline_dag to 2026-06-16 00:00:00+00:00, run_after=2026-06-17 00:00:00+00:00
[2026-06-16T15:59:08.712+0000] {processor.py:208} INFO - Processing /opt/airflow/dags/crypto_pipeline_dag.py took 0.096 seconds
[2026-06-16T15:59:38.857+0000] {processor.py:186} INFO - Started process (PID=3205) to work on /opt/airflow/dags/crypto_pipeline_dag.py
[2026-06-16T15:59:38.857+0000] {processor.py:914} INFO - Processing file /opt/airflow/dags/crypto_pipeline_dag.py for tasks to queue
[2026-06-16T15:59:38.859+0000] {logging_mixin.py:190} INFO - [2026-06-16T15:59:38.858+0000] {dagbag.py:588} INFO - Filling up the DagBag from /opt/airflow/dags/crypto_pipeline_dag.py
[2026-06-16T15:59:38.873+0000] {processor.py:925} INFO - DAG(s) 'crypto_pipeline_dag' retrieved from /opt/airflow/dags/crypto_pipeline_dag.py
[2026-06-16T15:59:38.893+0000] {logging_mixin.py:190} INFO - [2026-06-16T15:59:38.893+0000] {dag.py:3239} INFO - Sync 1 DAGs
[2026-06-16T15:59:38.910+0000] {logging_mixin.py:190} INFO - [2026-06-16T15:59:38.910+0000] {dag.py:4180} INFO - Setting next_dagrun for crypto_pipeline_dag to 2026-06-16 00:00:00+00:00, run_after=2026-06-17 00:00:00+00:00
[2026-06-16T15:59:38.923+0000] {processor.py:208} INFO - Processing /opt/airflow/dags/crypto_pipeline_dag.py took 0.071 seconds
[2026-06-16T16:00:09.154+0000] {processor.py:186} INFO - Started process (PID=3210) to work on /opt/airflow/dags/crypto_pipeline_dag.py
[2026-06-16T16:00:09.155+0000] {processor.py:914} INFO - Processing file /opt/airflow/dags/crypto_pipeline_dag.py for tasks to queue
[2026-06-16T16:00:09.157+0000] {logging_mixin.py:190} INFO - [2026-06-16T16:00:09.156+0000] {dagbag.py:588} INFO - Filling up the DagBag from /opt/airflow/dags/crypto_pipeline_dag.py
[2026-06-16T16:00:09.168+0000] {processor.py:925} INFO - DAG(s) 'crypto_pipeline_dag' retrieved from /opt/airflow/dags/crypto_pipeline_dag.py
[2026-06-16T16:00:09.188+0000] {logging_mixin.py:190} INFO - [2026-06-16T16:00:09.188+0000] {dag.py:3239} INFO - Sync 1 DAGs
[2026-06-16T16:00:09.204+0000] {logging_mixin.py:190} INFO - [2026-06-16T16:00:09.204+0000] {dag.py:4180} INFO - Setting next_dagrun for crypto_pipeline_dag to 2026-06-16 00:00:00+00:00, run_after=2026-06-17 00:00:00+00:00
[2026-06-16T16:00:09.217+0000] {processor.py:208} INFO - Processing /opt/airflow/dags/crypto_pipeline_dag.py took 0.067 seconds
[2026-06-16T16:00:39.418+0000] {processor.py:186} INFO - Started process (PID=3215) to work on /opt/airflow/dags/crypto_pipeline_dag.py
[2026-06-16T16:00:39.418+0000] {processor.py:914} INFO - Processing file /opt/airflow/dags/crypto_pipeline_dag.py for tasks to queue
[2026-06-16T16:00:39.419+0000] {logging_mixin.py:190} INFO - [2026-06-16T16:00:39.419+0000] {dagbag.py:588} INFO - Filling up the DagBag from /opt/airflow/dags/crypto_pipeline_dag.py
[2026-06-16T16:00:39.432+0000] {processor.py:925} INFO - DAG(s) 'crypto_pipeline_dag' retrieved from /opt/airflow/dags/crypto_pipeline_dag.py
[2026-06-16T16:00:39.452+0000] {logging_mixin.py:190} INFO - [2026-06-16T16:00:39.452+0000] {dag.py:3239} INFO - Sync 1 DAGs
[2026-06-16T16:00:39.470+0000] {logging_mixin.py:190} INFO - [2026-06-16T16:00:39.470+0000] {dag.py:4180} INFO - Setting next_dagrun for crypto_pipeline_dag to 2026-06-16 00:00:00+00:00, run_after=2026-06-17 00:00:00+00:00
[2026-06-16T16:00:39.483+0000] {processor.py:208} INFO - Processing /opt/airflow/dags/crypto_pipeline_dag.py took 0.070 seconds
